cell_id,cycle,scenario,count
b1c0,149,charge-high,369
b1c2,152,charge-high,90
b1c9,143,charge-high,65
b1c13,641,charge-high,396
b1c18,41,charge-high,363
b1c18,42,charge-high,371
b1c18,43,charge-high,363
b1c18,44,charge-high,358
b1c18,45,charge-high,364
b1c18,46,charge-high,353
b1c18,47,charge-high,359
b1c18,48,charge-high,359
b1c20,165,charge-high,97
b1c22,142,charge-high,68
b1c30,695,charge-high,44
b1c35,144,charge-high,59
b1c37,141,charge-high,355
b1c44,145,charge-high,46
b1c45,147,charge-high,94
b2c0,249,charge-high,246
b2c0,306,charge-high,217
b2c0,309,charge-high,223
b2c0,310,charge-high,219
b2c0,312,charge-high,218
b2c0,316,charge-high,211
b2c0,318,charge-high,225
b2c0,319,charge-high,212
b2c0,321,charge-high,215
b2c0,322,charge-high,215
b2c0,323,charge-high,220
b2c0,325,charge-high,210
b2c1,168,charge-high,216
b2c3,1,charge-high,304
b2c3,2,charge-high,278
b2c3,3,charge-high,251
b2c3,4,charge-high,243
b2c3,5,charge-high,247
b2c3,7,charge-high,213
b2c3,8,charge-high,212
b2c3,9,charge-high,235
b2c3,10,charge-high,214
b2c3,12,charge-high,241
b2c3,13,charge-high,491
b2c3,14,charge-high,284
b2c3,15,charge-high,313
b2c3,16,charge-high,281
b2c3,17,charge-high,264
b2c3,18,charge-high,297
b2c3,19,charge-high,235
b2c3,20,charge-high,279
b2c3,21,charge-high,256
b2c3,22,charge-high,263
b2c3,23,charge-high,239
b2c3,24,charge-high,215
b2c3,25,charge-high,242
b2c3,26,charge-high,385
b2c3,27,charge-high,942
b2c3,28,charge-high,633
b2c3,30,charge-high,282
b2c3,31,charge-high,329
b2c3,32,charge-high,294
b2c3,35,charge-high,268
b2c3,37,charge-high,231
b2c3,39,charge-high,243
b2c3,40,charge-high,404
b2c3,58,charge-high,214
b2c3,61,charge-high,265
b2c3,62,charge-high,234
b2c3,63,charge-high,274
b2c3,64,charge-high,243
b2c3,65,charge-high,240
b2c3,66,charge-high,237
b2c3,67,charge-high,280
b2c3,68,charge-high,271
b2c3,69,charge-high,323
b2c3,70,charge-high,281
b2c3,71,charge-high,297
b2c3,72,charge-high,340
b2c3,73,charge-high,344
b2c3,74,charge-high,364
b2c3,75,charge-high,333
b2c3,76,charge-high,377
b2c3,77,charge-high,333
b2c3,78,charge-high,353
b2c3,79,charge-high,321
b2c3,80,charge-high,340
b2c3,81,charge-high,438
b2c3,82,charge-high,439
b2c3,83,charge-high,457
b2c3,84,charge-high,408
b2c3,85,charge-high,389
b2c3,86,charge-high,398
b2c3,87,charge-high,410
b2c3,88,charge-high,388
b2c3,89,charge-high,393
b2c3,90,charge-high,372
b2c3,91,charge-high,371
b2c3,92,charge-high,437
b2c3,93,charge-high,523
b2c3,94,charge-high,444
b2c3,95,charge-high,455
b2c3,96,charge-high,401
b2c3,97,charge-high,346
b2c3,98,charge-high,453
b2c3,99,charge-high,358
b2c3,100,charge-high,404
b2c3,101,charge-high,485
b2c3,102,charge-high,538
b2c3,103,charge-high,428
b2c3,104,charge-high,399
b2c3,105,charge-high,407
b2c3,106,charge-high,391
b2c3,107,charge-high,364
b2c3,108,charge-high,490
b2c3,109,charge-high,485
b2c3,110,charge-high,400
b2c3,111,charge-high,389
b2c3,112,charge-high,323
b2c3,113,charge-high,323
b2c3,114,charge-high,399
b2c3,115,charge-high,392
b2c3,116,charge-high,346
b2c3,117,charge-high,341
b2c3,118,charge-high,314
b2c3,119,charge-high,374
b2c3,120,charge-high,321
b2c3,121,charge-high,308
b2c3,122,charge-high,356
b2c3,123,charge-high,345
b2c3,124,charge-high,330
b2c3,125,charge-high,327
b2c3,126,charge-high,332
b2c3,127,charge-high,340
b2c3,128,charge-high,357
b2c3,129,charge-high,333
b2c3,130,charge-high,343
b2c3,131,charge-high,319
b2c3,132,charge-high,324
b2c3,133,charge-high,291
b2c3,134,charge-high,329
b2c3,135,charge-high,365
b2c3,136,charge-high,372
b2c3,137,charge-high,332
b2c3,138,charge-high,345
b2c3,139,charge-high,337
b2c3,140,charge-high,352
b2c3,141,charge-high,343
b2c3,142,charge-high,343
b2c3,143,charge-high,401
b2c3,144,charge-high,330
b2c3,145,charge-high,336
b2c3,146,charge-high,357
b2c3,147,charge-high,295
b2c3,148,charge-high,304
b2c3,149,charge-high,280
b2c3,150,charge-high,332
b2c3,151,charge-high,321
b2c3,152,charge-high,359
b2c3,153,charge-high,264
b2c3,154,charge-high,313
b2c3,155,charge-high,305
b2c3,156,charge-high,291
b2c3,157,charge-high,280
b2c3,158,charge-high,300
b2c3,159,charge-high,286
b2c3,160,charge-high,295
b2c3,161,charge-high,296
b2c3,162,charge-high,268
b2c3,163,charge-high,286
b2c3,164,charge-high,278
b2c3,165,charge-high,272
b2c3,166,charge-high,290
b2c3,167,charge-high,233
b2c3,168,charge-high,304
b2c3,169,charge-high,268
b2c3,170,charge-high,234
b2c3,171,charge-high,266
b2c3,172,charge-high,276
b2c3,173,charge-high,250
b2c3,174,charge-high,276
b2c3,175,charge-high,311
b2c3,176,charge-high,269
b2c3,177,charge-high,256
b2c3,178,charge-high,308
b2c3,179,charge-high,341
b2c3,180,charge-high,328
b2c3,181,charge-high,297
b2c3,182,charge-high,316
b2c3,183,charge-high,310
b2c3,184,charge-high,342
b2c3,185,charge-high,317
b2c3,186,charge-high,251
b2c3,187,charge-high,240
b2c3,188,charge-high,246
b2c3,189,charge-high,264
b2c3,190,charge-high,290
b2c3,191,charge-high,322
b2c3,192,charge-high,337
b2c3,193,charge-high,344
b2c3,194,charge-high,313
b2c3,195,charge-high,295
b2c3,196,charge-high,265
b2c3,197,charge-high,304
b2c3,198,charge-high,243
b2c3,199,charge-high,247
b2c3,200,charge-high,247
b2c3,201,charge-high,242
b2c3,202,charge-high,250
b2c3,203,charge-high,259
b2c3,204,charge-high,215
b2c3,205,charge-high,220
b2c3,206,charge-high,210
b2c3,207,charge-high,240
b2c3,208,charge-high,215
b2c3,209,charge-high,233
b2c3,214,charge-high,210
b2c3,215,charge-high,220
b2c3,216,charge-high,245
b2c3,217,charge-high,229
b2c3,219,charge-high,221
b2c3,220,charge-high,232
b2c3,224,charge-high,221
b2c3,225,charge-high,269
b2c3,226,charge-high,250
b2c3,227,charge-high,211
b2c3,228,charge-high,227
b2c3,229,charge-high,210
b2c3,230,charge-high,254
b2c3,231,charge-high,241
b2c3,233,charge-high,222
b2c3,234,charge-high,213
b2c3,235,charge-high,210
b2c3,236,charge-high,225
b2c3,237,charge-high,209
b2c3,239,charge-high,223
b2c3,246,charge-high,208
b2c3,308,charge-high,235
b2c5,248,charge-high,214
b2c6,3,charge-high,633
b2c6,4,charge-high,312
b2c6,25,charge-high,264
b2c6,28,charge-high,244
b2c6,30,charge-high,219
b2c6,31,charge-high,218
b2c6,33,charge-high,300
b2c6,36,charge-high,228
b2c6,37,charge-high,211
b2c6,38,charge-high,232
b2c6,48,charge-high,274
b2c6,49,charge-high,261
b2c6,50,charge-high,332
b2c6,51,charge-high,480
b2c6,52,charge-high,304
b2c6,53,charge-high,406
b2c6,54,charge-high,235
b2c6,56,charge-high,223
b2c6,57,charge-high,210
b2c6,58,charge-high,210
b2c6,59,charge-high,219
b2c6,60,charge-high,246
b2c6,61,charge-high,320
b2c6,62,charge-high,243
b2c6,63,charge-high,226
b2c6,66,charge-high,365
b2c6,67,charge-high,466
b2c6,68,charge-high,343
b2c6,69,charge-high,220
b2c6,70,charge-high,248
b2c6,71,charge-high,274
b2c6,72,charge-high,255
b2c6,76,charge-high,247
b2c6,77,charge-high,267
b2c6,78,charge-high,209
b2c6,79,charge-high,251
b2c6,80,charge-high,217
b2c6,81,charge-high,290
b2c6,95,charge-high,232
b2c6,102,charge-high,431
b2c6,103,charge-high,353
b2c6,104,charge-high,222
b2c6,105,charge-high,280
b2c6,106,charge-high,307
b2c6,107,charge-high,281
b2c6,108,charge-high,437
b2c6,109,charge-high,506
b2c6,110,charge-high,310
b2c6,111,charge-high,393
b2c6,112,charge-high,348
b2c6,113,charge-high,406
b2c6,114,charge-high,445
b2c6,115,charge-high,503
b2c6,116,charge-high,484
b2c6,117,charge-high,704
b2c6,118,charge-high,428
b2c6,119,charge-high,465
b2c6,120,charge-high,409
b2c6,121,charge-high,477
b2c6,122,charge-high,491
b2c6,123,charge-high,452
b2c6,124,charge-high,385
b2c6,125,charge-high,256
b2c6,126,charge-high,263
b2c6,127,charge-high,351
b2c6,128,charge-high,329
b2c6,129,charge-high,264
b2c6,130,charge-high,332
b2c6,131,charge-high,332
b2c6,132,charge-high,278
b2c6,133,charge-high,284
b2c6,134,charge-high,246
b2c6,136,charge-high,440
b2c6,137,charge-high,218
b2c6,138,charge-high,380
b2c6,139,charge-high,272
b2c6,140,charge-high,246
b2c6,141,charge-high,275
b2c6,142,charge-high,376
b2c6,143,charge-high,527
b2c6,144,charge-high,289
b2c6,145,charge-high,443
b2c6,146,charge-high,294
b2c6,147,charge-high,291
b2c6,148,charge-high,517
b2c6,149,charge-high,250
b2c6,150,charge-high,475
b2c6,151,charge-high,218
b2c6,152,charge-high,294
b2c6,153,charge-high,241
b2c6,154,charge-high,258
b2c6,155,charge-high,224
b2c6,156,charge-high,214
b2c6,158,charge-high,285
b2c6,159,charge-high,347
b2c6,160,charge-high,957
b2c6,161,charge-high,817
b2c6,162,charge-high,511
b2c6,163,charge-high,824
b2c6,164,charge-high,636
b2c6,165,charge-high,452
b2c6,166,charge-high,402
b2c6,167,charge-high,412
b2c6,168,charge-high,570
b2c6,169,charge-high,561
b2c6,170,charge-high,666
b2c6,171,charge-high,642
b2c6,172,charge-high,638
b2c6,173,charge-high,569
b2c6,174,charge-high,533
b2c6,175,charge-high,602
b2c6,176,charge-high,568
b2c6,177,charge-high,685
b2c6,178,charge-high,776
b2c6,179,charge-high,801
b2c6,180,charge-high,971
b2c6,181,charge-high,856
b2c6,182,charge-high,585
b2c6,183,charge-high,532
b2c6,184,charge-high,689
b2c6,185,charge-high,621
b2c6,186,charge-high,585
b2c6,187,charge-high,611
b2c6,188,charge-high,436
b2c6,189,charge-high,507
b2c6,190,charge-high,687
b2c6,191,charge-high,467
b2c6,192,charge-high,503
b2c6,193,charge-high,460
b2c6,194,charge-high,449
b2c6,195,charge-high,532
b2c6,196,charge-high,557
b2c6,197,charge-high,522
b2c6,198,charge-high,694
b2c6,199,charge-high,615
b2c6,200,charge-high,463
b2c6,202,charge-high,244
b2c6,214,charge-high,210
b2c6,217,charge-high,212
b2c6,222,charge-high,210
b2c6,224,charge-high,269
b2c6,225,charge-high,217
b2c6,226,charge-high,335
b2c6,227,charge-high,353
b2c6,228,charge-high,448
b2c6,229,charge-high,538
b2c6,230,charge-high,450
b2c6,231,charge-high,505
b2c6,232,charge-high,416
b2c6,233,charge-high,433
b2c6,234,charge-high,423
b2c6,235,charge-high,403
b2c6,236,charge-high,460
b2c6,237,charge-high,451
b2c6,238,charge-high,436
b2c6,239,charge-high,332
b2c6,240,charge-high,460
b2c6,241,charge-high,377
b2c6,242,charge-high,338
b2c6,243,charge-high,443
b2c6,244,charge-high,390
b2c6,245,charge-high,401
b2c6,246,charge-high,477
b2c6,247,charge-high,496
b2c6,248,charge-high,425
b2c6,249,charge-high,437
b2c6,250,charge-high,438
b2c6,251,charge-high,514
b2c6,252,charge-high,490
b2c6,253,charge-high,450
b2c6,254,charge-high,456
b2c6,256,charge-high,210
b2c6,271,charge-high,229
b2c6,272,charge-high,278
b2c6,273,charge-high,234
b2c6,274,charge-high,386
b2c6,275,charge-high,307
b2c6,276,charge-high,348
b2c6,277,charge-high,252
b2c6,278,charge-high,431
b2c6,279,charge-high,354
b2c6,280,charge-high,429
b2c6,281,charge-high,340
b2c6,282,charge-high,233
b2c6,283,charge-high,261
b2c6,284,charge-high,264
b2c6,285,charge-high,468
b2c6,286,charge-high,527
b2c6,287,charge-high,443
b2c6,288,charge-high,496
b2c6,289,charge-high,516
b2c6,290,charge-high,420
b2c6,291,charge-high,498
b2c6,292,charge-high,333
b2c6,293,charge-high,528
b2c6,294,charge-high,637
b2c6,295,charge-high,827
b2c6,296,charge-high,1103
b2c6,297,charge-high,1178
b2c6,298,charge-high,1045
b2c6,299,charge-high,848
b2c6,300,charge-high,670
b2c6,301,charge-high,773
b2c6,302,charge-high,808
b2c6,303,charge-high,806
b2c6,304,charge-high,644
b2c6,305,charge-high,653
b2c6,306,charge-high,758
b2c6,307,charge-high,561
b2c6,308,charge-high,563
b2c6,309,charge-high,590
b2c6,310,charge-high,442
b2c6,311,charge-high,444
b2c6,312,charge-high,426
b2c6,313,charge-high,427
b2c6,314,charge-high,234
b2c6,317,charge-high,238
b2c6,318,charge-high,238
b2c6,319,charge-high,243
b2c6,382,charge-high,213
b2c6,383,charge-high,277
b2c6,384,charge-high,208
b2c6,443,charge-high,253
b2c6,504,charge-high,248
b2c6,506,charge-high,238
b2c6,509,charge-high,217
b2c6,513,charge-high,230
b2c6,516,charge-high,236
b2c6,518,charge-high,216
b2c6,519,charge-high,231
b2c6,521,charge-high,229
b2c6,523,charge-high,214
b2c6,524,charge-high,210
b2c6,527,charge-high,219
b2c6,528,charge-high,218
b2c6,533,charge-high,246
b2c6,535,charge-high,212
b2c6,537,charge-high,299
b2c6,538,charge-high,256
b2c6,539,charge-high,274
b2c6,540,charge-high,267
b2c6,541,charge-high,234
b2c17,499,charge-high,111
b2c19,467,charge-high,111
b2c19,487,charge-high,110
b2c22,526,charge-high,109
b2c23,545,charge-high,109
b2c23,546,charge-high,111
b2c23,548,charge-high,111
b2c24,459,charge-high,111
b2c24,479,charge-high,111
b2c25,444,charge-high,111
b2c25,449,charge-high,111
b2c25,457,charge-high,110
b2c25,461,charge-high,109
b2c25,466,charge-high,111
b2c25,475,charge-high,110
b2c25,477,charge-high,109
b2c25,478,charge-high,110
b2c25,482,charge-high,107
b2c25,483,charge-high,109
b2c25,485,charge-high,108
b2c26,485,charge-high,111
b2c26,495,charge-high,111
b2c27,442,charge-high,111
b2c27,468,charge-high,111
b2c27,474,charge-high,109
b2c27,481,charge-high,110
b2c27,483,charge-high,110
b2c27,488,charge-high,109
b2c27,489,charge-high,110
b2c27,492,charge-high,110
b2c28,492,charge-high,110
b2c28,539,charge-high,111
b2c29,474,charge-high,111
b2c29,498,charge-high,107
b2c29,505,charge-high,111
b2c29,507,charge-high,111
b2c29,508,charge-high,109
b2c29,509,charge-high,110
b2c29,510,charge-high,109
b2c29,516,charge-high,109
b2c29,519,charge-high,110
b2c29,521,charge-high,107
b2c31,468,charge-high,109
b2c31,476,charge-high,111
b2c31,480,charge-high,107
b2c31,483,charge-high,107
b2c31,487,charge-high,110
b2c31,488,charge-high,110
b2c31,490,charge-high,111
b2c31,495,charge-high,108
b2c31,496,charge-high,111
b2c31,502,charge-high,111
b2c31,503,charge-high,109
b2c31,504,charge-high,104
b2c31,506,charge-high,110
b2c31,509,charge-high,106
b2c31,512,charge-high,108
b2c31,514,charge-high,108
b2c31,517,charge-high,111
b2c32,508,charge-high,110
b2c33,495,charge-high,110
b2c33,496,charge-high,110
b2c34,485,charge-high,111
b2c35,444,charge-high,111
b2c35,446,charge-high,111
b2c35,457,charge-high,111
b2c35,467,charge-high,109
b2c35,468,charge-high,111
b2c35,471,charge-high,111
b2c35,474,charge-high,110
b2c35,475,charge-high,111
b2c35,477,charge-high,108
b2c35,478,charge-high,110
b2c35,482,charge-high,111
b2c35,483,charge-high,108
b2c35,484,charge-high,109
b2c35,485,charge-high,108
b2c36,506,charge-high,111
b2c36,522,charge-high,111
b2c37,442,charge-high,110
b2c37,445,charge-high,109
b2c37,447,charge-high,108
b2c37,448,charge-high,110
b2c37,450,charge-high,110
b2c37,456,charge-high,106
b2c37,459,charge-high,110
b2c37,467,charge-high,110
b2c37,470,charge-high,110
b2c37,475,charge-high,108
b2c37,477,charge-high,111
b2c37,479,charge-high,108
b2c37,481,charge-high,111
b2c37,490,charge-high,110
b2c38,448,charge-high,111
b2c38,453,charge-high,111
b2c38,455,charge-high,111
b2c38,457,charge-high,109
b2c38,460,charge-high,111
b2c38,464,charge-high,111
b2c38,467,charge-high,108
b2c38,469,charge-high,111
b2c39,416,charge-high,109
b2c39,418,charge-high,110
b2c39,422,charge-high,109
b2c39,423,charge-high,108
b2c39,428,charge-high,111
b2c39,433,charge-high,111
b2c39,435,charge-high,111
b2c39,438,charge-high,109
b2c39,441,charge-high,110
b2c39,443,charge-high,110
b2c39,447,charge-high,110
b2c39,452,charge-high,110
b2c40,244,charge-high,238
b2c40,245,charge-high,248
b2c40,246,charge-high,218
b2c40,255,charge-high,210
b2c40,282,charge-high,220
b2c40,305,charge-high,270
b2c40,306,charge-high,337
b2c40,307,charge-high,224
b2c40,313,charge-high,261
b2c40,315,charge-high,244
b2c40,317,charge-high,258
b2c40,322,charge-high,239
b2c40,378,charge-high,253
b2c40,379,charge-high,234
b2c40,381,charge-high,229
b2c40,384,charge-high,230
b2c40,386,charge-high,212
b2c40,391,charge-high,228
b2c40,408,charge-high,237
b2c40,409,charge-high,245
b2c40,410,charge-high,267
b2c40,412,charge-high,224
b2c40,414,charge-high,239
b2c40,416,charge-high,228
b2c40,423,charge-high,247
b2c40,425,charge-high,220
b2c40,427,charge-high,234
b2c40,429,charge-high,303
b2c40,437,charge-high,219
b2c40,455,charge-high,246
b2c40,456,charge-high,280
b2c40,457,charge-high,231
b2c41,1,charge-high,243
b2c41,2,charge-high,253
b2c41,3,charge-high,266
b2c41,4,charge-high,312
b2c41,5,charge-high,260
b2c41,6,charge-high,210
b2c41,7,charge-high,232
b2c41,8,charge-high,235
b2c41,10,charge-high,212
b2c41,11,charge-high,211
b2c41,12,charge-high,251
b2c41,13,charge-high,315
b2c41,14,charge-high,296
b2c41,15,charge-high,305
b2c41,16,charge-high,293
b2c41,17,charge-high,289
b2c41,18,charge-high,254
b2c41,19,charge-high,266
b2c41,20,charge-high,263
b2c41,21,charge-high,283
b2c41,22,charge-high,277
b2c41,23,charge-high,225
b2c41,25,charge-high,209
b2c41,26,charge-high,227
b2c41,27,charge-high,234
b2c41,28,charge-high,286
b2c41,29,charge-high,239
b2c41,36,charge-high,246
b2c41,37,charge-high,306
b2c41,38,charge-high,260
b2c41,39,charge-high,289
b2c41,40,charge-high,313
b2c41,41,charge-high,277
b2c41,42,charge-high,285
b2c41,43,charge-high,262
b2c41,44,charge-high,275
b2c41,45,charge-high,236
b2c41,46,charge-high,220
b2c41,50,charge-high,261
b2c41,51,charge-high,333
b2c41,52,charge-high,256
b2c41,53,charge-high,250
b2c41,59,charge-high,208
b2c41,60,charge-high,258
b2c41,61,charge-high,273
b2c41,62,charge-high,304
b2c41,63,charge-high,277
b2c41,64,charge-high,291
b2c41,65,charge-high,285
b2c41,66,charge-high,318
b2c41,67,charge-high,263
b2c41,68,charge-high,318
b2c41,69,charge-high,289
b2c41,70,charge-high,256
b2c41,71,charge-high,243
b2c41,72,charge-high,225
b2c41,73,charge-high,261
b2c41,74,charge-high,323
b2c41,75,charge-high,347
b2c41,76,charge-high,386
b2c41,77,charge-high,320
b2c41,78,charge-high,272
b2c41,79,charge-high,229
b2c41,80,charge-high,249
b2c41,81,charge-high,209
b2c41,82,charge-high,213
b2c41,84,charge-high,230
b2c41,85,charge-high,385
b2c41,86,charge-high,402
b2c41,87,charge-high,452
b2c41,88,charge-high,419
b2c41,89,charge-high,419
b2c41,90,charge-high,372
b2c41,91,charge-high,425
b2c41,92,charge-high,397
b2c41,93,charge-high,312
b2c41,94,charge-high,259
b2c41,95,charge-high,274
b2c41,96,charge-high,235
b2c41,97,charge-high,217
b2c41,98,charge-high,272
b2c41,99,charge-high,300
b2c41,100,charge-high,367
b2c41,101,charge-high,284
b2c41,102,charge-high,237
b2c41,103,charge-high,238
b2c41,109,charge-high,227
b2c41,110,charge-high,234
b2c41,111,charge-high,224
b2c41,112,charge-high,235
b2c41,113,charge-high,219
b2c41,114,charge-high,219
b2c41,116,charge-high,233
b2c41,117,charge-high,231
b2c41,118,charge-high,211
b2c41,119,charge-high,250
b2c41,120,charge-high,225
b2c41,122,charge-high,239
b2c41,123,charge-high,270
b2c41,124,charge-high,249
b2c41,125,charge-high,265
b2c41,126,charge-high,243
b2c41,127,charge-high,215
b2c41,129,charge-high,220
b2c41,130,charge-high,209
b2c41,133,charge-high,236
b2c41,134,charge-high,290
b2c41,135,charge-high,269
b2c41,137,charge-high,231
b2c41,138,charge-high,232
b2c41,139,charge-high,222
b2c41,140,charge-high,235
b2c41,141,charge-high,248
b2c41,142,charge-high,240
b2c41,143,charge-high,246
b2c41,144,charge-high,264
b2c41,145,charge-high,254
b2c41,146,charge-high,262
b2c41,147,charge-high,262
b2c41,148,charge-high,364
b2c41,149,charge-high,416
b2c41,150,charge-high,439
b2c41,151,charge-high,271
b2c41,152,charge-high,275
b2c41,154,charge-high,246
b2c41,155,charge-high,239
b2c41,156,charge-high,208
b2c41,157,charge-high,210
b2c41,158,charge-high,356
b2c41,159,charge-high,346
b2c41,160,charge-high,336
b2c41,161,charge-high,329
b2c41,162,charge-high,320
b2c41,163,charge-high,277
b2c41,164,charge-high,286
b2c41,165,charge-high,259
b2c41,166,charge-high,239
b2c41,167,charge-high,283
b2c41,168,charge-high,234
b2c41,169,charge-high,255
b2c41,170,charge-high,227
b2c41,171,charge-high,264
b2c41,172,charge-high,292
b2c41,173,charge-high,263
b2c41,174,charge-high,255
b2c41,179,charge-high,246
b2c41,180,charge-high,215
b2c41,182,charge-high,294
b2c41,183,charge-high,293
b2c41,184,charge-high,340
b2c41,185,charge-high,352
b2c41,186,charge-high,341
b2c41,187,charge-high,355
b2c41,188,charge-high,317
b2c41,189,charge-high,393
b2c41,190,charge-high,321
b2c41,191,charge-high,345
b2c41,192,charge-high,350
b2c41,193,charge-high,335
b2c41,194,charge-high,286
b2c41,195,charge-high,289
b2c41,196,charge-high,319
b2c41,197,charge-high,274
b2c41,198,charge-high,304
b2c41,199,charge-high,280
b2c41,200,charge-high,245
b2c41,202,charge-high,219
b2c41,204,charge-high,213
b2c41,205,charge-high,240
b2c41,206,charge-high,263
b2c41,207,charge-high,382
b2c41,208,charge-high,338
b2c41,209,charge-high,299
b2c41,210,charge-high,318
b2c41,211,charge-high,284
b2c41,212,charge-high,286
b2c41,213,charge-high,318
b2c41,214,charge-high,254
b2c41,215,charge-high,286
b2c41,216,charge-high,247
b2c41,217,charge-high,258
b2c41,218,charge-high,216
b2c41,220,charge-high,258
b2c41,221,charge-high,312
b2c41,222,charge-high,271
b2c41,223,charge-high,290
b2c41,224,charge-high,286
b2c41,225,charge-high,249
b2c41,226,charge-high,228
b2c41,227,charge-high,214
b2c41,228,charge-high,234
b2c41,229,charge-high,280
b2c41,230,charge-high,281
b2c41,231,charge-high,301
b2c41,232,charge-high,336
b2c41,233,charge-high,300
b2c41,234,charge-high,329
b2c41,235,charge-high,280
b2c41,236,charge-high,261
b2c41,237,charge-high,242
b2c41,238,charge-high,228
b2c41,239,charge-high,281
b2c41,240,charge-high,226
b2c41,241,charge-high,214
b2c41,244,charge-high,255
b2c41,245,charge-high,278
b2c41,246,charge-high,302
b2c41,247,charge-high,285
b2c41,248,charge-high,259
b2c41,249,charge-high,238
b2c41,250,charge-high,231
b2c41,252,charge-high,260
b2c41,253,charge-high,247
b2c41,254,charge-high,248
b2c41,255,charge-high,251
b2c41,256,charge-high,218
b2c41,257,charge-high,215
b2c41,258,charge-high,217
b2c41,260,charge-high,235
b2c41,261,charge-high,226
b2c41,262,charge-high,279
b2c41,263,charge-high,317
b2c41,264,charge-high,260
b2c41,265,charge-high,252
b2c41,266,charge-high,211
b2c41,267,charge-high,255
b2c41,268,charge-high,235
b2c41,269,charge-high,226
b2c41,270,charge-high,237
b2c41,271,charge-high,272
b2c41,272,charge-high,328
b2c41,273,charge-high,344
b2c41,274,charge-high,311
b2c41,275,charge-high,281
b2c41,276,charge-high,273
b2c41,277,charge-high,272
b2c41,278,charge-high,302
b2c41,279,charge-high,279
b2c41,280,charge-high,227
b2c41,281,charge-high,241
b2c41,282,charge-high,222
b2c41,284,charge-high,253
b2c41,285,charge-high,238
b2c41,286,charge-high,302
b2c41,287,charge-high,275
b2c41,288,charge-high,259
b2c41,289,charge-high,216
b2c41,291,charge-high,230
b2c41,294,charge-high,239
b2c41,295,charge-high,212
b2c41,296,charge-high,247
b2c41,297,charge-high,267
b2c41,298,charge-high,275
b2c41,299,charge-high,291
b2c41,300,charge-high,305
b2c41,301,charge-high,292
b2c41,302,charge-high,262
b2c41,303,charge-high,303
b2c41,304,charge-high,257
b2c41,305,charge-high,260
b2c41,306,charge-high,256
b2c41,307,charge-high,234
b2c41,308,charge-high,269
b2c41,309,charge-high,238
b2c41,310,charge-high,286
b2c41,311,charge-high,234
b2c41,312,charge-high,268
b2c41,314,charge-high,229
b2c41,315,charge-high,221
b2c41,316,charge-high,215
b2c41,317,charge-high,232
b2c41,318,charge-high,227
b2c41,319,charge-high,249
b2c41,320,charge-high,306
b2c41,321,charge-high,390
b2c41,322,charge-high,294
b2c41,323,charge-high,287
b2c41,324,charge-high,325
b2c41,325,charge-high,292
b2c41,326,charge-high,250
b2c41,327,charge-high,251
b2c41,328,charge-high,265
b2c41,329,charge-high,315
b2c41,330,charge-high,235
b2c41,331,charge-high,258
b2c41,332,charge-high,291
b2c41,333,charge-high,270
b2c41,334,charge-high,263
b2c41,335,charge-high,229
b2c41,336,charge-high,278
b2c41,337,charge-high,228
b2c41,343,charge-high,250
b2c41,344,charge-high,251
b2c41,345,charge-high,262
b2c41,346,charge-high,245
b2c41,347,charge-high,218
b2c41,348,charge-high,231
b2c41,349,charge-high,274
b2c41,350,charge-high,282
b2c41,351,charge-high,318
b2c41,352,charge-high,327
b2c41,353,charge-high,335
b2c41,354,charge-high,336
b2c41,355,charge-high,345
b2c41,356,charge-high,292
b2c41,357,charge-high,310
b2c41,358,charge-high,335
b2c41,359,charge-high,286
b2c41,360,charge-high,315
b2c41,361,charge-high,379
b2c41,362,charge-high,267
b2c41,363,charge-high,230
b2c41,368,charge-high,213
b2c41,369,charge-high,292
b2c41,370,charge-high,363
b2c41,371,charge-high,342
b2c41,372,charge-high,323
b2c41,373,charge-high,242
b2c41,374,charge-high,271
b2c41,375,charge-high,233
b2c41,376,charge-high,223
b2c41,377,charge-high,272
b2c41,378,charge-high,279
b2c41,379,charge-high,258
b2c41,380,charge-high,243
b2c41,381,charge-high,221
b2c41,382,charge-high,245
b2c41,383,charge-high,254
b2c41,384,charge-high,248
b2c41,385,charge-high,255
b2c41,386,charge-high,266
b2c41,387,charge-high,257
b2c41,388,charge-high,249
b2c41,389,charge-high,301
b2c41,390,charge-high,208
b2c41,391,charge-high,245
b2c41,392,charge-high,278
b2c41,393,charge-high,307
b2c41,394,charge-high,315
b2c41,395,charge-high,353
b2c41,396,charge-high,358
b2c41,397,charge-high,399
b2c41,398,charge-high,369
b2c41,399,charge-high,322
b2c41,400,charge-high,257
b2c41,401,charge-high,259
b2c41,402,charge-high,267
b2c41,403,charge-high,225
b2c41,404,charge-high,236
b2c41,405,charge-high,311
b2c41,406,charge-high,237
b2c41,407,charge-high,238
b2c41,408,charge-high,209
b2c41,409,charge-high,260
b2c41,410,charge-high,227
b2c41,411,charge-high,264
b2c41,412,charge-high,323
b2c41,413,charge-high,308
b2c41,414,charge-high,235
b2c41,415,charge-high,212
b2c41,419,charge-high,223
b2c41,421,charge-high,303
b2c41,422,charge-high,340
b2c41,423,charge-high,244
b2c41,424,charge-high,287
b2c41,425,charge-high,271
b2c41,426,charge-high,262
b2c41,427,charge-high,304
b2c41,428,charge-high,296
b2c41,429,charge-high,293
b2c41,430,charge-high,261
b2c41,431,charge-high,306
b2c41,432,charge-high,322
b2c41,433,charge-high,339
b2c41,434,charge-high,305
b2c41,435,charge-high,326
b2c41,436,charge-high,310
b2c41,437,charge-high,339
b2c41,438,charge-high,320
b2c41,439,charge-high,306
b2c41,440,charge-high,232
b2c41,443,charge-high,215
b2c41,445,charge-high,223
b2c41,446,charge-high,237
b2c41,448,charge-high,252
b2c41,449,charge-high,256
b2c41,450,charge-high,240
b2c41,451,charge-high,268
b2c42,17,charge-high,222
b2c42,18,charge-high,227
b2c42,27,charge-high,222
b2c42,37,charge-high,226
b2c42,40,charge-high,236
b2c42,41,charge-high,230
b2c42,42,charge-high,216
b2c42,45,charge-high,213
b2c42,51,charge-high,222
b2c42,52,charge-high,224
b2c42,60,charge-high,215
b2c42,61,charge-high,215
b2c42,67,charge-high,208
b2c42,68,charge-high,218
b2c42,74,charge-high,215
b2c42,75,charge-high,230
b2c42,84,charge-high,222
b2c42,86,charge-high,241
b2c42,87,charge-high,208
b2c42,88,charge-high,217
b2c42,89,charge-high,212
b2c42,91,charge-high,219
b2c42,92,charge-high,219
b2c42,93,charge-high,238
b2c42,94,charge-high,230
b2c42,99,charge-high,259
b2c42,100,charge-high,236
b2c42,105,charge-high,210
b2c42,108,charge-high,240
b2c42,109,charge-high,242
b2c42,110,charge-high,271
b2c42,111,charge-high,291
b2c42,112,charge-high,252
b2c42,113,charge-high,273
b2c42,114,charge-high,258
b2c42,115,charge-high,248
b2c42,116,charge-high,255
b2c42,117,charge-high,243
b2c42,118,charge-high,212
b2c42,119,charge-high,228
b2c42,120,charge-high,210
b2c42,121,charge-high,217
b2c42,122,charge-high,232
b2c42,123,charge-high,295
b2c42,124,charge-high,244
b2c42,129,charge-high,222
b2c42,132,charge-high,242
b2c42,133,charge-high,275
b2c42,134,charge-high,263
b2c42,135,charge-high,321
b2c42,136,charge-high,322
b2c42,137,charge-high,291
b2c42,138,charge-high,221
b2c42,139,charge-high,216
b2c42,141,charge-high,221
b2c42,142,charge-high,241
b2c42,143,charge-high,229
b2c42,144,charge-high,219
b2c42,145,charge-high,213
b2c42,146,charge-high,226
b2c42,148,charge-high,227
b2c42,156,charge-high,280
b2c42,157,charge-high,295
b2c42,158,charge-high,326
b2c42,159,charge-high,281
b2c42,160,charge-high,241
b2c42,161,charge-high,231
b2c42,162,charge-high,269
b2c42,163,charge-high,253
b2c42,164,charge-high,259
b2c42,165,charge-high,284
b2c42,166,charge-high,269
b2c42,167,charge-high,243
b2c42,169,charge-high,273
b2c42,170,charge-high,263
b2c42,171,charge-high,250
b2c42,172,charge-high,283
b2c42,173,charge-high,227
b2c42,174,charge-high,233
b2c42,175,charge-high,229
b2c42,176,charge-high,243
b2c42,177,charge-high,224
b2c42,178,charge-high,238
b2c42,179,charge-high,233
b2c42,180,charge-high,262
b2c42,181,charge-high,255
b2c42,182,charge-high,269
b2c42,183,charge-high,292
b2c42,184,charge-high,291
b2c42,185,charge-high,304
b2c42,186,charge-high,327
b2c42,187,charge-high,266
b2c42,188,charge-high,241
b2c42,189,charge-high,283
b2c42,190,charge-high,305
b2c42,191,charge-high,269
b2c42,192,charge-high,219
b2c42,193,charge-high,256
b2c42,194,charge-high,255
b2c42,195,charge-high,246
b2c42,196,charge-high,264
b2c42,201,charge-high,225
b2c42,203,charge-high,214
b2c42,204,charge-high,209
b2c42,205,charge-high,248
b2c42,206,charge-high,232
b2c42,207,charge-high,271
b2c42,208,charge-high,279
b2c42,209,charge-high,240
b2c42,210,charge-high,270
b2c42,211,charge-high,265
b2c42,212,charge-high,255
b2c42,213,charge-high,252
b2c42,214,charge-high,279
b2c42,215,charge-high,234
b2c42,217,charge-high,238
b2c42,218,charge-high,242
b2c42,219,charge-high,213
b2c42,220,charge-high,220
b2c42,221,charge-high,238
b2c42,222,charge-high,225
b2c42,223,charge-high,230
b2c42,225,charge-high,214
b2c42,226,charge-high,238
b2c42,227,charge-high,220
b2c42,228,charge-high,240
b2c42,229,charge-high,249
b2c42,230,charge-high,265
b2c42,231,charge-high,237
b2c42,232,charge-high,232
b2c42,233,charge-high,235
b2c42,234,charge-high,246
b2c42,235,charge-high,270
b2c42,236,charge-high,255
b2c42,237,charge-high,243
b2c42,238,charge-high,224
b2c42,239,charge-high,218
b2c42,240,charge-high,220
b2c42,241,charge-high,286
b2c42,242,charge-high,297
b2c42,243,charge-high,326
b2c42,244,charge-high,346
b2c42,245,charge-high,264
b2c42,248,charge-high,270
b2c42,249,charge-high,295
b2c42,250,charge-high,273
b2c42,251,charge-high,264
b2c42,252,charge-high,247
b2c42,253,charge-high,239
b2c42,254,charge-high,221
b2c42,255,charge-high,253
b2c42,256,charge-high,224
b2c42,257,charge-high,257
b2c42,258,charge-high,254
b2c42,259,charge-high,274
b2c42,260,charge-high,260
b2c42,261,charge-high,209
b2c42,263,charge-high,217
b2c42,265,charge-high,225
b2c42,268,charge-high,274
b2c42,269,charge-high,269
b2c42,270,charge-high,279
b2c42,271,charge-high,249
b2c42,272,charge-high,328
b2c42,273,charge-high,227
b2c42,274,charge-high,249
b2c42,275,charge-high,248
b2c42,276,charge-high,238
b2c42,277,charge-high,296
b2c42,281,charge-high,242
b2c42,282,charge-high,242
b2c42,283,charge-high,256
b2c42,284,charge-high,261
b2c42,285,charge-high,213
b2c42,290,charge-high,211
b2c42,292,charge-high,259
b2c42,293,charge-high,232
b2c42,294,charge-high,250
b2c42,295,charge-high,261
b2c42,296,charge-high,239
b2c42,297,charge-high,218
b2c42,298,charge-high,257
b2c42,299,charge-high,228
b2c42,300,charge-high,217
b2c42,301,charge-high,226
b2c42,305,charge-high,208
b2c42,306,charge-high,241
b2c42,307,charge-high,230
b2c42,308,charge-high,237
b2c42,312,charge-high,221
b2c42,313,charge-high,219
b2c42,316,charge-high,264
b2c42,317,charge-high,233
b2c42,318,charge-high,256
b2c42,319,charge-high,247
b2c42,321,charge-high,248
b2c42,322,charge-high,219
b2c42,323,charge-high,233
b2c42,324,charge-high,251
b2c42,325,charge-high,235
b2c42,326,charge-high,214
b2c42,329,charge-high,245
b2c42,340,charge-high,226
b2c42,341,charge-high,266
b2c42,342,charge-high,218
b2c42,343,charge-high,230
b2c42,345,charge-high,235
b2c42,346,charge-high,279
b2c42,347,charge-high,236
b2c42,348,charge-high,233
b2c42,349,charge-high,250
b2c42,350,charge-high,259
b2c42,351,charge-high,258
b2c42,352,charge-high,243
b2c42,353,charge-high,259
b2c42,354,charge-high,271
b2c42,355,charge-high,263
b2c42,356,charge-high,220
b2c42,363,charge-high,212
b2c42,364,charge-high,260
b2c42,365,charge-high,236
b2c42,366,charge-high,272
b2c42,367,charge-high,263
b2c42,368,charge-high,238
b2c42,369,charge-high,234
b2c42,370,charge-high,217
b2c42,371,charge-high,220
b2c42,372,charge-high,214
b2c42,373,charge-high,221
b2c42,374,charge-high,217
b2c42,375,charge-high,217
b2c42,376,charge-high,283
b2c42,377,charge-high,251
b2c42,378,charge-high,263
b2c42,379,charge-high,268
b2c42,380,charge-high,269
b2c42,386,charge-high,228
b2c42,387,charge-high,234
b2c42,388,charge-high,300
b2c42,389,charge-high,323
b2c42,390,charge-high,274
b2c42,391,charge-high,275
b2c42,392,charge-high,307
b2c42,393,charge-high,313
b2c42,394,charge-high,302
b2c42,395,charge-high,323
b2c42,396,charge-high,231
b2c42,397,charge-high,233
b2c42,398,charge-high,261
b2c42,399,charge-high,227
b2c42,400,charge-high,223
b2c42,401,charge-high,250
b2c42,402,charge-high,270
b2c42,403,charge-high,280
b2c42,404,charge-high,284
b2c42,405,charge-high,246
b2c42,409,charge-high,212
b2c42,412,charge-high,234
b2c42,413,charge-high,247
b2c42,414,charge-high,279
b2c42,415,charge-high,244
b2c42,416,charge-high,248
b2c42,417,charge-high,228
b2c42,418,charge-high,240
b2c42,419,charge-high,245
b2c42,420,charge-high,225
b2c42,421,charge-high,254
b2c42,422,charge-high,219
b2c42,423,charge-high,212
b2c42,427,charge-high,222
b2c42,428,charge-high,244
b2c42,429,charge-high,262
b2c42,437,charge-high,230
b2c42,438,charge-high,230
b2c42,439,charge-high,219
b2c42,440,charge-high,227
b2c42,443,charge-high,229
b2c42,444,charge-high,222
b2c42,445,charge-high,224
b2c42,446,charge-high,244
b2c42,447,charge-high,208
b2c42,448,charge-high,226
b2c42,449,charge-high,241
b2c42,450,charge-high,225
b2c42,451,charge-high,226
b2c42,452,charge-high,289
b2c42,453,charge-high,257
b2c42,454,charge-high,265
b2c42,455,charge-high,263
b2c42,456,charge-high,235
b2c42,460,charge-high,223
b2c42,462,charge-high,209
b2c42,464,charge-high,208
b2c42,470,charge-high,217
b2c42,475,charge-high,238
b2c42,480,charge-high,225
b2c42,481,charge-high,227
b2c42,482,charge-high,233
b2c42,488,charge-high,211
b2c42,489,charge-high,213
b2c42,490,charge-high,231
b2c42,491,charge-high,241
b2c43,14,charge-high,213
b2c43,15,charge-high,228
b2c43,17,charge-high,210
b2c43,21,charge-high,213
b2c43,22,charge-high,211
b2c43,37,charge-high,213
b2c43,39,charge-high,212
b2c43,41,charge-high,215
b2c43,51,charge-high,230
b2c43,62,charge-high,218
b2c43,63,charge-high,222
b2c43,64,charge-high,242
b2c43,65,charge-high,216
b2c43,66,charge-high,217
b2c43,67,charge-high,213
b2c43,69,charge-high,212
b2c43,70,charge-high,220
b2c43,73,charge-high,221
b2c43,74,charge-high,257
b2c43,76,charge-high,232
b2c43,84,charge-high,239
b2c43,85,charge-high,236
b2c43,86,charge-high,249
b2c43,87,charge-high,252
b2c43,88,charge-high,255
b2c43,89,charge-high,213
b2c43,90,charge-high,220
b2c43,92,charge-high,235
b2c43,93,charge-high,238
b2c43,97,charge-high,225
b2c43,98,charge-high,258
b2c43,99,charge-high,233
b2c43,100,charge-high,244
b2c43,102,charge-high,216
b2c43,109,charge-high,226
b2c43,110,charge-high,223
b2c43,111,charge-high,236
b2c43,112,charge-high,232
b2c43,113,charge-high,235
b2c43,114,charge-high,215
b2c43,118,charge-high,216
b2c43,122,charge-high,213
b2c43,123,charge-high,218
b2c43,124,charge-high,219
b2c43,132,charge-high,222
b2c43,133,charge-high,225
b2c43,134,charge-high,237
b2c43,135,charge-high,242
b2c43,136,charge-high,212
b2c43,137,charge-high,237
b2c43,138,charge-high,243
b2c43,139,charge-high,273
b2c43,140,charge-high,284
b2c43,141,charge-high,247
b2c43,142,charge-high,235
b2c43,143,charge-high,306
b2c43,144,charge-high,232
b2c43,145,charge-high,261
b2c43,146,charge-high,239
b2c43,147,charge-high,282
b2c43,148,charge-high,222
b2c43,149,charge-high,218
b2c43,150,charge-high,209
b2c43,153,charge-high,265
b2c43,156,charge-high,210
b2c43,157,charge-high,278
b2c43,158,charge-high,295
b2c43,159,charge-high,245
b2c43,160,charge-high,254
b2c43,161,charge-high,271
b2c43,162,charge-high,244
b2c43,163,charge-high,253
b2c43,164,charge-high,284
b2c43,165,charge-high,282
b2c43,166,charge-high,270
b2c43,167,charge-high,312
b2c43,168,charge-high,268
b2c43,169,charge-high,278
b2c43,170,charge-high,265
b2c43,171,charge-high,270
b2c43,172,charge-high,268
b2c43,173,charge-high,234
b2c43,175,charge-high,221
b2c43,176,charge-high,220
b2c43,177,charge-high,215
b2c43,178,charge-high,209
b2c43,180,charge-high,245
b2c43,181,charge-high,307
b2c43,182,charge-high,343
b2c43,183,charge-high,325
b2c43,184,charge-high,347
b2c43,185,charge-high,345
b2c43,186,charge-high,334
b2c43,187,charge-high,306
b2c43,188,charge-high,313
b2c43,189,charge-high,274
b2c43,190,charge-high,267
b2c43,191,charge-high,292
b2c43,192,charge-high,237
b2c43,193,charge-high,247
b2c43,194,charge-high,314
b2c43,195,charge-high,301
b2c43,196,charge-high,294
b2c43,197,charge-high,248
b2c43,199,charge-high,232
b2c43,201,charge-high,238
b2c43,202,charge-high,221
b2c43,203,charge-high,247
b2c43,204,charge-high,275
b2c43,205,charge-high,308
b2c43,206,charge-high,284
b2c43,207,charge-high,274
b2c43,208,charge-high,276
b2c43,209,charge-high,236
b2c43,210,charge-high,248
b2c43,211,charge-high,258
b2c43,212,charge-high,293
b2c43,213,charge-high,263
b2c43,214,charge-high,271
b2c43,215,charge-high,280
b2c43,216,charge-high,243
b2c43,217,charge-high,252
b2c43,218,charge-high,271
b2c43,219,charge-high,320
b2c43,220,charge-high,292
b2c43,221,charge-high,262
b2c43,222,charge-high,228
b2c43,223,charge-high,291
b2c43,224,charge-high,241
b2c43,225,charge-high,232
b2c43,226,charge-high,258
b2c43,227,charge-high,255
b2c43,228,charge-high,276
b2c43,229,charge-high,319
b2c43,230,charge-high,250
b2c43,231,charge-high,302
b2c43,232,charge-high,326
b2c43,233,charge-high,338
b2c43,234,charge-high,293
b2c43,235,charge-high,349
b2c43,236,charge-high,254
b2c43,237,charge-high,260
b2c43,238,charge-high,229
b2c43,239,charge-high,228
b2c43,241,charge-high,235
b2c43,242,charge-high,245
b2c43,243,charge-high,240
b2c43,244,charge-high,293
b2c43,245,charge-high,290
b2c43,246,charge-high,230
b2c43,247,charge-high,227
b2c43,248,charge-high,224
b2c43,249,charge-high,228
b2c43,250,charge-high,254
b2c43,251,charge-high,232
b2c43,252,charge-high,248
b2c43,253,charge-high,224
b2c43,259,charge-high,223
b2c43,260,charge-high,236
b2c43,268,charge-high,217
b2c43,269,charge-high,237
b2c43,271,charge-high,229
b2c43,272,charge-high,210
b2c43,274,charge-high,210
b2c43,275,charge-high,216
b2c43,276,charge-high,226
b2c43,278,charge-high,274
b2c43,279,charge-high,226
b2c43,280,charge-high,212
b2c43,281,charge-high,221
b2c43,282,charge-high,237
b2c43,283,charge-high,266
b2c43,284,charge-high,231
b2c43,285,charge-high,216
b2c43,292,charge-high,242
b2c43,293,charge-high,264
b2c43,294,charge-high,293
b2c43,295,charge-high,240
b2c43,296,charge-high,238
b2c43,297,charge-high,263
b2c43,298,charge-high,216
b2c43,299,charge-high,258
b2c43,302,charge-high,209
b2c43,303,charge-high,242
b2c43,305,charge-high,221
b2c43,306,charge-high,236
b2c43,307,charge-high,242
b2c43,308,charge-high,219
b2c43,310,charge-high,212
b2c43,313,charge-high,212
b2c43,315,charge-high,236
b2c43,316,charge-high,281
b2c43,317,charge-high,275
b2c43,318,charge-high,260
b2c43,319,charge-high,260
b2c43,320,charge-high,259
b2c43,322,charge-high,235
b2c43,323,charge-high,239
b2c43,324,charge-high,232
b2c43,325,charge-high,249
b2c43,327,charge-high,223
b2c43,329,charge-high,213
b2c43,330,charge-high,257
b2c43,331,charge-high,218
b2c43,332,charge-high,258
b2c43,340,charge-high,225
b2c43,341,charge-high,269
b2c43,342,charge-high,216
b2c43,343,charge-high,258
b2c43,344,charge-high,247
b2c43,345,charge-high,232
b2c43,346,charge-high,308
b2c43,347,charge-high,255
b2c43,348,charge-high,258
b2c43,349,charge-high,250
b2c43,350,charge-high,243
b2c43,351,charge-high,265
b2c43,352,charge-high,236
b2c43,353,charge-high,229
b2c43,354,charge-high,236
b2c43,356,charge-high,243
b2c43,364,charge-high,226
b2c43,365,charge-high,276
b2c43,366,charge-high,291
b2c43,367,charge-high,282
b2c43,368,charge-high,269
b2c43,369,charge-high,245
b2c43,370,charge-high,282
b2c43,371,charge-high,294
b2c43,372,charge-high,378
b2c43,373,charge-high,366
b2c43,374,charge-high,288
b2c43,375,charge-high,289
b2c43,376,charge-high,242
b2c43,377,charge-high,290
b2c43,378,charge-high,287
b2c43,379,charge-high,264
b2c43,380,charge-high,306
b2c43,381,charge-high,254
b2c43,382,charge-high,212
b2c43,383,charge-high,217
b2c43,387,charge-high,226
b2c43,388,charge-high,266
b2c43,389,charge-high,268
b2c43,390,charge-high,249
b2c43,391,charge-high,209
b2c43,392,charge-high,244
b2c43,393,charge-high,260
b2c43,394,charge-high,267
b2c43,395,charge-high,260
b2c43,396,charge-high,290
b2c43,398,charge-high,258
b2c43,400,charge-high,257
b2c43,401,charge-high,239
b2c43,402,charge-high,217
b2c43,403,charge-high,260
b2c43,404,charge-high,230
b2c43,405,charge-high,258
b2c43,406,charge-high,209
b2c43,407,charge-high,239
b2c43,408,charge-high,222
b2c43,412,charge-high,246
b2c43,413,charge-high,242
b2c43,414,charge-high,268
b2c43,415,charge-high,327
b2c43,416,charge-high,329
b2c43,417,charge-high,242
b2c43,418,charge-high,289
b2c43,419,charge-high,240
b2c43,420,charge-high,228
b2c43,421,charge-high,227
b2c43,423,charge-high,245
b2c43,424,charge-high,226
b2c43,425,charge-high,233
b2c43,426,charge-high,263
b2c43,427,charge-high,240
b2c43,428,charge-high,279
b2c43,429,charge-high,287
b2c43,430,charge-high,237
b2c43,431,charge-high,231
b2c43,432,charge-high,267
b2c43,438,charge-high,254
b2c43,439,charge-high,238
b2c43,440,charge-high,270
b2c43,441,charge-high,268
b2c43,442,charge-high,249
b2c43,443,charge-high,249
b2c43,444,charge-high,234
b2c43,445,charge-high,270
b2c43,446,charge-high,254
b2c43,447,charge-high,247
b2c43,448,charge-high,240
b2c43,449,charge-high,212
b2c43,450,charge-high,220
b2c43,455,charge-high,227
b2c43,456,charge-high,210
b2c43,461,charge-high,213
b2c43,462,charge-high,219
b2c43,464,charge-high,264
b2c43,465,charge-high,223
b2c43,466,charge-high,230
b2c43,467,charge-high,237
b2c43,468,charge-high,208
b2c43,469,charge-high,232
b2c43,470,charge-high,236
b2c43,471,charge-high,230
b2c43,472,charge-high,214
b2c43,474,charge-high,234
b2c43,475,charge-high,217
b2c43,476,charge-high,215
b2c43,478,charge-high,224
b2c43,479,charge-high,231
b2c43,480,charge-high,250
b2c43,481,charge-high,277
b2c43,482,charge-high,247
b2c43,483,charge-high,211
b2c43,484,charge-high,216
b2c43,485,charge-high,219
b2c44,3,charge-high,240
b2c44,12,charge-high,224
b2c44,13,charge-high,225
b2c44,16,charge-high,249
b2c44,17,charge-high,241
b2c44,19,charge-high,208
b2c44,20,charge-high,229
b2c44,21,charge-high,231
b2c44,22,charge-high,230
b2c44,26,charge-high,235
b2c44,27,charge-high,211
b2c44,28,charge-high,242
b2c44,29,charge-high,249
b2c44,37,charge-high,224
b2c44,38,charge-high,212
b2c44,39,charge-high,254
b2c44,40,charge-high,246
b2c44,41,charge-high,211
b2c44,42,charge-high,273
b2c44,43,charge-high,210
b2c44,44,charge-high,212
b2c44,46,charge-high,224
b2c44,50,charge-high,231
b2c44,51,charge-high,320
b2c44,52,charge-high,250
b2c44,61,charge-high,215
b2c44,62,charge-high,210
b2c44,63,charge-high,224
b2c44,64,charge-high,222
b2c44,65,charge-high,257
b2c44,66,charge-high,238
b2c44,67,charge-high,253
b2c44,68,charge-high,234
b2c44,69,charge-high,258
b2c44,70,charge-high,223
b2c44,71,charge-high,234
b2c44,73,charge-high,232
b2c44,74,charge-high,254
b2c44,75,charge-high,274
b2c44,76,charge-high,283
b2c44,84,charge-high,213
b2c44,85,charge-high,268
b2c44,86,charge-high,284
b2c44,87,charge-high,304
b2c44,88,charge-high,219
b2c44,89,charge-high,258
b2c44,90,charge-high,251
b2c44,91,charge-high,229
b2c44,92,charge-high,243
b2c44,93,charge-high,233
b2c44,94,charge-high,236
b2c44,97,charge-high,236
b2c44,98,charge-high,216
b2c44,99,charge-high,263
b2c44,100,charge-high,248
b2c44,101,charge-high,229
b2c44,102,charge-high,213
b2c44,108,charge-high,262
b2c44,109,charge-high,280
b2c44,110,charge-high,277
b2c44,111,charge-high,284
b2c44,112,charge-high,248
b2c44,113,charge-high,259
b2c44,114,charge-high,227
b2c44,116,charge-high,209
b2c44,117,charge-high,213
b2c44,118,charge-high,213
b2c44,124,charge-high,220
b2c44,132,charge-high,215
b2c44,133,charge-high,248
b2c44,134,charge-high,241
b2c44,135,charge-high,249
b2c44,136,charge-high,238
b2c44,137,charge-high,239
b2c44,138,charge-high,228
b2c44,139,charge-high,274
b2c44,140,charge-high,263
b2c44,141,charge-high,250
b2c44,142,charge-high,213
b2c44,143,charge-high,302
b2c44,144,charge-high,233
b2c44,145,charge-high,234
b2c44,146,charge-high,238
b2c44,147,charge-high,231
b2c44,148,charge-high,246
b2c44,156,charge-high,220
b2c44,157,charge-high,245
b2c44,158,charge-high,252
b2c44,159,charge-high,243
b2c44,160,charge-high,252
b2c44,161,charge-high,302
b2c44,162,charge-high,291
b2c44,163,charge-high,296
b2c44,164,charge-high,305
b2c44,165,charge-high,308
b2c44,166,charge-high,268
b2c44,167,charge-high,283
b2c44,168,charge-high,234
b2c44,169,charge-high,241
b2c44,170,charge-high,280
b2c44,171,charge-high,274
b2c44,172,charge-high,263
b2c44,180,charge-high,306
b2c44,181,charge-high,305
b2c44,182,charge-high,345
b2c44,183,charge-high,311
b2c44,184,charge-high,276
b2c44,185,charge-high,255
b2c44,186,charge-high,291
b2c44,187,charge-high,289
b2c44,188,charge-high,293
b2c44,189,charge-high,333
b2c44,190,charge-high,298
b2c44,191,charge-high,214
b2c44,192,charge-high,226
b2c44,193,charge-high,257
b2c44,194,charge-high,281
b2c44,195,charge-high,296
b2c44,196,charge-high,304
b2c44,197,charge-high,295
b2c44,198,charge-high,225
b2c44,199,charge-high,235
b2c44,200,charge-high,247
b2c44,201,charge-high,211
b2c44,202,charge-high,238
b2c44,203,charge-high,268
b2c44,204,charge-high,308
b2c44,205,charge-high,300
b2c44,206,charge-high,302
b2c44,207,charge-high,233
b2c44,208,charge-high,219
b2c44,209,charge-high,213
b2c44,210,charge-high,219
b2c44,211,charge-high,257
b2c44,212,charge-high,258
b2c44,213,charge-high,267
b2c44,214,charge-high,249
b2c44,215,charge-high,216
b2c44,217,charge-high,242
b2c44,219,charge-high,226
b2c44,220,charge-high,235
b2c44,221,charge-high,231
b2c44,225,charge-high,225
b2c44,226,charge-high,217
b2c44,228,charge-high,274
b2c44,229,charge-high,273
b2c44,230,charge-high,281
b2c44,231,charge-high,285
b2c44,232,charge-high,224
b2c44,233,charge-high,240
b2c44,234,charge-high,219
b2c44,235,charge-high,218
b2c44,236,charge-high,228
b2c44,237,charge-high,270
b2c44,241,charge-high,219
b2c44,242,charge-high,219
b2c44,243,charge-high,272
b2c44,244,charge-high,249
b2c44,246,charge-high,215
b2c44,249,charge-high,236
b2c44,250,charge-high,279
b2c44,251,charge-high,282
b2c44,252,charge-high,315
b2c44,253,charge-high,220
b2c44,257,charge-high,218
b2c44,258,charge-high,216
b2c44,259,charge-high,234
b2c44,260,charge-high,249
b2c44,261,charge-high,215
b2c44,262,charge-high,212
b2c44,263,charge-high,222
b2c44,268,charge-high,248
b2c44,269,charge-high,238
b2c44,270,charge-high,239
b2c44,271,charge-high,237
b2c44,272,charge-high,242
b2c44,274,charge-high,217
b2c44,275,charge-high,240
b2c44,276,charge-high,229
b2c44,277,charge-high,208
b2c44,278,charge-high,273
b2c44,279,charge-high,252
b2c44,281,charge-high,215
b2c44,282,charge-high,214
b2c44,283,charge-high,260
b2c44,284,charge-high,241
b2c44,285,charge-high,340
b2c44,288,charge-high,208
b2c44,291,charge-high,218
b2c44,292,charge-high,307
b2c44,293,charge-high,316
b2c44,294,charge-high,319
b2c44,295,charge-high,270
b2c44,296,charge-high,305
b2c44,297,charge-high,299
b2c44,298,charge-high,315
b2c44,299,charge-high,271
b2c44,300,charge-high,215
b2c44,301,charge-high,234
b2c44,302,charge-high,231
b2c44,303,charge-high,223
b2c44,304,charge-high,220
b2c44,306,charge-high,230
b2c44,307,charge-high,314
b2c44,308,charge-high,268
b2c44,316,charge-high,227
b2c44,317,charge-high,227
b2c44,318,charge-high,246
b2c44,319,charge-high,265
b2c44,320,charge-high,336
b2c44,321,charge-high,237
b2c44,323,charge-high,222
b2c44,324,charge-high,211
b2c44,325,charge-high,238
b2c44,326,charge-high,219
b2c44,327,charge-high,233
b2c44,329,charge-high,214
b2c44,330,charge-high,229
b2c44,331,charge-high,274
b2c44,332,charge-high,214
b2c44,340,charge-high,229
b2c44,341,charge-high,240
b2c44,342,charge-high,220
b2c44,343,charge-high,216
b2c44,344,charge-high,277
b2c44,345,charge-high,284
b2c44,346,charge-high,303
b2c44,347,charge-high,333
b2c44,348,charge-high,270
b2c44,349,charge-high,247
b2c44,350,charge-high,251
b2c44,351,charge-high,262
b2c44,352,charge-high,224
b2c44,353,charge-high,213
b2c44,354,charge-high,230
b2c44,355,charge-high,212
b2c44,356,charge-high,270
b2c44,364,charge-high,250
b2c44,365,charge-high,257
b2c44,366,charge-high,248
b2c44,367,charge-high,238
b2c44,368,charge-high,260
b2c44,369,charge-high,253
b2c44,370,charge-high,272
b2c44,371,charge-high,304
b2c44,372,charge-high,314
b2c44,373,charge-high,302
b2c44,374,charge-high,308
b2c44,375,charge-high,241
b2c44,376,charge-high,234
b2c44,377,charge-high,295
b2c44,378,charge-high,253
b2c44,379,charge-high,277
b2c44,380,charge-high,327
b2c44,381,charge-high,291
b2c44,382,charge-high,211
b2c44,387,charge-high,235
b2c44,388,charge-high,250
b2c44,389,charge-high,286
b2c44,390,charge-high,274
b2c44,391,charge-high,268
b2c44,392,charge-high,298
b2c44,393,charge-high,261
b2c44,394,charge-high,243
b2c44,395,charge-high,253
b2c44,396,charge-high,234
b2c44,397,charge-high,260
b2c44,398,charge-high,280
b2c44,399,charge-high,214
b2c44,400,charge-high,222
b2c44,401,charge-high,247
b2c44,402,charge-high,261
b2c44,403,charge-high,310
b2c44,404,charge-high,360
b2c44,405,charge-high,284
b2c44,406,charge-high,244
b2c44,410,charge-high,215
b2c44,411,charge-high,216
b2c44,412,charge-high,254
b2c44,413,charge-high,280
b2c44,414,charge-high,269
b2c44,415,charge-high,280
b2c44,416,charge-high,223
b2c44,417,charge-high,208
b2c44,418,charge-high,292
b2c44,419,charge-high,301
b2c44,420,charge-high,250
b2c44,421,charge-high,257
b2c44,422,charge-high,333
b2c44,423,charge-high,258
b2c44,424,charge-high,271
b2c44,425,charge-high,226
b2c44,426,charge-high,218
b2c44,427,charge-high,244
b2c44,428,charge-high,244
b2c44,429,charge-high,214
b2c44,438,charge-high,221
b2c44,439,charge-high,252
b2c44,440,charge-high,215
b2c44,441,charge-high,210
b2c44,443,charge-high,242
b2c44,445,charge-high,215
b2c44,450,charge-high,252
b2c44,451,charge-high,213
b2c44,452,charge-high,234
b2c44,453,charge-high,263
b2c44,454,charge-high,261
b2c44,455,charge-high,264
b2c44,456,charge-high,218
b2c44,457,charge-high,243
b2c44,461,charge-high,211
b2c44,462,charge-high,217
b2c44,464,charge-high,254
b2c44,465,charge-high,233
b2c44,466,charge-high,239
b2c44,467,charge-high,238
b2c44,468,charge-high,241
b2c44,469,charge-high,233
b2c44,470,charge-high,246
b2c44,471,charge-high,248
b2c44,472,charge-high,237
b2c44,473,charge-high,247
b2c44,474,charge-high,299
b2c44,475,charge-high,258
b2c44,476,charge-high,235
b2c44,477,charge-high,221
b2c44,478,charge-high,243
b2c46,2,charge-high,209
b2c46,3,charge-high,269
b2c46,5,charge-high,234
b2c46,7,charge-high,214
b2c46,12,charge-high,215
b2c46,13,charge-high,261
b2c46,14,charge-high,257
b2c46,15,charge-high,279
b2c46,16,charge-high,233
b2c46,17,charge-high,252
b2c46,18,charge-high,245
b2c46,20,charge-high,219
b2c46,21,charge-high,220
b2c46,22,charge-high,229
b2c46,26,charge-high,227
b2c46,28,charge-high,215
b2c46,29,charge-high,231
b2c46,38,charge-high,214
b2c46,39,charge-high,224
b2c46,40,charge-high,226
b2c46,41,charge-high,225
b2c46,42,charge-high,230
b2c46,50,charge-high,208
b2c46,51,charge-high,235
b2c46,52,charge-high,265
b2c46,53,charge-high,227
b2c46,62,charge-high,209
b2c46,66,charge-high,245
b2c46,67,charge-high,234
b2c46,68,charge-high,215
b2c46,69,charge-high,262
b2c46,70,charge-high,208
b2c46,73,charge-high,262
b2c46,74,charge-high,237
b2c46,75,charge-high,232
b2c46,76,charge-high,257
b2c46,77,charge-high,216
b2c46,84,charge-high,233
b2c46,85,charge-high,277
b2c46,86,charge-high,307
b2c46,87,charge-high,310
b2c46,88,charge-high,236
b2c46,89,charge-high,234
b2c46,90,charge-high,260
b2c46,91,charge-high,227
b2c46,92,charge-high,222
b2c46,93,charge-high,231
b2c46,94,charge-high,209
b2c46,95,charge-high,233
b2c46,98,charge-high,254
b2c46,99,charge-high,232
b2c46,100,charge-high,224
b2c46,103,charge-high,222
b2c46,108,charge-high,223
b2c46,109,charge-high,284
b2c46,110,charge-high,218
b2c46,111,charge-high,216
b2c46,112,charge-high,226
b2c46,113,charge-high,219
b2c46,114,charge-high,239
b2c46,115,charge-high,241
b2c46,116,charge-high,221
b2c46,118,charge-high,223
b2c46,121,charge-high,219
b2c46,123,charge-high,227
b2c46,124,charge-high,249
b2c46,132,charge-high,234
b2c46,133,charge-high,241
b2c46,134,charge-high,269
b2c46,135,charge-high,252
b2c46,136,charge-high,269
b2c46,137,charge-high,264
b2c46,138,charge-high,283
b2c46,139,charge-high,216
b2c46,140,charge-high,224
b2c46,141,charge-high,247
b2c46,142,charge-high,212
b2c46,143,charge-high,270
b2c46,144,charge-high,234
b2c46,145,charge-high,253
b2c46,146,charge-high,222
b2c46,147,charge-high,242
b2c46,148,charge-high,255
b2c46,155,charge-high,214
b2c46,156,charge-high,272
b2c46,157,charge-high,274
b2c46,158,charge-high,251
b2c46,159,charge-high,285
b2c46,160,charge-high,281
b2c46,161,charge-high,301
b2c46,162,charge-high,326
b2c46,163,charge-high,273
b2c46,164,charge-high,253
b2c46,165,charge-high,255
b2c46,166,charge-high,251
b2c46,167,charge-high,232
b2c46,168,charge-high,231
b2c46,169,charge-high,270
b2c46,170,charge-high,270
b2c46,171,charge-high,241
b2c46,172,charge-high,269
b2c46,173,charge-high,215
b2c46,177,charge-high,210
b2c46,178,charge-high,244
b2c46,179,charge-high,223
b2c46,180,charge-high,304
b2c46,181,charge-high,289
b2c46,182,charge-high,320
b2c46,183,charge-high,277
b2c46,184,charge-high,305
b2c46,185,charge-high,265
b2c46,186,charge-high,328
b2c46,187,charge-high,313
b2c46,188,charge-high,332
b2c46,189,charge-high,310
b2c46,190,charge-high,254
b2c46,191,charge-high,230
b2c46,192,charge-high,238
b2c46,193,charge-high,300
b2c46,194,charge-high,288
b2c46,195,charge-high,264
b2c46,196,charge-high,292
b2c46,198,charge-high,209
b2c46,199,charge-high,244
b2c46,202,charge-high,217
b2c46,203,charge-high,216
b2c46,204,charge-high,272
b2c46,205,charge-high,261
b2c46,206,charge-high,246
b2c46,207,charge-high,210
b2c46,208,charge-high,225
b2c46,209,charge-high,261
b2c46,210,charge-high,265
b2c46,211,charge-high,224
b2c46,212,charge-high,239
b2c46,213,charge-high,261
b2c46,214,charge-high,244
b2c46,216,charge-high,210
b2c46,217,charge-high,218
b2c46,218,charge-high,233
b2c46,219,charge-high,234
b2c46,220,charge-high,234
b2c46,221,charge-high,228
b2c46,223,charge-high,210
b2c46,226,charge-high,224
b2c46,227,charge-high,251
b2c46,228,charge-high,313
b2c46,229,charge-high,327
b2c46,230,charge-high,271
b2c46,231,charge-high,300
b2c46,232,charge-high,252
b2c46,233,charge-high,283
b2c46,234,charge-high,280
b2c46,235,charge-high,243
b2c46,236,charge-high,252
b2c46,237,charge-high,252
b2c46,239,charge-high,215
b2c46,241,charge-high,231
b2c46,242,charge-high,258
b2c46,243,charge-high,256
b2c46,244,charge-high,256
b2c46,245,charge-high,228
b2c46,246,charge-high,228
b2c46,247,charge-high,275
b2c46,248,charge-high,253
b2c46,249,charge-high,282
b2c46,250,charge-high,285
b2c46,251,charge-high,258
b2c46,252,charge-high,243
b2c46,254,charge-high,218
b2c46,255,charge-high,239
b2c46,256,charge-high,227
b2c46,257,charge-high,305
b2c46,258,charge-high,315
b2c46,259,charge-high,362
b2c46,260,charge-high,378
b2c46,261,charge-high,286
b2c46,262,charge-high,212
b2c46,263,charge-high,218
b2c46,268,charge-high,256
b2c46,269,charge-high,303
b2c46,270,charge-high,305
b2c46,271,charge-high,344
b2c46,272,charge-high,269
b2c46,273,charge-high,315
b2c46,274,charge-high,307
b2c46,275,charge-high,332
b2c46,276,charge-high,247
b2c46,277,charge-high,246
b2c46,278,charge-high,235
b2c46,279,charge-high,216
b2c46,280,charge-high,218
b2c46,281,charge-high,286
b2c46,282,charge-high,258
b2c46,283,charge-high,279
b2c46,284,charge-high,296
b2c46,285,charge-high,262
b2c46,286,charge-high,239
b2c46,287,charge-high,252
b2c46,289,charge-high,237
b2c46,290,charge-high,236
b2c46,291,charge-high,222
b2c46,292,charge-high,330
b2c46,293,charge-high,325
b2c46,294,charge-high,316
b2c46,295,charge-high,324
b2c46,296,charge-high,272
b2c46,297,charge-high,302
b2c46,298,charge-high,232
b2c46,299,charge-high,258
b2c46,300,charge-high,255
b2c46,301,charge-high,219
b2c46,302,charge-high,287
b2c46,304,charge-high,220
b2c46,305,charge-high,277
b2c46,306,charge-high,266
b2c46,307,charge-high,308
b2c46,308,charge-high,283
b2c46,311,charge-high,210
b2c46,312,charge-high,243
b2c46,313,charge-high,210
b2c46,314,charge-high,208
b2c46,315,charge-high,258
b2c46,316,charge-high,277
b2c46,317,charge-high,321
b2c46,318,charge-high,285
b2c46,319,charge-high,242
b2c46,320,charge-high,253
b2c46,321,charge-high,216
b2c46,322,charge-high,247
b2c46,323,charge-high,235
b2c46,324,charge-high,245
b2c46,325,charge-high,273
b2c46,326,charge-high,311
b2c46,327,charge-high,309
b2c46,328,charge-high,239
b2c46,329,charge-high,251
b2c46,330,charge-high,292
b2c46,331,charge-high,254
b2c46,332,charge-high,262
b2c46,333,charge-high,221
b2c46,334,charge-high,223
b2c46,339,charge-high,241
b2c46,340,charge-high,305
b2c46,341,charge-high,293
b2c46,342,charge-high,317
b2c46,343,charge-high,334
b2c46,344,charge-high,318
b2c46,345,charge-high,300
b2c46,346,charge-high,306
b2c46,347,charge-high,341
b2c46,348,charge-high,282
b2c46,349,charge-high,289
b2c46,350,charge-high,265
b2c46,351,charge-high,392
b2c46,352,charge-high,349
b2c46,353,charge-high,289
b2c46,354,charge-high,292
b2c46,355,charge-high,285
b2c46,356,charge-high,314
b2c46,357,charge-high,212
b2c46,361,charge-high,219
b2c46,363,charge-high,223
b2c46,364,charge-high,332
b2c46,365,charge-high,352
b2c46,366,charge-high,281
b2c46,367,charge-high,374
b2c46,368,charge-high,307
b2c46,369,charge-high,274
b2c46,370,charge-high,300
b2c46,371,charge-high,259
b2c46,372,charge-high,284
b2c46,373,charge-high,350
b2c46,374,charge-high,236
b2c46,375,charge-high,242
b2c46,376,charge-high,228
b2c46,377,charge-high,225
b2c46,378,charge-high,244
b2c46,379,charge-high,272
b2c46,380,charge-high,246
b2c46,381,charge-high,208
b2c46,387,charge-high,216
b2c46,388,charge-high,240
b2c46,389,charge-high,293
b2c46,390,charge-high,239
b2c46,391,charge-high,235
b2c46,392,charge-high,262
b2c46,393,charge-high,266
b2c46,394,charge-high,323
b2c46,395,charge-high,283
b2c46,396,charge-high,282
b2c46,397,charge-high,267
b2c46,398,charge-high,262
b2c46,399,charge-high,293
b2c46,401,charge-high,249
b2c46,402,charge-high,266
b2c46,403,charge-high,226
b2c46,404,charge-high,230
b2c46,405,charge-high,223
b2c46,406,charge-high,218
b2c46,408,charge-high,209
b2c46,411,charge-high,233
b2c46,412,charge-high,221
b2c46,413,charge-high,275
b2c46,414,charge-high,253
b2c46,415,charge-high,288
b2c46,416,charge-high,258
b2c46,417,charge-high,288
b2c46,418,charge-high,270
b2c46,419,charge-high,245
b2c46,420,charge-high,216
b2c46,421,charge-high,263
b2c46,422,charge-high,219
b2c46,423,charge-high,209
b2c46,425,charge-high,230
b2c46,426,charge-high,233
b2c46,427,charge-high,211
b2c46,428,charge-high,281
b2c46,429,charge-high,258
b2c46,431,charge-high,227
b2c46,433,charge-high,214
b2c46,439,charge-high,212
b2c46,440,charge-high,230
b2c46,441,charge-high,222
b2c46,442,charge-high,215
b2c46,443,charge-high,214
b2c46,444,charge-high,227
b2c46,445,charge-high,236
b2c46,446,charge-high,292
b2c46,447,charge-high,264
b2c46,448,charge-high,254
b2c47,1,charge-high,267
b2c47,2,charge-high,310
b2c47,3,charge-high,459
b2c47,4,charge-high,385
b2c47,5,charge-high,400
b2c47,6,charge-high,311
b2c47,7,charge-high,283
b2c47,8,charge-high,292
b2c47,9,charge-high,221
b2c47,10,charge-high,261
b2c47,11,charge-high,280
b2c47,12,charge-high,315
b2c47,13,charge-high,409
b2c47,14,charge-high,368
b2c47,15,charge-high,365
b2c47,16,charge-high,373
b2c47,17,charge-high,333
b2c47,18,charge-high,275
b2c47,19,charge-high,293
b2c47,20,charge-high,269
b2c47,21,charge-high,262
b2c47,22,charge-high,293
b2c47,23,charge-high,260
b2c47,24,charge-high,209
b2c47,38,charge-high,263
b2c47,39,charge-high,276
b2c47,40,charge-high,251
b2c47,41,charge-high,305
b2c47,42,charge-high,287
b2c47,43,charge-high,304
b2c47,44,charge-high,249
b2c47,46,charge-high,215
b2c47,47,charge-high,251
b2c47,48,charge-high,236
b2c47,51,charge-high,268
b2c47,52,charge-high,316
b2c47,53,charge-high,378
b2c47,54,charge-high,334
b2c47,55,charge-high,266
b2c47,56,charge-high,224
b2c47,58,charge-high,263
b2c47,60,charge-high,228
b2c47,62,charge-high,253
b2c47,63,charge-high,228
b2c47,64,charge-high,254
b2c47,65,charge-high,259
b2c47,66,charge-high,238
b2c47,67,charge-high,265
b2c47,68,charge-high,221
b2c47,69,charge-high,212
b2c47,71,charge-high,210
b2c47,73,charge-high,219
b2c47,75,charge-high,222
b2c47,76,charge-high,294
b2c47,77,charge-high,348
b2c47,78,charge-high,339
b2c47,79,charge-high,281
b2c47,80,charge-high,240
b2c47,87,charge-high,347
b2c47,88,charge-high,400
b2c47,89,charge-high,336
b2c47,90,charge-high,347
b2c47,91,charge-high,293
b2c47,92,charge-high,331
b2c47,93,charge-high,344
b2c47,94,charge-high,325
b2c47,95,charge-high,312
b2c47,96,charge-high,252
b2c47,97,charge-high,265
b2c47,98,charge-high,213
b2c47,101,charge-high,236
b2c47,102,charge-high,224
b2c47,105,charge-high,219
b2c47,106,charge-high,217
b2c47,107,charge-high,228
b2c47,111,charge-high,238
b2c47,112,charge-high,247
b2c47,113,charge-high,281
b2c47,114,charge-high,277
b2c47,115,charge-high,304
b2c47,116,charge-high,242
b2c47,117,charge-high,292
b2c47,118,charge-high,305
b2c47,119,charge-high,391
b2c47,120,charge-high,372
b2c47,121,charge-high,323
b2c47,122,charge-high,305
b2c47,123,charge-high,278
b2c47,124,charge-high,217
b2c47,125,charge-high,260
b2c47,126,charge-high,276
b2c47,127,charge-high,256
b2c47,128,charge-high,276
b2c47,129,charge-high,211
b2c47,135,charge-high,217
b2c47,136,charge-high,278
b2c47,137,charge-high,269
b2c47,138,charge-high,248
b2c47,139,charge-high,246
b2c47,140,charge-high,252
b2c47,141,charge-high,218
b2c47,142,charge-high,249
b2c47,143,charge-high,244
b2c47,144,charge-high,255
b2c47,145,charge-high,307
b2c47,146,charge-high,369
b2c47,147,charge-high,309
b2c47,148,charge-high,286
b2c47,149,charge-high,263
b2c47,150,charge-high,249
b2c47,151,charge-high,218
b2c47,152,charge-high,212
b2c47,153,charge-high,238
b2c47,160,charge-high,209
b2c47,161,charge-high,284
b2c47,162,charge-high,363
b2c47,163,charge-high,322
b2c47,164,charge-high,323
b2c47,165,charge-high,332
b2c47,166,charge-high,273
b2c47,167,charge-high,295
b2c47,168,charge-high,303
b2c47,169,charge-high,329
b2c47,170,charge-high,231
b2c47,171,charge-high,320
b2c47,172,charge-high,278
b2c47,173,charge-high,329
b2c47,174,charge-high,237
b2c47,175,charge-high,258
b2c47,176,charge-high,231
b2c47,177,charge-high,236
b2c47,178,charge-high,248
b2c47,179,charge-high,211
b2c47,184,charge-high,217
b2c47,186,charge-high,244
b2c47,187,charge-high,317
b2c47,188,charge-high,388
b2c47,189,charge-high,285
b2c47,190,charge-high,334
b2c47,191,charge-high,266
b2c47,192,charge-high,269
b2c47,193,charge-high,319
b2c47,194,charge-high,393
b2c47,195,charge-high,280
b2c47,196,charge-high,244
b2c47,197,charge-high,275
b2c47,198,charge-high,244
b2c47,199,charge-high,238
b2c47,200,charge-high,251
b2c47,201,charge-high,289
b2c47,202,charge-high,275
b2c47,203,charge-high,306
b2c47,204,charge-high,275
b2c47,205,charge-high,238
b2c47,207,charge-high,260
b2c47,208,charge-high,251
b2c47,209,charge-high,235
b2c47,211,charge-high,271
b2c47,212,charge-high,271
b2c47,213,charge-high,237
b2c47,214,charge-high,287
b2c47,215,charge-high,211
b2c47,216,charge-high,247
b2c47,217,charge-high,295
b2c47,218,charge-high,264
b2c47,219,charge-high,299
b2c47,220,charge-high,299
b2c47,221,charge-high,274
b2c47,222,charge-high,365
b2c47,223,charge-high,344
b2c47,224,charge-high,247
b2c47,225,charge-high,282
b2c47,226,charge-high,256
b2c47,227,charge-high,247
b2c47,228,charge-high,295
b2c47,229,charge-high,244
b2c47,230,charge-high,234
b2c47,234,charge-high,223
b2c47,235,charge-high,234
b2c47,236,charge-high,258
b2c47,237,charge-high,286
b2c47,238,charge-high,350
b2c47,239,charge-high,324
b2c47,240,charge-high,351
b2c47,241,charge-high,398
b2c47,242,charge-high,329
b2c47,243,charge-high,291
b2c47,244,charge-high,285
b2c47,245,charge-high,247
b2c47,246,charge-high,266
b2c47,247,charge-high,249
b2c47,248,charge-high,235
b2c47,251,charge-high,246
b2c47,252,charge-high,228
b2c47,253,charge-high,264
b2c47,254,charge-high,361
b2c47,255,charge-high,299
b2c47,256,charge-high,269
b2c47,257,charge-high,242
b2c47,258,charge-high,308
b2c47,259,charge-high,232
b2c47,260,charge-high,245
b2c47,261,charge-high,269
b2c47,262,charge-high,316
b2c47,263,charge-high,281
b2c47,264,charge-high,237
b2c47,265,charge-high,219
b2c47,269,charge-high,210
b2c47,270,charge-high,258
b2c47,271,charge-high,323
b2c47,272,charge-high,305
b2c47,273,charge-high,225
b2c47,277,charge-high,211
b2c47,278,charge-high,223
b2c47,280,charge-high,343
b2c47,281,charge-high,290
b2c47,282,charge-high,293
b2c47,283,charge-high,212
b2c47,285,charge-high,236
b2c47,286,charge-high,231
b2c47,287,charge-high,252
b2c47,288,charge-high,273
b2c47,289,charge-high,245
b2c47,290,charge-high,250
b2c47,291,charge-high,258
b2c47,292,charge-high,281
b2c47,294,charge-high,301
b2c47,295,charge-high,279
b2c47,296,charge-high,297
b2c47,297,charge-high,281
b2c47,298,charge-high,240
b2c47,299,charge-high,217
b2c47,301,charge-high,226
b2c47,302,charge-high,245
b2c47,305,charge-high,226
b2c47,306,charge-high,293
b2c47,307,charge-high,277
b2c47,308,charge-high,308
b2c47,309,charge-high,345
b2c47,310,charge-high,318
b2c47,311,charge-high,296
b2c47,312,charge-high,254
b2c47,313,charge-high,275
b2c47,314,charge-high,251
b2c47,315,charge-high,252
b2c47,316,charge-high,265
b2c47,317,charge-high,244
b2c47,320,charge-high,247
b2c47,321,charge-high,329
b2c47,322,charge-high,268
b2c47,323,charge-high,253
b2c47,324,charge-high,224
b2c47,325,charge-high,259
b2c47,326,charge-high,222
b2c47,327,charge-high,215
b2c47,329,charge-high,210
b2c47,330,charge-high,228
b2c47,331,charge-high,321
b2c47,332,charge-high,251
b2c47,333,charge-high,261
b2c47,334,charge-high,279
b2c47,335,charge-high,327
b2c47,336,charge-high,328
b2c47,337,charge-high,221
b2c47,338,charge-high,248
b2c47,339,charge-high,222
b2c47,340,charge-high,307
b2c47,341,charge-high,257
b2c47,342,charge-high,225
b2c47,343,charge-high,210
b2c47,344,charge-high,212
b2c47,345,charge-high,264
b2c47,346,charge-high,221
b2c47,347,charge-high,245
b2c47,348,charge-high,227
b2c47,349,charge-high,257
b2c47,350,charge-high,221
b2c47,351,charge-high,212
b2c47,353,charge-high,240
b2c47,355,charge-high,221
b2c47,357,charge-high,213
b2c47,358,charge-high,279
b2c47,359,charge-high,262
b2c47,360,charge-high,248
b2c47,361,charge-high,253
b2c47,362,charge-high,226
b2c47,363,charge-high,385
b2c47,364,charge-high,387
b2c47,365,charge-high,310
b2c47,366,charge-high,296
b2c47,367,charge-high,289
b2c47,368,charge-high,382
b2c47,369,charge-high,287
b2c47,370,charge-high,283
b2c47,371,charge-high,237
b2c47,372,charge-high,302
b2c47,373,charge-high,306
b2c47,374,charge-high,278
b2c47,375,charge-high,256
b2c47,376,charge-high,212
b2c47,380,charge-high,230
b2c47,381,charge-high,236
b2c47,383,charge-high,238
b2c47,384,charge-high,259
b2c47,385,charge-high,287
b2c47,386,charge-high,267
b2c47,387,charge-high,331
b2c47,388,charge-high,312
b2c47,391,charge-high,277
b2c47,392,charge-high,308
b2c47,393,charge-high,286
b2c47,394,charge-high,307
b2c47,395,charge-high,284
b2c47,396,charge-high,276
b2c47,397,charge-high,253
b2c47,398,charge-high,364
b2c47,399,charge-high,326
b2c47,400,charge-high,351
b2c47,401,charge-high,273
b2c47,402,charge-high,229
b2c47,403,charge-high,240
b2c47,404,charge-high,221
b2c47,405,charge-high,211
b2c47,406,charge-high,232
b2c47,408,charge-high,248
b2c47,409,charge-high,244
b2c47,410,charge-high,303
b2c47,411,charge-high,307
b2c47,412,charge-high,338
b2c47,413,charge-high,306
b2c47,414,charge-high,334
b2c47,415,charge-high,375
b2c47,416,charge-high,333
b2c47,417,charge-high,309
b2c47,418,charge-high,317
b2c47,419,charge-high,345
b2c47,420,charge-high,360
b2c47,421,charge-high,277
b2c47,422,charge-high,225
b2c47,423,charge-high,292
b2c47,424,charge-high,313
b2c47,425,charge-high,268
b2c47,426,charge-high,304
b2c47,427,charge-high,306
b2c47,428,charge-high,299
b2c47,429,charge-high,277
b2c47,430,charge-high,247
b2c47,432,charge-high,220
b2c47,433,charge-high,228
b2c47,434,charge-high,223
b2c47,435,charge-high,328
b2c47,436,charge-high,293
b2c47,437,charge-high,275
b2c47,438,charge-high,257
b2c47,439,charge-high,284
b2c47,440,charge-high,285
b2c47,441,charge-high,281
b2c47,442,charge-high,254
b2c47,443,charge-high,282
b2c47,444,charge-high,284
b2c47,445,charge-high,278
b2c47,446,charge-high,254
b2c47,447,charge-high,256
b2c47,448,charge-high,262
b2c47,449,charge-high,280
b2c47,450,charge-high,259
b2c47,451,charge-high,293
b2c47,452,charge-high,266
b2c47,453,charge-high,266
b2c47,460,charge-high,213
b2c47,461,charge-high,272
b2c47,462,charge-high,301
b2c47,463,charge-high,296
b2c47,464,charge-high,299
b2c47,465,charge-high,256
b2c47,466,charge-high,280
b2c47,467,charge-high,312
b2c47,468,charge-high,295
b2c47,469,charge-high,353
b2c47,470,charge-high,304
b2c47,471,charge-high,294
b2c47,472,charge-high,292
b2c47,473,charge-high,274
b2c47,474,charge-high,267
b2c47,475,charge-high,295
b2c47,476,charge-high,337
b2c47,477,charge-high,390
b2c47,478,charge-high,351
b2c47,479,charge-high,390
b2c47,480,charge-high,290
b2c47,481,charge-high,222
b2c47,482,charge-high,228
b2c47,485,charge-high,216
b2c47,486,charge-high,237
b2c47,487,charge-high,248
b2c47,488,charge-high,311
b2c47,489,charge-high,260
b2c47,490,charge-high,288
b2c47,491,charge-high,235
b2c47,492,charge-high,240
b2c47,494,charge-high,279
b2c47,495,charge-high,218
b2c47,496,charge-high,247
b2c47,497,charge-high,323
b2c47,498,charge-high,270
b2c47,499,charge-high,209
b2c47,500,charge-high,224
b2c47,501,charge-high,213
b2c47,502,charge-high,232
b2c47,503,charge-high,260
b2c47,504,charge-high,326
b2c47,505,charge-high,284
b2c47,506,charge-high,249
b2c47,512,charge-high,252
b2c47,513,charge-high,312
b2c47,514,charge-high,415
b2c47,515,charge-high,398
b2c47,516,charge-high,411
b2c47,517,charge-high,420
b2c47,518,charge-high,463
b2c47,519,charge-high,455
b2c47,520,charge-high,423
b2c47,521,charge-high,364
b2c47,522,charge-high,358
b2c47,523,charge-high,378
b2c47,524,charge-high,433
b2c47,525,charge-high,374
b2c47,526,charge-high,339
b2c47,527,charge-high,302
b2c47,528,charge-high,306
b2c47,529,charge-high,384
b2c47,530,charge-high,413
b2c47,531,charge-high,437
b2c47,532,charge-high,398
b2c47,533,charge-high,316
b2c47,534,charge-high,316
b2c47,535,charge-high,255
b2c47,536,charge-high,296
b2c47,537,charge-high,299
b2c47,538,charge-high,277
b2c47,539,charge-high,346
b2c47,540,charge-high,347
b2c47,541,charge-high,418
b2c47,542,charge-high,408
b2c47,543,charge-high,452
b2c47,544,charge-high,438
b2c47,545,charge-high,357
b2c47,546,charge-high,450
b2c47,547,charge-high,413
b2c47,548,charge-high,396
b2c47,549,charge-high,417
b2c47,550,charge-high,404
b2c47,551,charge-high,401
b2c47,552,charge-high,401
b2c47,553,charge-high,388
b2c47,554,charge-high,318
b2c47,555,charge-high,363
b2c47,556,charge-high,424
b2c47,557,charge-high,456
b2c47,558,charge-high,453
b2c47,559,charge-high,478
b2c47,560,charge-high,335
b2c47,561,charge-high,293
b2c47,562,charge-high,274
b2c47,563,charge-high,310
b2c47,564,charge-high,335
b2c47,565,charge-high,310
b2c47,566,charge-high,320
b2c47,567,charge-high,383
b2c47,568,charge-high,431
b2c47,569,charge-high,444
b2c47,570,charge-high,449
b2c47,571,charge-high,481
b2c47,572,charge-high,471
b2c47,573,charge-high,394
b2c47,574,charge-high,465
b2c47,575,charge-high,421
b2c47,576,charge-high,392
b2c47,577,charge-high,392
b2c47,578,charge-high,427
b2c47,579,charge-high,357
b2c47,580,charge-high,299
b2c47,581,charge-high,340
b2c47,582,charge-high,330
b2c47,583,charge-high,467
b2c47,584,charge-high,451
b2c47,585,charge-high,509
b2c47,586,charge-high,336
b2c47,587,charge-high,249
b2c47,588,charge-high,218
b2c47,589,charge-high,227
b2c47,590,charge-high,210
b2c47,591,charge-high,248
b2c47,592,charge-high,272
b2c47,593,charge-high,234
b2c47,594,charge-high,346
b2c47,595,charge-high,381
b2c47,596,charge-high,429
b2c47,597,charge-high,407
b2c47,598,charge-high,392
b2c47,599,charge-high,440
b2c47,600,charge-high,386
b2c47,601,charge-high,437
b2c47,602,charge-high,429
b2c47,603,charge-high,402
b2c47,604,charge-high,417
b2c47,605,charge-high,378
b2c47,606,charge-high,435
b2c47,607,charge-high,346
b2c47,608,charge-high,298
b2c47,609,charge-high,339
b2c47,610,charge-high,413
b2c47,611,charge-high,436
b2c47,612,charge-high,443
b2c47,613,charge-high,426
b2c47,614,charge-high,287
b2c47,615,charge-high,242
b2c47,616,charge-high,240
b2c47,617,charge-high,247
b2c47,619,charge-high,226
b2c47,620,charge-high,243
b2c47,621,charge-high,259
b2c47,622,charge-high,263
b2c47,623,charge-high,300
b2c47,624,charge-high,250
b2c47,625,charge-high,245
b2c47,630,charge-high,267
b2c47,631,charge-high,279
b2c47,632,charge-high,241
b2c47,633,charge-high,261
b2c47,634,charge-high,283
b2c47,635,charge-high,287
b2c47,636,charge-high,232
b2c47,637,charge-high,294
b2c47,638,charge-high,381
b2c47,639,charge-high,391
b2c47,640,charge-high,396
b2c47,641,charge-high,446
b2c47,642,charge-high,256
b2c47,645,charge-high,236
b2c47,646,charge-high,232
b2c47,647,charge-high,249
b2c47,649,charge-high,241
b2c47,650,charge-high,306
b2c47,651,charge-high,391
b2c47,652,charge-high,366
b2c47,653,charge-high,382
b2c47,654,charge-high,416
b2c47,655,charge-high,419
b2c47,656,charge-high,384
b2c47,657,charge-high,356
b2c47,658,charge-high,417
b2c47,659,charge-high,477
b2c47,660,charge-high,308
b2c47,661,charge-high,312
b2c47,662,charge-high,309
b2c47,663,charge-high,320
b2c47,664,charge-high,261
b2c47,665,charge-high,322
b2c47,666,charge-high,315
b2c47,667,charge-high,346
b2c47,668,charge-high,385
b2c47,669,charge-high,375
b2c47,670,charge-high,294
b2c47,671,charge-high,242
b2c47,672,charge-high,211
b2c47,673,charge-high,236
b2c47,676,charge-high,212
b2c47,677,charge-high,255
b2c47,678,charge-high,323
b2c47,679,charge-high,395
b2c47,680,charge-high,392
b2c47,681,charge-high,439
b2c47,682,charge-high,428
b2c47,683,charge-high,430
b2c47,684,charge-high,432
b2c47,685,charge-high,390
b2c47,686,charge-high,441
b2c47,687,charge-high,326
b2c47,688,charge-high,360
b2c47,689,charge-high,368
b2c47,690,charge-high,387
b2c47,691,charge-high,336
b2c47,692,charge-high,264
b2c47,693,charge-high,244
b2c47,694,charge-high,258
b2c47,695,charge-high,309
b2c47,696,charge-high,373
b2c47,697,charge-high,386
b2c47,698,charge-high,385
b2c47,699,charge-high,322
b2c47,700,charge-high,276
b2c47,701,charge-high,219
b2c47,702,charge-high,243
b2c47,703,charge-high,279
b2c47,704,charge-high,338
b2c47,705,charge-high,220
b2c47,706,charge-high,357
b2c47,707,charge-high,260
b2c47,708,charge-high,459
b2c47,709,charge-high,411
b2c47,710,charge-high,483
b2c47,711,charge-high,408
b2c47,712,charge-high,445
b2c47,713,charge-high,448
b2c47,714,charge-high,433
b2c47,715,charge-high,382
b2c47,716,charge-high,442
b2c47,717,charge-high,389
b2c47,718,charge-high,390
b2c47,719,charge-high,420
b2c47,720,charge-high,364
b2c47,721,charge-high,352
b2c47,722,charge-high,313
b2c47,723,charge-high,397
b2c47,724,charge-high,387
b2c47,725,charge-high,417
b2c47,726,charge-high,423
b2c47,727,charge-high,345
b2c47,728,charge-high,304
b2c47,729,charge-high,340
b2c47,730,charge-high,243
b2c47,731,charge-high,282
b2c47,732,charge-high,267
b2c47,733,charge-high,229
b2c47,734,charge-high,277
b2c47,735,charge-high,481
b2c47,736,charge-high,398
b2c47,737,charge-high,392
b2c47,738,charge-high,389
b2c47,739,charge-high,456
b2c47,740,charge-high,380
b2c47,741,charge-high,477
b2c47,742,charge-high,390
b2c47,743,charge-high,319
b2c47,744,charge-high,357
b3c1,2,charge-high,111
b3c1,6,charge-high,111
b3c1,7,charge-high,111
b3c1,8,charge-high,111
b3c1,9,charge-high,110
b3c1,10,charge-high,111
b3c1,11,charge-high,111
b3c1,12,charge-high,111
b3c1,13,charge-high,111
b3c1,31,charge-high,111
b3c1,82,charge-high,111
b3c1,83,charge-high,110
b3c1,84,charge-high,110
b3c1,86,charge-high,111
b3c1,91,charge-high,111
b3c1,93,charge-high,111
b3c1,171,charge-high,111
b3c1,204,charge-high,111
b3c1,205,charge-high,110
b3c1,206,charge-high,110
b3c1,207,charge-high,111
b3c1,252,charge-high,111
b3c1,254,charge-high,111
b3c1,302,charge-high,111
b3c1,303,charge-high,111
b3c1,306,charge-high,111
b3c1,329,charge-high,111
b3c1,331,charge-high,110
b3c1,332,charge-high,110
b3c1,333,charge-high,110
b3c1,381,charge-high,111
b3c1,413,charge-high,111
b3c1,414,charge-high,110
b3c1,415,charge-high,111
b3c1,416,charge-high,110
b3c1,417,charge-high,111
b3c1,418,charge-high,111
b3c1,419,charge-high,111
b3c1,420,charge-high,111
b3c1,421,charge-high,111
b3c1,423,charge-high,111
b3c1,424,charge-high,111
b3c1,580,charge-high,111
b3c1,612,charge-high,111
b3c1,667,charge-high,110
b3c1,668,charge-high,110
b3c1,669,charge-high,108
b3c1,670,charge-high,108
b3c1,671,charge-high,109
b3c1,672,charge-high,111
b3c1,673,charge-high,111
b3c1,674,charge-high,111
b3c1,675,charge-high,111
b3c1,961,charge-high,111
b3c1,969,charge-high,111
b3c1,1016,charge-high,110
b3c1,1017,charge-high,111
b3c3,64,charge-high,111
b3c3,66,charge-high,110
b3c3,67,charge-high,111
b3c3,68,charge-high,110
b3c3,69,charge-high,111
b3c3,73,charge-high,111
b3c3,76,charge-high,110
b3c3,77,charge-high,111
b3c3,78,charge-high,111
b3c3,104,charge-high,111
b3c3,111,charge-high,111
b3c3,120,charge-high,111
b3c3,121,charge-high,111
b3c3,122,charge-high,110
b3c3,123,charge-high,111
b3c3,124,charge-high,110
b3c3,125,charge-high,111
b3c3,126,charge-high,111
b3c3,127,charge-high,109
b3c3,137,charge-high,111
b3c3,138,charge-high,108
b3c3,139,charge-high,110
b3c3,140,charge-high,110
b3c3,141,charge-high,110
b3c3,142,charge-high,110
b3c3,151,charge-high,111
b3c3,152,charge-high,111
b3c3,154,charge-high,111
b3c3,156,charge-high,111
b3c3,197,charge-high,111
b3c3,198,charge-high,110
b3c3,232,charge-high,111
b3c3,236,charge-high,111
b3c3,239,charge-high,111
b3c3,251,charge-high,110
b3c3,270,charge-high,111
b3c3,292,charge-high,110
b3c3,293,charge-high,111
b3c3,294,charge-high,110
b3c3,305,charge-high,111
b3c3,307,charge-high,110
b3c3,318,charge-high,111
b3c3,320,charge-high,110
b3c3,345,charge-high,111
b3c3,420,charge-high,111
b3c3,421,charge-high,110
b3c3,422,charge-high,109
b3c3,423,charge-high,111
b3c3,424,charge-high,111
b3c3,441,charge-high,111
b3c3,483,charge-high,111
b3c3,484,charge-high,111
b3c3,590,charge-high,110
b3c3,591,charge-high,111
b3c3,592,charge-high,111
b3c3,594,charge-high,111
b3c3,595,charge-high,111
b3c3,606,charge-high,111
b3c3,624,charge-high,111
b3c3,635,charge-high,111
b3c3,670,charge-high,109
b3c3,676,charge-high,111
b3c3,679,charge-high,110
b3c3,680,charge-high,111
b3c3,681,charge-high,109
b3c3,682,charge-high,110
b3c3,683,charge-high,110
b3c5,1,charge-high,109
b3c5,2,charge-high,109
b3c5,3,charge-high,110
b3c5,4,charge-high,110
b3c5,5,charge-high,109
b3c5,6,charge-high,109
b3c5,7,charge-high,110
b3c5,8,charge-high,110
b3c5,9,charge-high,109
b3c5,10,charge-high,109
b3c5,13,charge-high,108
b3c5,14,charge-high,109
b3c5,15,charge-high,110
b3c5,16,charge-high,109
b3c5,17,charge-high,109
b3c5,18,charge-high,111
b3c5,19,charge-high,110
b3c5,20,charge-high,109
b3c5,21,charge-high,110
b3c5,22,charge-high,110
b3c5,23,charge-high,110
b3c5,27,charge-high,111
b3c5,46,charge-high,110
b3c5,47,charge-high,109
b3c5,48,charge-high,109
b3c5,49,charge-high,110
b3c5,50,charge-high,110
b3c5,51,charge-high,110
b3c5,53,charge-high,110
b3c5,54,charge-high,110
b3c5,56,charge-high,111
b3c5,57,charge-high,111
b3c5,74,charge-high,111
b3c5,75,charge-high,109
b3c5,76,charge-high,110
b3c5,77,charge-high,110
b3c5,78,charge-high,111
b3c5,79,charge-high,111
b3c5,89,charge-high,111
b3c5,93,charge-high,110
b3c5,94,charge-high,107
b3c5,95,charge-high,109
b3c5,96,charge-high,109
b3c5,97,charge-high,109
b3c5,98,charge-high,110
b3c5,120,charge-high,111
b3c5,124,charge-high,111
b3c5,125,charge-high,111
b3c5,126,charge-high,110
b3c5,127,charge-high,110
b3c5,128,charge-high,110
b3c5,136,charge-high,111
b3c5,137,charge-high,107
b3c5,138,charge-high,107
b3c5,139,charge-high,106
b3c5,140,charge-high,107
b3c5,141,charge-high,107
b3c5,142,charge-high,109
b3c5,143,charge-high,110
b3c5,144,charge-high,109
b3c5,145,charge-high,110
b3c5,146,charge-high,111
b3c5,147,charge-high,110
b3c5,148,charge-high,110
b3c5,149,charge-high,110
b3c5,150,charge-high,110
b3c5,151,charge-high,109
b3c5,152,charge-high,110
b3c5,153,charge-high,110
b3c5,158,charge-high,109
b3c5,159,charge-high,109
b3c5,160,charge-high,109
b3c5,161,charge-high,111
b3c5,162,charge-high,110
b3c5,164,charge-high,111
b3c5,165,charge-high,111
b3c5,166,charge-high,111
b3c5,167,charge-high,110
b3c5,168,charge-high,109
b3c5,169,charge-high,110
b3c5,170,charge-high,109
b3c5,171,charge-high,108
b3c5,172,charge-high,108
b3c5,173,charge-high,107
b3c5,174,charge-high,108
b3c5,175,charge-high,108
b3c5,176,charge-high,111
b3c5,177,charge-high,111
b3c5,178,charge-high,111
b3c5,179,charge-high,108
b3c5,180,charge-high,110
b3c5,181,charge-high,111
b3c5,182,charge-high,111
b3c5,184,charge-high,111
b3c5,200,charge-high,110
b3c5,203,charge-high,111
b3c5,204,charge-high,111
b3c5,206,charge-high,111
b3c5,207,charge-high,111
b3c5,208,charge-high,111
b3c5,209,charge-high,111
b3c5,220,charge-high,110
b3c5,221,charge-high,109
b3c5,222,charge-high,109
b3c5,223,charge-high,108
b3c5,224,charge-high,108
b3c5,225,charge-high,110
b3c5,238,charge-high,111
b3c5,239,charge-high,111
b3c5,240,charge-high,111
b3c5,241,charge-high,109
b3c5,242,charge-high,111
b3c5,243,charge-high,111
b3c5,244,charge-high,110
b3c5,245,charge-high,111
b3c5,254,charge-high,111
b3c5,266,charge-high,111
b3c5,282,charge-high,110
b3c5,283,charge-high,111
b3c5,284,charge-high,108
b3c5,285,charge-high,108
b3c5,286,charge-high,108
b3c5,287,charge-high,109
b3c5,288,charge-high,110
b3c5,289,charge-high,110
b3c5,290,charge-high,111
b3c5,291,charge-high,110
b3c5,292,charge-high,110
b3c5,293,charge-high,111
b3c5,295,charge-high,111
b3c5,296,charge-high,111
b3c5,297,charge-high,111
b3c5,317,charge-high,111
b3c5,318,charge-high,111
b3c5,319,charge-high,111
b3c5,328,charge-high,109
b3c5,329,charge-high,110
b3c5,330,charge-high,111
b3c5,331,charge-high,111
b3c5,332,charge-high,111
b3c5,333,charge-high,111
b3c5,334,charge-high,111
b3c5,335,charge-high,110
b3c5,336,charge-high,111
b3c5,342,charge-high,110
b3c5,344,charge-high,110
b3c5,345,charge-high,111
b3c5,347,charge-high,111
b3c5,353,charge-high,111
b3c5,356,charge-high,111
b3c5,360,charge-high,111
b3c5,361,charge-high,110
b3c5,362,charge-high,107
b3c5,363,charge-high,107
b3c5,364,charge-high,107
b3c5,365,charge-high,110
b3c5,366,charge-high,108
b3c5,367,charge-high,109
b3c5,368,charge-high,110
b3c5,369,charge-high,111
b3c5,370,charge-high,111
b3c5,373,charge-high,111
b3c5,374,charge-high,109
b3c5,375,charge-high,109
b3c5,376,charge-high,111
b3c5,377,charge-high,110
b3c5,378,charge-high,111
b3c5,379,charge-high,111
b3c5,382,charge-high,109
b3c5,383,charge-high,110
b3c5,384,charge-high,108
b3c5,385,charge-high,109
b3c5,386,charge-high,108
b3c5,387,charge-high,111
b3c5,393,charge-high,111
b3c5,394,charge-high,111
b3c5,395,charge-high,110
b3c5,396,charge-high,110
b3c5,402,charge-high,111
b3c5,403,charge-high,110
b3c5,404,charge-high,110
b3c5,405,charge-high,109
b3c5,406,charge-high,108
b3c5,407,charge-high,110
b3c5,425,charge-high,109
b3c5,426,charge-high,108
b3c5,427,charge-high,111
b3c5,428,charge-high,110
b3c5,429,charge-high,110
b3c5,430,charge-high,110
b3c5,431,charge-high,110
b3c5,432,charge-high,111
b3c5,433,charge-high,111
b3c5,434,charge-high,111
b3c5,446,charge-high,109
b3c5,448,charge-high,111
b3c5,456,charge-high,111
b3c5,457,charge-high,111
b3c5,458,charge-high,109
b3c5,459,charge-high,110
b3c5,460,charge-high,111
b3c5,461,charge-high,110
b3c5,462,charge-high,110
b3c5,463,charge-high,109
b3c5,464,charge-high,109
b3c5,465,charge-high,111
b3c5,466,charge-high,111
b3c5,474,charge-high,111
b3c5,478,charge-high,111
b3c5,479,charge-high,111
b3c5,480,charge-high,108
b3c5,482,charge-high,108
b3c5,483,charge-high,110
b3c5,484,charge-high,110
b3c5,487,charge-high,109
b3c5,488,charge-high,110
b3c5,496,charge-high,111
b3c5,502,charge-high,110
b3c5,504,charge-high,110
b3c5,505,charge-high,111
b3c5,517,charge-high,111
b3c5,520,charge-high,111
b3c5,569,charge-high,111
b3c5,584,charge-high,111
b3c5,585,charge-high,110
b3c5,588,charge-high,109
b3c5,589,charge-high,111
b3c5,590,charge-high,111
b3c5,591,charge-high,110
b3c5,594,charge-high,111
b3c5,597,charge-high,110
b3c5,598,charge-high,110
b3c5,599,charge-high,111
b3c5,600,charge-high,109
b3c5,601,charge-high,110
b3c5,602,charge-high,111
b3c5,606,charge-high,111
b3c5,607,charge-high,109
b3c5,608,charge-high,109
b3c5,609,charge-high,111
b3c5,610,charge-high,111
b3c5,611,charge-high,110
b3c5,613,charge-high,110
b3c5,614,charge-high,111
b3c5,619,charge-high,111
b3c5,620,charge-high,110
b3c5,622,charge-high,110
b3c5,623,charge-high,109
b3c5,624,charge-high,108
b3c5,625,charge-high,109
b3c5,626,charge-high,109
b3c5,630,charge-high,111
b3c5,636,charge-high,111
b3c5,641,charge-high,110
b3c5,642,charge-high,110
b3c5,643,charge-high,111
b3c5,644,charge-high,111
b3c5,645,charge-high,109
b3c5,649,charge-high,110
b3c5,650,charge-high,109
b3c5,651,charge-high,108
b3c5,652,charge-high,109
b3c5,653,charge-high,110
b3c5,654,charge-high,111
b3c5,655,charge-high,111
b3c5,656,charge-high,111
b3c5,660,charge-high,111
b3c5,665,charge-high,111
b3c5,668,charge-high,110
b3c5,669,charge-high,111
b3c5,671,charge-high,111
b3c5,677,charge-high,110
b3c5,678,charge-high,108
b3c5,679,charge-high,108
b3c5,680,charge-high,108
b3c5,681,charge-high,109
b3c5,682,charge-high,107
b3c5,683,charge-high,107
b3c5,684,charge-high,110
b3c5,685,charge-high,111
b3c5,694,charge-high,109
b3c5,695,charge-high,110
b3c5,696,charge-high,109
b3c5,697,charge-high,110
b3c5,702,charge-high,105
b3c5,703,charge-high,109
b3c5,704,charge-high,110
b3c5,707,charge-high,111
b3c5,708,charge-high,111
b3c5,709,charge-high,111
b3c5,711,charge-high,111
b3c5,720,charge-high,111
b3c5,722,charge-high,111
b3c5,723,charge-high,111
b3c5,747,charge-high,111
b3c5,750,charge-high,110
b3c5,760,charge-high,109
b3c5,761,charge-high,110
b3c5,769,charge-high,111
b3c5,770,charge-high,109
b3c5,771,charge-high,111
b3c5,778,charge-high,108
b3c5,779,charge-high,108
b3c5,780,charge-high,111
b3c5,786,charge-high,110
b3c5,787,charge-high,110
b3c5,788,charge-high,110
b3c5,789,charge-high,109
b3c5,790,charge-high,111
b3c5,791,charge-high,111
b3c5,793,charge-high,110
b3c5,798,charge-high,111
b3c5,799,charge-high,107
b3c5,800,charge-high,108
b3c5,801,charge-high,109
b3c5,802,charge-high,111
b3c5,806,charge-high,108
b3c5,809,charge-high,110
b3c5,810,charge-high,108
b3c5,811,charge-high,109
b3c5,813,charge-high,107
b3c5,814,charge-high,110
b3c5,819,charge-high,108
b3c5,820,charge-high,105
b3c5,821,charge-high,109
b3c5,822,charge-high,111
b3c5,825,charge-high,111
b3c5,826,charge-high,110
b3c6,39,charge-high,240
b3c8,638,charge-high,111
b3c8,641,charge-high,111
b3c8,688,charge-high,111
b3c8,689,charge-high,111
b3c8,720,charge-high,110
b3c8,759,charge-high,110
b3c8,761,charge-high,110
b3c8,770,charge-high,110
b3c8,771,charge-high,109
b3c8,772,charge-high,110
b3c8,787,charge-high,110
b3c8,788,charge-high,110
b3c8,789,charge-high,111
b3c8,802,charge-high,111
b3c8,803,charge-high,109
b3c8,804,charge-high,110
b3c8,812,charge-high,109
b3c8,813,charge-high,107
b3c8,817,charge-high,110
b3c8,818,charge-high,110
b3c8,819,charge-high,110
b3c8,826,charge-high,111
b3c9,32,charge-high,111
b3c9,658,charge-high,111
b3c9,659,charge-high,111
b3c9,677,charge-high,111
b3c9,679,charge-high,111
b3c9,744,charge-high,111
b3c9,745,charge-high,111
b3c9,751,charge-high,110
b3c9,752,charge-high,111
b3c9,776,charge-high,111
b3c9,796,charge-high,111
b3c12,1,charge-high,109
b3c12,2,charge-high,107
b3c12,3,charge-high,107
b3c12,4,charge-high,108
b3c12,5,charge-high,108
b3c12,6,charge-high,107
b3c12,7,charge-high,108
b3c12,8,charge-high,109
b3c12,9,charge-high,109
b3c12,10,charge-high,108
b3c12,11,charge-high,108
b3c12,12,charge-high,109
b3c12,13,charge-high,111
b3c12,14,charge-high,111
b3c12,15,charge-high,110
b3c12,16,charge-high,111
b3c12,17,charge-high,110
b3c12,18,charge-high,111
b3c12,19,charge-high,110
b3c12,21,charge-high,110
b3c12,22,charge-high,110
b3c12,23,charge-high,111
b3c12,24,charge-high,110
b3c12,25,charge-high,111
b3c12,26,charge-high,111
b3c12,27,charge-high,110
b3c12,32,charge-high,110
b3c12,33,charge-high,111
b3c12,34,charge-high,110
b3c12,35,charge-high,111
b3c12,36,charge-high,111
b3c12,37,charge-high,111
b3c12,39,charge-high,111
b3c12,57,charge-high,111
b3c12,71,charge-high,110
b3c12,79,charge-high,111
b3c12,211,charge-high,111
b3c12,212,charge-high,111
b3c12,213,charge-high,111
b3c12,217,charge-high,111
b3c12,218,charge-high,111
b3c12,222,charge-high,110
b3c12,223,charge-high,110
b3c12,224,charge-high,111
b3c12,225,charge-high,110
b3c12,288,charge-high,111
b3c12,290,charge-high,111
b3c12,291,charge-high,111
b3c12,293,charge-high,111
b3c12,396,charge-high,111
b3c12,398,charge-high,111
b3c12,400,charge-high,111
b3c12,401,charge-high,110
b3c12,402,charge-high,111
b3c12,403,charge-high,111
b3c12,404,charge-high,111
b3c12,405,charge-high,111
b3c12,406,charge-high,110
b3c12,447,charge-high,111
b3c12,450,charge-high,111
b3c12,451,charge-high,111
b3c12,452,charge-high,111
b3c12,453,charge-high,111
b3c12,491,charge-high,111
b3c12,492,charge-high,110
b3c12,493,charge-high,111
b3c12,494,charge-high,110
b3c12,495,charge-high,111
b3c12,496,charge-high,110
b3c12,525,charge-high,111
b3c12,526,charge-high,111
b3c12,527,charge-high,111
b3c12,528,charge-high,110
b3c12,529,charge-high,111
b3c12,530,charge-high,110
b3c12,556,charge-high,111
b3c12,560,charge-high,111
b3c12,561,charge-high,110
b3c12,562,charge-high,110
b3c12,563,charge-high,110
b3c12,564,charge-high,110
b3c12,565,charge-high,110
b3c12,566,charge-high,109
b3c12,567,charge-high,111
b3c12,592,charge-high,111
b3c12,593,charge-high,111
b3c12,594,charge-high,111
b3c12,595,charge-high,110
b3c12,596,charge-high,110
b3c12,597,charge-high,111
b3c12,598,charge-high,110
b3c12,604,charge-high,110
b3c12,619,charge-high,111
b3c12,620,charge-high,111
b3c12,621,charge-high,109
b3c12,622,charge-high,111
b3c12,648,charge-high,111
b3c12,669,charge-high,110
b3c12,689,charge-high,111
b3c12,704,charge-high,109
b3c12,705,charge-high,111
b3c12,716,charge-high,111
b3c12,742,charge-high,110
b3c12,743,charge-high,110
b3c12,744,charge-high,110
b3c12,745,charge-high,110
b3c12,746,charge-high,110
b3c12,748,charge-high,111
b3c12,750,charge-high,110
b3c12,751,charge-high,111
b3c12,752,charge-high,111
b3c12,753,charge-high,110
b3c12,777,charge-high,110
b3c12,778,charge-high,109
b3c12,779,charge-high,111
b3c12,780,charge-high,111
b3c12,781,charge-high,110
b3c12,782,charge-high,109
b3c12,784,charge-high,110
b3c12,786,charge-high,111
b3c12,790,charge-high,110
b3c12,791,charge-high,111
b3c12,804,charge-high,111
b3c12,805,charge-high,111
b3c12,807,charge-high,110
b3c12,808,charge-high,110
b3c12,809,charge-high,111
b3c14,1,charge-high,109
b3c14,2,charge-high,109
b3c14,3,charge-high,108
b3c14,4,charge-high,107
b3c14,5,charge-high,109
b3c14,6,charge-high,108
b3c14,7,charge-high,108
b3c14,8,charge-high,109
b3c14,9,charge-high,108
b3c14,10,charge-high,108
b3c14,11,charge-high,107
b3c14,12,charge-high,108
b3c14,13,charge-high,109
b3c14,14,charge-high,109
b3c14,15,charge-high,109
b3c14,16,charge-high,110
b3c14,17,charge-high,109
b3c14,18,charge-high,109
b3c14,19,charge-high,108
b3c14,20,charge-high,110
b3c14,21,charge-high,110
b3c14,22,charge-high,111
b3c14,23,charge-high,110
b3c14,87,charge-high,110
b3c14,88,charge-high,111
b3c14,89,charge-high,110
b3c14,90,charge-high,110
b3c14,91,charge-high,110
b3c14,92,charge-high,110
b3c14,93,charge-high,110
b3c14,94,charge-high,109
b3c14,95,charge-high,110
b3c14,117,charge-high,111
b3c14,119,charge-high,111
b3c14,122,charge-high,111
b3c14,138,charge-high,110
b3c14,145,charge-high,109
b3c14,146,charge-high,109
b3c14,147,charge-high,109
b3c14,148,charge-high,110
b3c14,149,charge-high,110
b3c14,150,charge-high,110
b3c14,151,charge-high,110
b3c14,152,charge-high,109
b3c14,154,charge-high,111
b3c14,170,charge-high,111
b3c14,171,charge-high,111
b3c14,172,charge-high,111
b3c14,173,charge-high,109
b3c14,174,charge-high,111
b3c14,175,charge-high,111
b3c14,210,charge-high,111
b3c14,212,charge-high,111
b3c14,213,charge-high,111
b3c14,214,charge-high,111
b3c14,215,charge-high,111
b3c14,216,charge-high,110
b3c14,217,charge-high,110
b3c14,218,charge-high,111
b3c14,219,charge-high,111
b3c14,220,charge-high,111
b3c14,221,charge-high,110
b3c14,222,charge-high,111
b3c14,223,charge-high,110
b3c14,224,charge-high,110
b3c14,226,charge-high,111
b3c14,265,charge-high,111
b3c14,266,charge-high,110
b3c14,267,charge-high,111
b3c14,268,charge-high,111
b3c14,269,charge-high,110
b3c14,270,charge-high,111
b3c14,271,charge-high,111
b3c14,272,charge-high,110
b3c14,273,charge-high,111
b3c14,274,charge-high,111
b3c14,290,charge-high,111
b3c14,291,charge-high,111
b3c14,292,charge-high,111
b3c14,353,charge-high,111
b3c14,357,charge-high,110
b3c14,389,charge-high,110
b3c14,390,charge-high,110
b3c14,391,charge-high,111
b3c14,392,charge-high,110
b3c14,393,charge-high,110
b3c14,394,charge-high,111
b3c14,395,charge-high,110
b3c14,396,charge-high,109
b3c14,397,charge-high,111
b3c14,398,charge-high,110
b3c14,430,charge-high,111
b3c14,431,charge-high,111
b3c14,432,charge-high,111
b3c14,440,charge-high,110
b3c14,441,charge-high,111
b3c14,442,charge-high,111
b3c14,443,charge-high,111
b3c14,445,charge-high,110
b3c14,495,charge-high,111
b3c14,496,charge-high,111
b3c14,497,charge-high,109
b3c14,524,charge-high,111
b3c14,525,charge-high,111
b3c14,558,charge-high,110
b3c14,559,charge-high,111
b3c14,561,charge-high,111
b3c14,593,charge-high,110
b3c14,620,charge-high,111
b3c14,621,charge-high,111
b3c14,622,charge-high,108
b3c14,626,charge-high,111
b3c14,648,charge-high,111
b3c14,653,charge-high,111
b3c14,654,charge-high,111
b3c14,655,charge-high,111
b3c14,656,charge-high,110
b3c14,674,charge-high,111
b3c14,676,charge-high,111
b3c14,677,charge-high,110
b3c14,678,charge-high,111
b3c14,685,charge-high,111
b3c14,686,charge-high,110
b3c14,687,charge-high,111
b3c14,689,charge-high,111
b3c14,691,charge-high,111
b3c14,692,charge-high,110
b3c14,705,charge-high,111
b3c14,708,charge-high,109
b3c14,709,charge-high,109
b3c14,714,charge-high,111
b3c14,715,charge-high,109
b3c14,729,charge-high,109
b3c14,731,charge-high,110
b3c14,733,charge-high,111
b3c14,734,charge-high,111
b3c14,735,charge-high,110
b3c14,736,charge-high,109
b3c14,737,charge-high,111
b3c14,738,charge-high,108
b3c14,739,charge-high,109
b3c14,740,charge-high,107
b3c14,741,charge-high,107
b3c14,742,charge-high,110
b3c14,749,charge-high,111
b3c14,752,charge-high,111
b3c14,753,charge-high,111
b3c14,762,charge-high,110
b3c14,763,charge-high,109
b3c14,764,charge-high,110
b3c14,765,charge-high,109
b3c14,766,charge-high,110
b3c14,767,charge-high,109
b3c14,768,charge-high,111
b3c14,770,charge-high,111
b3c14,773,charge-high,110
b3c14,774,charge-high,110
b3c14,775,charge-high,108
b3c14,776,charge-high,110
b3c14,777,charge-high,109
b3c14,778,charge-high,107
b3c14,779,charge-high,111
b3c14,780,charge-high,110
b3c14,781,charge-high,111
b3c14,785,charge-high,111
b3c14,786,charge-high,111
b3c14,791,charge-high,111
b3c14,796,charge-high,111
b3c14,797,charge-high,108
b3c14,798,charge-high,109
b3c14,799,charge-high,108
b3c14,800,charge-high,110
b3c14,801,charge-high,110
b3c14,803,charge-high,109
b3c14,804,charge-high,109
b3c14,805,charge-high,109
b3c14,806,charge-high,109
b3c14,840,charge-high,111
b3c17,651,charge-high,111
b3c19,1,charge-high,111
b3c19,4,charge-high,111
b3c19,5,charge-high,111
b3c19,6,charge-high,110
b3c19,7,charge-high,110
b3c19,8,charge-high,110
b3c19,9,charge-high,109
b3c19,10,charge-high,111
b3c19,123,charge-high,110
b3c19,124,charge-high,111
b3c19,157,charge-high,111
b3c19,225,charge-high,111
b3c19,226,charge-high,110
b3c19,227,charge-high,110
b3c19,228,charge-high,110
b3c19,230,charge-high,111
b3c19,242,charge-high,111
b3c19,336,charge-high,111
b3c19,342,charge-high,111
b3c19,716,charge-high,111
b3c19,723,charge-high,111
b3c19,989,charge-high,110
b3c20,509,charge-high,110
b3c20,510,charge-high,111
b3c20,511,charge-high,109
b3c20,513,charge-high,111
b3c20,515,charge-high,111
b3c20,716,charge-high,111
b3c20,717,charge-high,111
b3c20,718,charge-high,111
b3c20,730,charge-high,111
b3c20,741,charge-high,111
b3c20,748,charge-high,111
b3c20,753,charge-high,110
b3c20,764,charge-high,111
b3c20,772,charge-high,110
b3c20,773,charge-high,111
b3c20,798,charge-high,111
b3c22,1,charge-high,111
b3c22,58,charge-high,110
b3c22,59,charge-high,111
b3c22,60,charge-high,111
b3c22,61,charge-high,111
b3c22,71,charge-high,111
b3c22,72,charge-high,111
b3c22,73,charge-high,109
b3c22,74,charge-high,109
b3c22,75,charge-high,110
b3c22,76,charge-high,109
b3c22,77,charge-high,109
b3c22,78,charge-high,110
b3c22,79,charge-high,109
b3c22,119,charge-high,110
b3c22,120,charge-high,111
b3c22,122,charge-high,111
b3c22,124,charge-high,110
b3c22,125,charge-high,110
b3c22,132,charge-high,111
b3c22,140,charge-high,110
b3c22,141,charge-high,111
b3c22,142,charge-high,110
b3c22,144,charge-high,111
b3c22,152,charge-high,110
b3c22,158,charge-high,111
b3c22,170,charge-high,111
b3c22,173,charge-high,110
b3c22,174,charge-high,111
b3c22,187,charge-high,111
b3c22,188,charge-high,111
b3c22,193,charge-high,110
b3c22,223,charge-high,111
b3c22,229,charge-high,111
b3c22,259,charge-high,110
b3c22,260,charge-high,110
b3c22,261,charge-high,107
b3c22,262,charge-high,110
b3c22,263,charge-high,111
b3c22,264,charge-high,110
b3c22,265,charge-high,110
b3c22,266,charge-high,110
b3c22,277,charge-high,111
b3c22,278,charge-high,111
b3c22,279,charge-high,111
b3c22,280,charge-high,111
b3c22,281,charge-high,110
b3c22,286,charge-high,111
b3c22,288,charge-high,110
b3c22,300,charge-high,111
b3c22,351,charge-high,110
b3c22,352,charge-high,111
b3c22,353,charge-high,111
b3c22,354,charge-high,111
b3c22,370,charge-high,111
b3c22,386,charge-high,110
b3c22,471,charge-high,111
b3c22,595,charge-high,111
b3c22,610,charge-high,111
b3c22,611,charge-high,110
b3c22,612,charge-high,111
b3c22,613,charge-high,110
b3c22,614,charge-high,111
b3c22,615,charge-high,111
b3c22,616,charge-high,110
b3c22,618,charge-high,111
b3c22,619,charge-high,109
b3c22,620,charge-high,109
b3c22,621,charge-high,110
b3c22,637,charge-high,111
b3c22,644,charge-high,111
b3c22,645,charge-high,111
b3c22,651,charge-high,109
b3c22,652,charge-high,110
b3c22,653,charge-high,109
b3c22,654,charge-high,111
b3c22,655,charge-high,111
b3c22,656,charge-high,111
b3c22,657,charge-high,111
b3c22,658,charge-high,110
b3c22,659,charge-high,111
b3c22,660,charge-high,109
b3c22,661,charge-high,111
b3c22,675,charge-high,111
b3c22,695,charge-high,110
b3c22,696,charge-high,111
b3c22,697,charge-high,110
b3c22,726,charge-high,109
b3c22,727,charge-high,110
b3c22,728,charge-high,106
b3c22,729,charge-high,111
b3c22,732,charge-high,111
b3c22,733,charge-high,111
b3c22,734,charge-high,111
b3c22,735,charge-high,111
b3c22,736,charge-high,110
b3c22,737,charge-high,111
b3c22,738,charge-high,110
b3c22,739,charge-high,111
b3c22,740,charge-high,110
b3c22,741,charge-high,110
b3c22,804,charge-high,111
b3c22,812,charge-high,111
b3c22,864,charge-high,111
b3c22,868,charge-high,111
b3c22,871,charge-high,110
b3c22,966,charge-high,111
b3c22,967,charge-high,111
b3c22,969,charge-high,111
b3c22,974,charge-high,110
b3c22,975,charge-high,111
b3c22,982,charge-high,111
b3c22,1000,charge-high,111
b3c24,202,charge-high,111
b3c24,247,charge-high,111
b3c24,442,charge-high,110
b3c24,820,charge-high,409
b3c24,821,charge-high,647
b3c25,1,charge-high,111
b3c25,3,charge-high,111
b3c25,4,charge-high,111
b3c25,158,charge-high,110
b3c25,159,charge-high,111
b3c25,164,charge-high,111
b3c25,165,charge-high,111
b3c25,196,charge-high,109
b3c25,197,charge-high,111
b3c25,198,charge-high,111
b3c25,252,charge-high,111
b3c25,445,charge-high,111
b3c27,1,charge-high,110
b3c27,2,charge-high,110
b3c27,3,charge-high,109
b3c27,4,charge-high,111
b3c27,18,charge-high,111
b3c27,19,charge-high,110
b3c27,20,charge-high,110
b3c27,21,charge-high,111
b3c27,22,charge-high,111
b3c27,23,charge-high,111
b3c27,24,charge-high,111
b3c27,25,charge-high,111
b3c27,26,charge-high,110
b3c27,27,charge-high,111
b3c27,28,charge-high,111
b3c27,29,charge-high,111
b3c27,31,charge-high,111
b3c27,33,charge-high,110
b3c27,47,charge-high,110
b3c27,48,charge-high,111
b3c27,56,charge-high,111
b3c27,76,charge-high,110
b3c27,77,charge-high,110
b3c27,78,charge-high,110
b3c27,79,charge-high,109
b3c27,80,charge-high,109
b3c27,81,charge-high,110
b3c27,82,charge-high,110
b3c27,83,charge-high,110
b3c27,101,charge-high,111
b3c27,102,charge-high,111
b3c27,103,charge-high,110
b3c27,104,charge-high,111
b3c27,105,charge-high,111
b3c27,107,charge-high,111
b3c27,108,charge-high,111
b3c27,109,charge-high,111
b3c27,111,charge-high,110
b3c27,121,charge-high,110
b3c27,122,charge-high,110
b3c27,123,charge-high,110
b3c27,124,charge-high,108
b3c27,125,charge-high,109
b3c27,126,charge-high,111
b3c27,127,charge-high,109
b3c27,128,charge-high,110
b3c27,129,charge-high,111
b3c27,130,charge-high,111
b3c27,132,charge-high,111
b3c27,133,charge-high,111
b3c27,134,charge-high,110
b3c27,139,charge-high,111
b3c27,142,charge-high,111
b3c27,153,charge-high,111
b3c27,155,charge-high,111
b3c27,156,charge-high,111
b3c27,157,charge-high,110
b3c27,158,charge-high,109
b3c27,159,charge-high,108
b3c27,160,charge-high,108
b3c27,161,charge-high,108
b3c27,162,charge-high,108
b3c27,163,charge-high,109
b3c27,164,charge-high,110
b3c27,165,charge-high,109
b3c27,166,charge-high,109
b3c27,171,charge-high,111
b3c27,202,charge-high,111
b3c27,205,charge-high,111
b3c27,212,charge-high,111
b3c27,213,charge-high,111
b3c27,214,charge-high,110
b3c27,215,charge-high,110
b3c27,216,charge-high,110
b3c27,217,charge-high,109
b3c27,230,charge-high,111
b3c27,231,charge-high,111
b3c27,234,charge-high,111
b3c27,236,charge-high,110
b3c27,243,charge-high,111
b3c27,267,charge-high,111
b3c27,268,charge-high,110
b3c27,269,charge-high,110
b3c27,270,charge-high,111
b3c27,271,charge-high,110
b3c27,272,charge-high,109
b3c27,273,charge-high,111
b3c27,274,charge-high,111
b3c27,276,charge-high,111
b3c27,277,charge-high,110
b3c27,278,charge-high,110
b3c27,279,charge-high,109
b3c27,280,charge-high,110
b3c27,308,charge-high,110
b3c27,309,charge-high,110
b3c27,310,charge-high,110
b3c27,311,charge-high,110
b3c27,312,charge-high,110
b3c27,313,charge-high,109
b3c27,314,charge-high,110
b3c27,315,charge-high,109
b3c27,354,charge-high,111
b3c27,355,charge-high,111
b3c27,377,charge-high,111
b3c27,378,charge-high,111
b3c27,379,charge-high,108
b3c27,380,charge-high,110
b3c27,381,charge-high,110
b3c27,411,charge-high,111
b3c27,412,charge-high,111
b3c27,414,charge-high,110
b3c27,415,charge-high,108
b3c27,416,charge-high,111
b3c27,417,charge-high,111
b3c27,420,charge-high,111
b3c27,421,charge-high,111
b3c27,434,charge-high,110
b3c27,435,charge-high,111
b3c27,439,charge-high,111
b3c27,443,charge-high,110
b3c27,444,charge-high,111
b3c27,445,charge-high,110
b3c27,446,charge-high,110
b3c27,447,charge-high,110
b3c27,448,charge-high,110
b3c27,452,charge-high,111
b3c27,464,charge-high,111
b3c27,465,charge-high,111
b3c27,470,charge-high,111
b3c27,471,charge-high,110
b3c27,477,charge-high,111
b3c27,480,charge-high,110
b3c27,482,charge-high,108
b3c27,483,charge-high,108
b3c27,484,charge-high,109
b3c27,485,charge-high,111
b3c27,486,charge-high,110
b3c27,487,charge-high,111
b3c27,488,charge-high,110
b3c27,489,charge-high,109
b3c27,490,charge-high,110
b3c27,497,charge-high,110
b3c27,498,charge-high,111
b3c27,519,charge-high,111
b3c27,520,charge-high,110
b3c27,529,charge-high,110
b3c27,531,charge-high,110
b3c27,532,charge-high,111
b3c27,533,charge-high,109
b3c27,534,charge-high,111
b3c27,582,charge-high,110
b3c27,583,charge-high,110
b3c27,584,charge-high,109
b3c27,585,charge-high,110
b3c27,627,charge-high,111
b3c27,628,charge-high,111
b3c27,629,charge-high,111
b3c27,630,charge-high,111
b3c27,632,charge-high,111
b3c27,633,charge-high,111
b3c27,636,charge-high,111
b3c27,689,charge-high,111
b3c27,753,charge-high,111
b3c27,766,charge-high,111
b3c27,767,charge-high,111
b3c27,768,charge-high,110
b3c27,769,charge-high,110
b3c27,797,charge-high,111
b3c27,798,charge-high,109
b3c27,799,charge-high,110
b3c27,800,charge-high,111
b3c27,831,charge-high,110
b3c27,841,charge-high,111
b3c30,99,charge-high,111
b3c30,103,charge-high,111
b3c30,331,charge-high,110
b3c30,333,charge-high,111
b3c30,334,charge-high,111
b3c30,417,charge-high,111
b3c30,503,charge-high,111
b3c30,504,charge-high,111
b3c30,505,charge-high,111
b3c30,507,charge-high,110
b3c30,508,charge-high,111
b3c30,509,charge-high,111
b3c30,512,charge-high,111
b3c30,619,charge-high,111
b3c30,620,charge-high,110
b3c30,621,charge-high,111
b3c30,622,charge-high,110
b3c30,694,charge-high,110
b3c30,695,charge-high,111
b3c30,700,charge-high,111
b3c30,704,charge-high,111
b3c30,732,charge-high,111
b3c30,734,charge-high,111
b3c30,736,charge-high,110
b3c30,737,charge-high,111
b3c30,738,charge-high,110
b3c30,752,charge-high,111
b3c30,774,charge-high,108
b3c30,775,charge-high,111
b3c31,1,charge-high,107
b3c31,2,charge-high,107
b3c31,3,charge-high,106
b3c31,4,charge-high,107
b3c31,5,charge-high,108
b3c31,6,charge-high,108
b3c31,7,charge-high,108
b3c31,8,charge-high,107
b3c31,9,charge-high,109
b3c31,10,charge-high,109
b3c31,18,charge-high,111
b3c31,19,charge-high,110
b3c31,20,charge-high,109
b3c31,21,charge-high,109
b3c31,22,charge-high,109
b3c31,23,charge-high,109
b3c31,24,charge-high,109
b3c31,25,charge-high,109
b3c31,26,charge-high,108
b3c31,27,charge-high,111
b3c31,28,charge-high,111
b3c31,30,charge-high,110
b3c31,31,charge-high,110
b3c31,33,charge-high,111
b3c31,34,charge-high,111
b3c31,35,charge-high,111
b3c31,36,charge-high,110
b3c31,37,charge-high,110
b3c31,40,charge-high,111
b3c31,42,charge-high,109
b3c31,43,charge-high,111
b3c31,44,charge-high,110
b3c31,45,charge-high,110
b3c31,46,charge-high,109
b3c31,47,charge-high,110
b3c31,48,charge-high,111
b3c31,56,charge-high,110
b3c31,57,charge-high,110
b3c31,58,charge-high,110
b3c31,59,charge-high,111
b3c31,66,charge-high,111
b3c31,68,charge-high,109
b3c31,69,charge-high,110
b3c31,74,charge-high,111
b3c31,75,charge-high,109
b3c31,76,charge-high,109
b3c31,77,charge-high,109
b3c31,78,charge-high,110
b3c31,79,charge-high,108
b3c31,80,charge-high,108
b3c31,81,charge-high,110
b3c31,82,charge-high,111
b3c31,83,charge-high,111
b3c31,84,charge-high,109
b3c31,85,charge-high,111
b3c31,86,charge-high,109
b3c31,87,charge-high,110
b3c31,88,charge-high,110
b3c31,89,charge-high,110
b3c31,90,charge-high,111
b3c31,91,charge-high,111
b3c31,92,charge-high,111
b3c31,93,charge-high,111
b3c31,97,charge-high,111
b3c31,98,charge-high,110
b3c31,102,charge-high,109
b3c31,103,charge-high,110
b3c31,104,charge-high,111
b3c31,106,charge-high,111
b3c31,109,charge-high,111
b3c31,110,charge-high,111
b3c31,112,charge-high,107
b3c31,113,charge-high,107
b3c31,114,charge-high,109
b3c31,115,charge-high,110
b3c31,116,charge-high,110
b3c31,117,charge-high,111
b3c31,118,charge-high,110
b3c31,119,charge-high,110
b3c31,120,charge-high,110
b3c31,121,charge-high,109
b3c31,122,charge-high,109
b3c31,123,charge-high,108
b3c31,124,charge-high,110
b3c31,125,charge-high,110
b3c31,126,charge-high,110
b3c31,127,charge-high,109
b3c31,128,charge-high,108
b3c31,130,charge-high,111
b3c31,131,charge-high,111
b3c31,138,charge-high,111
b3c31,139,charge-high,109
b3c31,141,charge-high,111
b3c31,144,charge-high,111
b3c31,147,charge-high,111
b3c31,152,charge-high,111
b3c31,153,charge-high,110
b3c31,154,charge-high,111
b3c31,160,charge-high,111
b3c31,161,charge-high,109
b3c31,162,charge-high,110
b3c31,163,charge-high,109
b3c31,165,charge-high,111
b3c31,166,charge-high,107
b3c31,167,charge-high,110
b3c31,168,charge-high,109
b3c31,169,charge-high,109
b3c31,170,charge-high,110
b3c31,171,charge-high,110
b3c31,172,charge-high,109
b3c31,174,charge-high,110
b3c31,175,charge-high,107
b3c31,176,charge-high,108
b3c31,177,charge-high,110
b3c31,188,charge-high,111
b3c31,201,charge-high,111
b3c31,202,charge-high,110
b3c31,203,charge-high,109
b3c31,204,charge-high,109
b3c31,205,charge-high,110
b3c31,206,charge-high,110
b3c31,207,charge-high,110
b3c31,208,charge-high,111
b3c31,218,charge-high,111
b3c31,225,charge-high,110
b3c31,226,charge-high,111
b3c31,227,charge-high,109
b3c31,228,charge-high,109
b3c31,234,charge-high,111
b3c31,235,charge-high,111
b3c31,236,charge-high,109
b3c31,237,charge-high,109
b3c31,238,charge-high,111
b3c31,240,charge-high,111
b3c31,242,charge-high,111
b3c31,244,charge-high,109
b3c31,245,charge-high,111
b3c31,246,charge-high,110
b3c31,247,charge-high,109
b3c31,248,charge-high,110
b3c31,249,charge-high,109
b3c31,250,charge-high,110
b3c31,251,charge-high,110
b3c31,255,charge-high,111
b3c31,267,charge-high,110
b3c31,270,charge-high,111
b3c31,271,charge-high,108
b3c31,272,charge-high,109
b3c31,273,charge-high,111
b3c31,275,charge-high,111
b3c31,276,charge-high,111
b3c31,278,charge-high,111
b3c31,300,charge-high,111
b3c31,301,charge-high,109
b3c31,303,charge-high,107
b3c31,304,charge-high,110
b3c31,305,charge-high,108
b3c31,306,charge-high,109
b3c31,307,charge-high,110
b3c31,308,charge-high,110
b3c31,309,charge-high,108
b3c31,310,charge-high,108
b3c31,311,charge-high,110
b3c31,312,charge-high,108
b3c31,313,charge-high,110
b3c31,317,charge-high,110
b3c31,318,charge-high,110
b3c31,324,charge-high,108
b3c31,325,charge-high,106
b3c31,326,charge-high,111
b3c31,327,charge-high,111
b3c31,330,charge-high,109
b3c31,331,charge-high,109
b3c31,332,charge-high,109
b3c31,333,charge-high,111
b3c31,336,charge-high,111
b3c31,337,charge-high,111
b3c31,343,charge-high,111
b3c31,344,charge-high,110
b3c31,345,charge-high,110
b3c31,351,charge-high,111
b3c31,353,charge-high,111
b3c31,356,charge-high,110
b3c31,357,charge-high,111
b3c31,358,charge-high,111
b3c31,359,charge-high,110
b3c31,360,charge-high,111
b3c31,361,charge-high,111
b3c31,363,charge-high,111
b3c31,370,charge-high,111
b3c31,371,charge-high,111
b3c31,372,charge-high,111
b3c31,376,charge-high,110
b3c31,385,charge-high,111
b3c31,386,charge-high,108
b3c31,387,charge-high,109
b3c31,388,charge-high,110
b3c31,390,charge-high,111
b3c31,393,charge-high,111
b3c31,401,charge-high,111
b3c31,402,charge-high,109
b3c31,403,charge-high,109
b3c31,404,charge-high,108
b3c31,405,charge-high,109
b3c31,409,charge-high,111
b3c31,411,charge-high,111
b3c31,420,charge-high,110
b3c31,421,charge-high,111
b3c31,435,charge-high,110
b3c31,438,charge-high,110
b3c31,439,charge-high,110
b3c31,440,charge-high,108
b3c31,441,charge-high,109
b3c31,442,charge-high,110
b3c31,443,charge-high,107
b3c31,444,charge-high,106
b3c31,445,charge-high,107
b3c31,446,charge-high,111
b3c31,450,charge-high,110
b3c31,451,charge-high,111
b3c31,452,charge-high,110
b3c31,453,charge-high,111
b3c31,454,charge-high,109
b3c31,455,charge-high,108
b3c31,460,charge-high,111
b3c31,463,charge-high,111
b3c31,464,charge-high,110
b3c31,465,charge-high,109
b3c31,466,charge-high,111
b3c31,467,charge-high,109
b3c31,468,charge-high,108
b3c31,469,charge-high,109
b3c31,470,charge-high,107
b3c31,471,charge-high,109
b3c31,472,charge-high,109
b3c31,473,charge-high,111
b3c31,474,charge-high,111
b3c31,475,charge-high,110
b3c31,476,charge-high,109
b3c31,486,charge-high,111
b3c31,487,charge-high,111
b3c31,488,charge-high,111
b3c31,496,charge-high,110
b3c31,500,charge-high,111
b3c31,501,charge-high,111
b3c31,504,charge-high,109
b3c31,505,charge-high,110
b3c31,506,charge-high,109
b3c31,528,charge-high,111
b3c31,568,charge-high,111
b3c31,569,charge-high,109
b3c31,570,charge-high,109
b3c31,571,charge-high,109
b3c31,572,charge-high,110
b3c31,573,charge-high,108
b3c31,574,charge-high,109
b3c31,575,charge-high,109
b3c31,576,charge-high,109
b3c31,577,charge-high,108
b3c31,579,charge-high,111
b3c31,602,charge-high,111
b3c31,603,charge-high,111
b3c31,635,charge-high,111
b3c31,642,charge-high,109
b3c31,643,charge-high,109
b3c31,644,charge-high,109
b3c31,647,charge-high,111
b3c31,658,charge-high,110
b3c31,659,charge-high,109
b3c31,671,charge-high,111
b3c31,674,charge-high,111
b3c31,675,charge-high,111
b3c31,676,charge-high,111
b3c31,682,charge-high,111
b3c31,683,charge-high,111
b3c31,684,charge-high,111
b3c31,686,charge-high,111
b3c31,687,charge-high,111
b3c31,688,charge-high,111
b3c31,689,charge-high,111
b3c31,690,charge-high,111
b3c31,692,charge-high,110
b3c31,693,charge-high,109
b3c31,694,charge-high,108
b3c31,695,charge-high,111
b3c31,697,charge-high,111
b3c31,698,charge-high,111
b3c31,699,charge-high,111
b3c31,702,charge-high,110
b3c31,721,charge-high,108
b3c31,722,charge-high,111
b3c31,723,charge-high,105
b3c31,724,charge-high,106
b3c31,725,charge-high,106
b3c31,726,charge-high,106
b3c31,727,charge-high,108
b3c31,728,charge-high,107
b3c31,729,charge-high,108
b3c33,1,charge-high,110
b3c34,89,charge-high,111
b3c34,158,charge-high,111
b3c34,490,charge-high,111
b3c34,491,charge-high,111
b3c34,492,charge-high,110
b3c34,493,charge-high,110
b3c34,494,charge-high,111
b3c34,495,charge-high,109
b3c34,497,charge-high,111
b3c34,520,charge-high,110
b3c34,578,charge-high,111
b3c34,663,charge-high,111
b3c34,664,charge-high,111
b3c34,666,charge-high,111
b3c34,667,charge-high,111
b3c34,668,charge-high,111
b3c34,669,charge-high,111
b3c34,670,charge-high,111
b3c34,727,charge-high,111
b3c34,742,charge-high,111
b3c34,744,charge-high,111
b3c34,756,charge-high,111
b3c34,759,charge-high,111
b3c34,762,charge-high,111
b3c34,789,charge-high,111
b3c34,842,charge-high,111
b3c34,894,charge-high,111
b3c34,902,charge-high,110
b3c34,903,charge-high,109
b3c34,904,charge-high,110
b3c34,905,charge-high,109
b3c34,948,charge-high,111
b3c34,1137,charge-high,111
b3c36,1,charge-high,110
b3c36,27,charge-high,110
b3c36,28,charge-high,110
b3c36,29,charge-high,111
b3c36,30,charge-high,111
b3c36,31,charge-high,111
b3c36,33,charge-high,111
b3c36,56,charge-high,111
b3c36,57,charge-high,111
b3c36,58,charge-high,109
b3c36,59,charge-high,109
b3c36,60,charge-high,110
b3c36,61,charge-high,110
b3c36,89,charge-high,111
b3c36,90,charge-high,111
b3c36,91,charge-high,110
b3c36,92,charge-high,111
b3c36,93,charge-high,111
b3c36,95,charge-high,111
b3c36,96,charge-high,111
b3c36,104,charge-high,111
b3c36,105,charge-high,110
b3c36,106,charge-high,111
b3c36,107,charge-high,111
b3c36,108,charge-high,111
b3c36,125,charge-high,111
b3c36,127,charge-high,110
b3c36,128,charge-high,109
b3c36,129,charge-high,110
b3c36,130,charge-high,109
b3c36,131,charge-high,109
b3c36,132,charge-high,111
b3c36,133,charge-high,110
b3c36,136,charge-high,111
b3c36,137,charge-high,111
b3c36,139,charge-high,111
b3c36,151,charge-high,111
b3c36,152,charge-high,111
b3c36,199,charge-high,111
b3c36,200,charge-high,111
b3c36,201,charge-high,109
b3c36,202,charge-high,111
b3c36,203,charge-high,109
b3c36,204,charge-high,109
b3c36,205,charge-high,109
b3c36,206,charge-high,110
b3c36,207,charge-high,109
b3c36,208,charge-high,108
b3c36,209,charge-high,109
b3c36,210,charge-high,111
b3c36,211,charge-high,111
b3c36,212,charge-high,110
b3c36,213,charge-high,110
b3c36,215,charge-high,110
b3c36,216,charge-high,111
b3c36,217,charge-high,111
b3c36,221,charge-high,111
b3c36,222,charge-high,111
b3c36,223,charge-high,111
b3c36,235,charge-high,110
b3c36,236,charge-high,111
b3c36,237,charge-high,111
b3c36,238,charge-high,110
b3c36,239,charge-high,111
b3c36,240,charge-high,111
b3c36,241,charge-high,111
b3c36,242,charge-high,111
b3c36,243,charge-high,111
b3c36,244,charge-high,111
b3c36,245,charge-high,111
b3c36,272,charge-high,111
b3c36,273,charge-high,111
b3c36,274,charge-high,111
b3c36,276,charge-high,110
b3c36,286,charge-high,110
b3c36,290,charge-high,111
b3c36,294,charge-high,111
b3c36,297,charge-high,111
b3c36,298,charge-high,111
b3c36,299,charge-high,111
b3c36,300,charge-high,111
b3c36,301,charge-high,111
b3c36,302,charge-high,110
b3c36,303,charge-high,109
b3c36,304,charge-high,111
b3c36,305,charge-high,110
b3c36,306,charge-high,111
b3c36,312,charge-high,111
b3c36,326,charge-high,111
b3c36,327,charge-high,111
b3c36,335,charge-high,111
b3c36,339,charge-high,111
b3c36,380,charge-high,111
b3c36,382,charge-high,111
b3c36,388,charge-high,109
b3c36,389,charge-high,110
b3c36,390,charge-high,110
b3c36,392,charge-high,110
b3c36,393,charge-high,111
b3c36,396,charge-high,110
b3c36,397,charge-high,111
b3c36,398,charge-high,111
b3c36,399,charge-high,110
b3c36,400,charge-high,110
b3c36,401,charge-high,110
b3c36,403,charge-high,111
b3c36,406,charge-high,111
b3c36,407,charge-high,111
b3c36,410,charge-high,111
b3c36,411,charge-high,111
b3c36,412,charge-high,111
b3c36,413,charge-high,111
b3c36,421,charge-high,111
b3c36,422,charge-high,110
b3c36,423,charge-high,111
b3c36,424,charge-high,111
b3c36,425,charge-high,111
b3c36,427,charge-high,110
b3c36,428,charge-high,110
b3c36,429,charge-high,110
b3c36,430,charge-high,110
b3c36,431,charge-high,110
b3c36,432,charge-high,111
b3c36,433,charge-high,110
b3c36,434,charge-high,111
b3c36,435,charge-high,110
b3c36,436,charge-high,111
b3c36,437,charge-high,111
b3c36,464,charge-high,111
b3c36,468,charge-high,111
b3c36,487,charge-high,110
b3c36,488,charge-high,108
b3c36,489,charge-high,108
b3c36,490,charge-high,109
b3c36,491,charge-high,108
b3c36,492,charge-high,108
b3c36,493,charge-high,107
b3c36,494,charge-high,107
b3c36,495,charge-high,108
b3c36,496,charge-high,108
b3c36,497,charge-high,109
b3c36,498,charge-high,109
b3c36,499,charge-high,111
b3c36,500,charge-high,111
b3c36,563,charge-high,111
b3c36,594,charge-high,108
b3c36,595,charge-high,110
b3c36,596,charge-high,110
b3c36,597,charge-high,110
b3c36,600,charge-high,110
b3c36,621,charge-high,111
b3c36,622,charge-high,110
b3c36,623,charge-high,110
b3c36,624,charge-high,110
b3c36,626,charge-high,111
b3c36,627,charge-high,110
b3c36,628,charge-high,111
b3c36,629,charge-high,110
b3c36,630,charge-high,111
b3c36,631,charge-high,110
b3c36,632,charge-high,110
b3c36,633,charge-high,110
b3c36,634,charge-high,109
b3c36,635,charge-high,110
b3c36,636,charge-high,108
b3c36,637,charge-high,110
b3c36,638,charge-high,109
b3c36,639,charge-high,111
b3c36,640,charge-high,111
b3c36,641,charge-high,110
b3c36,642,charge-high,109
b3c36,643,charge-high,109
b3c36,644,charge-high,109
b3c36,645,charge-high,108
b3c36,646,charge-high,108
b3c36,647,charge-high,110
b3c36,648,charge-high,111
b3c36,649,charge-high,110
b3c36,659,charge-high,111
b3c36,660,charge-high,111
b3c36,661,charge-high,111
b3c36,663,charge-high,111
b3c36,664,charge-high,111
b3c36,665,charge-high,110
b3c36,666,charge-high,110
b3c36,667,charge-high,109
b3c36,668,charge-high,111
b3c36,669,charge-high,111
b3c36,670,charge-high,111
b3c36,675,charge-high,111
b3c36,677,charge-high,111
b3c36,678,charge-high,111
b3c36,679,charge-high,110
b3c36,680,charge-high,111
b3c36,683,charge-high,110
b3c36,684,charge-high,111
b3c36,685,charge-high,110
b3c36,697,charge-high,111
b3c36,700,charge-high,111
b3c36,704,charge-high,110
b3c36,721,charge-high,111
b3c36,722,charge-high,110
b3c36,723,charge-high,111
b3c36,724,charge-high,110
b3c36,725,charge-high,108
b3c36,726,charge-high,107
b3c36,727,charge-high,109
b3c36,728,charge-high,109
b3c36,729,charge-high,110
b3c36,730,charge-high,109
b3c36,731,charge-high,110
b3c36,732,charge-high,110
b3c36,733,charge-high,109
b3c36,739,charge-high,111
b3c36,740,charge-high,110
b3c36,757,charge-high,111
b3c36,758,charge-high,110
b3c36,759,charge-high,111
b3c36,772,charge-high,111
b3c36,773,charge-high,111
b3c36,774,charge-high,111
b3c36,778,charge-high,111
b3c36,780,charge-high,111
b3c36,781,charge-high,111
b3c36,782,charge-high,111
b3c36,783,charge-high,111
b3c36,784,charge-high,111
b3c36,786,charge-high,111
b3c36,787,charge-high,111
b3c36,788,charge-high,111
b3c36,790,charge-high,111
b3c36,791,charge-high,110
b3c36,792,charge-high,110
b3c36,793,charge-high,110
b3c36,794,charge-high,110
b3c36,798,charge-high,111
b3c36,799,charge-high,111
b3c36,800,charge-high,111
b3c36,801,charge-high,111
b3c36,802,charge-high,110
b3c36,803,charge-high,110
b3c36,804,charge-high,110
b3c36,805,charge-high,110
b3c36,806,charge-high,111
b3c36,807,charge-high,110
b3c36,808,charge-high,110
b3c36,809,charge-high,111
b3c36,810,charge-high,111
b3c36,813,charge-high,109
b3c36,814,charge-high,108
b3c36,815,charge-high,109
b3c36,816,charge-high,107
b3c36,817,charge-high,107
b3c36,818,charge-high,108
b3c36,819,charge-high,108
b3c36,820,charge-high,108
b3c36,821,charge-high,110
b3c36,827,charge-high,111
b3c36,832,charge-high,110
b3c36,834,charge-high,109
b3c36,835,charge-high,108
b3c36,836,charge-high,106
b3c36,837,charge-high,106
b3c36,838,charge-high,106
b3c36,839,charge-high,106
b3c36,840,charge-high,108
b3c36,841,charge-high,110
b3c36,842,charge-high,109
b3c36,844,charge-high,111
b3c36,845,charge-high,110
b3c36,846,charge-high,108
b3c36,847,charge-high,110
b3c36,848,charge-high,108
b3c36,849,charge-high,108
b3c36,850,charge-high,107
b3c36,851,charge-high,110
b3c36,853,charge-high,108
b3c36,854,charge-high,106
b3c36,855,charge-high,108
b3c36,856,charge-high,109
b3c36,857,charge-high,108
b3c36,859,charge-high,111
b3c36,860,charge-high,108
b3c36,861,charge-high,110
b3c36,863,charge-high,111
b3c36,865,charge-high,110
b3c36,866,charge-high,106
b3c36,867,charge-high,105
b3c36,868,charge-high,106
b3c36,869,charge-high,108
b3c36,870,charge-high,106
b3c36,871,charge-high,106
b3c36,872,charge-high,108
b3c36,873,charge-high,109
b3c36,874,charge-high,105
b3c36,875,charge-high,108
b3c36,876,charge-high,110
b3c36,878,charge-high,108
b3c36,879,charge-high,107
b3c36,880,charge-high,104
b3c36,881,charge-high,107
b3c36,882,charge-high,109
b3c36,883,charge-high,108
b3c36,884,charge-high,110
b3c36,885,charge-high,108
b3c36,886,charge-high,107
b3c36,887,charge-high,107
b3c36,888,charge-high,107
b3c36,889,charge-high,108
b3c36,890,charge-high,106
b3c36,891,charge-high,110
b3c36,892,charge-high,110
b3c36,893,charge-high,104
b3c36,894,charge-high,107
b3c36,895,charge-high,108
b3c36,897,charge-high,110
b3c36,898,charge-high,109
b3c36,899,charge-high,107
b3c36,901,charge-high,108
b3c36,902,charge-high,102
b3c36,903,charge-high,104
b3c36,904,charge-high,105
b3c36,905,charge-high,107
b3c36,906,charge-high,106
b3c36,907,charge-high,106
b3c36,908,charge-high,107
b3c36,909,charge-high,108
b3c36,910,charge-high,106
b3c36,911,charge-high,105
b3c36,912,charge-high,106
b3c36,913,charge-high,105
b3c36,914,charge-high,108
b3c36,915,charge-high,106
b3c36,916,charge-high,107
b3c36,917,charge-high,105
b3c36,918,charge-high,105
b3c36,919,charge-high,105
b3c36,920,charge-high,107
b3c36,921,charge-high,110
b3c37,1,charge-high,1225
b3c37,10,charge-high,291
b3c37,13,charge-high,4190
b3c37,16,charge-high,2938
b3c37,61,charge-high,3120
b3c37,357,charge-high,3599
b3c37,594,charge-high,4285
b3c37,597,charge-high,2639
b3c37,599,charge-high,535
b3c37,619,charge-high,4362
b3c37,620,charge-high,3409
b3c37,621,charge-high,3037
b3c37,630,charge-high,3441
b3c37,631,charge-high,4316
b3c37,845,charge-high,1760
b3c37,848,charge-high,2168
b3c37,1059,charge-high,2893
b3c37,1060,charge-high,3752
b3c37,1061,charge-high,5292
b3c37,1062,charge-high,2833
b3c37,1063,charge-high,1755
b3c37,1064,charge-high,1882
b3c37,1171,charge-high,3512
b3c37,1183,charge-high,3010
b3c37,1216,charge-high,398
b3c39,25,charge-high,111
b3c39,26,charge-high,111
b3c39,27,charge-high,111
b3c39,29,charge-high,111
b3c39,56,charge-high,111
b3c39,81,charge-high,111
b3c39,102,charge-high,111
b3c39,104,charge-high,111
b3c39,126,charge-high,111
b3c39,128,charge-high,111
b3c39,129,charge-high,111
b3c39,132,charge-high,111
b3c39,149,charge-high,110
b3c39,175,charge-high,111
b3c39,197,charge-high,111
b3c39,198,charge-high,111
b3c39,199,charge-high,111
b3c39,200,charge-high,111
b3c39,233,charge-high,109
b3c39,306,charge-high,111
b3c39,359,charge-high,111
b3c39,448,charge-high,110
b3c39,449,charge-high,111
b3c39,510,charge-high,110
b3c39,511,charge-high,110
b3c39,512,charge-high,110
b3c39,535,charge-high,111
b3c39,600,charge-high,111
b3c39,602,charge-high,111
b3c39,603,charge-high,111
b3c39,644,charge-high,111
b3c39,645,charge-high,111
b3c39,647,charge-high,111
b3c39,689,charge-high,111
b3c39,732,charge-high,111
b3c39,749,charge-high,110
b3c39,780,charge-high,111
b3c39,781,charge-high,110
b3c39,782,charge-high,110
b3c39,783,charge-high,111
b3c39,818,charge-high,111
b3c39,843,charge-high,110
b3c39,844,charge-high,111
b3c39,856,charge-high,111
b3c39,857,charge-high,111
b3c39,859,charge-high,110
b3c39,861,charge-high,111
b3c39,895,charge-high,109
b3c39,896,charge-high,110
b3c39,897,charge-high,110
b3c39,898,charge-high,111
b3c39,911,charge-high,110
b3c39,912,charge-high,111
b3c39,929,charge-high,111
b3c39,930,charge-high,111
b3c39,932,charge-high,111
b3c39,952,charge-high,110
b3c39,953,charge-high,111
b3c39,975,charge-high,111
b3c39,986,charge-high,111
b3c39,987,charge-high,111
b3c39,988,charge-high,111
b3c39,990,charge-high,111
b3c39,998,charge-high,111
b3c39,1097,charge-high,111
b3c39,1146,charge-high,111
b3c39,1147,charge-high,110
b3c39,1152,charge-high,110
b3c41,1,charge-high,109
b3c41,2,charge-high,111
b3c41,10,charge-high,110
b3c41,11,charge-high,109
b3c41,12,charge-high,108
b3c41,17,charge-high,110
b3c41,18,charge-high,109
b3c41,19,charge-high,108
b3c41,20,charge-high,107
b3c41,21,charge-high,107
b3c41,22,charge-high,107
b3c41,23,charge-high,111
b3c41,24,charge-high,111
b3c41,25,charge-high,111
b3c41,37,charge-high,111
b3c41,38,charge-high,108
b3c41,39,charge-high,108
b3c41,40,charge-high,108
b3c41,41,charge-high,109
b3c41,42,charge-high,111
b3c41,43,charge-high,109
b3c41,44,charge-high,110
b3c41,45,charge-high,110
b3c41,46,charge-high,110
b3c41,48,charge-high,110
b3c41,49,charge-high,111
b3c41,54,charge-high,108
b3c41,55,charge-high,111
b3c41,57,charge-high,111
b3c41,62,charge-high,111
b3c41,63,charge-high,110
b3c41,64,charge-high,110
b3c41,65,charge-high,107
b3c41,66,charge-high,107
b3c41,67,charge-high,108
b3c41,68,charge-high,109
b3c41,69,charge-high,110
b3c41,73,charge-high,110
b3c41,74,charge-high,111
b3c41,75,charge-high,111
b3c41,76,charge-high,111
b3c41,77,charge-high,110
b3c41,78,charge-high,111
b3c41,79,charge-high,111
b3c41,80,charge-high,110
b3c41,86,charge-high,110
b3c41,87,charge-high,109
b3c41,88,charge-high,107
b3c41,89,charge-high,107
b3c41,90,charge-high,107
b3c41,91,charge-high,107
b3c41,92,charge-high,108
b3c41,93,charge-high,109
b3c41,94,charge-high,109
b3c41,103,charge-high,109
b3c41,104,charge-high,109
b3c41,105,charge-high,107
b3c41,106,charge-high,110
b3c41,111,charge-high,111
b3c41,112,charge-high,108
b3c41,113,charge-high,107
b3c41,114,charge-high,107
b3c41,115,charge-high,107
b3c41,116,charge-high,109
b3c41,117,charge-high,109
b3c41,119,charge-high,110
b3c41,120,charge-high,110
b3c41,128,charge-high,111
b3c41,130,charge-high,111
b3c41,131,charge-high,109
b3c41,132,charge-high,111
b3c41,134,charge-high,110
b3c41,135,charge-high,110
b3c41,136,charge-high,111
b3c41,137,charge-high,108
b3c41,138,charge-high,108
b3c41,139,charge-high,109
b3c41,140,charge-high,110
b3c41,141,charge-high,111
b3c41,149,charge-high,111
b3c41,152,charge-high,111
b3c41,155,charge-high,110
b3c41,156,charge-high,111
b3c41,157,charge-high,110
b3c41,158,charge-high,109
b3c41,159,charge-high,111
b3c41,160,charge-high,109
b3c41,161,charge-high,111
b3c41,162,charge-high,111
b3c41,163,charge-high,111
b3c41,164,charge-high,111
b3c41,166,charge-high,111
b3c41,167,charge-high,110
b3c41,168,charge-high,111
b3c41,173,charge-high,111
b3c41,174,charge-high,110
b3c41,175,charge-high,111
b3c41,176,charge-high,111
b3c41,182,charge-high,111
b3c41,184,charge-high,107
b3c41,185,charge-high,110
b3c41,186,charge-high,109
b3c41,188,charge-high,111
b3c41,194,charge-high,108
b3c41,195,charge-high,109
b3c41,196,charge-high,109
b3c41,197,charge-high,110
b3c41,198,charge-high,109
b3c41,199,charge-high,111
b3c41,200,charge-high,111
b3c41,203,charge-high,111
b3c41,210,charge-high,111
b3c41,211,charge-high,111
b3c41,212,charge-high,111
b3c41,213,charge-high,111
b3c41,214,charge-high,109
b3c41,215,charge-high,111
b3c41,217,charge-high,111
b3c41,218,charge-high,111
b3c41,220,charge-high,110
b3c41,221,charge-high,111
b3c41,225,charge-high,111
b3c41,229,charge-high,111
b3c41,230,charge-high,111
b3c41,235,charge-high,111
b3c41,236,charge-high,109
b3c41,237,charge-high,109
b3c41,238,charge-high,111
b3c41,239,charge-high,109
b3c41,240,charge-high,110
b3c41,241,charge-high,110
b3c41,249,charge-high,109
b3c41,250,charge-high,109
b3c41,251,charge-high,108
b3c41,252,charge-high,109
b3c41,253,charge-high,110
b3c41,258,charge-high,110
b3c41,259,charge-high,111
b3c41,260,charge-high,109
b3c41,261,charge-high,111
b3c41,272,charge-high,111
b3c41,273,charge-high,110
b3c41,274,charge-high,111
b3c41,280,charge-high,110
b3c41,281,charge-high,111
b3c41,282,charge-high,109
b3c41,283,charge-high,110
b3c41,284,charge-high,109
b3c41,285,charge-high,110
b3c41,286,charge-high,109
b3c41,287,charge-high,111
b3c41,288,charge-high,111
b3c41,294,charge-high,111
b3c41,296,charge-high,109
b3c41,297,charge-high,109
b3c41,298,charge-high,109
b3c41,300,charge-high,111
b3c41,302,charge-high,111
b3c41,303,charge-high,110
b3c41,304,charge-high,111
b3c41,305,charge-high,111
b3c41,306,charge-high,110
b3c41,308,charge-high,111
b3c41,322,charge-high,110
b3c41,323,charge-high,111
b3c41,324,charge-high,110
b3c41,325,charge-high,110
b3c41,326,charge-high,109
b3c41,327,charge-high,111
b3c41,328,charge-high,111
b3c41,331,charge-high,111
b3c41,332,charge-high,111
b3c41,333,charge-high,110
b3c41,334,charge-high,111
b3c41,338,charge-high,109
b3c41,339,charge-high,109
b3c41,340,charge-high,108
b3c41,341,charge-high,109
b3c41,348,charge-high,111
b3c41,350,charge-high,111
b3c41,351,charge-high,111
b3c41,357,charge-high,111
b3c41,359,charge-high,110
b3c41,360,charge-high,109
b3c41,362,charge-high,111
b3c41,368,charge-high,110
b3c41,369,charge-high,111
b3c41,370,charge-high,110
b3c41,371,charge-high,109
b3c41,372,charge-high,109
b3c41,373,charge-high,109
b3c41,374,charge-high,110
b3c41,375,charge-high,111
b3c41,381,charge-high,111
b3c41,388,charge-high,111
b3c41,389,charge-high,110
b3c41,390,charge-high,111
b3c41,391,charge-high,111
b3c41,394,charge-high,111
b3c41,397,charge-high,109
b3c41,398,charge-high,111
b3c41,399,charge-high,109
b3c41,400,charge-high,110
b3c41,412,charge-high,110
b3c41,413,charge-high,111
b3c41,414,charge-high,110
b3c41,420,charge-high,111
b3c41,422,charge-high,111
b3c41,424,charge-high,110
b3c41,430,charge-high,111
b3c41,431,charge-high,110
b3c41,432,charge-high,108
b3c41,433,charge-high,110
b3c41,434,charge-high,108
b3c41,435,charge-high,110
b3c41,442,charge-high,110
b3c41,444,charge-high,110
b3c41,445,charge-high,111
b3c41,448,charge-high,111
b3c41,454,charge-high,110
b3c41,457,charge-high,111
b3c41,458,charge-high,109
b3c41,459,charge-high,110
b3c41,460,charge-high,111
b3c41,471,charge-high,111
b3c41,482,charge-high,111
b3c41,487,charge-high,110
b3c41,488,charge-high,111
b3c41,491,charge-high,111
b3c41,492,charge-high,111
b3c41,493,charge-high,110
b3c41,494,charge-high,110
b3c41,495,charge-high,111
b3c41,501,charge-high,111
b3c41,509,charge-high,110
b3c41,510,charge-high,111
b3c41,511,charge-high,109
b3c41,512,charge-high,111
b3c41,514,charge-high,110
b3c41,527,charge-high,109
b3c41,528,charge-high,108
b3c41,529,charge-high,104
b3c41,530,charge-high,108
b3c41,531,charge-high,109
b3c41,532,charge-high,111
b3c41,540,charge-high,110
b3c41,544,charge-high,110
b3c41,545,charge-high,109
b3c41,546,charge-high,107
b3c41,547,charge-high,106
b3c41,548,charge-high,110
b3c41,549,charge-high,110
b3c41,559,charge-high,110
b3c41,560,charge-high,111
b3c41,561,charge-high,110
b3c41,562,charge-high,109
b3c41,572,charge-high,111
b3c41,574,charge-high,109
b3c41,575,charge-high,110
b3c41,576,charge-high,108
b3c41,577,charge-high,110
b3c41,588,charge-high,107
b3c41,589,charge-high,109
b3c41,590,charge-high,109
b3c41,591,charge-high,109
b3c41,592,charge-high,109
b3c41,593,charge-high,109
b3c41,594,charge-high,111
b3c41,598,charge-high,111
b3c41,600,charge-high,110
b3c41,601,charge-high,109
b3c41,602,charge-high,108
b3c41,603,charge-high,111
b3c41,607,charge-high,111
b3c41,609,charge-high,109
b3c41,610,charge-high,109
b3c41,611,charge-high,111
b3c41,615,charge-high,110
b3c41,616,charge-high,111
b3c41,617,charge-high,111
b3c41,620,charge-high,110
b3c41,629,charge-high,110
b3c41,630,charge-high,110
b3c41,631,charge-high,109
b3c41,632,charge-high,108
b3c41,633,charge-high,109
b3c41,634,charge-high,111
b3c41,635,charge-high,109
b3c41,636,charge-high,111
b3c41,637,charge-high,111
b3c41,645,charge-high,111
b3c41,647,charge-high,111
b3c41,648,charge-high,111
b3c41,649,charge-high,108
b3c41,650,charge-high,109
b3c41,651,charge-high,111
b3c41,652,charge-high,109
b3c41,653,charge-high,108
b3c41,654,charge-high,110
b3c41,658,charge-high,111
b3c41,659,charge-high,110
b3c41,663,charge-high,111
b3c41,664,charge-high,108
b3c41,665,charge-high,107
b3c41,666,charge-high,109
b3c41,667,charge-high,110
b3c41,670,charge-high,110
b3c41,671,charge-high,108
b3c41,672,charge-high,109
b3c41,673,charge-high,111
b3c41,674,charge-high,110
b3c41,675,charge-high,109
b3c41,676,charge-high,108
b3c41,677,charge-high,111
b3c41,681,charge-high,111
b3c41,682,charge-high,109
b3c41,683,charge-high,111
b3c41,684,charge-high,110
b3c41,685,charge-high,108
b3c41,686,charge-high,107
b3c41,687,charge-high,111
b3c41,688,charge-high,108
b3c41,689,charge-high,108
b3c41,690,charge-high,108
b3c41,691,charge-high,111
b3c41,692,charge-high,108
b3c41,693,charge-high,109
b3c41,694,charge-high,107
b3c41,695,charge-high,107
b3c41,696,charge-high,107
b3c41,697,charge-high,110
b3c41,700,charge-high,108
b3c41,701,charge-high,111
b3c41,702,charge-high,109
b3c41,703,charge-high,108
b3c41,704,charge-high,108
b3c41,705,charge-high,108
b3c41,706,charge-high,108
b3c41,707,charge-high,109
b3c41,710,charge-high,111
b3c41,711,charge-high,109
b3c41,712,charge-high,108
b3c41,713,charge-high,110
b3c41,714,charge-high,110
b3c41,715,charge-high,111
b3c41,717,charge-high,111
b3c41,718,charge-high,110
b3c41,719,charge-high,107
b3c41,720,charge-high,108
b3c41,721,charge-high,106
b3c41,722,charge-high,107
b3c41,723,charge-high,109
b3c41,727,charge-high,109
b3c41,728,charge-high,108
b3c41,729,charge-high,108
b3c41,730,charge-high,105
b3c41,731,charge-high,109
b3c41,732,charge-high,111
b3c41,733,charge-high,109
b3c41,734,charge-high,108
b3c41,735,charge-high,108
b3c41,736,charge-high,107
b3c41,737,charge-high,110
b3c41,738,charge-high,107
b3c41,739,charge-high,104
b3c41,740,charge-high,106
b3c41,741,charge-high,110
b3c41,742,charge-high,108
b3c41,743,charge-high,107
b3c41,744,charge-high,108
b3c41,745,charge-high,111
b3c41,746,charge-high,106
b3c41,747,charge-high,106
b3c41,748,charge-high,106
b3c41,749,charge-high,109
b3c41,750,charge-high,107
b3c41,751,charge-high,110
b3c41,752,charge-high,110
b3c41,754,charge-high,108
b3c41,755,charge-high,107
b3c41,756,charge-high,106
b3c41,757,charge-high,109
b3c41,759,charge-high,108
b3c41,760,charge-high,108
b3c41,761,charge-high,107
b3c41,762,charge-high,106
b3c41,763,charge-high,108
b3c41,764,charge-high,109
b3c41,765,charge-high,110
b3c41,766,charge-high,111
b3c41,768,charge-high,109
b3c41,769,charge-high,105
b3c41,770,charge-high,107
b3c41,771,charge-high,108
b3c41,772,charge-high,108
b3c41,773,charge-high,107
b3c41,774,charge-high,109
b3c41,775,charge-high,109
b3c41,776,charge-high,104
b3c41,777,charge-high,106
b3c41,778,charge-high,110
b3c41,779,charge-high,107
b3c41,780,charge-high,106
b3c41,781,charge-high,108
b3c41,782,charge-high,104
b3c41,783,charge-high,105
b3c41,784,charge-high,104
b3c42,922,charge-high,209
b3c42,930,charge-high,283
b3c42,1261,charge-high,346
b3c42,1294,charge-high,654
b3c42,1303,charge-high,619
b3c42,1310,charge-high,743
b3c42,1392,charge-high,289
b3c42,1395,charge-high,271
b3c42,1418,charge-high,691
b3c43,6,charge-high,223
b3c43,17,charge-high,249
b3c43,67,charge-high,316
b3c43,70,charge-high,208
b3c43,74,charge-high,226
b3c43,96,charge-high,381
b3c43,244,charge-high,673
b3c43,245,charge-high,518
b3c43,246,charge-high,231
b3c43,247,charge-high,263
b3c44,91,charge-high,111
b3c44,100,charge-high,111
b3c44,101,charge-high,111
b3c44,103,charge-high,111
b3c44,105,charge-high,111
b3c44,106,charge-high,111
b3c44,114,charge-high,111
b3c44,135,charge-high,111
b3c44,509,charge-high,111
b3c44,520,charge-high,111
b3c44,521,charge-high,111
b3c44,522,charge-high,110
b3c44,523,charge-high,109
b3c44,524,charge-high,110
b3c44,562,charge-high,111
b3c44,698,charge-high,110
b3c44,699,charge-high,111
b3c44,706,charge-high,111
b3c44,707,charge-high,111
b1c23,997,charge-mid,8
b1c23,1000,charge-mid,6
b1c23,1001,charge-mid,6
b1c24,974,charge-mid,25
b1c24,975,charge-mid,22
b1c24,976,charge-mid,18
b1c24,977,charge-mid,26
b1c24,978,charge-mid,29
b1c24,979,charge-mid,19
b1c24,980,charge-mid,15
b1c24,981,charge-mid,30
b1c24,982,charge-mid,21
b1c24,983,charge-mid,18
b1c24,984,charge-mid,21
b1c24,985,charge-mid,24
b1c24,986,charge-mid,23
b1c24,987,charge-mid,23
b1c24,988,charge-mid,22
b1c24,989,charge-mid,27
b1c24,990,charge-mid,18
b1c24,991,charge-mid,22
b1c24,992,charge-mid,22
b1c24,993,charge-mid,20
b1c24,994,charge-mid,14
b1c24,995,charge-mid,18
b1c24,996,charge-mid,19
b1c24,997,charge-mid,16
b1c24,998,charge-mid,15
b1c24,999,charge-mid,14
b1c24,1000,charge-mid,15
b1c24,1001,charge-mid,14
b1c24,1002,charge-mid,12
b1c24,1003,charge-mid,12
b1c24,1004,charge-mid,13
b1c24,1005,charge-mid,15
b1c24,1006,charge-mid,8
b1c24,1007,charge-mid,14
b1c24,1008,charge-mid,12
b1c24,1009,charge-mid,18
b1c24,1010,charge-mid,19
b1c24,1011,charge-mid,18
b1c24,1012,charge-mid,17
b1c24,1013,charge-mid,16
b1c24,1014,charge-mid,21
b1c24,1015,charge-mid,19
b1c25,828,charge-mid,26
b1c25,830,charge-mid,25
b1c25,840,charge-mid,25
b1c25,841,charge-mid,24
b1c25,842,charge-mid,23
b1c25,843,charge-mid,22
b1c25,844,charge-mid,23
b1c25,845,charge-mid,24
b1c25,847,charge-mid,22
b1c25,849,charge-mid,24
b1c25,850,charge-mid,23
b1c25,851,charge-mid,15
b1c25,852,charge-mid,17
b1c28,718,charge-mid,34
b1c28,719,charge-mid,36
b1c28,720,charge-mid,39
b1c28,722,charge-mid,38
b1c28,724,charge-mid,39
b1c28,726,charge-mid,43
b1c28,727,charge-mid,35
b1c28,731,charge-mid,40
b1c28,732,charge-mid,35
b1c28,735,charge-mid,40
b1c28,736,charge-mid,35
b1c28,737,charge-mid,39
b1c28,739,charge-mid,43
b1c28,744,charge-mid,42
b1c28,746,charge-mid,38
b1c28,751,charge-mid,36
b1c28,758,charge-mid,39
b1c28,760,charge-mid,34
b1c28,761,charge-mid,32
b1c28,762,charge-mid,39
b1c28,764,charge-mid,35
b1c28,765,charge-mid,35
b1c28,770,charge-mid,31
b1c28,771,charge-mid,33
b1c28,772,charge-mid,30
b1c28,773,charge-mid,26
b1c28,774,charge-mid,32
b1c28,775,charge-mid,31
b1c28,776,charge-mid,32
b1c28,777,charge-mid,34
b1c28,778,charge-mid,29
b1c28,781,charge-mid,34
b1c28,782,charge-mid,35
b1c28,786,charge-mid,36
b1c28,788,charge-mid,37
b1c28,789,charge-mid,34
b1c28,792,charge-mid,29
b1c28,797,charge-mid,27
b1c28,798,charge-mid,23
b1c28,799,charge-mid,24
b1c28,801,charge-mid,30
b1c28,803,charge-mid,28
b1c28,805,charge-mid,26
b1c28,806,charge-mid,27
b1c28,808,charge-mid,27
b1c28,809,charge-mid,22
b1c28,811,charge-mid,25
b1c28,812,charge-mid,22
b1c28,815,charge-mid,23
b1c28,816,charge-mid,25
b1c28,817,charge-mid,23
b1c28,820,charge-mid,27
b1c28,821,charge-mid,24
b1c28,822,charge-mid,28
b1c28,823,charge-mid,28
b1c28,825,charge-mid,25
b1c28,826,charge-mid,23
b1c28,827,charge-mid,20
b1c28,828,charge-mid,23
b1c28,830,charge-mid,23
b1c28,831,charge-mid,18
b1c28,832,charge-mid,22
b1c28,833,charge-mid,18
b1c28,834,charge-mid,17
b1c28,835,charge-mid,22
b1c28,837,charge-mid,21
b1c28,838,charge-mid,18
b1c28,839,charge-mid,23
b1c28,841,charge-mid,21
b1c28,842,charge-mid,19
b1c28,845,charge-mid,17
b1c28,849,charge-mid,19
b1c28,851,charge-mid,20
b1c28,853,charge-mid,21
b1c28,855,charge-mid,21
b1c28,856,charge-mid,20
b1c28,858,charge-mid,19
b1c29,796,charge-mid,40
b1c29,797,charge-mid,36
b1c29,798,charge-mid,40
b1c29,799,charge-mid,39
b1c29,800,charge-mid,39
b1c29,801,charge-mid,37
b1c29,802,charge-mid,38
b1c29,803,charge-mid,40
b1c29,804,charge-mid,37
b1c29,808,charge-mid,42
b1c29,809,charge-mid,38
b1c29,810,charge-mid,36
b1c29,811,charge-mid,33
b1c29,812,charge-mid,39
b1c29,813,charge-mid,33
b1c29,815,charge-mid,32
b1c29,817,charge-mid,38
b1c29,818,charge-mid,41
b1c29,819,charge-mid,37
b1c29,824,charge-mid,39
b1c29,825,charge-mid,36
b1c29,826,charge-mid,36
b1c29,827,charge-mid,36
b1c29,829,charge-mid,39
b1c29,830,charge-mid,32
b1c29,832,charge-mid,35
b1c29,833,charge-mid,33
b1c29,838,charge-mid,35
b1c29,839,charge-mid,35
b1c29,841,charge-mid,32
b1c29,842,charge-mid,36
b1c29,843,charge-mid,27
b1c29,846,charge-mid,30
b1c29,847,charge-mid,32
b1c29,848,charge-mid,32
b1c29,852,charge-mid,30
b1c29,854,charge-mid,34
b1c29,857,charge-mid,38
b1c29,859,charge-mid,32
b1c29,860,charge-mid,32
b1c29,861,charge-mid,28
b1c29,862,charge-mid,27
b1c29,863,charge-mid,29
b1c29,864,charge-mid,26
b1c29,865,charge-mid,26
b1c29,866,charge-mid,25
b1c29,867,charge-mid,26
b1c29,868,charge-mid,25
b1c29,870,charge-mid,26
b1c29,871,charge-mid,24
b1c29,872,charge-mid,26
b1c29,873,charge-mid,20
b1c29,875,charge-mid,25
b1c29,876,charge-mid,24
b1c29,877,charge-mid,26
b1c29,878,charge-mid,24
b1c29,879,charge-mid,24
b1c29,880,charge-mid,30
b1c29,882,charge-mid,28
b1c29,883,charge-mid,32
b1c29,884,charge-mid,29
b1c29,885,charge-mid,30
b1c29,886,charge-mid,25
b1c29,887,charge-mid,23
b1c29,888,charge-mid,22
b1c29,889,charge-mid,25
b1c29,890,charge-mid,20
b1c29,891,charge-mid,23
b1c29,893,charge-mid,20
b1c29,895,charge-mid,23
b1c29,896,charge-mid,20
b1c29,897,charge-mid,20
b1c29,898,charge-mid,23
b1c29,899,charge-mid,21
b1c29,900,charge-mid,18
b1c29,903,charge-mid,19
b1c29,904,charge-mid,22
b1c29,905,charge-mid,21
b1c29,906,charge-mid,17
b1c29,907,charge-mid,21
b1c29,909,charge-mid,20
b1c29,910,charge-mid,16
b1c29,911,charge-mid,21
b1c29,912,charge-mid,21
b1c29,913,charge-mid,19
b1c29,914,charge-mid,20
b1c29,915,charge-mid,23
b1c32,593,charge-mid,45
b1c32,595,charge-mid,34
b1c32,597,charge-mid,42
b1c32,599,charge-mid,36
b1c32,600,charge-mid,40
b1c32,601,charge-mid,39
b1c32,602,charge-mid,40
b1c32,603,charge-mid,35
b1c32,604,charge-mid,38
b1c32,608,charge-mid,38
b1c32,609,charge-mid,40
b1c32,613,charge-mid,41
b1c32,616,charge-mid,36
b1c32,618,charge-mid,41
b1c32,620,charge-mid,38
b1c32,626,charge-mid,37
b1c32,628,charge-mid,38
b1c32,634,charge-mid,33
b1c32,635,charge-mid,36
b1c32,639,charge-mid,34
b1c32,642,charge-mid,38
b1c32,643,charge-mid,33
b1c32,645,charge-mid,31
b1c32,651,charge-mid,33
b1c32,656,charge-mid,34
b1c32,658,charge-mid,33
b1c32,660,charge-mid,32
b1c32,663,charge-mid,28
b1c32,664,charge-mid,33
b1c32,665,charge-mid,26
b1c32,668,charge-mid,28
b1c32,670,charge-mid,26
b1c32,671,charge-mid,29
b1c32,673,charge-mid,27
b1c32,674,charge-mid,28
b1c32,675,charge-mid,27
b1c32,679,charge-mid,24
b1c32,684,charge-mid,27
b1c32,687,charge-mid,22
b1c32,688,charge-mid,27
b1c32,690,charge-mid,23
b1c32,691,charge-mid,25
b1c32,695,charge-mid,23
b1c32,697,charge-mid,21
b1c32,702,charge-mid,24
b1c32,703,charge-mid,23
b1c32,705,charge-mid,22
b1c32,706,charge-mid,19
b1c32,707,charge-mid,20
b1c32,709,charge-mid,18
b1c32,712,charge-mid,20
b1c32,714,charge-mid,21
b1c32,715,charge-mid,19
b1c32,717,charge-mid,18
b1c32,718,charge-mid,18
b1c32,719,charge-mid,18
b1c32,724,charge-mid,19
b1c32,725,charge-mid,15
b1c32,726,charge-mid,18
b1c32,727,charge-mid,15
b1c32,729,charge-mid,13
b1c33,503,charge-mid,42
b1c33,583,charge-mid,42
b1c33,588,charge-mid,45
b1c33,593,charge-mid,45
b1c33,594,charge-mid,40
b1c33,597,charge-mid,40
b1c33,598,charge-mid,39
b1c33,599,charge-mid,42
b1c33,600,charge-mid,37
b1c33,605,charge-mid,40
b1c33,607,charge-mid,42
b1c33,610,charge-mid,41
b1c33,612,charge-mid,34
b1c33,614,charge-mid,31
b1c33,615,charge-mid,37
b1c33,616,charge-mid,33
b1c33,617,charge-mid,38
b1c33,618,charge-mid,36
b1c33,619,charge-mid,37
b1c33,621,charge-mid,36
b1c33,622,charge-mid,35
b1c33,623,charge-mid,36
b1c33,624,charge-mid,40
b1c33,625,charge-mid,35
b1c33,626,charge-mid,40
b1c33,628,charge-mid,36
b1c33,629,charge-mid,36
b1c33,631,charge-mid,36
b1c33,632,charge-mid,34
b1c33,634,charge-mid,34
b1c33,635,charge-mid,34
b1c33,638,charge-mid,35
b1c33,639,charge-mid,34
b1c33,641,charge-mid,31
b1c33,642,charge-mid,37
b1c33,643,charge-mid,32
b1c33,648,charge-mid,31
b1c33,649,charge-mid,33
b1c33,655,charge-mid,29
b1c33,656,charge-mid,32
b1c33,660,charge-mid,27
b1c33,664,charge-mid,35
b1c33,666,charge-mid,31
b1c33,667,charge-mid,34
b1c33,671,charge-mid,27
b1c33,673,charge-mid,27
b1c33,674,charge-mid,27
b1c33,676,charge-mid,31
b1c33,679,charge-mid,26
b1c33,680,charge-mid,24
b1c33,681,charge-mid,31
b1c33,685,charge-mid,28
b1c33,688,charge-mid,27
b1c33,691,charge-mid,24
b1c33,694,charge-mid,24
b1c33,696,charge-mid,27
b1c33,699,charge-mid,21
b1c33,702,charge-mid,20
b1c33,705,charge-mid,21
b1c33,706,charge-mid,18
b1c33,707,charge-mid,26
b1c33,710,charge-mid,24
b1c33,711,charge-mid,19
b1c33,712,charge-mid,21
b1c33,716,charge-mid,21
b1c33,718,charge-mid,17
b1c33,720,charge-mid,19
b1c33,721,charge-mid,17
b1c33,722,charge-mid,21
b1c33,723,charge-mid,19
b1c33,724,charge-mid,20
b1c33,725,charge-mid,22
b1c33,726,charge-mid,21
b1c33,727,charge-mid,18
b1c33,728,charge-mid,22
b1c33,729,charge-mid,22
b1c33,730,charge-mid,16
b1c33,731,charge-mid,12
b1c33,732,charge-mid,15
b1c33,733,charge-mid,15
b1c33,737,charge-mid,13
b1c33,738,charge-mid,17
b1c33,739,charge-mid,17
b1c33,740,charge-mid,15
b1c33,741,charge-mid,19
b1c33,742,charge-mid,19
b1c33,744,charge-mid,16
b1c33,745,charge-mid,19
b1c33,746,charge-mid,18
b1c33,748,charge-mid,18
b1c33,754,charge-mid,18
b1c33,755,charge-mid,18
b1c34,659,charge-mid,5
b1c34,660,charge-mid,5
b1c34,663,charge-mid,4
b1c34,664,charge-mid,4
b1c34,666,charge-mid,4
b1c34,669,charge-mid,4
b1c34,673,charge-mid,2
b1c34,674,charge-mid,3
b1c34,676,charge-mid,2
b1c34,677,charge-mid,2
b1c34,680,charge-mid,1
b1c35,622,charge-mid,5
b1c35,623,charge-mid,5
b1c35,627,charge-mid,5
b1c35,628,charge-mid,6
b1c35,632,charge-mid,3
b1c35,635,charge-mid,2
b1c35,636,charge-mid,5
b1c35,637,charge-mid,2
b1c35,640,charge-mid,2
b1c35,641,charge-mid,2
b1c35,642,charge-mid,1
b1c35,643,charge-mid,1
b1c36,569,charge-mid,21
b1c36,571,charge-mid,18
b1c36,572,charge-mid,17
b1c36,574,charge-mid,16
b1c36,575,charge-mid,14
b1c36,576,charge-mid,17
b1c36,577,charge-mid,15
b1c36,578,charge-mid,16
b1c36,580,charge-mid,18
b1c36,582,charge-mid,16
b1c36,586,charge-mid,17
b1c36,587,charge-mid,17
b1c36,590,charge-mid,17
b1c36,592,charge-mid,15
b1c36,593,charge-mid,16
b1c36,594,charge-mid,18
b1c36,597,charge-mid,14
b1c36,599,charge-mid,13
b1c36,600,charge-mid,14
b1c36,602,charge-mid,11
b1c36,605,charge-mid,14
b1c36,606,charge-mid,14
b1c36,608,charge-mid,13
b1c36,610,charge-mid,10
b1c36,612,charge-mid,11
b1c36,613,charge-mid,12
b1c36,615,charge-mid,11
b1c36,617,charge-mid,11
b1c36,620,charge-mid,9
b1c36,623,charge-mid,9
b1c36,628,charge-mid,10
b1c36,631,charge-mid,8
b1c36,633,charge-mid,10
b1c36,634,charge-mid,8
b1c36,635,charge-mid,9
b1c36,636,charge-mid,7
b1c36,639,charge-mid,7
b1c36,640,charge-mid,6
b1c36,644,charge-mid,8
b1c36,645,charge-mid,6
b1c36,646,charge-mid,6
b1c36,647,charge-mid,5
b1c36,652,charge-mid,5
b1c36,653,charge-mid,5
b1c36,654,charge-mid,5
b1c36,656,charge-mid,5
b1c36,659,charge-mid,4
b1c36,661,charge-mid,4
b1c36,662,charge-mid,5
b1c36,663,charge-mid,6
b1c36,667,charge-mid,2
b1c36,670,charge-mid,2
b1c36,671,charge-mid,4
b1c36,677,charge-mid,2
b1c36,678,charge-mid,2
b1c36,679,charge-mid,1
b1c37,490,charge-mid,16
b1c37,530,charge-mid,16
b1c37,532,charge-mid,16
b1c37,533,charge-mid,21
b1c37,534,charge-mid,16
b1c37,535,charge-mid,16
b1c37,536,charge-mid,16
b1c37,537,charge-mid,17
b1c37,539,charge-mid,13
b1c37,540,charge-mid,12
b1c37,543,charge-mid,16
b1c37,544,charge-mid,14
b1c37,548,charge-mid,14
b1c37,549,charge-mid,16
b1c37,554,charge-mid,13
b1c37,558,charge-mid,13
b1c37,562,charge-mid,16
b1c37,564,charge-mid,12
b1c37,565,charge-mid,17
b1c37,568,charge-mid,14
b1c37,571,charge-mid,11
b1c37,572,charge-mid,11
b1c37,573,charge-mid,9
b1c37,574,charge-mid,9
b1c37,575,charge-mid,9
b1c37,579,charge-mid,7
b1c37,580,charge-mid,9
b1c37,582,charge-mid,12
b1c37,584,charge-mid,11
b1c37,585,charge-mid,8
b1c37,586,charge-mid,10
b1c37,587,charge-mid,7
b1c37,588,charge-mid,7
b1c37,590,charge-mid,10
b1c37,593,charge-mid,7
b1c37,595,charge-mid,6
b1c37,597,charge-mid,8
b1c37,599,charge-mid,7
b1c37,600,charge-mid,4
b1c37,602,charge-mid,5
b1c37,605,charge-mid,4
b1c37,607,charge-mid,6
b1c37,608,charge-mid,5
b1c37,611,charge-mid,4
b1c37,612,charge-mid,3
b1c37,613,charge-mid,2
b1c37,614,charge-mid,4
b1c37,619,charge-mid,2
b1c37,620,charge-mid,4
b1c37,621,charge-mid,2
b1c37,622,charge-mid,3
b1c37,624,charge-mid,3
b1c37,625,charge-mid,2
b1c37,626,charge-mid,1
b1c37,627,charge-mid,2
b1c37,628,charge-mid,1
b1c37,630,charge-mid,2
b1c38,507,charge-mid,16
b1c38,512,charge-mid,6
b1c38,514,charge-mid,14
b1c38,515,charge-mid,12
b1c38,516,charge-mid,13
b1c38,517,charge-mid,18
b1c38,518,charge-mid,15
b1c38,521,charge-mid,11
b1c38,524,charge-mid,10
b1c38,527,charge-mid,13
b1c38,528,charge-mid,15
b1c38,530,charge-mid,15
b1c38,531,charge-mid,13
b1c38,534,charge-mid,11
b1c38,535,charge-mid,10
b1c38,536,charge-mid,11
b1c38,539,charge-mid,10
b1c38,540,charge-mid,11
b1c38,541,charge-mid,10
b1c38,542,charge-mid,9
b1c38,543,charge-mid,9
b1c38,545,charge-mid,8
b1c38,548,charge-mid,7
b1c38,549,charge-mid,7
b1c38,550,charge-mid,8
b1c38,552,charge-mid,7
b1c38,555,charge-mid,10
b1c38,557,charge-mid,7
b1c38,560,charge-mid,6
b1c38,561,charge-mid,8
b1c38,562,charge-mid,8
b1c38,563,charge-mid,4
b1c38,564,charge-mid,6
b1c38,567,charge-mid,4
b1c38,569,charge-mid,4
b1c38,571,charge-mid,2
b1c38,572,charge-mid,4
b1c38,573,charge-mid,3
b1c38,575,charge-mid,4
b1c38,576,charge-mid,2
b1c38,578,charge-mid,3
b1c38,579,charge-mid,3
b1c38,580,charge-mid,3
b1c38,581,charge-mid,3
b1c38,582,charge-mid,2
b1c38,586,charge-mid,1
b1c38,588,charge-mid,2
b1c38,590,charge-mid,4
b1c38,592,charge-mid,2
b1c38,593,charge-mid,3
b1c38,594,charge-mid,2
b1c39,483,charge-mid,20
b1c39,486,charge-mid,19
b1c39,498,charge-mid,18
b1c39,499,charge-mid,16
b1c39,500,charge-mid,14
b1c39,501,charge-mid,14
b1c39,502,charge-mid,17
b1c39,505,charge-mid,3
b1c39,509,charge-mid,9
b1c39,513,charge-mid,11
b1c39,515,charge-mid,10
b1c39,517,charge-mid,10
b1c39,518,charge-mid,14
b1c39,520,charge-mid,13
b1c39,524,charge-mid,12
b1c39,525,charge-mid,12
b1c39,529,charge-mid,9
b1c39,533,charge-mid,6
b1c39,536,charge-mid,6
b1c39,537,charge-mid,6
b1c39,538,charge-mid,6
b1c39,540,charge-mid,6
b1c39,541,charge-mid,5
b1c39,543,charge-mid,4
b1c39,544,charge-mid,4
b1c39,546,charge-mid,6
b1c39,547,charge-mid,5
b1c39,549,charge-mid,7
b1c39,550,charge-mid,6
b1c39,552,charge-mid,4
b1c39,553,charge-mid,5
b1c39,554,charge-mid,4
b1c39,555,charge-mid,4
b1c39,557,charge-mid,2
b1c39,559,charge-mid,1
b1c39,560,charge-mid,3
b1c39,562,charge-mid,2
b1c39,563,charge-mid,1
b1c44,109,charge-mid,9
b1c44,110,charge-mid,6
b1c44,111,charge-mid,6
b1c44,112,charge-mid,9
b1c44,115,charge-mid,7
b1c44,116,charge-mid,7
b1c44,118,charge-mid,9
b1c44,120,charge-mid,7
b1c44,122,charge-mid,6
b1c44,124,charge-mid,7
b1c44,126,charge-mid,7
b1c44,135,charge-mid,9
b1c44,137,charge-mid,7
b1c44,140,charge-mid,7
b1c44,141,charge-mid,5
b1c44,144,charge-mid,6
b1c44,146,charge-mid,6
b1c44,148,charge-mid,9
b1c44,152,charge-mid,9
b1c44,153,charge-mid,6
b1c44,155,charge-mid,5
b1c44,158,charge-mid,6
b1c44,161,charge-mid,6
b1c44,162,charge-mid,6
b1c44,165,charge-mid,5
b1c44,166,charge-mid,6
b1c44,168,charge-mid,8
b1c44,169,charge-mid,6
b1c44,170,charge-mid,6
b1c44,173,charge-mid,5
b1c44,174,charge-mid,8
b1c44,176,charge-mid,8
b1c44,177,charge-mid,6
b1c44,183,charge-mid,5
b1c44,184,charge-mid,6
b1c44,185,charge-mid,3
b1c44,191,charge-mid,4
b1c44,197,charge-mid,5
b1c44,200,charge-mid,3
b1c44,202,charge-mid,7
b1c44,203,charge-mid,4
b1c44,204,charge-mid,7
b1c44,205,charge-mid,8
b1c44,207,charge-mid,9
b1c44,208,charge-mid,6
b1c44,210,charge-mid,4
b1c44,211,charge-mid,4
b1c44,212,charge-mid,5
b1c44,215,charge-mid,3
b1c44,216,charge-mid,5
b1c44,217,charge-mid,3
b1c44,218,charge-mid,3
b1c44,219,charge-mid,3
b1c44,220,charge-mid,3
b1c44,221,charge-mid,5
b1c44,224,charge-mid,4
b1c44,228,charge-mid,3
b1c44,230,charge-mid,5
b1c44,232,charge-mid,5
b1c44,234,charge-mid,5
b1c44,238,charge-mid,4
b1c44,239,charge-mid,3
b1c44,243,charge-mid,4
b1c44,246,charge-mid,5
b1c44,247,charge-mid,3
b1c44,250,charge-mid,5
b1c44,253,charge-mid,4
b1c44,255,charge-mid,4
b1c44,257,charge-mid,5
b1c44,259,charge-mid,5
b1c44,260,charge-mid,4
b1c44,262,charge-mid,6
b1c44,263,charge-mid,5
b1c44,265,charge-mid,5
b1c44,266,charge-mid,4
b1c44,276,charge-mid,2
b1c44,279,charge-mid,5
b1c44,280,charge-mid,4
b1c44,281,charge-mid,3
b1c44,282,charge-mid,3
b1c44,284,charge-mid,2
b1c44,285,charge-mid,3
b1c44,288,charge-mid,3
b1c44,291,charge-mid,6
b1c44,294,charge-mid,3
b1c44,302,charge-mid,4
b1c44,305,charge-mid,2
b1c44,306,charge-mid,4
b1c44,309,charge-mid,3
b1c44,310,charge-mid,2
b1c44,311,charge-mid,3
b1c44,312,charge-mid,2
b1c44,314,charge-mid,4
b1c44,315,charge-mid,3
b1c44,318,charge-mid,4
b1c44,319,charge-mid,4
b1c44,324,charge-mid,2
b1c44,325,charge-mid,2
b1c44,327,charge-mid,2
b1c44,329,charge-mid,1
b1c44,331,charge-mid,2
b1c44,333,charge-mid,2
b1c44,334,charge-mid,4
b1c44,336,charge-mid,7
b1c44,339,charge-mid,6
b1c44,341,charge-mid,5
b1c44,343,charge-mid,8
b1c44,349,charge-mid,9
b1c44,350,charge-mid,8
b1c44,352,charge-mid,5
b1c44,353,charge-mid,5
b1c44,354,charge-mid,5
b1c44,357,charge-mid,4
b1c44,361,charge-mid,3
b1c44,364,charge-mid,6
b1c44,366,charge-mid,4
b1c44,372,charge-mid,7
b1c44,373,charge-mid,6
b1c44,374,charge-mid,6
b1c44,377,charge-mid,7
b1c44,379,charge-mid,5
b1c44,387,charge-mid,2
b1c44,388,charge-mid,4
b1c44,389,charge-mid,3
b1c44,391,charge-mid,5
b1c44,393,charge-mid,4
b1c44,395,charge-mid,5
b1c44,396,charge-mid,2
b1c44,403,charge-mid,5
b1c44,405,charge-mid,7
b1c44,412,charge-mid,1
b1c44,413,charge-mid,2
b1c44,415,charge-mid,2
b1c44,416,charge-mid,2
b1c44,417,charge-mid,1
b1c44,418,charge-mid,4
b1c44,420,charge-mid,3
b1c44,421,charge-mid,1
b1c44,422,charge-mid,1
b1c44,427,charge-mid,4
b1c44,429,charge-mid,2
b1c44,430,charge-mid,2
b1c44,432,charge-mid,4
b1c44,433,charge-mid,3
b1c44,434,charge-mid,2
b1c45,200,charge-mid,10
b1c45,212,charge-mid,9
b1c45,216,charge-mid,7
b1c45,219,charge-mid,6
b1c45,220,charge-mid,9
b1c45,221,charge-mid,8
b1c45,223,charge-mid,6
b1c45,224,charge-mid,9
b1c45,226,charge-mid,7
b1c45,230,charge-mid,7
b1c45,231,charge-mid,8
b1c45,232,charge-mid,9
b1c45,233,charge-mid,8
b1c45,234,charge-mid,9
b1c45,236,charge-mid,9
b1c45,238,charge-mid,6
b1c45,240,charge-mid,4
b1c45,245,charge-mid,6
b1c45,247,charge-mid,8
b1c45,248,charge-mid,7
b1c45,250,charge-mid,7
b1c45,252,charge-mid,5
b1c45,254,charge-mid,6
b1c45,255,charge-mid,5
b1c45,257,charge-mid,4
b1c45,258,charge-mid,6
b1c45,259,charge-mid,4
b1c45,260,charge-mid,6
b1c45,261,charge-mid,7
b1c45,266,charge-mid,8
b1c45,267,charge-mid,4
b1c45,268,charge-mid,6
b1c45,270,charge-mid,4
b1c45,273,charge-mid,6
b1c45,274,charge-mid,6
b1c45,276,charge-mid,6
b1c45,277,charge-mid,3
b1c45,278,charge-mid,6
b1c45,279,charge-mid,7
b1c45,282,charge-mid,5
b1c45,283,charge-mid,5
b1c45,287,charge-mid,6
b1c45,288,charge-mid,7
b1c45,289,charge-mid,5
b1c45,292,charge-mid,6
b1c45,294,charge-mid,6
b1c45,295,charge-mid,7
b1c45,296,charge-mid,5
b1c45,297,charge-mid,7
b1c45,301,charge-mid,5
b1c45,303,charge-mid,4
b1c45,304,charge-mid,5
b1c45,310,charge-mid,3
b1c45,311,charge-mid,4
b1c45,312,charge-mid,3
b1c45,314,charge-mid,3
b1c45,315,charge-mid,4
b1c45,316,charge-mid,5
b1c45,319,charge-mid,4
b1c45,321,charge-mid,6
b1c45,323,charge-mid,5
b1c45,324,charge-mid,5
b1c45,325,charge-mid,5
b1c45,331,charge-mid,3
b1c45,332,charge-mid,3
b1c45,333,charge-mid,4
b1c45,336,charge-mid,6
b1c45,339,charge-mid,6
b1c45,340,charge-mid,7
b1c45,343,charge-mid,6
b1c45,352,charge-mid,9
b1c45,353,charge-mid,6
b1c45,355,charge-mid,4
b1c45,357,charge-mid,4
b1c45,358,charge-mid,6
b1c45,360,charge-mid,6
b1c45,364,charge-mid,6
b1c45,366,charge-mid,5
b1c45,369,charge-mid,5
b1c45,370,charge-mid,6
b1c45,372,charge-mid,5
b1c45,373,charge-mid,7
b1c45,374,charge-mid,8
b1c45,376,charge-mid,7
b1c45,378,charge-mid,6
b1c45,379,charge-mid,7
b1c45,383,charge-mid,3
b1c45,385,charge-mid,6
b1c45,391,charge-mid,3
b1c45,392,charge-mid,4
b1c45,393,charge-mid,3
b1c45,394,charge-mid,4
b1c45,396,charge-mid,6
b1c45,398,charge-mid,2
b1c45,401,charge-mid,5
b1c45,404,charge-mid,5
b1c45,405,charge-mid,4
b1c45,411,charge-mid,3
b1c45,413,charge-mid,3
b1c45,414,charge-mid,3
b1c45,415,charge-mid,1
b1c45,417,charge-mid,3
b1c45,419,charge-mid,3
b1c45,420,charge-mid,1
b1c45,421,charge-mid,1
b1c45,422,charge-mid,2
b1c45,423,charge-mid,2
b1c45,426,charge-mid,1
b1c45,430,charge-mid,3
b1c45,432,charge-mid,2
b1c45,433,charge-mid,3
b1c45,434,charge-mid,3
b1c45,435,charge-mid,2
b1c45,436,charge-mid,3
b1c45,437,charge-mid,1
b1c45,438,charge-mid,2
b2c0,167,charge-mid,194
b2c0,172,charge-mid,194
b2c0,175,charge-mid,206
b2c0,176,charge-mid,194
b2c0,177,charge-mid,194
b2c0,178,charge-mid,200
b2c0,181,charge-mid,202
b2c0,182,charge-mid,193
b2c0,183,charge-mid,193
b2c0,184,charge-mid,205
b2c0,185,charge-mid,207
b2c0,186,charge-mid,205
b2c0,187,charge-mid,210
b2c0,188,charge-mid,195
b2c0,190,charge-mid,196
b2c0,191,charge-mid,193
b2c0,194,charge-mid,195
b2c0,195,charge-mid,217
b2c0,196,charge-mid,200
b2c0,198,charge-mid,210
b2c0,199,charge-mid,202
b2c0,200,charge-mid,198
b2c0,201,charge-mid,226
b2c0,202,charge-mid,205
b2c0,203,charge-mid,216
b2c0,204,charge-mid,221
b2c0,205,charge-mid,198
b2c0,206,charge-mid,206
b2c0,207,charge-mid,223
b2c0,208,charge-mid,216
b2c0,209,charge-mid,200
b2c0,210,charge-mid,225
b2c0,211,charge-mid,214
b2c0,212,charge-mid,213
b2c0,213,charge-mid,228
b2c0,214,charge-mid,213
b2c0,215,charge-mid,224
b2c0,216,charge-mid,225
b2c0,217,charge-mid,215
b2c0,218,charge-mid,207
b2c0,219,charge-mid,224
b2c0,220,charge-mid,215
b2c0,221,charge-mid,212
b2c0,222,charge-mid,230
b2c0,223,charge-mid,211
b2c0,224,charge-mid,220
b2c0,225,charge-mid,228
b2c0,226,charge-mid,223
b2c0,227,charge-mid,219
b2c0,228,charge-mid,228
b2c0,229,charge-mid,232
b2c0,230,charge-mid,215
b2c0,231,charge-mid,223
b2c0,232,charge-mid,220
b2c0,233,charge-mid,226
b2c0,234,charge-mid,231
b2c0,235,charge-mid,241
b2c0,236,charge-mid,237
b2c0,237,charge-mid,227
b2c0,238,charge-mid,222
b2c0,239,charge-mid,257
b2c0,240,charge-mid,230
b2c0,241,charge-mid,235
b2c0,242,charge-mid,251
b2c0,243,charge-mid,233
b2c0,244,charge-mid,233
b2c0,245,charge-mid,242
b2c0,246,charge-mid,235
b2c0,247,charge-mid,228
b2c0,248,charge-mid,249
b2c0,250,charge-mid,238
b2c0,251,charge-mid,229
b2c0,252,charge-mid,244
b2c0,253,charge-mid,239
b2c0,254,charge-mid,246
b2c0,255,charge-mid,251
b2c0,256,charge-mid,238
b2c0,257,charge-mid,242
b2c0,258,charge-mid,245
b2c0,259,charge-mid,243
b2c0,260,charge-mid,237
b2c0,261,charge-mid,258
b2c0,262,charge-mid,241
b2c0,263,charge-mid,246
b2c0,264,charge-mid,236
b2c0,265,charge-mid,251
b2c0,266,charge-mid,256
b2c0,267,charge-mid,246
b2c0,268,charge-mid,254
b2c0,269,charge-mid,250
b2c0,270,charge-mid,244
b2c0,271,charge-mid,251
b2c0,272,charge-mid,248
b2c0,273,charge-mid,238
b2c0,274,charge-mid,247
b2c0,275,charge-mid,247
b2c0,276,charge-mid,241
b2c0,277,charge-mid,246
b2c0,278,charge-mid,253
b2c0,279,charge-mid,234
b2c0,280,charge-mid,235
b2c0,281,charge-mid,253
b2c0,282,charge-mid,241
b2c0,283,charge-mid,246
b2c0,284,charge-mid,235
b2c0,285,charge-mid,233
b2c0,286,charge-mid,248
b2c0,287,charge-mid,256
b2c0,288,charge-mid,230
b2c0,289,charge-mid,240
b2c0,290,charge-mid,239
b2c0,291,charge-mid,236
b2c0,292,charge-mid,229
b2c0,293,charge-mid,246
b2c0,294,charge-mid,239
b2c0,295,charge-mid,235
b2c0,296,charge-mid,243
b2c0,297,charge-mid,238
b2c0,298,charge-mid,238
b2c0,299,charge-mid,233
b2c0,300,charge-mid,233
b2c0,301,charge-mid,234
b2c0,302,charge-mid,253
b2c0,303,charge-mid,237
b2c0,304,charge-mid,237
b2c0,305,charge-mid,238
b2c0,307,charge-mid,229
b2c0,308,charge-mid,223
b2c0,311,charge-mid,243
b2c0,313,charge-mid,233
b2c0,314,charge-mid,227
b2c0,315,charge-mid,234
b2c0,317,charge-mid,241
b2c0,320,charge-mid,244
b2c0,324,charge-mid,228
b2c1,149,charge-mid,194
b2c2,410,charge-mid,193
b2c2,422,charge-mid,196
b2c2,423,charge-mid,193
b2c2,424,charge-mid,197
b2c2,425,charge-mid,208
b2c2,426,charge-mid,193
b2c2,427,charge-mid,197
b2c2,430,charge-mid,203
b2c2,431,charge-mid,203
b2c2,432,charge-mid,199
b2c2,433,charge-mid,196
b2c2,434,charge-mid,200
b2c2,435,charge-mid,194
b2c2,436,charge-mid,198
b2c2,437,charge-mid,199
b2c2,438,charge-mid,204
b2c2,440,charge-mid,205
b2c2,441,charge-mid,218
b2c2,442,charge-mid,200
b2c2,443,charge-mid,210
b2c2,444,charge-mid,210
b2c2,445,charge-mid,204
b2c2,446,charge-mid,211
b2c2,447,charge-mid,217
b2c2,448,charge-mid,222
b2c2,450,charge-mid,211
b2c2,451,charge-mid,208
b2c2,452,charge-mid,208
b2c2,453,charge-mid,217
b2c2,454,charge-mid,212
b2c2,455,charge-mid,215
b2c2,456,charge-mid,217
b2c2,457,charge-mid,216
b2c2,458,charge-mid,209
b2c2,459,charge-mid,225
b2c2,460,charge-mid,215
b2c2,461,charge-mid,217
b2c2,462,charge-mid,235
b2c2,463,charge-mid,219
b2c3,6,charge-mid,208
b2c3,11,charge-mid,216
b2c3,29,charge-mid,635
b2c3,33,charge-mid,459
b2c3,34,charge-mid,258
b2c3,36,charge-mid,513
b2c3,38,charge-mid,323
b2c3,41,charge-mid,426
b2c3,42,charge-mid,375
b2c3,43,charge-mid,361
b2c3,44,charge-mid,337
b2c3,45,charge-mid,477
b2c3,46,charge-mid,372
b2c3,47,charge-mid,312
b2c3,48,charge-mid,351
b2c3,49,charge-mid,371
b2c3,50,charge-mid,224
b2c3,51,charge-mid,271
b2c3,52,charge-mid,244
b2c3,53,charge-mid,270
b2c3,54,charge-mid,208
b2c3,55,charge-mid,253
b2c3,212,charge-mid,196
b2c3,213,charge-mid,204
b2c3,222,charge-mid,200
b2c3,232,charge-mid,220
b2c3,238,charge-mid,209
b2c3,240,charge-mid,197
b2c3,241,charge-mid,208
b2c3,242,charge-mid,206
b2c3,243,charge-mid,210
b2c3,244,charge-mid,218
b2c3,245,charge-mid,197
b2c3,247,charge-mid,209
b2c3,251,charge-mid,205
b2c3,252,charge-mid,200
b2c3,253,charge-mid,205
b2c3,256,charge-mid,204
b2c3,257,charge-mid,203
b2c3,258,charge-mid,200
b2c3,259,charge-mid,219
b2c3,260,charge-mid,217
b2c3,261,charge-mid,203
b2c3,262,charge-mid,195
b2c3,263,charge-mid,204
b2c3,264,charge-mid,199
b2c3,265,charge-mid,204
b2c3,266,charge-mid,206
b2c3,267,charge-mid,195
b2c3,268,charge-mid,217
b2c3,269,charge-mid,197
b2c3,270,charge-mid,211
b2c3,271,charge-mid,199
b2c3,272,charge-mid,198
b2c3,273,charge-mid,202
b2c3,274,charge-mid,193
b2c3,275,charge-mid,201
b2c3,276,charge-mid,211
b2c3,277,charge-mid,209
b2c3,278,charge-mid,202
b2c3,279,charge-mid,204
b2c3,280,charge-mid,203
b2c3,281,charge-mid,217
b2c3,282,charge-mid,207
b2c3,283,charge-mid,204
b2c3,284,charge-mid,196
b2c3,285,charge-mid,202
b2c3,286,charge-mid,208
b2c3,287,charge-mid,205
b2c3,289,charge-mid,209
b2c3,290,charge-mid,211
b2c3,291,charge-mid,198
b2c3,292,charge-mid,217
b2c3,293,charge-mid,206
b2c3,294,charge-mid,225
b2c3,295,charge-mid,223
b2c3,296,charge-mid,214
b2c3,297,charge-mid,209
b2c3,298,charge-mid,226
b2c3,299,charge-mid,215
b2c3,300,charge-mid,224
b2c3,301,charge-mid,213
b2c3,302,charge-mid,211
b2c3,303,charge-mid,220
b2c3,304,charge-mid,227
b2c3,305,charge-mid,209
b2c3,306,charge-mid,226
b2c3,307,charge-mid,232
b2c3,309,charge-mid,229
b2c3,310,charge-mid,231
b2c3,311,charge-mid,236
b2c3,312,charge-mid,236
b2c3,313,charge-mid,224
b2c3,314,charge-mid,230
b2c3,315,charge-mid,226
b2c3,316,charge-mid,233
b2c3,317,charge-mid,234
b2c3,318,charge-mid,234
b2c3,319,charge-mid,241
b2c3,320,charge-mid,248
b2c3,321,charge-mid,241
b2c3,322,charge-mid,229
b2c3,323,charge-mid,239
b2c3,324,charge-mid,253
b2c3,325,charge-mid,223
b2c3,326,charge-mid,239
b2c3,327,charge-mid,235
b2c3,328,charge-mid,229
b2c3,329,charge-mid,247
b2c3,330,charge-mid,237
b2c3,331,charge-mid,233
b2c3,332,charge-mid,248
b2c3,333,charge-mid,240
b2c3,334,charge-mid,243
b2c3,335,charge-mid,255
b2c3,336,charge-mid,255
b2c3,337,charge-mid,233
b2c3,338,charge-mid,250
b2c3,339,charge-mid,254
b2c3,340,charge-mid,248
b2c3,341,charge-mid,240
b2c3,342,charge-mid,238
b2c3,343,charge-mid,237
b2c3,344,charge-mid,254
b2c3,345,charge-mid,242
b2c3,346,charge-mid,243
b2c3,347,charge-mid,241
b2c3,348,charge-mid,251
b2c3,349,charge-mid,248
b2c3,350,charge-mid,251
b2c3,351,charge-mid,242
b2c3,352,charge-mid,255
b2c3,353,charge-mid,235
b2c3,354,charge-mid,241
b2c3,355,charge-mid,249
b2c3,356,charge-mid,234
b2c3,357,charge-mid,233
b2c3,358,charge-mid,238
b2c3,359,charge-mid,241
b2c3,360,charge-mid,238
b2c4,396,charge-mid,198
b2c4,399,charge-mid,195
b2c4,400,charge-mid,193
b2c4,401,charge-mid,193
b2c4,402,charge-mid,195
b2c4,404,charge-mid,198
b2c4,405,charge-mid,194
b2c4,406,charge-mid,197
b2c4,407,charge-mid,202
b2c4,408,charge-mid,201
b2c4,409,charge-mid,195
b2c4,410,charge-mid,199
b2c4,411,charge-mid,198
b2c4,412,charge-mid,209
b2c4,413,charge-mid,206
b2c4,414,charge-mid,202
b2c4,415,charge-mid,207
b2c4,416,charge-mid,214
b2c4,417,charge-mid,204
b2c4,418,charge-mid,205
b2c4,419,charge-mid,200
b2c4,420,charge-mid,210
b2c4,421,charge-mid,203
b2c4,422,charge-mid,216
b2c4,423,charge-mid,217
b2c4,424,charge-mid,203
b2c4,425,charge-mid,216
b2c4,426,charge-mid,206
b2c4,427,charge-mid,212
b2c4,428,charge-mid,208
b2c4,429,charge-mid,215
b2c4,430,charge-mid,217
b2c4,431,charge-mid,213
b2c4,432,charge-mid,215
b2c4,433,charge-mid,208
b2c4,434,charge-mid,220
b2c4,435,charge-mid,214
b2c4,436,charge-mid,219
b2c4,437,charge-mid,218
b2c4,438,charge-mid,216
b2c4,439,charge-mid,215
b2c4,440,charge-mid,223
b2c4,441,charge-mid,220
b2c4,442,charge-mid,217
b2c4,443,charge-mid,216
b2c4,444,charge-mid,224
b2c4,445,charge-mid,217
b2c4,446,charge-mid,221
b2c4,447,charge-mid,230
b2c4,448,charge-mid,223
b2c4,449,charge-mid,234
b2c4,450,charge-mid,229
b2c4,451,charge-mid,228
b2c4,452,charge-mid,222
b2c4,453,charge-mid,233
b2c4,454,charge-mid,233
b2c4,455,charge-mid,232
b2c4,456,charge-mid,235
b2c4,457,charge-mid,238
b2c4,458,charge-mid,230
b2c4,459,charge-mid,229
b2c4,460,charge-mid,236
b2c4,461,charge-mid,233
b2c4,462,charge-mid,235
b2c4,463,charge-mid,242
b2c4,464,charge-mid,236
b2c4,465,charge-mid,242
b2c4,466,charge-mid,246
b2c4,467,charge-mid,243
b2c4,468,charge-mid,235
b2c4,469,charge-mid,251
b2c4,470,charge-mid,238
b2c6,2,charge-mid,1145
b2c6,5,charge-mid,944
b2c6,6,charge-mid,774
b2c6,7,charge-mid,693
b2c6,8,charge-mid,409
b2c6,9,charge-mid,365
b2c6,10,charge-mid,357
b2c6,11,charge-mid,242
b2c6,12,charge-mid,267
b2c6,13,charge-mid,272
b2c6,15,charge-mid,553
b2c6,16,charge-mid,289
b2c6,17,charge-mid,240
b2c6,18,charge-mid,890
b2c6,19,charge-mid,631
b2c6,20,charge-mid,460
b2c6,21,charge-mid,343
b2c6,22,charge-mid,289
b2c6,23,charge-mid,599
b2c6,24,charge-mid,388
b2c6,26,charge-mid,373
b2c6,27,charge-mid,306
b2c6,29,charge-mid,305
b2c6,32,charge-mid,221
b2c6,34,charge-mid,427
b2c6,35,charge-mid,314
b2c6,43,charge-mid,254
b2c6,44,charge-mid,252
b2c6,45,charge-mid,300
b2c6,46,charge-mid,272
b2c6,64,charge-mid,225
b2c6,74,charge-mid,202
b2c6,82,charge-mid,279
b2c6,83,charge-mid,306
b2c6,84,charge-mid,248
b2c6,85,charge-mid,286
b2c6,86,charge-mid,294
b2c6,88,charge-mid,280
b2c6,89,charge-mid,381
b2c6,90,charge-mid,328
b2c6,92,charge-mid,202
b2c6,93,charge-mid,287
b2c6,94,charge-mid,218
b2c6,96,charge-mid,262
b2c6,98,charge-mid,195
b2c6,99,charge-mid,211
b2c6,101,charge-mid,251
b2c6,135,charge-mid,228
b2c6,201,charge-mid,656
b2c6,203,charge-mid,269
b2c6,204,charge-mid,372
b2c6,205,charge-mid,499
b2c6,206,charge-mid,499
b2c6,207,charge-mid,323
b2c6,208,charge-mid,258
b2c6,209,charge-mid,215
b2c6,210,charge-mid,236
b2c6,211,charge-mid,203
b2c6,212,charge-mid,279
b2c6,213,charge-mid,196
b2c6,215,charge-mid,198
b2c6,218,charge-mid,211
b2c6,219,charge-mid,232
b2c6,220,charge-mid,205
b2c6,221,charge-mid,202
b2c6,255,charge-mid,196
b2c6,265,charge-mid,198
b2c6,266,charge-mid,252
b2c6,268,charge-mid,205
b2c6,269,charge-mid,194
b2c6,315,charge-mid,249
b2c6,316,charge-mid,244
b2c6,320,charge-mid,230
b2c6,321,charge-mid,241
b2c6,322,charge-mid,217
b2c6,323,charge-mid,297
b2c6,324,charge-mid,286
b2c6,325,charge-mid,273
b2c6,326,charge-mid,265
b2c6,327,charge-mid,244
b2c6,328,charge-mid,239
b2c6,329,charge-mid,221
b2c6,330,charge-mid,240
b2c6,331,charge-mid,220
b2c6,332,charge-mid,208
b2c6,333,charge-mid,211
b2c6,334,charge-mid,221
b2c6,335,charge-mid,231
b2c6,336,charge-mid,214
b2c6,337,charge-mid,209
b2c6,338,charge-mid,245
b2c6,339,charge-mid,222
b2c6,340,charge-mid,230
b2c6,341,charge-mid,240
b2c6,342,charge-mid,232
b2c6,343,charge-mid,250
b2c6,344,charge-mid,219
b2c6,345,charge-mid,220
b2c6,346,charge-mid,229
b2c6,347,charge-mid,213
b2c6,348,charge-mid,214
b2c6,349,charge-mid,214
b2c6,350,charge-mid,205
b2c6,351,charge-mid,207
b2c6,352,charge-mid,249
b2c6,353,charge-mid,232
b2c6,354,charge-mid,273
b2c6,355,charge-mid,204
b2c6,356,charge-mid,234
b2c6,357,charge-mid,210
b2c6,358,charge-mid,195
b2c6,359,charge-mid,231
b2c6,360,charge-mid,256
b2c6,361,charge-mid,233
b2c6,362,charge-mid,221
b2c6,363,charge-mid,218
b2c6,364,charge-mid,215
b2c6,365,charge-mid,222
b2c6,366,charge-mid,238
b2c6,367,charge-mid,229
b2c6,368,charge-mid,226
b2c6,369,charge-mid,225
b2c6,370,charge-mid,202
b2c6,371,charge-mid,226
b2c6,372,charge-mid,225
b2c6,373,charge-mid,211
b2c6,374,charge-mid,242
b2c6,375,charge-mid,244
b2c6,376,charge-mid,239
b2c6,377,charge-mid,228
b2c6,378,charge-mid,220
b2c6,379,charge-mid,232
b2c6,380,charge-mid,220
b2c6,381,charge-mid,231
b2c6,385,charge-mid,233
b2c6,386,charge-mid,241
b2c6,387,charge-mid,262
b2c6,388,charge-mid,235
b2c6,389,charge-mid,280
b2c6,390,charge-mid,237
b2c6,391,charge-mid,216
b2c6,392,charge-mid,241
b2c6,393,charge-mid,223
b2c6,394,charge-mid,237
b2c6,395,charge-mid,233
b2c6,396,charge-mid,228
b2c6,397,charge-mid,237
b2c6,398,charge-mid,234
b2c6,399,charge-mid,228
b2c6,400,charge-mid,227
b2c6,401,charge-mid,218
b2c6,402,charge-mid,229
b2c6,403,charge-mid,231
b2c6,404,charge-mid,225
b2c6,405,charge-mid,225
b2c6,406,charge-mid,224
b2c6,407,charge-mid,232
b2c6,408,charge-mid,229
b2c6,409,charge-mid,225
b2c6,410,charge-mid,239
b2c6,411,charge-mid,217
b2c6,412,charge-mid,222
b2c6,413,charge-mid,234
b2c6,414,charge-mid,222
b2c6,415,charge-mid,226
b2c6,416,charge-mid,232
b2c6,417,charge-mid,236
b2c6,418,charge-mid,253
b2c6,419,charge-mid,228
b2c6,420,charge-mid,238
b2c6,421,charge-mid,228
b2c6,422,charge-mid,221
b2c6,423,charge-mid,241
b2c6,424,charge-mid,253
b2c6,425,charge-mid,239
b2c6,426,charge-mid,305
b2c6,427,charge-mid,262
b2c6,428,charge-mid,262
b2c6,429,charge-mid,274
b2c6,430,charge-mid,255
b2c6,431,charge-mid,246
b2c6,432,charge-mid,259
b2c6,433,charge-mid,237
b2c6,434,charge-mid,249
b2c6,435,charge-mid,261
b2c6,436,charge-mid,307
b2c6,437,charge-mid,234
b2c6,438,charge-mid,248
b2c6,439,charge-mid,242
b2c6,440,charge-mid,242
b2c6,441,charge-mid,251
b2c6,442,charge-mid,254
b2c6,444,charge-mid,252
b2c6,445,charge-mid,299
b2c6,446,charge-mid,252
b2c6,447,charge-mid,246
b2c6,448,charge-mid,242
b2c6,449,charge-mid,249
b2c6,450,charge-mid,250
b2c6,451,charge-mid,253
b2c6,452,charge-mid,244
b2c6,453,charge-mid,249
b2c6,454,charge-mid,254
b2c6,455,charge-mid,263
b2c6,456,charge-mid,249
b2c6,457,charge-mid,244
b2c6,458,charge-mid,243
b2c6,459,charge-mid,246
b2c6,460,charge-mid,254
b2c6,461,charge-mid,242
b2c6,462,charge-mid,241
b2c6,463,charge-mid,260
b2c6,464,charge-mid,250
b2c6,465,charge-mid,253
b2c6,466,charge-mid,246
b2c6,467,charge-mid,263
b2c6,468,charge-mid,244
b2c6,469,charge-mid,253
b2c6,470,charge-mid,244
b2c6,471,charge-mid,253
b2c6,472,charge-mid,259
b2c6,473,charge-mid,243
b2c6,474,charge-mid,254
b2c6,475,charge-mid,255
b2c6,476,charge-mid,255
b2c6,477,charge-mid,255
b2c6,478,charge-mid,257
b2c6,479,charge-mid,253
b2c6,480,charge-mid,253
b2c6,481,charge-mid,255
b2c6,482,charge-mid,260
b2c6,483,charge-mid,258
b2c6,484,charge-mid,257
b2c6,485,charge-mid,266
b2c6,486,charge-mid,252
b2c6,487,charge-mid,267
b2c6,488,charge-mid,262
b2c6,489,charge-mid,262
b2c6,490,charge-mid,265
b2c6,491,charge-mid,260
b2c6,492,charge-mid,260
b2c6,493,charge-mid,262
b2c6,494,charge-mid,275
b2c6,495,charge-mid,273
b2c6,496,charge-mid,269
b2c6,497,charge-mid,263
b2c6,498,charge-mid,280
b2c6,499,charge-mid,270
b2c6,500,charge-mid,273
b2c6,501,charge-mid,279
b2c6,502,charge-mid,283
b2c6,503,charge-mid,293
b2c6,505,charge-mid,289
b2c6,507,charge-mid,278
b2c6,508,charge-mid,293
b2c6,510,charge-mid,305
b2c6,511,charge-mid,302
b2c6,512,charge-mid,321
b2c6,514,charge-mid,300
b2c6,515,charge-mid,299
b2c6,517,charge-mid,308
b2c6,520,charge-mid,300
b2c6,522,charge-mid,312
b2c6,525,charge-mid,315
b2c6,526,charge-mid,331
b2c6,529,charge-mid,314
b2c6,530,charge-mid,307
b2c6,531,charge-mid,303
b2c6,532,charge-mid,310
b2c6,534,charge-mid,300
b2c6,536,charge-mid,319
b2c6,542,charge-mid,313
b2c6,543,charge-mid,309
b2c6,544,charge-mid,307
b2c10,583,charge-mid,194
b2c11,470,charge-mid,195
b2c11,473,charge-mid,198
b2c11,475,charge-mid,195
b2c11,476,charge-mid,200
b2c11,477,charge-mid,199
b2c11,479,charge-mid,194
b2c11,480,charge-mid,196
b2c11,482,charge-mid,198
b2c11,483,charge-mid,193
b2c11,484,charge-mid,200
b2c11,485,charge-mid,193
b2c11,486,charge-mid,194
b2c11,488,charge-mid,203
b2c11,489,charge-mid,203
b2c11,490,charge-mid,205
b2c11,491,charge-mid,197
b2c11,492,charge-mid,206
b2c11,493,charge-mid,202
b2c11,494,charge-mid,201
b2c11,495,charge-mid,211
b2c11,496,charge-mid,208
b2c11,497,charge-mid,204
b2c11,498,charge-mid,206
b2c11,499,charge-mid,212
b2c11,500,charge-mid,200
b2c11,501,charge-mid,212
b2c11,502,charge-mid,215
b2c11,503,charge-mid,206
b2c11,504,charge-mid,211
b2c12,395,charge-mid,193
b2c12,396,charge-mid,202
b2c12,397,charge-mid,196
b2c12,398,charge-mid,197
b2c12,399,charge-mid,199
b2c12,400,charge-mid,199
b2c12,401,charge-mid,200
b2c12,402,charge-mid,201
b2c12,403,charge-mid,193
b2c12,404,charge-mid,206
b2c12,405,charge-mid,196
b2c12,406,charge-mid,207
b2c12,407,charge-mid,208
b2c12,408,charge-mid,205
b2c12,409,charge-mid,204
b2c12,410,charge-mid,203
b2c12,411,charge-mid,204
b2c12,412,charge-mid,208
b2c12,413,charge-mid,204
b2c12,414,charge-mid,202
b2c12,415,charge-mid,205
b2c12,416,charge-mid,205
b2c12,417,charge-mid,209
b2c12,418,charge-mid,202
b2c12,419,charge-mid,212
b2c12,420,charge-mid,208
b2c12,421,charge-mid,214
b2c12,422,charge-mid,212
b2c12,423,charge-mid,212
b2c12,424,charge-mid,217
b2c12,425,charge-mid,219
b2c12,426,charge-mid,219
b2c12,427,charge-mid,216
b2c12,428,charge-mid,215
b2c12,429,charge-mid,215
b2c12,430,charge-mid,216
b2c12,431,charge-mid,213
b2c12,432,charge-mid,219
b2c12,433,charge-mid,217
b2c12,434,charge-mid,218
b2c12,435,charge-mid,233
b2c12,436,charge-mid,216
b2c12,437,charge-mid,218
b2c12,438,charge-mid,223
b2c12,439,charge-mid,226
b2c12,440,charge-mid,220
b2c12,441,charge-mid,216
b2c12,442,charge-mid,228
b2c12,443,charge-mid,236
b2c12,444,charge-mid,231
b2c12,445,charge-mid,218
b2c12,446,charge-mid,224
b2c12,447,charge-mid,226
b2c12,448,charge-mid,230
b2c12,449,charge-mid,235
b2c12,450,charge-mid,225
b2c12,451,charge-mid,235
b2c12,452,charge-mid,229
b2c12,453,charge-mid,233
b2c12,454,charge-mid,226
b2c12,455,charge-mid,236
b2c12,456,charge-mid,232
b2c12,457,charge-mid,235
b2c12,458,charge-mid,225
b2c12,459,charge-mid,232
b2c12,460,charge-mid,234
b2c12,461,charge-mid,244
b2c12,462,charge-mid,236
b2c12,463,charge-mid,231
b2c12,464,charge-mid,236
b2c12,465,charge-mid,235
b2c12,466,charge-mid,238
b2c12,467,charge-mid,242
b2c12,468,charge-mid,231
b2c12,469,charge-mid,242
b2c12,470,charge-mid,240
b2c12,471,charge-mid,237
b2c12,472,charge-mid,246
b2c12,473,charge-mid,239
b2c12,474,charge-mid,243
b2c12,475,charge-mid,248
b2c12,476,charge-mid,246
b2c12,477,charge-mid,253
b2c12,478,charge-mid,247
b2c12,479,charge-mid,248
b2c12,480,charge-mid,245
b2c12,481,charge-mid,252
b2c12,482,charge-mid,252
b2c12,483,charge-mid,252
b2c12,484,charge-mid,252
b2c12,485,charge-mid,253
b2c12,486,charge-mid,248
b2c12,487,charge-mid,255
b2c12,488,charge-mid,258
b2c12,489,charge-mid,257
b2c12,490,charge-mid,255
b2c13,242,charge-mid,194
b2c13,257,charge-mid,194
b2c13,266,charge-mid,193
b2c13,268,charge-mid,196
b2c13,270,charge-mid,194
b2c13,271,charge-mid,193
b2c13,272,charge-mid,195
b2c13,275,charge-mid,193
b2c13,276,charge-mid,198
b2c13,277,charge-mid,201
b2c13,278,charge-mid,200
b2c13,279,charge-mid,200
b2c13,280,charge-mid,202
b2c13,282,charge-mid,195
b2c13,283,charge-mid,195
b2c13,284,charge-mid,197
b2c13,285,charge-mid,199
b2c13,286,charge-mid,194
b2c13,287,charge-mid,207
b2c13,288,charge-mid,201
b2c13,289,charge-mid,200
b2c13,290,charge-mid,203
b2c13,292,charge-mid,208
b2c13,293,charge-mid,202
b2c13,294,charge-mid,210
b2c13,295,charge-mid,209
b2c13,296,charge-mid,199
b2c13,297,charge-mid,203
b2c13,298,charge-mid,200
b2c13,299,charge-mid,199
b2c13,300,charge-mid,202
b2c13,301,charge-mid,206
b2c13,302,charge-mid,219
b2c13,303,charge-mid,209
b2c13,304,charge-mid,211
b2c13,305,charge-mid,207
b2c13,306,charge-mid,205
b2c13,307,charge-mid,202
b2c13,308,charge-mid,216
b2c13,309,charge-mid,216
b2c13,310,charge-mid,213
b2c13,311,charge-mid,213
b2c13,312,charge-mid,206
b2c13,313,charge-mid,219
b2c13,314,charge-mid,214
b2c13,315,charge-mid,212
b2c13,316,charge-mid,211
b2c13,317,charge-mid,215
b2c13,318,charge-mid,213
b2c13,319,charge-mid,214
b2c13,320,charge-mid,221
b2c13,321,charge-mid,216
b2c13,322,charge-mid,218
b2c13,323,charge-mid,220
b2c13,324,charge-mid,220
b2c13,325,charge-mid,219
b2c13,326,charge-mid,220
b2c13,327,charge-mid,222
b2c13,328,charge-mid,217
b2c13,329,charge-mid,218
b2c13,330,charge-mid,220
b2c13,331,charge-mid,217
b2c13,332,charge-mid,220
b2c13,333,charge-mid,230
b2c13,334,charge-mid,230
b2c13,335,charge-mid,218
b2c13,336,charge-mid,229
b2c13,337,charge-mid,216
b2c13,338,charge-mid,226
b2c13,339,charge-mid,218
b2c13,340,charge-mid,230
b2c13,341,charge-mid,229
b2c13,342,charge-mid,221
b2c13,343,charge-mid,221
b2c13,344,charge-mid,226
b2c13,345,charge-mid,226
b2c13,346,charge-mid,231
b2c13,347,charge-mid,229
b2c13,348,charge-mid,232
b2c13,349,charge-mid,223
b2c13,350,charge-mid,229
b2c13,351,charge-mid,225
b2c13,352,charge-mid,232
b2c13,353,charge-mid,224
b2c13,354,charge-mid,239
b2c13,355,charge-mid,229
b2c13,356,charge-mid,230
b2c13,357,charge-mid,232
b2c13,358,charge-mid,232
b2c13,359,charge-mid,228
b2c13,360,charge-mid,237
b2c13,361,charge-mid,240
b2c13,362,charge-mid,235
b2c13,363,charge-mid,230
b2c13,364,charge-mid,246
b2c13,365,charge-mid,235
b2c13,366,charge-mid,242
b2c13,367,charge-mid,239
b2c13,368,charge-mid,240
b2c13,369,charge-mid,241
b2c13,370,charge-mid,244
b2c13,371,charge-mid,230
b2c13,372,charge-mid,242
b2c13,373,charge-mid,242
b2c13,374,charge-mid,241
b2c13,375,charge-mid,236
b2c13,376,charge-mid,241
b2c13,377,charge-mid,252
b2c13,378,charge-mid,249
b2c13,379,charge-mid,251
b2c13,380,charge-mid,256
b2c13,381,charge-mid,242
b2c13,382,charge-mid,246
b2c13,383,charge-mid,247
b2c13,384,charge-mid,254
b2c13,385,charge-mid,244
b2c13,386,charge-mid,251
b2c13,387,charge-mid,251
b2c13,388,charge-mid,255
b2c13,389,charge-mid,248
b2c13,390,charge-mid,254
b2c13,391,charge-mid,260
b2c13,392,charge-mid,255
b2c13,393,charge-mid,262
b2c13,394,charge-mid,254
b2c13,395,charge-mid,260
b2c13,396,charge-mid,257
b2c13,397,charge-mid,264
b2c13,398,charge-mid,254
b2c13,399,charge-mid,256
b2c13,400,charge-mid,259
b2c13,401,charge-mid,257
b2c13,402,charge-mid,261
b2c13,403,charge-mid,260
b2c13,404,charge-mid,265
b2c13,405,charge-mid,266
b2c13,406,charge-mid,274
b2c13,407,charge-mid,268
b2c13,408,charge-mid,271
b2c13,409,charge-mid,269
b2c13,410,charge-mid,269
b2c13,411,charge-mid,271
b2c13,412,charge-mid,267
b2c13,413,charge-mid,280
b2c13,414,charge-mid,270
b2c13,415,charge-mid,272
b2c13,416,charge-mid,279
b2c13,417,charge-mid,277
b2c13,418,charge-mid,280
b2c13,419,charge-mid,279
b2c13,420,charge-mid,278
b2c13,421,charge-mid,274
b2c13,422,charge-mid,281
b2c13,423,charge-mid,276
b2c13,424,charge-mid,276
b2c13,425,charge-mid,281
b2c13,426,charge-mid,269
b2c13,427,charge-mid,271
b2c13,428,charge-mid,269
b2c13,429,charge-mid,267
b2c13,430,charge-mid,271
b2c13,431,charge-mid,276
b2c13,432,charge-mid,266
b2c13,433,charge-mid,276
b2c13,434,charge-mid,253
b2c13,435,charge-mid,262
b2c13,436,charge-mid,270
b2c13,437,charge-mid,263
b2c13,438,charge-mid,259
b2c13,439,charge-mid,255
b2c13,440,charge-mid,261
b2c13,441,charge-mid,262
b2c13,442,charge-mid,253
b2c13,443,charge-mid,257
b2c13,444,charge-mid,256
b2c13,445,charge-mid,255
b2c13,446,charge-mid,252
b2c13,447,charge-mid,250
b2c13,448,charge-mid,253
b2c13,449,charge-mid,253
b2c13,450,charge-mid,243
b2c13,451,charge-mid,247
b2c13,452,charge-mid,248
b2c13,453,charge-mid,255
b2c13,454,charge-mid,245
b2c13,455,charge-mid,243
b2c13,456,charge-mid,239
b2c13,457,charge-mid,240
b2c13,458,charge-mid,240
b2c13,459,charge-mid,240
b2c13,460,charge-mid,244
b2c13,461,charge-mid,243
b2c13,462,charge-mid,238
b2c13,463,charge-mid,234
b2c13,464,charge-mid,238
b2c13,465,charge-mid,235
b2c13,466,charge-mid,226
b2c13,467,charge-mid,228
b2c13,468,charge-mid,228
b2c13,469,charge-mid,229
b2c13,470,charge-mid,234
b2c13,471,charge-mid,227
b2c13,472,charge-mid,227
b2c13,473,charge-mid,229
b2c13,474,charge-mid,228
b2c13,475,charge-mid,228
b2c13,476,charge-mid,223
b2c13,477,charge-mid,220
b2c13,478,charge-mid,217
b2c13,479,charge-mid,230
b2c13,480,charge-mid,225
b2c13,481,charge-mid,230
b2c13,482,charge-mid,222
b2c13,483,charge-mid,220
b2c13,484,charge-mid,217
b2c13,485,charge-mid,214
b2c13,486,charge-mid,223
b2c13,487,charge-mid,213
b2c13,488,charge-mid,214
b2c13,489,charge-mid,217
b2c13,490,charge-mid,213
b2c13,491,charge-mid,214
b2c13,492,charge-mid,220
b2c13,493,charge-mid,212
b2c13,494,charge-mid,200
b2c13,495,charge-mid,211
b2c13,496,charge-mid,203
b2c13,497,charge-mid,207
b2c13,498,charge-mid,216
b2c13,499,charge-mid,205
b2c13,500,charge-mid,200
b2c13,501,charge-mid,199
b2c13,502,charge-mid,202
b2c13,503,charge-mid,198
b2c13,504,charge-mid,205
b2c13,505,charge-mid,200
b2c13,506,charge-mid,204
b2c13,507,charge-mid,195
b2c13,508,charge-mid,205
b2c13,509,charge-mid,202
b2c13,510,charge-mid,204
b2c13,511,charge-mid,200
b2c13,515,charge-mid,204
b2c13,517,charge-mid,202
b2c18,360,charge-mid,196
b2c18,372,charge-mid,194
b2c18,373,charge-mid,194
b2c18,374,charge-mid,200
b2c18,377,charge-mid,195
b2c18,380,charge-mid,196
b2c18,383,charge-mid,197
b2c18,384,charge-mid,198
b2c18,386,charge-mid,205
b2c18,387,charge-mid,197
b2c18,388,charge-mid,200
b2c18,389,charge-mid,214
b2c18,390,charge-mid,195
b2c18,391,charge-mid,194
b2c18,392,charge-mid,198
b2c18,393,charge-mid,196
b2c18,394,charge-mid,200
b2c18,395,charge-mid,206
b2c18,396,charge-mid,205
b2c18,397,charge-mid,209
b2c18,398,charge-mid,208
b2c18,399,charge-mid,199
b2c18,400,charge-mid,210
b2c18,401,charge-mid,207
b2c18,402,charge-mid,208
b2c18,403,charge-mid,194
b2c18,404,charge-mid,213
b2c18,405,charge-mid,206
b2c18,406,charge-mid,207
b2c18,407,charge-mid,219
b2c18,408,charge-mid,200
b2c18,409,charge-mid,219
b2c18,410,charge-mid,215
b2c18,411,charge-mid,208
b2c18,412,charge-mid,215
b2c18,413,charge-mid,221
b2c18,414,charge-mid,213
b2c18,415,charge-mid,206
b2c18,416,charge-mid,215
b2c18,417,charge-mid,221
b2c18,418,charge-mid,202
b2c18,419,charge-mid,217
b2c18,420,charge-mid,213
b2c18,421,charge-mid,206
b2c18,422,charge-mid,209
b2c18,423,charge-mid,198
b2c18,424,charge-mid,199
b2c18,425,charge-mid,198
b2c18,426,charge-mid,211
b2c18,427,charge-mid,193
b2c18,428,charge-mid,201
b2c18,429,charge-mid,210
b2c18,430,charge-mid,196
b2c18,431,charge-mid,198
b2c18,434,charge-mid,193
b2c18,435,charge-mid,196
b2c18,436,charge-mid,194
b2c18,438,charge-mid,208
b2c18,440,charge-mid,197
b2c18,441,charge-mid,194
b2c18,446,charge-mid,197
b2c19,202,charge-mid,193
b2c19,259,charge-mid,200
b2c23,247,charge-mid,308
b2c36,543,charge-mid,194
b2c36,548,charge-mid,193
b2c36,550,charge-mid,200
b2c36,552,charge-mid,195
b2c36,553,charge-mid,196
b2c36,555,charge-mid,200
b2c36,556,charge-mid,199
b2c36,557,charge-mid,195
b2c36,558,charge-mid,207
b2c36,559,charge-mid,201
b2c37,480,charge-mid,199
b2c37,482,charge-mid,199
b2c37,483,charge-mid,202
b2c37,484,charge-mid,200
b2c37,485,charge-mid,200
b2c37,486,charge-mid,211
b2c37,487,charge-mid,207
b2c37,488,charge-mid,207
b2c37,489,charge-mid,214
b2c37,491,charge-mid,217
b2c37,492,charge-mid,214
b2c37,493,charge-mid,221
b2c37,494,charge-mid,226
b2c37,495,charge-mid,221
b2c37,496,charge-mid,225
b2c37,497,charge-mid,231
b2c37,498,charge-mid,233
b2c37,499,charge-mid,232
b2c37,500,charge-mid,237
b2c37,501,charge-mid,227
b2c38,458,charge-mid,195
b2c38,461,charge-mid,196
b2c38,462,charge-mid,198
b2c38,463,charge-mid,199
b2c38,465,charge-mid,207
b2c38,466,charge-mid,208
b2c38,468,charge-mid,215
b2c38,470,charge-mid,216
b2c38,471,charge-mid,226
b2c38,472,charge-mid,217
b2c38,473,charge-mid,220
b2c38,474,charge-mid,222
b2c38,475,charge-mid,221
b2c38,476,charge-mid,228
b2c38,477,charge-mid,223
b2c38,478,charge-mid,229
b2c38,479,charge-mid,232
b2c38,480,charge-mid,231
b2c38,481,charge-mid,228
b2c38,482,charge-mid,241
b2c38,483,charge-mid,238
b2c38,484,charge-mid,229
b2c38,485,charge-mid,241
b2c38,486,charge-mid,233
b2c39,424,charge-mid,197
b2c39,425,charge-mid,193
b2c39,426,charge-mid,207
b2c39,427,charge-mid,202
b2c39,429,charge-mid,208
b2c39,430,charge-mid,216
b2c39,431,charge-mid,210
b2c39,432,charge-mid,212
b2c39,434,charge-mid,222
b2c39,436,charge-mid,224
b2c39,437,charge-mid,224
b2c39,439,charge-mid,229
b2c39,440,charge-mid,235
b2c39,442,charge-mid,231
b2c39,444,charge-mid,240
b2c39,445,charge-mid,245
b2c39,446,charge-mid,234
b2c39,448,charge-mid,254
b2c39,449,charge-mid,240
b2c39,450,charge-mid,242
b2c39,451,charge-mid,241
b2c39,453,charge-mid,241
b2c39,454,charge-mid,251
b2c39,455,charge-mid,245
b2c39,456,charge-mid,237
b2c39,457,charge-mid,243
b2c39,458,charge-mid,239
b2c39,459,charge-mid,243
b2c39,460,charge-mid,255
b2c39,461,charge-mid,248
b2c39,462,charge-mid,245
b2c39,463,charge-mid,248
b2c39,464,charge-mid,247
b2c39,465,charge-mid,240
b2c39,466,charge-mid,244
b2c39,467,charge-mid,244
b2c39,468,charge-mid,244
b2c39,469,charge-mid,236
b2c39,470,charge-mid,247
b2c39,471,charge-mid,236
b2c39,472,charge-mid,229
b2c39,473,charge-mid,244
b2c39,474,charge-mid,234
b2c39,475,charge-mid,235
b2c39,476,charge-mid,234
b2c39,477,charge-mid,244
b2c39,478,charge-mid,233
b2c39,479,charge-mid,242
b2c40,292,charge-mid,198
b2c41,47,charge-mid,209
b2c41,104,charge-mid,226
b2c41,105,charge-mid,194
b2c41,108,charge-mid,196
b2c41,115,charge-mid,235
b2c41,131,charge-mid,201
b2c41,136,charge-mid,248
b2c41,153,charge-mid,242
b2c41,219,charge-mid,208
b2c41,251,charge-mid,213
b2c41,283,charge-mid,203
b2c41,313,charge-mid,216
b2c41,340,charge-mid,195
b2c41,367,charge-mid,200
b2c41,416,charge-mid,213
b2c41,417,charge-mid,220
b2c41,418,charge-mid,240
b2c41,420,charge-mid,215
b2c41,441,charge-mid,218
b2c41,442,charge-mid,211
b2c41,444,charge-mid,218
b2c41,447,charge-mid,224
b2c43,486,charge-mid,200
b2c44,463,charge-mid,197
b2c46,197,charge-mid,205
b2c46,253,charge-mid,198
b2c46,362,charge-mid,199
b2c46,384,charge-mid,205
b2c46,400,charge-mid,194
b2c46,407,charge-mid,201
b2c46,409,charge-mid,202
b2c46,410,charge-mid,214
b2c46,424,charge-mid,224
b2c46,430,charge-mid,205
b2c46,432,charge-mid,227
b2c46,434,charge-mid,220
b2c46,435,charge-mid,219
b2c46,436,charge-mid,218
b2c46,437,charge-mid,229
b2c46,438,charge-mid,234
b2c47,45,charge-mid,232
b2c47,57,charge-mid,195
b2c47,86,charge-mid,202
b2c47,100,charge-mid,202
b2c47,110,charge-mid,193
b2c47,206,charge-mid,202
b2c47,210,charge-mid,193
b2c47,231,charge-mid,193
b2c47,284,charge-mid,222
b2c47,293,charge-mid,193
b2c47,303,charge-mid,225
b2c47,378,charge-mid,212
b2c47,382,charge-mid,206
b2c47,389,charge-mid,225
b2c47,390,charge-mid,245
b2c47,407,charge-mid,239
b2c47,431,charge-mid,274
b2c47,454,charge-mid,218
b2c47,455,charge-mid,240
b2c47,456,charge-mid,196
b2c47,457,charge-mid,196
b2c47,459,charge-mid,223
b2c47,483,charge-mid,198
b2c47,484,charge-mid,220
b2c47,493,charge-mid,254
b2c47,508,charge-mid,206
b2c47,510,charge-mid,211
b2c47,511,charge-mid,222
b2c47,618,charge-mid,243
b2c47,626,charge-mid,194
b2c47,627,charge-mid,208
b2c47,628,charge-mid,217
b2c47,643,charge-mid,258
b2c47,644,charge-mid,259
b2c47,648,charge-mid,249
b2c47,674,charge-mid,238
b2c47,675,charge-mid,250
b3c0,830,charge-mid,52
b3c0,834,charge-mid,52
b3c0,835,charge-mid,52
b3c0,844,charge-mid,52
b3c0,847,charge-mid,52
b3c0,851,charge-mid,52
b3c0,856,charge-mid,52
b3c0,858,charge-mid,52
b3c0,859,charge-mid,52
b3c0,861,charge-mid,52
b3c0,862,charge-mid,52
b3c0,863,charge-mid,52
b3c0,866,charge-mid,52
b3c0,868,charge-mid,52
b3c0,870,charge-mid,52
b3c0,871,charge-mid,52
b3c0,872,charge-mid,52
b3c0,873,charge-mid,52
b3c0,874,charge-mid,52
b3c0,875,charge-mid,52
b3c0,876,charge-mid,52
b3c0,877,charge-mid,52
b3c0,878,charge-mid,52
b3c0,879,charge-mid,52
b3c0,880,charge-mid,52
b3c0,881,charge-mid,52
b3c0,882,charge-mid,52
b3c0,883,charge-mid,52
b3c0,884,charge-mid,52
b3c0,885,charge-mid,52
b3c0,886,charge-mid,51
b3c0,887,charge-mid,52
b3c0,888,charge-mid,52
b3c0,889,charge-mid,52
b3c0,890,charge-mid,52
b3c0,891,charge-mid,52
b3c0,892,charge-mid,51
b3c0,893,charge-mid,52
b3c0,894,charge-mid,52
b3c0,895,charge-mid,52
b3c0,896,charge-mid,52
b3c0,897,charge-mid,51
b3c0,898,charge-mid,52
b3c0,899,charge-mid,52
b3c0,900,charge-mid,52
b3c0,901,charge-mid,52
b3c0,902,charge-mid,51
b3c0,903,charge-mid,51
b3c0,904,charge-mid,51
b3c0,905,charge-mid,52
b3c0,906,charge-mid,51
b3c0,907,charge-mid,51
b3c0,908,charge-mid,51
b3c0,909,charge-mid,51
b3c0,910,charge-mid,51
b3c0,911,charge-mid,51
b3c0,912,charge-mid,51
b3c0,913,charge-mid,51
b3c0,914,charge-mid,51
b3c0,915,charge-mid,51
b3c0,916,charge-mid,51
b3c0,917,charge-mid,51
b3c0,918,charge-mid,51
b3c0,919,charge-mid,51
b3c0,920,charge-mid,50
b3c0,921,charge-mid,50
b3c0,922,charge-mid,50
b3c0,923,charge-mid,51
b3c0,924,charge-mid,50
b3c0,925,charge-mid,51
b3c0,926,charge-mid,51
b3c0,927,charge-mid,51
b3c0,928,charge-mid,51
b3c0,929,charge-mid,51
b3c0,930,charge-mid,51
b3c0,931,charge-mid,50
b3c0,932,charge-mid,50
b3c0,933,charge-mid,51
b3c0,934,charge-mid,50
b3c0,935,charge-mid,50
b3c0,936,charge-mid,50
b3c0,937,charge-mid,51
b3c0,938,charge-mid,50
b3c0,939,charge-mid,50
b3c0,940,charge-mid,50
b3c0,941,charge-mid,50
b3c0,942,charge-mid,50
b3c0,943,charge-mid,50
b3c0,944,charge-mid,50
b3c0,945,charge-mid,49
b3c0,946,charge-mid,50
b3c0,947,charge-mid,49
b3c0,948,charge-mid,51
b3c0,949,charge-mid,50
b3c0,950,charge-mid,51
b3c0,951,charge-mid,50
b3c0,952,charge-mid,49
b3c0,953,charge-mid,50
b3c0,954,charge-mid,50
b3c0,955,charge-mid,50
b3c0,956,charge-mid,50
b3c0,957,charge-mid,49
b3c0,958,charge-mid,49
b3c0,959,charge-mid,49
b3c0,960,charge-mid,49
b3c0,961,charge-mid,49
b3c0,962,charge-mid,49
b3c0,963,charge-mid,49
b3c0,964,charge-mid,49
b3c0,965,charge-mid,49
b3c0,966,charge-mid,48
b3c0,967,charge-mid,49
b3c0,968,charge-mid,49
b3c0,969,charge-mid,49
b3c0,970,charge-mid,49
b3c0,971,charge-mid,48
b3c0,972,charge-mid,49
b3c0,973,charge-mid,50
b3c0,974,charge-mid,50
b3c0,975,charge-mid,49
b3c0,976,charge-mid,50
b3c0,977,charge-mid,50
b3c0,978,charge-mid,48
b3c0,979,charge-mid,50
b3c0,980,charge-mid,50
b3c0,981,charge-mid,51
b3c0,982,charge-mid,51
b3c0,983,charge-mid,51
b3c0,984,charge-mid,50
b3c0,985,charge-mid,50
b3c0,986,charge-mid,51
b3c0,987,charge-mid,50
b3c0,988,charge-mid,51
b3c0,989,charge-mid,51
b3c0,990,charge-mid,50
b3c0,991,charge-mid,51
b3c0,992,charge-mid,52
b3c0,993,charge-mid,52
b3c0,994,charge-mid,52
b3c0,995,charge-mid,51
b3c0,997,charge-mid,52
b3c0,998,charge-mid,52
b3c1,1018,charge-mid,52
b3c1,1020,charge-mid,52
b3c1,1022,charge-mid,52
b3c1,1023,charge-mid,52
b3c1,1026,charge-mid,51
b3c1,1028,charge-mid,52
b3c1,1032,charge-mid,52
b3c1,1033,charge-mid,52
b3c1,1034,charge-mid,50
b3c1,1035,charge-mid,52
b3c1,1036,charge-mid,52
b3c1,1037,charge-mid,52
b3c1,1038,charge-mid,50
b3c1,1039,charge-mid,51
b3c1,1040,charge-mid,52
b3c1,1041,charge-mid,51
b3c1,1042,charge-mid,51
b3c1,1043,charge-mid,52
b3c1,1044,charge-mid,50
b3c1,1045,charge-mid,51
b3c1,1046,charge-mid,50
b3c1,1047,charge-mid,50
b3c1,1049,charge-mid,52
b3c2,1172,charge-mid,52
b3c2,1174,charge-mid,52
b3c2,1176,charge-mid,52
b3c2,1177,charge-mid,52
b3c2,1178,charge-mid,52
b3c2,1179,charge-mid,52
b3c2,1180,charge-mid,52
b3c2,1181,charge-mid,52
b3c2,1182,charge-mid,52
b3c2,1183,charge-mid,52
b3c2,1184,charge-mid,52
b3c2,1185,charge-mid,52
b3c2,1187,charge-mid,52
b3c2,1188,charge-mid,52
b3c2,1195,charge-mid,52
b3c2,1196,charge-mid,52
b3c2,1197,charge-mid,52
b3c2,1198,charge-mid,52
b3c2,1199,charge-mid,52
b3c2,1200,charge-mid,52
b3c2,1201,charge-mid,52
b3c2,1202,charge-mid,52
b3c2,1203,charge-mid,52
b3c2,1204,charge-mid,52
b3c2,1205,charge-mid,52
b3c2,1206,charge-mid,52
b3c2,1207,charge-mid,52
b3c2,1208,charge-mid,52
b3c2,1209,charge-mid,52
b3c2,1210,charge-mid,52
b3c2,1211,charge-mid,52
b3c2,1212,charge-mid,52
b3c2,1214,charge-mid,51
b3c2,1215,charge-mid,51
b3c2,1216,charge-mid,51
b3c2,1217,charge-mid,51
b3c2,1218,charge-mid,51
b3c2,1219,charge-mid,51
b3c2,1220,charge-mid,51
b3c2,1221,charge-mid,51
b3c2,1222,charge-mid,51
b3c2,1223,charge-mid,51
b3c2,1224,charge-mid,51
b3c2,1225,charge-mid,51
b3c2,1227,charge-mid,51
b3c2,1228,charge-mid,51
b3c2,1229,charge-mid,51
b3c2,1230,charge-mid,51
b3c2,1231,charge-mid,52
b3c2,1232,charge-mid,51
b3c2,1233,charge-mid,51
b3c2,1234,charge-mid,51
b3c2,1235,charge-mid,51
b3c2,1236,charge-mid,51
b3c2,1237,charge-mid,51
b3c2,1238,charge-mid,51
b3c2,1239,charge-mid,51
b3c2,1240,charge-mid,51
b3c2,1241,charge-mid,51
b3c2,1242,charge-mid,51
b3c2,1243,charge-mid,51
b3c2,1244,charge-mid,51
b3c2,1245,charge-mid,51
b3c2,1246,charge-mid,51
b3c2,1247,charge-mid,51
b3c2,1248,charge-mid,51
b3c2,1249,charge-mid,51
b3c2,1250,charge-mid,51
b3c2,1251,charge-mid,50
b3c2,1252,charge-mid,50
b3c2,1253,charge-mid,50
b3c2,1254,charge-mid,50
b3c2,1255,charge-mid,50
b3c2,1256,charge-mid,50
b3c2,1257,charge-mid,52
b3c2,1258,charge-mid,50
b3c2,1259,charge-mid,50
b3c2,1260,charge-mid,50
b3c2,1261,charge-mid,50
b3c2,1262,charge-mid,50
b3c2,1263,charge-mid,50
b3c2,1264,charge-mid,50
b3c2,1265,charge-mid,50
b3c4,987,charge-mid,52
b3c4,988,charge-mid,52
b3c4,989,charge-mid,52
b3c4,990,charge-mid,52
b3c4,991,charge-mid,52
b3c4,992,charge-mid,52
b3c4,994,charge-mid,52
b3c4,995,charge-mid,52
b3c4,1000,charge-mid,52
b3c4,1001,charge-mid,52
b3c4,1002,charge-mid,52
b3c4,1003,charge-mid,52
b3c4,1004,charge-mid,52
b3c4,1005,charge-mid,52
b3c4,1006,charge-mid,52
b3c4,1007,charge-mid,52
b3c4,1008,charge-mid,52
b3c4,1009,charge-mid,52
b3c4,1010,charge-mid,52
b3c4,1011,charge-mid,52
b3c4,1012,charge-mid,51
b3c4,1013,charge-mid,51
b3c4,1014,charge-mid,51
b3c4,1015,charge-mid,51
b3c4,1016,charge-mid,51
b3c4,1017,charge-mid,51
b3c4,1018,charge-mid,52
b3c4,1019,charge-mid,51
b3c4,1020,charge-mid,51
b3c4,1021,charge-mid,51
b3c4,1022,charge-mid,51
b3c4,1023,charge-mid,52
b3c4,1024,charge-mid,51
b3c4,1025,charge-mid,51
b3c4,1026,charge-mid,51
b3c4,1027,charge-mid,51
b3c4,1028,charge-mid,51
b3c4,1029,charge-mid,51
b3c4,1030,charge-mid,51
b3c4,1031,charge-mid,51
b3c4,1032,charge-mid,51
b3c4,1033,charge-mid,51
b3c4,1034,charge-mid,51
b3c4,1035,charge-mid,51
b3c4,1036,charge-mid,51
b3c4,1037,charge-mid,50
b3c4,1038,charge-mid,50
b3c4,1039,charge-mid,50
b3c4,1040,charge-mid,50
b3c4,1041,charge-mid,50
b3c4,1042,charge-mid,50
b3c4,1043,charge-mid,50
b3c4,1044,charge-mid,50
b3c4,1045,charge-mid,50
b3c4,1046,charge-mid,50
b3c7,1831,charge-mid,52
b3c8,678,charge-mid,52
b3c8,683,charge-mid,52
b3c8,687,charge-mid,52
b3c8,691,charge-mid,52
b3c8,693,charge-mid,52
b3c8,694,charge-mid,52
b3c8,695,charge-mid,52
b3c8,696,charge-mid,52
b3c8,697,charge-mid,52
b3c8,698,charge-mid,52
b3c8,700,charge-mid,52
b3c8,701,charge-mid,52
b3c8,702,charge-mid,52
b3c8,704,charge-mid,52
b3c8,705,charge-mid,52
b3c8,706,charge-mid,52
b3c8,707,charge-mid,52
b3c8,708,charge-mid,52
b3c8,709,charge-mid,52
b3c8,710,charge-mid,52
b3c8,711,charge-mid,52
b3c8,712,charge-mid,52
b3c8,713,charge-mid,52
b3c8,714,charge-mid,52
b3c8,715,charge-mid,52
b3c8,716,charge-mid,52
b3c8,717,charge-mid,52
b3c8,718,charge-mid,52
b3c8,719,charge-mid,52
b3c8,721,charge-mid,52
b3c8,722,charge-mid,52
b3c8,723,charge-mid,52
b3c8,724,charge-mid,52
b3c8,725,charge-mid,52
b3c8,726,charge-mid,51
b3c8,727,charge-mid,52
b3c8,728,charge-mid,52
b3c8,729,charge-mid,51
b3c8,730,charge-mid,52
b3c8,731,charge-mid,52
b3c8,732,charge-mid,52
b3c8,733,charge-mid,51
b3c8,734,charge-mid,51
b3c8,735,charge-mid,52
b3c8,736,charge-mid,52
b3c8,737,charge-mid,51
b3c8,738,charge-mid,51
b3c8,739,charge-mid,52
b3c8,740,charge-mid,51
b3c8,741,charge-mid,52
b3c8,742,charge-mid,52
b3c8,743,charge-mid,51
b3c8,744,charge-mid,52
b3c8,745,charge-mid,52
b3c8,746,charge-mid,51
b3c8,747,charge-mid,51
b3c8,748,charge-mid,51
b3c8,749,charge-mid,51
b3c8,750,charge-mid,51
b3c8,751,charge-mid,51
b3c8,752,charge-mid,51
b3c8,753,charge-mid,51
b3c8,754,charge-mid,51
b3c8,755,charge-mid,51
b3c8,756,charge-mid,51
b3c8,757,charge-mid,51
b3c8,758,charge-mid,50
b3c8,760,charge-mid,51
b3c8,762,charge-mid,51
b3c8,763,charge-mid,51
b3c8,764,charge-mid,50
b3c8,765,charge-mid,50
b3c8,766,charge-mid,50
b3c8,767,charge-mid,50
b3c8,768,charge-mid,51
b3c8,769,charge-mid,50
b3c8,773,charge-mid,50
b3c8,774,charge-mid,51
b3c8,775,charge-mid,50
b3c8,776,charge-mid,49
b3c8,777,charge-mid,49
b3c8,778,charge-mid,50
b3c8,779,charge-mid,50
b3c8,780,charge-mid,50
b3c8,781,charge-mid,50
b3c8,782,charge-mid,49
b3c8,783,charge-mid,49
b3c8,784,charge-mid,49
b3c8,785,charge-mid,50
b3c8,786,charge-mid,50
b3c8,790,charge-mid,49
b3c8,791,charge-mid,51
b3c8,792,charge-mid,50
b3c8,793,charge-mid,51
b3c8,794,charge-mid,50
b3c8,795,charge-mid,51
b3c8,796,charge-mid,50
b3c8,797,charge-mid,50
b3c8,798,charge-mid,50
b3c8,799,charge-mid,50
b3c8,800,charge-mid,50
b3c8,801,charge-mid,50
b3c8,805,charge-mid,52
b3c8,806,charge-mid,52
b3c8,807,charge-mid,51
b3c8,808,charge-mid,51
b3c8,811,charge-mid,52
b3c10,1074,charge-mid,52
b3c10,1075,charge-mid,52
b3c11,774,charge-mid,52
b3c11,775,charge-mid,52
b3c11,776,charge-mid,52
b3c11,777,charge-mid,52
b3c11,778,charge-mid,52
b3c11,779,charge-mid,52
b3c11,780,charge-mid,52
b3c11,784,charge-mid,52
b3c11,785,charge-mid,52
b3c11,786,charge-mid,52
b3c11,787,charge-mid,52
b3c11,788,charge-mid,52
b3c11,789,charge-mid,52
b3c11,790,charge-mid,52
b3c11,791,charge-mid,52
b3c11,792,charge-mid,52
b3c11,793,charge-mid,51
b3c11,794,charge-mid,51
b3c11,795,charge-mid,51
b3c11,796,charge-mid,51
b3c11,797,charge-mid,51
b3c11,798,charge-mid,51
b3c11,799,charge-mid,51
b3c11,800,charge-mid,51
b3c11,801,charge-mid,51
b3c11,802,charge-mid,51
b3c11,803,charge-mid,52
b3c11,804,charge-mid,51
b3c11,805,charge-mid,51
b3c11,806,charge-mid,51
b3c11,807,charge-mid,51
b3c11,808,charge-mid,51
b3c11,809,charge-mid,51
b3c11,810,charge-mid,51
b3c11,811,charge-mid,51
b3c11,812,charge-mid,51
b3c11,813,charge-mid,51
b3c11,814,charge-mid,51
b3c11,815,charge-mid,51
b3c13,775,charge-mid,52
b3c13,776,charge-mid,52
b3c13,777,charge-mid,52
b3c13,778,charge-mid,52
b3c13,779,charge-mid,52
b3c13,780,charge-mid,52
b3c13,781,charge-mid,52
b3c13,784,charge-mid,52
b3c13,785,charge-mid,52
b3c13,786,charge-mid,52
b3c13,787,charge-mid,52
b3c13,788,charge-mid,52
b3c13,789,charge-mid,52
b3c13,790,charge-mid,52
b3c13,791,charge-mid,52
b3c13,792,charge-mid,52
b3c13,793,charge-mid,51
b3c13,794,charge-mid,51
b3c13,795,charge-mid,51
b3c13,796,charge-mid,51
b3c13,797,charge-mid,51
b3c13,798,charge-mid,51
b3c13,799,charge-mid,51
b3c13,800,charge-mid,51
b3c13,801,charge-mid,50
b3c13,802,charge-mid,51
b3c13,803,charge-mid,51
b3c13,804,charge-mid,51
b3c13,805,charge-mid,51
b3c13,806,charge-mid,51
b3c13,807,charge-mid,52
b3c13,808,charge-mid,51
b3c13,809,charge-mid,52
b3c13,810,charge-mid,50
b3c13,811,charge-mid,50
b3c13,812,charge-mid,50
b3c13,813,charge-mid,50
b3c13,814,charge-mid,51
b3c15,836,charge-mid,52
b3c15,837,charge-mid,52
b3c15,838,charge-mid,52
b3c15,839,charge-mid,52
b3c15,840,charge-mid,52
b3c15,841,charge-mid,52
b3c15,842,charge-mid,52
b3c15,843,charge-mid,52
b3c15,844,charge-mid,52
b3c15,845,charge-mid,52
b3c15,846,charge-mid,52
b3c15,847,charge-mid,51
b3c15,848,charge-mid,51
b3c15,849,charge-mid,51
b3c15,850,charge-mid,52
b3c15,851,charge-mid,52
b3c15,852,charge-mid,52
b3c15,853,charge-mid,52
b3c15,854,charge-mid,52
b3c15,855,charge-mid,52
b3c15,856,charge-mid,52
b3c15,857,charge-mid,52
b3c15,858,charge-mid,52
b3c15,859,charge-mid,52
b3c15,860,charge-mid,51
b3c15,861,charge-mid,51
b3c15,862,charge-mid,52
b3c15,863,charge-mid,51
b3c15,864,charge-mid,52
b3c15,865,charge-mid,51
b3c15,866,charge-mid,51
b3c15,867,charge-mid,52
b3c15,868,charge-mid,52
b3c15,869,charge-mid,52
b3c15,870,charge-mid,52
b3c15,871,charge-mid,52
b3c17,1240,charge-mid,52
b3c17,1241,charge-mid,52
b3c17,1243,charge-mid,52
b3c17,1244,charge-mid,52
b3c17,1248,charge-mid,52
b3c17,1250,charge-mid,52
b3c17,1253,charge-mid,52
b3c17,1254,charge-mid,52
b3c17,1255,charge-mid,51
b3c17,1256,charge-mid,52
b3c17,1257,charge-mid,52
b3c17,1258,charge-mid,52
b3c17,1259,charge-mid,52
b3c17,1260,charge-mid,52
b3c17,1261,charge-mid,52
b3c17,1262,charge-mid,52
b3c17,1263,charge-mid,52
b3c17,1265,charge-mid,52
b3c17,1266,charge-mid,52
b3c17,1268,charge-mid,52
b3c17,1270,charge-mid,52
b3c17,1271,charge-mid,52
b3c17,1272,charge-mid,51
b3c17,1273,charge-mid,52
b3c17,1274,charge-mid,51
b3c17,1275,charge-mid,51
b3c17,1276,charge-mid,52
b3c17,1277,charge-mid,51
b3c17,1278,charge-mid,51
b3c17,1279,charge-mid,51
b3c17,1280,charge-mid,51
b3c17,1281,charge-mid,51
b3c17,1282,charge-mid,51
b3c17,1283,charge-mid,51
b3c17,1284,charge-mid,52
b3c17,1285,charge-mid,50
b3c17,1286,charge-mid,50
b3c17,1287,charge-mid,51
b3c17,1288,charge-mid,51
b3c17,1289,charge-mid,51
b3c17,1290,charge-mid,51
b3c17,1291,charge-mid,51
b3c17,1292,charge-mid,50
b3c17,1293,charge-mid,52
b3c17,1294,charge-mid,51
b3c17,1295,charge-mid,52
b3c17,1296,charge-mid,52
b3c17,1297,charge-mid,52
b3c17,1298,charge-mid,50
b3c17,1299,charge-mid,51
b3c17,1300,charge-mid,50
b3c17,1301,charge-mid,49
b3c17,1302,charge-mid,50
b3c17,1303,charge-mid,49
b3c17,1304,charge-mid,50
b3c17,1305,charge-mid,49
b3c17,1306,charge-mid,50
b3c17,1307,charge-mid,50
b3c17,1308,charge-mid,51
b3c17,1309,charge-mid,51
b3c17,1310,charge-mid,50
b3c17,1311,charge-mid,50
b3c17,1312,charge-mid,51
b3c17,1313,charge-mid,49
b3c18,1070,charge-mid,52
b3c18,1071,charge-mid,52
b3c18,1072,charge-mid,52
b3c18,1073,charge-mid,52
b3c18,1074,charge-mid,52
b3c18,1075,charge-mid,52
b3c18,1076,charge-mid,52
b3c18,1077,charge-mid,52
b3c18,1079,charge-mid,52
b3c18,1080,charge-mid,52
b3c18,1085,charge-mid,52
b3c18,1086,charge-mid,52
b3c18,1087,charge-mid,52
b3c18,1088,charge-mid,52
b3c18,1089,charge-mid,52
b3c18,1090,charge-mid,52
b3c18,1091,charge-mid,52
b3c18,1092,charge-mid,52
b3c18,1093,charge-mid,52
b3c18,1094,charge-mid,52
b3c18,1095,charge-mid,52
b3c18,1096,charge-mid,52
b3c18,1097,charge-mid,52
b3c18,1098,charge-mid,52
b3c18,1099,charge-mid,52
b3c18,1100,charge-mid,52
b3c18,1101,charge-mid,51
b3c18,1102,charge-mid,51
b3c18,1104,charge-mid,51
b3c18,1105,charge-mid,51
b3c18,1106,charge-mid,51
b3c18,1107,charge-mid,51
b3c18,1108,charge-mid,51
b3c18,1110,charge-mid,51
b3c18,1111,charge-mid,51
b3c18,1112,charge-mid,51
b3c18,1113,charge-mid,51
b3c18,1114,charge-mid,51
b3c18,1115,charge-mid,51
b3c18,1116,charge-mid,51
b3c18,1117,charge-mid,52
b3c18,1118,charge-mid,51
b3c18,1119,charge-mid,51
b3c18,1120,charge-mid,51
b3c18,1121,charge-mid,51
b3c18,1122,charge-mid,51
b3c18,1123,charge-mid,51
b3c18,1124,charge-mid,51
b3c18,1125,charge-mid,51
b3c18,1127,charge-mid,51
b3c18,1128,charge-mid,51
b3c18,1129,charge-mid,51
b3c18,1130,charge-mid,52
b3c18,1131,charge-mid,51
b3c18,1132,charge-mid,51
b3c18,1133,charge-mid,50
b3c18,1134,charge-mid,50
b3c18,1135,charge-mid,52
b3c18,1136,charge-mid,50
b3c18,1137,charge-mid,50
b3c18,1138,charge-mid,50
b3c18,1139,charge-mid,50
b3c18,1140,charge-mid,50
b3c18,1141,charge-mid,50
b3c18,1142,charge-mid,50
b3c18,1143,charge-mid,50
b3c18,1144,charge-mid,51
b3c20,686,charge-mid,52
b3c20,688,charge-mid,52
b3c20,690,charge-mid,52
b3c20,693,charge-mid,52
b3c20,694,charge-mid,52
b3c20,695,charge-mid,52
b3c20,696,charge-mid,52
b3c20,698,charge-mid,52
b3c20,699,charge-mid,52
b3c20,700,charge-mid,52
b3c20,701,charge-mid,52
b3c20,702,charge-mid,52
b3c20,703,charge-mid,52
b3c20,704,charge-mid,52
b3c20,705,charge-mid,52
b3c20,706,charge-mid,52
b3c20,708,charge-mid,52
b3c20,709,charge-mid,52
b3c20,710,charge-mid,52
b3c20,711,charge-mid,52
b3c20,712,charge-mid,52
b3c20,713,charge-mid,52
b3c20,714,charge-mid,52
b3c20,715,charge-mid,52
b3c20,719,charge-mid,51
b3c20,720,charge-mid,51
b3c20,721,charge-mid,52
b3c20,722,charge-mid,52
b3c20,723,charge-mid,51
b3c20,724,charge-mid,52
b3c20,725,charge-mid,52
b3c20,726,charge-mid,51
b3c20,727,charge-mid,51
b3c20,728,charge-mid,52
b3c20,729,charge-mid,51
b3c20,731,charge-mid,51
b3c20,732,charge-mid,51
b3c20,733,charge-mid,52
b3c20,734,charge-mid,51
b3c20,735,charge-mid,51
b3c20,736,charge-mid,51
b3c20,737,charge-mid,51
b3c20,738,charge-mid,51
b3c20,739,charge-mid,51
b3c20,740,charge-mid,51
b3c20,742,charge-mid,51
b3c20,743,charge-mid,51
b3c20,744,charge-mid,51
b3c20,745,charge-mid,51
b3c20,746,charge-mid,51
b3c20,747,charge-mid,51
b3c20,749,charge-mid,50
b3c20,750,charge-mid,50
b3c20,751,charge-mid,50
b3c20,752,charge-mid,51
b3c20,754,charge-mid,50
b3c20,755,charge-mid,50
b3c20,756,charge-mid,50
b3c20,757,charge-mid,50
b3c20,758,charge-mid,50
b3c20,759,charge-mid,50
b3c20,760,charge-mid,51
b3c20,761,charge-mid,50
b3c20,762,charge-mid,50
b3c20,763,charge-mid,50
b3c20,765,charge-mid,49
b3c20,766,charge-mid,50
b3c20,767,charge-mid,49
b3c20,768,charge-mid,50
b3c20,769,charge-mid,50
b3c20,770,charge-mid,49
b3c20,771,charge-mid,50
b3c20,774,charge-mid,49
b3c20,775,charge-mid,49
b3c20,776,charge-mid,49
b3c20,777,charge-mid,50
b3c20,778,charge-mid,52
b3c20,779,charge-mid,49
b3c20,780,charge-mid,49
b3c20,781,charge-mid,49
b3c20,782,charge-mid,50
b3c20,783,charge-mid,50
b3c20,784,charge-mid,50
b3c20,785,charge-mid,50
b3c20,786,charge-mid,50
b3c20,787,charge-mid,50
b3c20,788,charge-mid,50
b3c20,789,charge-mid,50
b3c20,790,charge-mid,51
b3c20,791,charge-mid,50
b3c20,792,charge-mid,50
b3c20,793,charge-mid,51
b3c20,794,charge-mid,51
b3c20,795,charge-mid,51
b3c20,796,charge-mid,51
b3c20,797,charge-mid,50
b3c20,799,charge-mid,50
b3c20,800,charge-mid,50
b3c20,801,charge-mid,52
b3c20,802,charge-mid,52
b3c20,804,charge-mid,52
b3c20,806,charge-mid,52
b3c24,627,charge-mid,52
b3c24,632,charge-mid,52
b3c24,633,charge-mid,52
b3c24,634,charge-mid,52
b3c24,635,charge-mid,52
b3c24,638,charge-mid,52
b3c24,639,charge-mid,52
b3c24,640,charge-mid,52
b3c24,641,charge-mid,52
b3c24,642,charge-mid,52
b3c24,644,charge-mid,52
b3c24,645,charge-mid,52
b3c24,646,charge-mid,52
b3c24,647,charge-mid,52
b3c24,650,charge-mid,52
b3c24,652,charge-mid,52
b3c24,655,charge-mid,52
b3c24,658,charge-mid,52
b3c24,659,charge-mid,52
b3c24,661,charge-mid,52
b3c24,662,charge-mid,52
b3c24,663,charge-mid,52
b3c24,664,charge-mid,52
b3c24,666,charge-mid,52
b3c24,667,charge-mid,52
b3c24,668,charge-mid,52
b3c24,669,charge-mid,52
b3c24,670,charge-mid,52
b3c24,671,charge-mid,52
b3c24,672,charge-mid,52
b3c24,673,charge-mid,52
b3c24,675,charge-mid,52
b3c24,676,charge-mid,52
b3c24,677,charge-mid,52
b3c24,678,charge-mid,52
b3c24,679,charge-mid,52
b3c24,680,charge-mid,52
b3c24,681,charge-mid,52
b3c24,682,charge-mid,52
b3c24,683,charge-mid,52
b3c24,684,charge-mid,52
b3c24,685,charge-mid,52
b3c24,686,charge-mid,51
b3c24,687,charge-mid,52
b3c24,688,charge-mid,52
b3c24,689,charge-mid,51
b3c24,690,charge-mid,51
b3c24,691,charge-mid,52
b3c24,692,charge-mid,52
b3c24,693,charge-mid,52
b3c24,694,charge-mid,52
b3c24,695,charge-mid,52
b3c24,696,charge-mid,51
b3c24,697,charge-mid,52
b3c24,698,charge-mid,52
b3c24,699,charge-mid,51
b3c24,700,charge-mid,52
b3c24,701,charge-mid,51
b3c24,702,charge-mid,52
b3c24,703,charge-mid,52
b3c24,704,charge-mid,52
b3c24,705,charge-mid,52
b3c24,706,charge-mid,52
b3c24,707,charge-mid,52
b3c24,708,charge-mid,52
b3c24,709,charge-mid,51
b3c24,710,charge-mid,51
b3c24,711,charge-mid,51
b3c24,712,charge-mid,51
b3c24,713,charge-mid,52
b3c24,714,charge-mid,51
b3c24,715,charge-mid,52
b3c24,716,charge-mid,52
b3c24,717,charge-mid,52
b3c24,718,charge-mid,52
b3c24,719,charge-mid,51
b3c24,720,charge-mid,51
b3c24,721,charge-mid,51
b3c24,722,charge-mid,51
b3c24,723,charge-mid,51
b3c24,724,charge-mid,52
b3c24,725,charge-mid,52
b3c24,726,charge-mid,51
b3c24,727,charge-mid,51
b3c24,728,charge-mid,51
b3c24,729,charge-mid,51
b3c24,730,charge-mid,51
b3c24,731,charge-mid,51
b3c24,732,charge-mid,50
b3c24,733,charge-mid,51
b3c24,734,charge-mid,51
b3c24,735,charge-mid,51
b3c24,736,charge-mid,51
b3c24,737,charge-mid,50
b3c24,738,charge-mid,51
b3c24,739,charge-mid,51
b3c24,740,charge-mid,51
b3c24,741,charge-mid,50
b3c24,742,charge-mid,51
b3c24,743,charge-mid,50
b3c24,744,charge-mid,51
b3c24,745,charge-mid,51
b3c24,746,charge-mid,50
b3c24,747,charge-mid,50
b3c24,748,charge-mid,51
b3c24,749,charge-mid,51
b3c24,750,charge-mid,50
b3c24,751,charge-mid,50
b3c24,752,charge-mid,50
b3c24,753,charge-mid,50
b3c24,754,charge-mid,50
b3c24,755,charge-mid,51
b3c24,756,charge-mid,50
b3c24,757,charge-mid,50
b3c24,758,charge-mid,50
b3c24,759,charge-mid,50
b3c24,760,charge-mid,50
b3c24,761,charge-mid,50
b3c24,762,charge-mid,49
b3c24,763,charge-mid,50
b3c24,764,charge-mid,50
b3c24,765,charge-mid,49
b3c24,766,charge-mid,50
b3c24,767,charge-mid,50
b3c24,768,charge-mid,49
b3c24,769,charge-mid,50
b3c24,770,charge-mid,49
b3c24,771,charge-mid,50
b3c24,772,charge-mid,50
b3c24,773,charge-mid,49
b3c24,774,charge-mid,49
b3c24,775,charge-mid,49
b3c24,776,charge-mid,49
b3c24,777,charge-mid,49
b3c24,778,charge-mid,49
b3c24,779,charge-mid,49
b3c24,780,charge-mid,49
b3c24,781,charge-mid,49
b3c24,782,charge-mid,49
b3c24,783,charge-mid,49
b3c24,784,charge-mid,49
b3c24,785,charge-mid,49
b3c24,786,charge-mid,49
b3c24,787,charge-mid,48
b3c24,788,charge-mid,48
b3c24,789,charge-mid,48
b3c24,790,charge-mid,49
b3c24,791,charge-mid,49
b3c24,792,charge-mid,48
b3c24,793,charge-mid,48
b3c24,794,charge-mid,49
b3c24,795,charge-mid,48
b3c24,796,charge-mid,48
b3c24,797,charge-mid,48
b3c24,798,charge-mid,48
b3c24,799,charge-mid,48
b3c24,800,charge-mid,48
b3c24,801,charge-mid,47
b3c24,802,charge-mid,48
b3c24,803,charge-mid,47
b3c24,804,charge-mid,47
b3c24,805,charge-mid,49
b3c24,806,charge-mid,49
b3c24,807,charge-mid,48
b3c24,808,charge-mid,48
b3c24,809,charge-mid,47
b3c24,810,charge-mid,48
b3c24,811,charge-mid,48
b3c24,812,charge-mid,47
b3c24,813,charge-mid,48
b3c24,814,charge-mid,47
b3c24,815,charge-mid,47
b3c24,816,charge-mid,48
b3c24,818,charge-mid,1095
b3c24,819,charge-mid,491
b3c24,822,charge-mid,48
b3c24,823,charge-mid,49
b3c25,952,charge-mid,52
b3c25,959,charge-mid,52
b3c26,971,charge-mid,52
b3c26,972,charge-mid,52
b3c26,973,charge-mid,52
b3c26,974,charge-mid,52
b3c26,975,charge-mid,52
b3c26,976,charge-mid,52
b3c26,977,charge-mid,52
b3c26,978,charge-mid,52
b3c26,983,charge-mid,52
b3c26,984,charge-mid,52
b3c26,985,charge-mid,52
b3c26,986,charge-mid,52
b3c26,987,charge-mid,52
b3c26,988,charge-mid,52
b3c26,989,charge-mid,52
b3c26,990,charge-mid,52
b3c26,991,charge-mid,52
b3c26,992,charge-mid,52
b3c26,993,charge-mid,52
b3c26,994,charge-mid,52
b3c26,995,charge-mid,51
b3c26,996,charge-mid,51
b3c26,997,charge-mid,51
b3c26,998,charge-mid,51
b3c26,999,charge-mid,51
b3c26,1000,charge-mid,51
b3c26,1001,charge-mid,51
b3c26,1002,charge-mid,51
b3c26,1003,charge-mid,51
b3c26,1004,charge-mid,51
b3c26,1005,charge-mid,51
b3c26,1006,charge-mid,51
b3c26,1007,charge-mid,51
b3c26,1008,charge-mid,51
b3c26,1009,charge-mid,51
b3c26,1010,charge-mid,51
b3c26,1011,charge-mid,51
b3c26,1012,charge-mid,51
b3c26,1013,charge-mid,51
b3c26,1014,charge-mid,51
b3c26,1015,charge-mid,51
b3c26,1016,charge-mid,51
b3c26,1017,charge-mid,51
b3c26,1018,charge-mid,51
b3c26,1019,charge-mid,50
b3c26,1020,charge-mid,50
b3c26,1021,charge-mid,50
b3c26,1022,charge-mid,50
b3c26,1023,charge-mid,50
b3c26,1024,charge-mid,50
b3c26,1025,charge-mid,50
b3c26,1026,charge-mid,50
b3c29,819,charge-mid,52
b3c29,820,charge-mid,52
b3c29,821,charge-mid,52
b3c29,822,charge-mid,52
b3c29,823,charge-mid,52
b3c29,824,charge-mid,52
b3c29,825,charge-mid,52
b3c29,826,charge-mid,52
b3c29,827,charge-mid,52
b3c29,828,charge-mid,52
b3c29,829,charge-mid,51
b3c29,830,charge-mid,51
b3c29,831,charge-mid,51
b3c29,832,charge-mid,51
b3c29,833,charge-mid,52
b3c29,834,charge-mid,52
b3c29,835,charge-mid,52
b3c29,836,charge-mid,52
b3c29,837,charge-mid,52
b3c29,838,charge-mid,51
b3c29,839,charge-mid,51
b3c29,840,charge-mid,51
b3c29,841,charge-mid,51
b3c29,842,charge-mid,51
b3c29,843,charge-mid,51
b3c29,844,charge-mid,51
b3c29,845,charge-mid,51
b3c29,846,charge-mid,51
b3c29,847,charge-mid,50
b3c29,848,charge-mid,50
b3c29,849,charge-mid,50
b3c29,850,charge-mid,50
b3c29,851,charge-mid,50
b3c29,852,charge-mid,50
b3c29,853,charge-mid,51
b3c29,854,charge-mid,51
b3c29,855,charge-mid,51
b3c29,856,charge-mid,50
b3c33,1014,charge-mid,52
b3c33,1021,charge-mid,52
b3c33,1024,charge-mid,52
b3c33,1029,charge-mid,52
b3c33,1032,charge-mid,52
b3c33,1036,charge-mid,52
b3c33,1039,charge-mid,52
b3c33,1042,charge-mid,52
b3c33,1045,charge-mid,52
b3c33,1050,charge-mid,52
b3c33,1055,charge-mid,52
b3c33,1056,charge-mid,52
b3c33,1059,charge-mid,52
b3c33,1063,charge-mid,52
b3c33,1065,charge-mid,52
b3c33,1067,charge-mid,52
b3c33,1070,charge-mid,52
b3c33,1071,charge-mid,52
b3c33,1073,charge-mid,52
b3c33,1075,charge-mid,52
b3c33,1076,charge-mid,52
b3c33,1078,charge-mid,52
b3c33,1083,charge-mid,52
b3c33,1084,charge-mid,52
b3c33,1087,charge-mid,52
b3c33,1088,charge-mid,52
b3c33,1089,charge-mid,52
b3c33,1090,charge-mid,52
b3c33,1091,charge-mid,52
b3c33,1092,charge-mid,52
b3c33,1094,charge-mid,52
b3c33,1096,charge-mid,52
b3c33,1100,charge-mid,52
b3c33,1101,charge-mid,52
b3c33,1102,charge-mid,52
b3c33,1103,charge-mid,52
b3c33,1104,charge-mid,52
b3c33,1105,charge-mid,52
b3c33,1106,charge-mid,52
b3c33,1107,charge-mid,52
b3c33,1108,charge-mid,52
b3c33,1109,charge-mid,52
b3c33,1111,charge-mid,52
b3c33,1112,charge-mid,52
b3c33,1113,charge-mid,52
b3c33,1114,charge-mid,52
b3c33,1115,charge-mid,52
b3c33,1116,charge-mid,52
b3c33,1117,charge-mid,52
b3c33,1118,charge-mid,52
b3c33,1119,charge-mid,52
b3c33,1120,charge-mid,51
b3c33,1121,charge-mid,51
b3c33,1122,charge-mid,51
b3c33,1123,charge-mid,52
b3c33,1124,charge-mid,52
b3c33,1125,charge-mid,52
b3c33,1126,charge-mid,52
b3c33,1127,charge-mid,52
b3c33,1128,charge-mid,51
b3c33,1129,charge-mid,52
b3c33,1131,charge-mid,51
b3c33,1132,charge-mid,51
b3c33,1133,charge-mid,51
b3c33,1134,charge-mid,52
b3c33,1135,charge-mid,52
b3c33,1136,charge-mid,51
b3c33,1137,charge-mid,51
b3c33,1138,charge-mid,52
b3c33,1139,charge-mid,52
b3c33,1140,charge-mid,51
b3c33,1141,charge-mid,51
b3c33,1143,charge-mid,51
b3c33,1144,charge-mid,52
b3c33,1145,charge-mid,51
b3c33,1146,charge-mid,51
b3c33,1147,charge-mid,52
b3c33,1148,charge-mid,51
b3c33,1149,charge-mid,51
b3c33,1150,charge-mid,51
b3c33,1151,charge-mid,52
b3c33,1152,charge-mid,51
b3c33,1153,charge-mid,51
b3c33,1154,charge-mid,50
b3c33,1155,charge-mid,51
b3c33,1156,charge-mid,50
b3c33,1157,charge-mid,51
b3c33,1158,charge-mid,51
b3c33,1159,charge-mid,52
b3c33,1160,charge-mid,50
b3c33,1161,charge-mid,51
b3c33,1162,charge-mid,50
b3c33,1163,charge-mid,51
b3c33,1164,charge-mid,51
b3c33,1166,charge-mid,51
b3c33,1167,charge-mid,51
b3c33,1168,charge-mid,51
b3c33,1169,charge-mid,51
b3c33,1170,charge-mid,51
b3c33,1171,charge-mid,51
b3c33,1172,charge-mid,52
b3c33,1173,charge-mid,50
b3c33,1174,charge-mid,51
b3c33,1175,charge-mid,50
b3c33,1176,charge-mid,51
b3c33,1177,charge-mid,50
b3c33,1178,charge-mid,50
b3c33,1179,charge-mid,50
b3c33,1180,charge-mid,50
b3c33,1181,charge-mid,50
b3c33,1182,charge-mid,50
b3c33,1183,charge-mid,50
b3c33,1184,charge-mid,50
b3c33,1185,charge-mid,50
b3c33,1186,charge-mid,50
b3c33,1187,charge-mid,50
b3c33,1188,charge-mid,49
b3c33,1189,charge-mid,50
b3c33,1190,charge-mid,50
b3c33,1191,charge-mid,50
b3c33,1192,charge-mid,49
b3c33,1193,charge-mid,49
b3c33,1194,charge-mid,50
b3c33,1195,charge-mid,49
b3c33,1196,charge-mid,49
b3c33,1197,charge-mid,49
b3c33,1198,charge-mid,49
b3c33,1199,charge-mid,51
b3c33,1200,charge-mid,50
b3c33,1201,charge-mid,49
b3c33,1202,charge-mid,49
b3c33,1203,charge-mid,49
b3c33,1204,charge-mid,49
b3c33,1205,charge-mid,49
b3c33,1206,charge-mid,49
b3c33,1207,charge-mid,49
b3c33,1208,charge-mid,49
b3c33,1209,charge-mid,49
b3c33,1210,charge-mid,49
b3c33,1211,charge-mid,49
b3c33,1212,charge-mid,49
b3c33,1213,charge-mid,49
b3c33,1214,charge-mid,49
b3c33,1215,charge-mid,49
b3c33,1216,charge-mid,48
b3c33,1217,charge-mid,48
b3c33,1218,charge-mid,48
b3c33,1219,charge-mid,48
b3c33,1220,charge-mid,49
b3c33,1221,charge-mid,48
b3c33,1222,charge-mid,49
b3c33,1223,charge-mid,49
b3c33,1224,charge-mid,49
b3c33,1225,charge-mid,49
b3c33,1226,charge-mid,48
b3c33,1227,charge-mid,52
b3c33,1228,charge-mid,49
b3c33,1229,charge-mid,49
b3c33,1230,charge-mid,48
b3c33,1231,charge-mid,49
b3c33,1232,charge-mid,48
b3c33,1233,charge-mid,48
b3c33,1234,charge-mid,48
b3c33,1235,charge-mid,48
b3c33,1236,charge-mid,48
b3c33,1237,charge-mid,48
b3c33,1238,charge-mid,48
b3c33,1239,charge-mid,48
b3c33,1240,charge-mid,48
b3c33,1241,charge-mid,48
b3c33,1242,charge-mid,48
b3c33,1243,charge-mid,48
b3c33,1244,charge-mid,48
b3c33,1245,charge-mid,47
b3c33,1246,charge-mid,48
b3c33,1247,charge-mid,48
b3c33,1248,charge-mid,48
b3c33,1249,charge-mid,50
b3c33,1250,charge-mid,47
b3c33,1251,charge-mid,48
b3c33,1252,charge-mid,47
b3c33,1253,charge-mid,47
b3c33,1254,charge-mid,47
b3c33,1255,charge-mid,47
b3c33,1256,charge-mid,47
b3c33,1257,charge-mid,48
b3c33,1258,charge-mid,47
b3c33,1259,charge-mid,47
b3c33,1260,charge-mid,47
b3c33,1261,charge-mid,47
b3c33,1262,charge-mid,47
b3c33,1263,charge-mid,47
b3c33,1264,charge-mid,46
b3c33,1265,charge-mid,46
b3c33,1266,charge-mid,47
b3c33,1267,charge-mid,46
b3c33,1268,charge-mid,47
b3c33,1269,charge-mid,46
b3c33,1270,charge-mid,46
b3c33,1271,charge-mid,47
b3c33,1272,charge-mid,47
b3c33,1273,charge-mid,47
b3c33,1274,charge-mid,47
b3c33,1275,charge-mid,46
b3c33,1276,charge-mid,46
b3c33,1277,charge-mid,47
b3c33,1278,charge-mid,47
b3c33,1279,charge-mid,46
b3c33,1280,charge-mid,46
b3c33,1281,charge-mid,46
b3c33,1282,charge-mid,47
b3c34,1074,charge-mid,52
b3c34,1076,charge-mid,52
b3c34,1089,charge-mid,52
b3c34,1093,charge-mid,52
b3c34,1094,charge-mid,51
b3c34,1097,charge-mid,52
b3c34,1102,charge-mid,52
b3c34,1103,charge-mid,51
b3c34,1104,charge-mid,52
b3c34,1105,charge-mid,52
b3c34,1106,charge-mid,52
b3c34,1107,charge-mid,51
b3c34,1108,charge-mid,52
b3c34,1109,charge-mid,51
b3c34,1110,charge-mid,51
b3c34,1111,charge-mid,52
b3c34,1113,charge-mid,52
b3c34,1114,charge-mid,52
b3c34,1115,charge-mid,52
b3c34,1117,charge-mid,52
b3c34,1118,charge-mid,50
b3c34,1119,charge-mid,52
b3c34,1120,charge-mid,50
b3c34,1121,charge-mid,51
b3c34,1122,charge-mid,50
b3c34,1123,charge-mid,52
b3c34,1124,charge-mid,52
b3c34,1125,charge-mid,52
b3c34,1127,charge-mid,52
b3c34,1128,charge-mid,52
b3c34,1129,charge-mid,50
b3c34,1130,charge-mid,52
b3c34,1131,charge-mid,51
b3c34,1132,charge-mid,49
b3c34,1133,charge-mid,50
b3c34,1134,charge-mid,50
b3c34,1135,charge-mid,50
b3c34,1136,charge-mid,50
b3c34,1138,charge-mid,51
b3c34,1139,charge-mid,50
b3c34,1140,charge-mid,51
b3c34,1141,charge-mid,50
b3c34,1142,charge-mid,50
b3c34,1143,charge-mid,51
b3c34,1144,charge-mid,49
b3c34,1145,charge-mid,50
b3c34,1146,charge-mid,51
b3c34,1147,charge-mid,49
b3c34,1148,charge-mid,51
b3c34,1149,charge-mid,50
b3c34,1150,charge-mid,51
b3c34,1151,charge-mid,49
b3c34,1152,charge-mid,52
b3c34,1153,charge-mid,51
b3c35,1020,charge-mid,52
b3c35,1021,charge-mid,52
b3c35,1022,charge-mid,52
b3c35,1023,charge-mid,52
b3c35,1024,charge-mid,52
b3c35,1025,charge-mid,52
b3c35,1026,charge-mid,52
b3c35,1027,charge-mid,52
b3c35,1028,charge-mid,52
b3c35,1029,charge-mid,52
b3c35,1036,charge-mid,52
b3c35,1037,charge-mid,52
b3c35,1038,charge-mid,52
b3c35,1039,charge-mid,52
b3c35,1040,charge-mid,52
b3c35,1041,charge-mid,52
b3c35,1042,charge-mid,52
b3c35,1043,charge-mid,52
b3c35,1044,charge-mid,52
b3c35,1045,charge-mid,52
b3c35,1046,charge-mid,52
b3c35,1047,charge-mid,52
b3c35,1048,charge-mid,52
b3c35,1049,charge-mid,52
b3c35,1050,charge-mid,52
b3c35,1051,charge-mid,51
b3c35,1052,charge-mid,51
b3c35,1053,charge-mid,51
b3c35,1054,charge-mid,51
b3c35,1055,charge-mid,51
b3c35,1056,charge-mid,51
b3c35,1057,charge-mid,51
b3c35,1058,charge-mid,51
b3c35,1059,charge-mid,51
b3c35,1060,charge-mid,51
b3c35,1061,charge-mid,51
b3c35,1062,charge-mid,51
b3c35,1063,charge-mid,51
b3c35,1064,charge-mid,51
b3c35,1065,charge-mid,51
b3c35,1066,charge-mid,51
b3c35,1067,charge-mid,50
b3c35,1068,charge-mid,51
b3c35,1069,charge-mid,51
b3c35,1070,charge-mid,51
b3c35,1071,charge-mid,51
b3c35,1072,charge-mid,51
b3c35,1073,charge-mid,51
b3c35,1074,charge-mid,51
b3c35,1075,charge-mid,51
b3c35,1076,charge-mid,51
b3c35,1077,charge-mid,51
b3c35,1078,charge-mid,51
b3c35,1079,charge-mid,51
b3c35,1080,charge-mid,51
b3c35,1081,charge-mid,50
b3c35,1082,charge-mid,50
b3c35,1083,charge-mid,50
b3c35,1084,charge-mid,50
b3c35,1085,charge-mid,50
b3c35,1086,charge-mid,50
b3c35,1087,charge-mid,50
b3c35,1088,charge-mid,50
b3c35,1089,charge-mid,50
b3c35,1090,charge-mid,50
b3c35,1091,charge-mid,50
b3c37,53,charge-mid,3489
b3c37,54,charge-mid,1329
b3c37,592,charge-mid,5533
b3c37,600,charge-mid,411
b3c37,1214,charge-mid,611
b3c38,1462,charge-mid,52
b3c38,1467,charge-mid,52
b3c38,1475,charge-mid,52
b3c38,1479,charge-mid,52
b3c38,1487,charge-mid,52
b3c38,1488,charge-mid,52
b3c38,1495,charge-mid,52
b3c38,1497,charge-mid,52
b3c38,1501,charge-mid,52
b3c38,1503,charge-mid,52
b3c38,1505,charge-mid,52
b3c38,1507,charge-mid,52
b3c38,1508,charge-mid,52
b3c38,1509,charge-mid,52
b3c38,1511,charge-mid,52
b3c38,1514,charge-mid,52
b3c38,1516,charge-mid,52
b3c38,1517,charge-mid,52
b3c38,1518,charge-mid,52
b3c38,1520,charge-mid,52
b3c38,1521,charge-mid,52
b3c38,1523,charge-mid,52
b3c38,1524,charge-mid,52
b3c38,1525,charge-mid,52
b3c38,1526,charge-mid,52
b3c38,1530,charge-mid,52
b3c38,1533,charge-mid,52
b3c38,1535,charge-mid,52
b3c38,1536,charge-mid,52
b3c38,1537,charge-mid,52
b3c38,1538,charge-mid,52
b3c38,1542,charge-mid,52
b3c38,1546,charge-mid,52
b3c38,1547,charge-mid,52
b3c38,1548,charge-mid,52
b3c38,1550,charge-mid,52
b3c38,1551,charge-mid,52
b3c38,1552,charge-mid,52
b3c38,1553,charge-mid,52
b3c38,1554,charge-mid,52
b3c38,1555,charge-mid,52
b3c38,1556,charge-mid,52
b3c38,1557,charge-mid,52
b3c38,1558,charge-mid,52
b3c38,1559,charge-mid,52
b3c38,1560,charge-mid,52
b3c38,1561,charge-mid,52
b3c38,1562,charge-mid,52
b3c38,1563,charge-mid,52
b3c38,1565,charge-mid,52
b3c38,1566,charge-mid,52
b3c38,1567,charge-mid,52
b3c38,1568,charge-mid,52
b3c38,1570,charge-mid,52
b3c38,1571,charge-mid,52
b3c38,1572,charge-mid,52
b3c38,1573,charge-mid,52
b3c38,1574,charge-mid,52
b3c38,1575,charge-mid,52
b3c38,1576,charge-mid,52
b3c38,1577,charge-mid,52
b3c38,1578,charge-mid,52
b3c38,1579,charge-mid,52
b3c38,1580,charge-mid,52
b3c38,1581,charge-mid,52
b3c38,1582,charge-mid,52
b3c38,1583,charge-mid,52
b3c38,1584,charge-mid,52
b3c38,1585,charge-mid,52
b3c38,1586,charge-mid,52
b3c38,1587,charge-mid,52
b3c38,1588,charge-mid,52
b3c38,1589,charge-mid,51
b3c38,1590,charge-mid,52
b3c38,1591,charge-mid,52
b3c38,1592,charge-mid,52
b3c38,1593,charge-mid,52
b3c38,1594,charge-mid,51
b3c38,1595,charge-mid,51
b3c38,1596,charge-mid,52
b3c38,1597,charge-mid,52
b3c38,1598,charge-mid,52
b3c38,1599,charge-mid,52
b3c38,1600,charge-mid,51
b3c38,1601,charge-mid,52
b3c38,1602,charge-mid,51
b3c38,1603,charge-mid,52
b3c38,1604,charge-mid,51
b3c38,1605,charge-mid,52
b3c38,1606,charge-mid,52
b3c38,1607,charge-mid,52
b3c38,1608,charge-mid,52
b3c38,1609,charge-mid,51
b3c38,1610,charge-mid,52
b3c38,1611,charge-mid,52
b3c38,1612,charge-mid,52
b3c38,1613,charge-mid,52
b3c38,1614,charge-mid,51
b3c38,1615,charge-mid,52
b3c38,1616,charge-mid,52
b3c38,1617,charge-mid,51
b3c38,1618,charge-mid,52
b3c38,1619,charge-mid,51
b3c38,1620,charge-mid,51
b3c38,1621,charge-mid,52
b3c38,1622,charge-mid,52
b3c38,1623,charge-mid,51
b3c38,1624,charge-mid,52
b3c38,1625,charge-mid,51
b3c38,1626,charge-mid,52
b3c38,1627,charge-mid,52
b3c38,1628,charge-mid,52
b3c38,1629,charge-mid,51
b3c38,1630,charge-mid,51
b3c38,1631,charge-mid,52
b3c38,1632,charge-mid,52
b3c38,1633,charge-mid,52
b3c38,1634,charge-mid,51
b3c38,1635,charge-mid,52
b3c38,1636,charge-mid,51
b3c38,1637,charge-mid,51
b3c38,1638,charge-mid,51
b3c38,1639,charge-mid,51
b3c38,1640,charge-mid,51
b3c38,1641,charge-mid,51
b3c38,1642,charge-mid,51
b3c38,1643,charge-mid,51
b3c38,1644,charge-mid,51
b3c38,1645,charge-mid,51
b3c38,1646,charge-mid,51
b3c38,1647,charge-mid,52
b3c38,1648,charge-mid,51
b3c38,1649,charge-mid,51
b3c38,1650,charge-mid,52
b3c38,1651,charge-mid,51
b3c38,1652,charge-mid,51
b3c38,1653,charge-mid,51
b3c38,1654,charge-mid,52
b3c38,1655,charge-mid,51
b3c38,1656,charge-mid,51
b3c38,1657,charge-mid,51
b3c38,1658,charge-mid,51
b3c38,1659,charge-mid,51
b3c38,1660,charge-mid,51
b3c38,1661,charge-mid,52
b3c38,1662,charge-mid,51
b3c38,1663,charge-mid,51
b3c38,1664,charge-mid,51
b3c38,1665,charge-mid,51
b3c38,1666,charge-mid,51
b3c38,1667,charge-mid,51
b3c38,1668,charge-mid,51
b3c38,1669,charge-mid,51
b3c38,1670,charge-mid,51
b3c38,1671,charge-mid,51
b3c38,1672,charge-mid,51
b3c38,1673,charge-mid,51
b3c38,1674,charge-mid,51
b3c38,1675,charge-mid,51
b3c38,1676,charge-mid,51
b3c38,1677,charge-mid,51
b3c38,1678,charge-mid,50
b3c38,1679,charge-mid,51
b3c38,1680,charge-mid,51
b3c38,1681,charge-mid,51
b3c38,1682,charge-mid,51
b3c38,1683,charge-mid,51
b3c38,1684,charge-mid,51
b3c38,1685,charge-mid,51
b3c38,1686,charge-mid,51
b3c38,1687,charge-mid,51
b3c38,1688,charge-mid,51
b3c38,1689,charge-mid,51
b3c38,1690,charge-mid,51
b3c38,1691,charge-mid,51
b3c38,1692,charge-mid,51
b3c38,1693,charge-mid,51
b3c38,1694,charge-mid,51
b3c38,1695,charge-mid,51
b3c38,1696,charge-mid,51
b3c38,1697,charge-mid,51
b3c38,1698,charge-mid,51
b3c38,1699,charge-mid,50
b3c38,1700,charge-mid,51
b3c38,1701,charge-mid,50
b3c38,1702,charge-mid,51
b3c38,1703,charge-mid,50
b3c38,1704,charge-mid,51
b3c38,1705,charge-mid,51
b3c38,1706,charge-mid,51
b3c38,1707,charge-mid,51
b3c38,1708,charge-mid,50
b3c38,1709,charge-mid,51
b3c38,1710,charge-mid,51
b3c38,1711,charge-mid,51
b3c38,1712,charge-mid,50
b3c38,1713,charge-mid,50
b3c38,1714,charge-mid,50
b3c38,1715,charge-mid,50
b3c38,1716,charge-mid,50
b3c38,1717,charge-mid,51
b3c38,1718,charge-mid,50
b3c38,1719,charge-mid,51
b3c38,1720,charge-mid,51
b3c38,1721,charge-mid,51
b3c38,1722,charge-mid,50
b3c38,1723,charge-mid,50
b3c38,1724,charge-mid,51
b3c38,1725,charge-mid,50
b3c38,1726,charge-mid,51
b3c38,1727,charge-mid,50
b3c38,1728,charge-mid,51
b3c38,1729,charge-mid,50
b3c38,1730,charge-mid,50
b3c38,1731,charge-mid,50
b3c38,1732,charge-mid,51
b3c38,1733,charge-mid,50
b3c38,1734,charge-mid,50
b3c38,1735,charge-mid,50
b3c38,1736,charge-mid,50
b3c38,1737,charge-mid,50
b3c38,1738,charge-mid,50
b3c38,1739,charge-mid,50
b3c38,1740,charge-mid,50
b3c38,1741,charge-mid,50
b3c38,1742,charge-mid,50
b3c38,1743,charge-mid,50
b3c38,1744,charge-mid,50
b3c38,1745,charge-mid,50
b3c38,1746,charge-mid,50
b3c38,1747,charge-mid,50
b3c38,1748,charge-mid,50
b3c38,1749,charge-mid,50
b3c38,1750,charge-mid,50
b3c38,1751,charge-mid,50
b3c38,1752,charge-mid,50
b3c38,1753,charge-mid,50
b3c38,1754,charge-mid,50
b3c38,1755,charge-mid,50
b3c38,1756,charge-mid,49
b3c38,1757,charge-mid,50
b3c38,1758,charge-mid,49
b3c38,1759,charge-mid,50
b3c38,1760,charge-mid,49
b3c38,1761,charge-mid,50
b3c38,1762,charge-mid,50
b3c38,1763,charge-mid,50
b3c38,1764,charge-mid,50
b3c38,1765,charge-mid,50
b3c38,1766,charge-mid,49
b3c38,1767,charge-mid,50
b3c38,1768,charge-mid,49
b3c38,1769,charge-mid,50
b3c38,1770,charge-mid,50
b3c38,1771,charge-mid,50
b3c38,1772,charge-mid,50
b3c38,1773,charge-mid,50
b3c38,1774,charge-mid,50
b3c38,1775,charge-mid,49
b3c38,1776,charge-mid,49
b3c38,1777,charge-mid,49
b3c38,1778,charge-mid,50
b3c38,1779,charge-mid,50
b3c38,1780,charge-mid,50
b3c38,1781,charge-mid,50
b3c38,1782,charge-mid,50
b3c38,1783,charge-mid,50
b3c38,1784,charge-mid,49
b3c38,1785,charge-mid,50
b3c38,1786,charge-mid,50
b3c38,1787,charge-mid,49
b3c38,1788,charge-mid,49
b3c38,1789,charge-mid,49
b3c38,1790,charge-mid,49
b3c38,1791,charge-mid,50
b3c38,1792,charge-mid,49
b3c38,1793,charge-mid,49
b3c38,1794,charge-mid,50
b3c38,1795,charge-mid,49
b3c38,1796,charge-mid,49
b3c38,1797,charge-mid,49
b3c38,1798,charge-mid,49
b3c38,1799,charge-mid,49
b3c38,1800,charge-mid,49
b3c38,1801,charge-mid,49
b3c38,1802,charge-mid,49
b3c38,1803,charge-mid,49
b3c38,1804,charge-mid,49
b3c38,1805,charge-mid,49
b3c38,1806,charge-mid,49
b3c38,1807,charge-mid,49
b3c38,1808,charge-mid,49
b3c38,1809,charge-mid,49
b3c38,1810,charge-mid,49
b3c38,1811,charge-mid,49
b3c38,1812,charge-mid,49
b3c38,1813,charge-mid,49
b3c38,1814,charge-mid,49
b3c38,1815,charge-mid,48
b3c38,1816,charge-mid,48
b3c38,1817,charge-mid,49
b3c38,1818,charge-mid,49
b3c38,1819,charge-mid,49
b3c38,1820,charge-mid,48
b3c38,1821,charge-mid,49
b3c38,1822,charge-mid,49
b3c38,1823,charge-mid,49
b3c38,1824,charge-mid,49
b3c38,1825,charge-mid,49
b3c38,1826,charge-mid,49
b3c38,1827,charge-mid,49
b3c38,1828,charge-mid,48
b3c38,1829,charge-mid,48
b3c38,1830,charge-mid,48
b3c38,1831,charge-mid,49
b3c38,1832,charge-mid,48
b3c38,1833,charge-mid,48
b3c38,1834,charge-mid,49
b3c38,1835,charge-mid,48
b3c38,1836,charge-mid,48
b3c38,1837,charge-mid,49
b3c38,1838,charge-mid,48
b3c38,1839,charge-mid,48
b3c38,1840,charge-mid,49
b3c38,1841,charge-mid,48
b3c38,1842,charge-mid,49
b3c38,1843,charge-mid,48
b3c38,1844,charge-mid,49
b3c38,1845,charge-mid,48
b3c38,1846,charge-mid,49
b3c38,1847,charge-mid,49
b3c38,1848,charge-mid,48
b3c38,1849,charge-mid,48
b3c38,1850,charge-mid,49
b3c38,1851,charge-mid,48
b3c38,1852,charge-mid,48
b3c38,1853,charge-mid,48
b3c38,1854,charge-mid,48
b3c38,1855,charge-mid,48
b3c38,1856,charge-mid,48
b3c38,1857,charge-mid,48
b3c38,1858,charge-mid,48
b3c38,1859,charge-mid,48
b3c38,1860,charge-mid,48
b3c38,1861,charge-mid,48
b3c38,1862,charge-mid,48
b3c38,1863,charge-mid,48
b3c38,1864,charge-mid,48
b3c38,1865,charge-mid,48
b3c38,1866,charge-mid,47
b3c38,1867,charge-mid,48
b3c38,1868,charge-mid,48
b3c38,1869,charge-mid,47
b3c38,1870,charge-mid,47
b3c38,1871,charge-mid,47
b3c38,1872,charge-mid,48
b3c38,1873,charge-mid,47
b3c38,1874,charge-mid,47
b3c38,1875,charge-mid,47
b3c38,1876,charge-mid,48
b3c38,1877,charge-mid,47
b3c38,1878,charge-mid,48
b3c38,1879,charge-mid,47
b3c38,1880,charge-mid,47
b3c38,1881,charge-mid,48
b3c38,1882,charge-mid,47
b3c38,1883,charge-mid,47
b3c38,1884,charge-mid,47
b3c38,1885,charge-mid,48
b3c38,1886,charge-mid,47
b3c38,1887,charge-mid,48
b3c38,1888,charge-mid,47
b3c38,1889,charge-mid,47
b3c38,1890,charge-mid,47
b3c38,1891,charge-mid,47
b3c38,1892,charge-mid,48
b3c38,1893,charge-mid,47
b3c38,1894,charge-mid,47
b3c38,1895,charge-mid,47
b3c38,1896,charge-mid,47
b3c38,1897,charge-mid,47
b3c38,1898,charge-mid,47
b3c38,1899,charge-mid,46
b3c38,1900,charge-mid,47
b3c38,1901,charge-mid,47
b3c38,1902,charge-mid,47
b3c38,1903,charge-mid,47
b3c38,1904,charge-mid,47
b3c38,1905,charge-mid,47
b3c38,1906,charge-mid,47
b3c38,1907,charge-mid,47
b3c38,1908,charge-mid,47
b3c38,1909,charge-mid,46
b3c38,1910,charge-mid,46
b3c38,1911,charge-mid,46
b3c38,1912,charge-mid,46
b3c38,1913,charge-mid,46
b3c38,1914,charge-mid,47
b3c38,1915,charge-mid,46
b3c38,1916,charge-mid,46
b3c38,1917,charge-mid,47
b3c38,1918,charge-mid,47
b3c38,1919,charge-mid,47
b3c38,1920,charge-mid,47
b3c38,1921,charge-mid,47
b3c38,1922,charge-mid,47
b3c38,1923,charge-mid,46
b3c38,1924,charge-mid,46
b3c38,1925,charge-mid,46
b3c38,1926,charge-mid,47
b3c38,1927,charge-mid,46
b3c38,1928,charge-mid,46
b3c38,1929,charge-mid,46
b3c38,1930,charge-mid,46
b3c38,1931,charge-mid,46
b3c38,1932,charge-mid,46
b3c38,1933,charge-mid,46
b3c39,1104,charge-mid,52
b3c39,1113,charge-mid,52
b3c39,1115,charge-mid,52
b3c39,1116,charge-mid,52
b3c39,1119,charge-mid,52
b3c39,1122,charge-mid,52
b3c39,1123,charge-mid,52
b3c39,1124,charge-mid,51
b3c39,1125,charge-mid,51
b3c39,1127,charge-mid,51
b3c39,1129,charge-mid,52
b3c39,1130,charge-mid,52
b3c39,1131,charge-mid,51
b3c39,1132,charge-mid,52
b3c39,1133,charge-mid,52
b3c39,1134,charge-mid,51
b3c39,1135,charge-mid,52
b3c39,1136,charge-mid,51
b3c39,1137,charge-mid,52
b3c39,1138,charge-mid,51
b3c39,1139,charge-mid,51
b3c39,1140,charge-mid,50
b3c40,755,charge-mid,52
b3c40,756,charge-mid,52
b3c40,757,charge-mid,52
b3c40,758,charge-mid,52
b3c40,759,charge-mid,52
b3c40,760,charge-mid,52
b3c40,761,charge-mid,52
b3c40,764,charge-mid,52
b3c40,765,charge-mid,52
b3c40,766,charge-mid,52
b3c40,767,charge-mid,52
b3c40,768,charge-mid,52
b3c40,769,charge-mid,52
b3c40,770,charge-mid,52
b3c40,771,charge-mid,52
b3c40,772,charge-mid,52
b3c40,773,charge-mid,51
b3c40,774,charge-mid,51
b3c40,775,charge-mid,51
b3c40,776,charge-mid,51
b3c40,777,charge-mid,51
b3c40,778,charge-mid,51
b3c40,779,charge-mid,51
b3c40,780,charge-mid,51
b3c40,781,charge-mid,51
b3c40,782,charge-mid,51
b3c40,783,charge-mid,51
b3c40,784,charge-mid,51
b3c40,785,charge-mid,51
b3c40,786,charge-mid,51
b3c40,787,charge-mid,51
b3c40,788,charge-mid,51
b3c40,789,charge-mid,51
b3c40,790,charge-mid,50
b3c40,791,charge-mid,50
b3c40,792,charge-mid,50
b3c40,793,charge-mid,50
b3c40,794,charge-mid,50
b3c42,1249,charge-mid,204
b3c42,1260,charge-mid,346
b3c42,1316,charge-mid,281
b3c42,1638,charge-mid,52
b3c43,7,charge-mid,295
b3c43,16,charge-mid,252
b3c43,104,charge-mid,292
b3c43,190,charge-mid,344
b3c43,891,charge-mid,52
b3c43,896,charge-mid,52
b3c43,897,charge-mid,52
b3c43,900,charge-mid,52
b3c43,901,charge-mid,52
b3c43,903,charge-mid,52
b3c43,904,charge-mid,52
b3c43,905,charge-mid,52
b3c43,909,charge-mid,52
b3c43,910,charge-mid,52
b3c43,911,charge-mid,52
b3c43,912,charge-mid,52
b3c43,913,charge-mid,52
b3c43,914,charge-mid,52
b3c43,915,charge-mid,52
b3c43,917,charge-mid,52
b3c43,918,charge-mid,52
b3c43,919,charge-mid,52
b3c43,920,charge-mid,52
b3c43,921,charge-mid,52
b3c43,922,charge-mid,52
b3c43,923,charge-mid,52
b3c43,924,charge-mid,52
b3c43,925,charge-mid,52
b3c43,926,charge-mid,52
b3c43,927,charge-mid,52
b3c43,928,charge-mid,52
b3c43,929,charge-mid,52
b3c43,930,charge-mid,51
b3c43,931,charge-mid,52
b3c43,932,charge-mid,52
b3c43,933,charge-mid,52
b3c43,935,charge-mid,52
b3c43,936,charge-mid,52
b3c43,937,charge-mid,51
b3c43,938,charge-mid,51
b3c43,939,charge-mid,52
b3c43,940,charge-mid,52
b3c43,941,charge-mid,52
b3c43,943,charge-mid,51
b3c43,944,charge-mid,51
b3c43,945,charge-mid,51
b3c43,946,charge-mid,51
b3c43,947,charge-mid,51
b3c43,948,charge-mid,51
b3c43,950,charge-mid,51
b3c43,951,charge-mid,51
b3c43,952,charge-mid,51
b3c43,953,charge-mid,51
b3c43,956,charge-mid,51
b3c43,958,charge-mid,51
b3c43,961,charge-mid,51
b3c43,962,charge-mid,50
b3c43,963,charge-mid,50
b3c43,964,charge-mid,50
b3c43,965,charge-mid,51
b3c43,966,charge-mid,51
b3c43,967,charge-mid,50
b3c43,968,charge-mid,50
b3c43,969,charge-mid,50
b3c43,970,charge-mid,52
b3c43,971,charge-mid,50
b3c43,972,charge-mid,52
b3c43,973,charge-mid,50
b3c43,974,charge-mid,52
b3c43,975,charge-mid,50
b3c43,978,charge-mid,49
b3c43,979,charge-mid,50
b3c43,980,charge-mid,49
b3c43,981,charge-mid,50
b3c43,982,charge-mid,49
b3c43,983,charge-mid,50
b3c43,984,charge-mid,52
b3c43,985,charge-mid,50
b3c43,986,charge-mid,50
b3c43,988,charge-mid,50
b3c43,989,charge-mid,49
b3c43,990,charge-mid,49
b3c43,991,charge-mid,49
b3c43,995,charge-mid,51
b3c43,998,charge-mid,51
b3c43,999,charge-mid,50
b3c43,1000,charge-mid,52
b3c43,1002,charge-mid,51
b3c43,1003,charge-mid,51
b3c43,1004,charge-mid,51
b3c43,1005,charge-mid,50
b3c43,1006,charge-mid,51
b3c43,1007,charge-mid,50
b3c43,1008,charge-mid,50
b3c43,1009,charge-mid,51
b3c43,1010,charge-mid,51
b3c43,1011,charge-mid,51
b3c43,1013,charge-mid,51
b3c43,1014,charge-mid,50
b3c43,1015,charge-mid,50
b3c43,1016,charge-mid,52
b3c43,1017,charge-mid,51
b3c43,1018,charge-mid,52
b3c43,1019,charge-mid,50
b3c43,1021,charge-mid,51
b3c43,1022,charge-mid,51
b3c45,1797,charge-mid,52
b1c0,417,charge-low,169
b1c0,611,charge-low,167
b1c0,652,charge-low,166
b1c0,705,charge-low,168
b1c0,706,charge-low,169
b1c0,710,charge-low,170
b1c0,748,charge-low,163
b1c0,757,charge-low,166
b1c0,832,charge-low,160
b1c0,848,charge-low,167
b1c0,1336,charge-low,164
b1c0,1643,charge-low,139
b1c0,1654,charge-low,145
b1c0,1700,charge-low,159
b1c0,1703,charge-low,138
b1c0,1717,charge-low,91
b1c0,1721,charge-low,169
b1c0,1724,charge-low,130
b1c0,1727,charge-low,92
b1c0,1737,charge-low,96
b1c0,1739,charge-low,118
b1c0,1740,charge-low,142
b1c0,1753,charge-low,126
b1c0,1760,charge-low,154
b1c0,1763,charge-low,111
b1c0,1778,charge-low,102
b1c0,1782,charge-low,170
b1c0,1785,charge-low,106
b1c0,1792,charge-low,146
b1c0,1795,charge-low,121
b1c0,1798,charge-low,108
b1c0,1801,charge-low,102
b1c0,1807,charge-low,97
b1c0,1815,charge-low,146
b1c1,2131,charge-low,116
b1c1,2133,charge-low,140
b1c1,2134,charge-low,103
b1c1,2136,charge-low,125
b1c1,2137,charge-low,117
b1c1,2139,charge-low,148
b1c1,2140,charge-low,126
b1c1,2141,charge-low,133
b1c1,2142,charge-low,146
b1c1,2143,charge-low,129
b1c1,2145,charge-low,153
b1c1,2148,charge-low,148
b1c1,2149,charge-low,168
b1c4,1687,charge-low,104
b1c4,1689,charge-low,115
b1c4,1693,charge-low,129
b1c4,1695,charge-low,128
b1c18,2,charge-low,768
b1c18,3,charge-low,709
b1c18,4,charge-low,768
b1c18,5,charge-low,779
b1c18,685,charge-low,168
b1c33,743,charge-low,161
b1c38,610,charge-low,158
b1c38,611,charge-low,167
b1c41,1041,charge-low,151
b1c41,1042,charge-low,170
b2c1,125,charge-low,584
b2c1,128,charge-low,591
b2c1,131,charge-low,573
b2c1,132,charge-low,576
b2c1,136,charge-low,601
b2c1,137,charge-low,590
b2c1,138,charge-low,585
b2c1,139,charge-low,614
b2c1,140,charge-low,589
b2c1,141,charge-low,594
b2c1,142,charge-low,589
b2c1,143,charge-low,592
b2c1,144,charge-low,582
b2c1,145,charge-low,610
b2c1,146,charge-low,631
b2c1,147,charge-low,644
b2c1,148,charge-low,676
b2c1,150,charge-low,677
b2c1,151,charge-low,665
b2c1,152,charge-low,675
b2c1,153,charge-low,660
b2c1,154,charge-low,645
b2c1,155,charge-low,649
b2c1,156,charge-low,663
b2c1,157,charge-low,676
b2c1,158,charge-low,640
b2c1,159,charge-low,651
b2c1,160,charge-low,661
b2c1,161,charge-low,653
b2c1,162,charge-low,653
b2c1,163,charge-low,648
b2c1,164,charge-low,660
b2c1,165,charge-low,661
b2c1,166,charge-low,661
b2c1,167,charge-low,643
b2c1,169,charge-low,642
b2c2,247,charge-low,782
b2c2,351,charge-low,577
b2c2,353,charge-low,572
b2c2,354,charge-low,597
b2c2,355,charge-low,584
b2c2,356,charge-low,598
b2c2,357,charge-low,594
b2c2,358,charge-low,573
b2c2,362,charge-low,578
b2c2,363,charge-low,579
b2c2,364,charge-low,575
b2c2,365,charge-low,599
b2c2,366,charge-low,580
b2c2,367,charge-low,582
b2c2,368,charge-low,601
b2c2,369,charge-low,577
b2c2,370,charge-low,591
b2c2,371,charge-low,597
b2c2,372,charge-low,580
b2c2,373,charge-low,620
b2c2,374,charge-low,580
b2c2,375,charge-low,577
b2c2,376,charge-low,599
b2c2,377,charge-low,590
b2c2,378,charge-low,601
b2c2,379,charge-low,598
b2c2,380,charge-low,592
b2c2,381,charge-low,603
b2c2,382,charge-low,605
b2c2,383,charge-low,611
b2c2,384,charge-low,612
b2c2,385,charge-low,607
b2c2,386,charge-low,597
b2c2,387,charge-low,603
b2c2,388,charge-low,613
b2c2,389,charge-low,606
b2c2,390,charge-low,605
b2c2,391,charge-low,597
b2c2,392,charge-low,622
b2c2,393,charge-low,603
b2c2,394,charge-low,596
b2c2,395,charge-low,601
b2c2,396,charge-low,615
b2c2,397,charge-low,612
b2c2,398,charge-low,605
b2c2,399,charge-low,638
b2c2,400,charge-low,606
b2c2,401,charge-low,608
b2c2,402,charge-low,634
b2c2,403,charge-low,618
b2c2,404,charge-low,594
b2c2,405,charge-low,627
b2c2,406,charge-low,615
b2c2,407,charge-low,629
b2c2,408,charge-low,611
b2c2,409,charge-low,615
b2c2,411,charge-low,612
b2c2,412,charge-low,603
b2c2,413,charge-low,585
b2c2,414,charge-low,607
b2c2,415,charge-low,623
b2c2,416,charge-low,615
b2c2,417,charge-low,603
b2c2,418,charge-low,614
b2c2,419,charge-low,605
b2c2,420,charge-low,598
b2c2,421,charge-low,596
b2c2,428,charge-low,588
b2c2,429,charge-low,582
b2c4,354,charge-low,577
b2c4,361,charge-low,590
b2c4,362,charge-low,578
b2c4,363,charge-low,589
b2c4,367,charge-low,583
b2c4,368,charge-low,585
b2c4,372,charge-low,574
b2c4,373,charge-low,579
b2c4,375,charge-low,585
b2c4,377,charge-low,596
b2c4,378,charge-low,578
b2c4,379,charge-low,594
b2c4,380,charge-low,605
b2c4,381,charge-low,574
b2c4,382,charge-low,585
b2c4,383,charge-low,582
b2c4,384,charge-low,587
b2c4,385,charge-low,605
b2c4,387,charge-low,588
b2c4,388,charge-low,582
b2c4,389,charge-low,607
b2c4,390,charge-low,578
b2c4,391,charge-low,591
b2c4,392,charge-low,602
b2c4,393,charge-low,608
b2c4,394,charge-low,607
b2c4,395,charge-low,603
b2c4,397,charge-low,622
b2c4,398,charge-low,611
b2c4,403,charge-low,618
b2c5,393,charge-low,582
b2c5,395,charge-low,580
b2c5,396,charge-low,587
b2c5,399,charge-low,572
b2c5,404,charge-low,581
b2c5,406,charge-low,573
b2c5,409,charge-low,588
b2c5,410,charge-low,574
b2c5,411,charge-low,591
b2c5,412,charge-low,599
b2c5,413,charge-low,601
b2c5,414,charge-low,584
b2c5,416,charge-low,595
b2c5,417,charge-low,599
b2c5,418,charge-low,596
b2c5,419,charge-low,594
b2c5,421,charge-low,580
b2c5,422,charge-low,580
b2c5,423,charge-low,600
b2c5,424,charge-low,602
b2c5,425,charge-low,596
b2c5,426,charge-low,592
b2c5,427,charge-low,601
b2c5,428,charge-low,616
b2c5,429,charge-low,582
b2c5,430,charge-low,594
b2c5,431,charge-low,587
b2c5,432,charge-low,578
b2c5,433,charge-low,587
b2c5,434,charge-low,586
b2c5,435,charge-low,592
b2c5,436,charge-low,597
b2c5,437,charge-low,582
b2c5,438,charge-low,575
b2c5,440,charge-low,582
b2c5,441,charge-low,590
b2c5,442,charge-low,598
b2c5,443,charge-low,591
b2c5,444,charge-low,582
b2c5,445,charge-low,609
b2c5,446,charge-low,589
b2c5,447,charge-low,597
b2c5,448,charge-low,606
b2c5,449,charge-low,602
b2c5,450,charge-low,597
b2c5,451,charge-low,607
b2c5,452,charge-low,630
b2c5,453,charge-low,600
b2c5,454,charge-low,607
b2c5,455,charge-low,612
b2c5,456,charge-low,605
b2c5,457,charge-low,611
b2c5,458,charge-low,612
b2c5,459,charge-low,625
b2c5,460,charge-low,619
b2c5,461,charge-low,612
b2c5,462,charge-low,602
b2c5,463,charge-low,595
b2c5,464,charge-low,608
b2c5,465,charge-low,607
b2c5,466,charge-low,600
b2c5,467,charge-low,618
b2c5,468,charge-low,612
b2c5,469,charge-low,594
b2c5,470,charge-low,586
b2c5,471,charge-low,588
b2c5,472,charge-low,609
b2c5,473,charge-low,592
b2c5,474,charge-low,598
b2c5,475,charge-low,593
b2c5,477,charge-low,582
b2c5,478,charge-low,581
b2c5,479,charge-low,581
b2c5,480,charge-low,589
b2c5,481,charge-low,590
b2c5,482,charge-low,594
b2c5,483,charge-low,584
b2c5,484,charge-low,596
b2c5,485,charge-low,582
b2c5,486,charge-low,605
b2c5,487,charge-low,597
b2c5,488,charge-low,580
b2c5,489,charge-low,575
b2c5,492,charge-low,580
b2c5,493,charge-low,583
b2c5,494,charge-low,593
b2c5,495,charge-low,588
b2c5,496,charge-low,591
b2c5,497,charge-low,586
b2c5,499,charge-low,584
b2c5,500,charge-low,598
b2c5,501,charge-low,590
b2c5,502,charge-low,578
b2c5,503,charge-low,574
b2c5,504,charge-low,589
b2c5,506,charge-low,577
b2c10,495,charge-low,572
b2c10,501,charge-low,576
b2c10,505,charge-low,574
b2c10,506,charge-low,583
b2c10,511,charge-low,576
b2c10,512,charge-low,584
b2c10,513,charge-low,585
b2c10,514,charge-low,583
b2c10,516,charge-low,580
b2c10,517,charge-low,583
b2c10,519,charge-low,579
b2c10,520,charge-low,589
b2c10,522,charge-low,584
b2c10,524,charge-low,581
b2c10,525,charge-low,581
b2c10,528,charge-low,589
b2c10,529,charge-low,591
b2c10,530,charge-low,583
b2c10,531,charge-low,581
b2c10,532,charge-low,572
b2c10,533,charge-low,581
b2c10,534,charge-low,583
b2c10,536,charge-low,576
b2c10,537,charge-low,581
b2c10,538,charge-low,573
b2c10,539,charge-low,592
b2c10,541,charge-low,575
b2c10,546,charge-low,581
b2c10,547,charge-low,572
b2c10,558,charge-low,572
b2c10,559,charge-low,588
b2c10,560,charge-low,587
b2c10,561,charge-low,587
b2c10,562,charge-low,586
b2c10,565,charge-low,598
b2c10,566,charge-low,578
b2c10,567,charge-low,577
b2c10,568,charge-low,588
b2c10,569,charge-low,581
b2c10,571,charge-low,572
b2c10,572,charge-low,576
b2c10,573,charge-low,582
b2c10,574,charge-low,595
b2c10,575,charge-low,586
b2c10,584,charge-low,579
b2c10,589,charge-low,582
b2c10,593,charge-low,591
b2c11,435,charge-low,579
b2c11,437,charge-low,577
b2c11,439,charge-low,582
b2c11,440,charge-low,574
b2c11,441,charge-low,589
b2c11,443,charge-low,597
b2c11,444,charge-low,613
b2c11,445,charge-low,598
b2c11,446,charge-low,573
b2c11,447,charge-low,585
b2c11,448,charge-low,596
b2c11,449,charge-low,575
b2c11,450,charge-low,603
b2c11,451,charge-low,593
b2c11,452,charge-low,622
b2c11,453,charge-low,606
b2c11,454,charge-low,606
b2c11,455,charge-low,608
b2c11,456,charge-low,602
b2c11,457,charge-low,584
b2c11,458,charge-low,593
b2c11,459,charge-low,597
b2c11,460,charge-low,582
b2c11,461,charge-low,604
b2c11,462,charge-low,594
b2c11,463,charge-low,583
b2c11,464,charge-low,583
b2c11,465,charge-low,582
b2c11,466,charge-low,583
b2c11,468,charge-low,584
b2c11,472,charge-low,586
b2c11,474,charge-low,600
b2c11,478,charge-low,581
b2c11,481,charge-low,575
b2c11,487,charge-low,577
b2c13,512,charge-low,580
b2c13,513,charge-low,588
b2c13,514,charge-low,592
b2c13,516,charge-low,575
b2c13,518,charge-low,615
b2c13,519,charge-low,584
b2c14,407,charge-low,580
b2c14,412,charge-low,584
b2c14,415,charge-low,577
b2c14,416,charge-low,575
b2c14,418,charge-low,577
b2c14,419,charge-low,581
b2c14,420,charge-low,584
b2c14,421,charge-low,578
b2c14,422,charge-low,579
b2c14,423,charge-low,573
b2c14,424,charge-low,578
b2c14,425,charge-low,579
b2c14,426,charge-low,589
b2c14,428,charge-low,591
b2c14,429,charge-low,586
b2c14,430,charge-low,583
b2c14,431,charge-low,590
b2c14,432,charge-low,586
b2c14,433,charge-low,596
b2c14,434,charge-low,593
b2c14,435,charge-low,595
b2c14,436,charge-low,599
b2c14,437,charge-low,612
b2c14,438,charge-low,589
b2c14,439,charge-low,593
b2c14,440,charge-low,599
b2c14,441,charge-low,606
b2c14,442,charge-low,615
b2c14,443,charge-low,589
b2c14,444,charge-low,596
b2c14,445,charge-low,588
b2c14,446,charge-low,603
b2c14,447,charge-low,599
b2c14,448,charge-low,587
b2c14,449,charge-low,607
b2c14,450,charge-low,605
b2c14,451,charge-low,601
b2c14,452,charge-low,611
b2c14,453,charge-low,580
b2c14,454,charge-low,589
b2c14,455,charge-low,611
b2c14,456,charge-low,588
b2c14,457,charge-low,599
b2c14,458,charge-low,612
b2c14,459,charge-low,605
b2c14,460,charge-low,605
b2c14,461,charge-low,610
b2c14,462,charge-low,598
b2c14,463,charge-low,590
b2c14,464,charge-low,609
b2c14,465,charge-low,585
b2c14,466,charge-low,602
b2c14,467,charge-low,601
b2c14,468,charge-low,597
b2c14,469,charge-low,606
b2c14,470,charge-low,585
b2c14,471,charge-low,589
b2c14,473,charge-low,575
b2c14,475,charge-low,579
b2c14,476,charge-low,582
b2c14,477,charge-low,590
b2c14,478,charge-low,575
b2c14,479,charge-low,572
b2c14,481,charge-low,578
b2c14,483,charge-low,582
b2c14,484,charge-low,581
b2c14,485,charge-low,582
b2c14,487,charge-low,576
b2c14,489,charge-low,572
b2c14,495,charge-low,573
b2c17,393,charge-low,581
b2c17,396,charge-low,576
b2c17,399,charge-low,582
b2c17,404,charge-low,577
b2c17,407,charge-low,578
b2c17,408,charge-low,590
b2c17,409,charge-low,579
b2c17,412,charge-low,613
b2c17,414,charge-low,582
b2c17,415,charge-low,617
b2c17,416,charge-low,625
b2c17,417,charge-low,602
b2c17,418,charge-low,612
b2c17,419,charge-low,592
b2c17,421,charge-low,600
b2c17,422,charge-low,594
b2c17,423,charge-low,597
b2c17,424,charge-low,592
b2c17,425,charge-low,589
b2c17,426,charge-low,615
b2c17,427,charge-low,573
b2c17,428,charge-low,583
b2c17,431,charge-low,587
b2c17,432,charge-low,593
b2c17,434,charge-low,592
b2c17,435,charge-low,574
b2c17,438,charge-low,610
b2c17,439,charge-low,588
b2c17,440,charge-low,617
b2c17,441,charge-low,603
b2c17,442,charge-low,573
b2c17,443,charge-low,600
b2c17,444,charge-low,593
b2c17,445,charge-low,587
b2c17,446,charge-low,615
b2c17,447,charge-low,586
b2c17,448,charge-low,597
b2c17,449,charge-low,609
b2c17,451,charge-low,592
b2c17,452,charge-low,614
b2c17,453,charge-low,575
b2c17,455,charge-low,630
b2c17,457,charge-low,574
b2c17,458,charge-low,606
b2c17,459,charge-low,574
b2c17,460,charge-low,582
b2c17,461,charge-low,604
b2c17,462,charge-low,576
b2c17,464,charge-low,610
b2c17,465,charge-low,585
b2c17,466,charge-low,589
b2c17,467,charge-low,597
b2c17,468,charge-low,587
b2c17,469,charge-low,601
b2c17,470,charge-low,627
b2c17,471,charge-low,574
b2c17,472,charge-low,586
b2c17,473,charge-low,615
b2c17,475,charge-low,607
b2c17,476,charge-low,587
b2c17,477,charge-low,585
b2c17,478,charge-low,592
b2c17,479,charge-low,614
b2c17,481,charge-low,597
b2c17,482,charge-low,609
b2c17,485,charge-low,607
b2c17,488,charge-low,587
b2c17,491,charge-low,593
b2c17,493,charge-low,581
b2c17,494,charge-low,577
b2c17,496,charge-low,573
b2c17,497,charge-low,597
b2c17,503,charge-low,594
b2c17,504,charge-low,573
b2c17,509,charge-low,576
b2c17,518,charge-low,587
b2c17,519,charge-low,581
b2c17,524,charge-low,579
b2c18,432,charge-low,575
b2c18,443,charge-low,581
b2c18,444,charge-low,579
b2c18,447,charge-low,586
b2c18,449,charge-low,573
b2c18,450,charge-low,576
b2c18,456,charge-low,576
b2c18,458,charge-low,579
b2c18,475,charge-low,579
b2c18,486,charge-low,593
b2c18,487,charge-low,624
b2c18,489,charge-low,605
b2c18,490,charge-low,611
b2c18,491,charge-low,599
b2c18,492,charge-low,607
b2c18,493,charge-low,601
b2c18,494,charge-low,607
b2c18,495,charge-low,624
b2c18,496,charge-low,598
b2c18,497,charge-low,601
b2c18,498,charge-low,594
b2c18,499,charge-low,630
b2c18,500,charge-low,589
b2c18,501,charge-low,612
b2c18,502,charge-low,592
b2c18,503,charge-low,601
b2c18,504,charge-low,598
b2c18,505,charge-low,594
b2c18,506,charge-low,588
b2c18,507,charge-low,575
b2c18,508,charge-low,613
b2c18,509,charge-low,603
b2c18,510,charge-low,615
b2c18,511,charge-low,576
b2c18,512,charge-low,573
b2c18,513,charge-low,609
b2c18,514,charge-low,588
b2c18,516,charge-low,613
b2c18,517,charge-low,584
b2c18,519,charge-low,575
b2c18,520,charge-low,585
b2c18,521,charge-low,580
b2c18,522,charge-low,603
b2c19,375,charge-low,572
b2c19,411,charge-low,592
b2c19,412,charge-low,594
b2c19,413,charge-low,585
b2c19,421,charge-low,575
b2c19,422,charge-low,586
b2c19,423,charge-low,577
b2c19,424,charge-low,601
b2c19,425,charge-low,583
b2c19,426,charge-low,585
b2c19,427,charge-low,600
b2c19,428,charge-low,581
b2c19,429,charge-low,593
b2c19,430,charge-low,574
b2c19,432,charge-low,601
b2c19,433,charge-low,598
b2c19,434,charge-low,577
b2c19,435,charge-low,604
b2c19,436,charge-low,574
b2c19,437,charge-low,595
b2c19,438,charge-low,587
b2c19,439,charge-low,607
b2c19,440,charge-low,584
b2c19,441,charge-low,581
b2c19,442,charge-low,591
b2c19,443,charge-low,595
b2c19,444,charge-low,589
b2c19,445,charge-low,594
b2c19,446,charge-low,572
b2c19,447,charge-low,577
b2c19,448,charge-low,574
b2c19,449,charge-low,579
b2c19,450,charge-low,583
b2c19,452,charge-low,574
b2c19,461,charge-low,590
b2c19,462,charge-low,612
b2c19,463,charge-low,619
b2c19,464,charge-low,615
b2c19,465,charge-low,623
b2c19,466,charge-low,603
b2c19,468,charge-low,613
b2c19,469,charge-low,636
b2c19,470,charge-low,636
b2c19,471,charge-low,625
b2c19,472,charge-low,602
b2c19,473,charge-low,585
b2c19,474,charge-low,600
b2c19,475,charge-low,623
b2c19,476,charge-low,613
b2c19,477,charge-low,596
b2c19,478,charge-low,596
b2c19,479,charge-low,590
b2c19,480,charge-low,604
b2c19,481,charge-low,597
b2c19,482,charge-low,593
b2c19,483,charge-low,601
b2c19,484,charge-low,605
b2c19,485,charge-low,599
b2c19,486,charge-low,586
b2c19,488,charge-low,581
b2c20,413,charge-low,573
b2c20,416,charge-low,580
b2c20,419,charge-low,582
b2c20,420,charge-low,583
b2c20,421,charge-low,584
b2c20,422,charge-low,580
b2c20,423,charge-low,583
b2c20,427,charge-low,576
b2c20,428,charge-low,581
b2c20,430,charge-low,592
b2c20,431,charge-low,581
b2c20,432,charge-low,597
b2c20,433,charge-low,589
b2c20,434,charge-low,578
b2c20,435,charge-low,572
b2c20,436,charge-low,576
b2c20,439,charge-low,575
b2c20,440,charge-low,584
b2c20,441,charge-low,575
b2c20,442,charge-low,605
b2c20,443,charge-low,590
b2c20,444,charge-low,593
b2c20,445,charge-low,603
b2c20,446,charge-low,577
b2c20,447,charge-low,612
b2c20,448,charge-low,604
b2c20,449,charge-low,594
b2c20,450,charge-low,618
b2c20,451,charge-low,610
b2c20,452,charge-low,602
b2c20,453,charge-low,622
b2c20,454,charge-low,594
b2c20,455,charge-low,606
b2c20,456,charge-low,617
b2c20,457,charge-low,593
b2c20,458,charge-low,604
b2c20,459,charge-low,609
b2c20,460,charge-low,590
b2c20,461,charge-low,603
b2c20,462,charge-low,609
b2c20,463,charge-low,601
b2c20,464,charge-low,605
b2c20,465,charge-low,596
b2c20,466,charge-low,595
b2c20,467,charge-low,579
b2c20,468,charge-low,599
b2c20,469,charge-low,620
b2c20,470,charge-low,598
b2c20,471,charge-low,594
b2c20,472,charge-low,583
b2c20,473,charge-low,581
b2c20,474,charge-low,596
b2c20,475,charge-low,583
b2c20,476,charge-low,587
b2c20,477,charge-low,609
b2c20,478,charge-low,609
b2c20,479,charge-low,593
b2c20,480,charge-low,597
b2c20,481,charge-low,614
b2c20,482,charge-low,603
b2c20,483,charge-low,601
b2c20,484,charge-low,604
b2c20,485,charge-low,594
b2c20,486,charge-low,603
b2c20,487,charge-low,583
b2c20,488,charge-low,591
b2c20,489,charge-low,597
b2c20,490,charge-low,584
b2c20,491,charge-low,583
b2c20,492,charge-low,579
b2c20,493,charge-low,592
b2c20,494,charge-low,588
b2c20,495,charge-low,586
b2c20,496,charge-low,587
b2c20,497,charge-low,576
b2c20,498,charge-low,582
b2c20,499,charge-low,593
b2c20,501,charge-low,572
b2c20,502,charge-low,583
b2c20,504,charge-low,588
b2c20,505,charge-low,575
b2c20,507,charge-low,575
b2c20,513,charge-low,574
b2c20,522,charge-low,580
b2c20,523,charge-low,585
b2c20,524,charge-low,579
b2c20,526,charge-low,575
b2c21,404,charge-low,579
b2c21,405,charge-low,580
b2c21,406,charge-low,575
b2c21,407,charge-low,576
b2c21,409,charge-low,579
b2c21,414,charge-low,576
b2c21,415,charge-low,574
b2c21,416,charge-low,572
b2c21,418,charge-low,607
b2c21,419,charge-low,595
b2c21,420,charge-low,579
b2c21,421,charge-low,585
b2c21,422,charge-low,587
b2c21,424,charge-low,578
b2c21,425,charge-low,582
b2c21,426,charge-low,584
b2c21,429,charge-low,586
b2c21,430,charge-low,600
b2c21,431,charge-low,589
b2c21,432,charge-low,577
b2c21,433,charge-low,588
b2c21,434,charge-low,582
b2c21,435,charge-low,600
b2c21,436,charge-low,572
b2c21,437,charge-low,578
b2c21,438,charge-low,588
b2c21,439,charge-low,575
b2c21,440,charge-low,577
b2c21,441,charge-low,584
b2c21,442,charge-low,594
b2c21,443,charge-low,573
b2c21,446,charge-low,589
b2c21,447,charge-low,584
b2c21,448,charge-low,581
b2c21,449,charge-low,592
b2c21,450,charge-low,593
b2c21,451,charge-low,613
b2c21,452,charge-low,604
b2c21,453,charge-low,600
b2c21,454,charge-low,588
b2c21,455,charge-low,602
b2c21,456,charge-low,602
b2c21,457,charge-low,582
b2c21,458,charge-low,607
b2c21,459,charge-low,593
b2c21,460,charge-low,586
b2c21,461,charge-low,590
b2c21,462,charge-low,592
b2c21,463,charge-low,590
b2c21,464,charge-low,612
b2c21,465,charge-low,607
b2c21,467,charge-low,596
b2c21,468,charge-low,605
b2c21,469,charge-low,583
b2c21,470,charge-low,596
b2c21,473,charge-low,607
b2c21,474,charge-low,598
b2c21,475,charge-low,587
b2c21,476,charge-low,580
b2c21,479,charge-low,581
b2c21,493,charge-low,576
b2c22,408,charge-low,574
b2c22,412,charge-low,575
b2c22,416,charge-low,578
b2c22,418,charge-low,587
b2c22,420,charge-low,572
b2c22,423,charge-low,589
b2c22,425,charge-low,585
b2c22,426,charge-low,595
b2c22,427,charge-low,573
b2c22,428,charge-low,579
b2c22,429,charge-low,609
b2c22,430,charge-low,599
b2c22,431,charge-low,587
b2c22,432,charge-low,591
b2c22,433,charge-low,583
b2c22,434,charge-low,600
b2c22,435,charge-low,590
b2c22,436,charge-low,588
b2c22,437,charge-low,586
b2c22,438,charge-low,587
b2c22,439,charge-low,577
b2c22,440,charge-low,586
b2c22,441,charge-low,585
b2c22,442,charge-low,603
b2c22,443,charge-low,604
b2c22,444,charge-low,600
b2c22,445,charge-low,619
b2c22,446,charge-low,600
b2c22,447,charge-low,591
b2c22,448,charge-low,591
b2c22,449,charge-low,605
b2c22,450,charge-low,610
b2c22,451,charge-low,600
b2c22,452,charge-low,598
b2c22,453,charge-low,605
b2c22,454,charge-low,622
b2c22,455,charge-low,607
b2c22,456,charge-low,617
b2c22,457,charge-low,622
b2c22,458,charge-low,587
b2c22,459,charge-low,597
b2c22,460,charge-low,588
b2c22,461,charge-low,593
b2c22,462,charge-low,613
b2c22,463,charge-low,599
b2c22,464,charge-low,614
b2c22,465,charge-low,631
b2c22,466,charge-low,614
b2c22,467,charge-low,611
b2c22,468,charge-low,599
b2c22,469,charge-low,602
b2c22,470,charge-low,627
b2c22,471,charge-low,608
b2c22,472,charge-low,614
b2c22,473,charge-low,628
b2c22,474,charge-low,615
b2c22,475,charge-low,620
b2c22,476,charge-low,598
b2c22,477,charge-low,624
b2c22,478,charge-low,612
b2c22,479,charge-low,633
b2c22,480,charge-low,626
b2c22,481,charge-low,636
b2c22,482,charge-low,603
b2c22,483,charge-low,600
b2c22,484,charge-low,591
b2c22,485,charge-low,611
b2c22,486,charge-low,612
b2c22,487,charge-low,619
b2c22,488,charge-low,618
b2c22,489,charge-low,621
b2c22,490,charge-low,613
b2c22,491,charge-low,601
b2c22,492,charge-low,619
b2c22,493,charge-low,618
b2c22,494,charge-low,627
b2c22,495,charge-low,611
b2c22,496,charge-low,599
b2c22,497,charge-low,604
b2c22,498,charge-low,620
b2c22,499,charge-low,604
b2c22,500,charge-low,616
b2c22,501,charge-low,597
b2c22,502,charge-low,601
b2c22,503,charge-low,610
b2c22,504,charge-low,586
b2c22,505,charge-low,591
b2c22,506,charge-low,602
b2c22,507,charge-low,597
b2c22,508,charge-low,598
b2c22,509,charge-low,589
b2c22,510,charge-low,588
b2c22,511,charge-low,580
b2c22,512,charge-low,611
b2c22,513,charge-low,612
b2c22,514,charge-low,610
b2c22,515,charge-low,614
b2c22,516,charge-low,612
b2c22,517,charge-low,602
b2c22,518,charge-low,606
b2c22,519,charge-low,634
b2c22,520,charge-low,624
b2c22,521,charge-low,600
b2c22,522,charge-low,613
b2c22,523,charge-low,600
b2c22,524,charge-low,622
b2c22,525,charge-low,606
b2c22,527,charge-low,600
b2c22,528,charge-low,619
b2c22,529,charge-low,613
b2c22,530,charge-low,590
b2c22,531,charge-low,617
b2c22,532,charge-low,612
b2c22,533,charge-low,598
b2c22,534,charge-low,596
b2c22,535,charge-low,589
b2c22,536,charge-low,608
b2c22,537,charge-low,592
b2c22,538,charge-low,598
b2c22,539,charge-low,601
b2c23,439,charge-low,578
b2c23,442,charge-low,577
b2c23,444,charge-low,588
b2c23,447,charge-low,574
b2c23,451,charge-low,584
b2c23,452,charge-low,594
b2c23,454,charge-low,580
b2c23,456,charge-low,581
b2c23,457,charge-low,578
b2c23,458,charge-low,572
b2c23,459,charge-low,574
b2c23,460,charge-low,576
b2c23,461,charge-low,584
b2c23,462,charge-low,581
b2c23,463,charge-low,576
b2c23,465,charge-low,585
b2c23,466,charge-low,584
b2c23,472,charge-low,601
b2c23,473,charge-low,590
b2c23,474,charge-low,609
b2c23,475,charge-low,576
b2c23,476,charge-low,580
b2c23,479,charge-low,580
b2c23,480,charge-low,611
b2c23,482,charge-low,579
b2c23,484,charge-low,579
b2c23,485,charge-low,574
b2c23,486,charge-low,577
b2c23,487,charge-low,579
b2c23,490,charge-low,578
b2c23,491,charge-low,572
b2c23,492,charge-low,572
b2c23,493,charge-low,587
b2c23,496,charge-low,581
b2c23,497,charge-low,584
b2c23,498,charge-low,606
b2c23,499,charge-low,577
b2c23,500,charge-low,589
b2c23,501,charge-low,572
b2c23,502,charge-low,600
b2c23,504,charge-low,575
b2c23,505,charge-low,587
b2c23,506,charge-low,583
b2c23,507,charge-low,592
b2c23,508,charge-low,595
b2c23,509,charge-low,585
b2c23,510,charge-low,584
b2c23,511,charge-low,574
b2c23,512,charge-low,582
b2c23,513,charge-low,587
b2c23,517,charge-low,587
b2c23,526,charge-low,619
b2c23,527,charge-low,635
b2c23,528,charge-low,630
b2c23,529,charge-low,635
b2c23,530,charge-low,620
b2c23,531,charge-low,619
b2c23,532,charge-low,612
b2c23,533,charge-low,614
b2c23,534,charge-low,630
b2c23,535,charge-low,619
b2c23,536,charge-low,607
b2c23,537,charge-low,603
b2c23,538,charge-low,630
b2c23,539,charge-low,621
b2c23,540,charge-low,606
b2c23,541,charge-low,611
b2c23,542,charge-low,599
b2c23,543,charge-low,610
b2c23,544,charge-low,588
b2c23,547,charge-low,611
b2c23,549,charge-low,592
b2c23,550,charge-low,619
b2c23,551,charge-low,599
b2c23,552,charge-low,605
b2c23,553,charge-low,597
b2c23,554,charge-low,590
b2c23,555,charge-low,593
b2c23,556,charge-low,595
b2c23,557,charge-low,583
b2c23,558,charge-low,596
b2c23,559,charge-low,589
b2c23,560,charge-low,594
b2c23,561,charge-low,586
b2c24,434,charge-low,576
b2c24,435,charge-low,575
b2c24,440,charge-low,576
b2c24,441,charge-low,578
b2c24,443,charge-low,577
b2c24,444,charge-low,587
b2c24,449,charge-low,595
b2c24,454,charge-low,580
b2c24,455,charge-low,574
b2c24,456,charge-low,573
b2c24,457,charge-low,577
b2c24,460,charge-low,582
b2c24,463,charge-low,594
b2c24,464,charge-low,593
b2c24,465,charge-low,595
b2c24,466,charge-low,594
b2c24,467,charge-low,597
b2c24,468,charge-low,580
b2c24,469,charge-low,592
b2c24,470,charge-low,612
b2c24,471,charge-low,585
b2c24,472,charge-low,578
b2c24,474,charge-low,581
b2c24,475,charge-low,583
b2c24,476,charge-low,593
b2c24,478,charge-low,590
b2c24,480,charge-low,591
b2c24,481,charge-low,594
b2c24,482,charge-low,574
b2c24,484,charge-low,573
b2c24,485,charge-low,598
b2c24,487,charge-low,581
b2c24,488,charge-low,579
b2c24,489,charge-low,584
b2c24,490,charge-low,590
b2c24,491,charge-low,576
b2c24,492,charge-low,580
b2c24,493,charge-low,587
b2c24,494,charge-low,595
b2c24,495,charge-low,669
b2c24,496,charge-low,657
b2c24,497,charge-low,632
b2c24,498,charge-low,633
b2c24,499,charge-low,646
b2c24,500,charge-low,641
b2c24,501,charge-low,653
b2c24,502,charge-low,642
b2c24,503,charge-low,610
b2c24,504,charge-low,634
b2c24,505,charge-low,640
b2c24,506,charge-low,634
b2c24,507,charge-low,614
b2c24,508,charge-low,630
b2c24,509,charge-low,638
b2c24,510,charge-low,629
b2c24,511,charge-low,642
b2c24,512,charge-low,640
b2c24,513,charge-low,643
b2c24,514,charge-low,636
b2c24,515,charge-low,635
b2c24,516,charge-low,616
b2c24,517,charge-low,654
b2c24,518,charge-low,623
b2c24,519,charge-low,616
b2c24,520,charge-low,640
b2c24,521,charge-low,630
b2c24,522,charge-low,609
b2c24,523,charge-low,648
b2c25,410,charge-low,574
b2c25,413,charge-low,572
b2c25,414,charge-low,583
b2c25,415,charge-low,573
b2c25,416,charge-low,575
b2c25,420,charge-low,583
b2c25,421,charge-low,573
b2c25,424,charge-low,601
b2c25,425,charge-low,587
b2c25,427,charge-low,589
b2c25,428,charge-low,574
b2c25,429,charge-low,593
b2c25,430,charge-low,594
b2c25,431,charge-low,578
b2c25,432,charge-low,582
b2c25,433,charge-low,582
b2c25,434,charge-low,588
b2c25,435,charge-low,576
b2c25,436,charge-low,599
b2c25,437,charge-low,580
b2c25,438,charge-low,578
b2c25,439,charge-low,582
b2c25,440,charge-low,582
b2c25,442,charge-low,582
b2c25,445,charge-low,576
b2c25,450,charge-low,575
b2c25,452,charge-low,584
b2c25,453,charge-low,578
b2c25,458,charge-low,575
b2c25,459,charge-low,575
b2c25,460,charge-low,603
b2c25,462,charge-low,637
b2c25,463,charge-low,640
b2c25,464,charge-low,623
b2c25,465,charge-low,601
b2c25,467,charge-low,625
b2c25,468,charge-low,634
b2c25,469,charge-low,632
b2c25,470,charge-low,624
b2c25,471,charge-low,629
b2c25,472,charge-low,616
b2c25,473,charge-low,639
b2c25,474,charge-low,617
b2c25,476,charge-low,613
b2c25,479,charge-low,634
b2c25,480,charge-low,627
b2c25,481,charge-low,610
b2c25,484,charge-low,604
b2c25,486,charge-low,589
b2c26,430,charge-low,572
b2c26,431,charge-low,574
b2c26,446,charge-low,576
b2c26,470,charge-low,594
b2c26,471,charge-low,608
b2c26,472,charge-low,610
b2c26,473,charge-low,606
b2c26,474,charge-low,598
b2c26,475,charge-low,605
b2c26,476,charge-low,615
b2c26,477,charge-low,602
b2c26,478,charge-low,627
b2c26,479,charge-low,594
b2c26,480,charge-low,601
b2c26,481,charge-low,614
b2c26,482,charge-low,618
b2c26,483,charge-low,603
b2c26,484,charge-low,610
b2c26,486,charge-low,598
b2c26,487,charge-low,600
b2c26,488,charge-low,589
b2c26,489,charge-low,597
b2c26,490,charge-low,592
b2c26,491,charge-low,595
b2c26,492,charge-low,619
b2c26,493,charge-low,588
b2c26,494,charge-low,604
b2c26,496,charge-low,583
b2c26,497,charge-low,602
b2c27,118,charge-low,28
b2c27,377,charge-low,578
b2c27,379,charge-low,574
b2c27,394,charge-low,573
b2c27,397,charge-low,585
b2c27,399,charge-low,572
b2c27,400,charge-low,592
b2c27,401,charge-low,583
b2c27,402,charge-low,573
b2c27,403,charge-low,599
b2c27,404,charge-low,587
b2c27,405,charge-low,584
b2c27,406,charge-low,597
b2c27,407,charge-low,575
b2c27,408,charge-low,578
b2c27,409,charge-low,598
b2c27,410,charge-low,579
b2c27,411,charge-low,593
b2c27,412,charge-low,581
b2c27,414,charge-low,584
b2c27,415,charge-low,590
b2c27,416,charge-low,605
b2c27,417,charge-low,596
b2c27,418,charge-low,576
b2c27,419,charge-low,585
b2c27,420,charge-low,610
b2c27,421,charge-low,596
b2c27,422,charge-low,579
b2c27,423,charge-low,604
b2c27,424,charge-low,573
b2c27,425,charge-low,591
b2c27,426,charge-low,606
b2c27,427,charge-low,585
b2c27,428,charge-low,590
b2c27,429,charge-low,587
b2c27,430,charge-low,582
b2c27,431,charge-low,581
b2c27,432,charge-low,620
b2c27,433,charge-low,591
b2c27,434,charge-low,607
b2c27,435,charge-low,596
b2c27,437,charge-low,595
b2c27,438,charge-low,599
b2c27,439,charge-low,601
b2c27,440,charge-low,590
b2c27,441,charge-low,593
b2c27,443,charge-low,588
b2c27,444,charge-low,593
b2c27,445,charge-low,594
b2c27,446,charge-low,597
b2c27,447,charge-low,588
b2c27,448,charge-low,584
b2c27,449,charge-low,590
b2c27,450,charge-low,584
b2c27,452,charge-low,577
b2c27,453,charge-low,595
b2c27,454,charge-low,579
b2c27,455,charge-low,593
b2c27,456,charge-low,575
b2c27,458,charge-low,593
b2c27,459,charge-low,578
b2c27,462,charge-low,573
b2c27,467,charge-low,572
b2c27,469,charge-low,575
b2c27,470,charge-low,587
b2c27,475,charge-low,578
b2c27,476,charge-low,574
b2c27,479,charge-low,581
b2c27,480,charge-low,572
b2c27,485,charge-low,576
b2c28,441,charge-low,585
b2c28,444,charge-low,579
b2c28,445,charge-low,582
b2c28,447,charge-low,587
b2c28,448,charge-low,588
b2c28,450,charge-low,576
b2c28,452,charge-low,575
b2c28,453,charge-low,576
b2c28,455,charge-low,575
b2c28,456,charge-low,582
b2c28,459,charge-low,574
b2c28,460,charge-low,578
b2c28,461,charge-low,596
b2c28,462,charge-low,597
b2c28,463,charge-low,583
b2c28,464,charge-low,593
b2c28,465,charge-low,599
b2c28,466,charge-low,576
b2c28,470,charge-low,585
b2c28,471,charge-low,596
b2c28,473,charge-low,577
b2c28,474,charge-low,596
b2c28,477,charge-low,587
b2c28,479,charge-low,586
b2c28,480,charge-low,598
b2c28,482,charge-low,793
b2c28,483,charge-low,694
b2c28,484,charge-low,697
b2c28,485,charge-low,584
b2c28,486,charge-low,664
b2c28,487,charge-low,654
b2c28,489,charge-low,733
b2c28,490,charge-low,723
b2c28,491,charge-low,713
b2c28,493,charge-low,724
b2c28,494,charge-low,657
b2c28,495,charge-low,736
b2c28,496,charge-low,791
b2c28,497,charge-low,666
b2c28,498,charge-low,781
b2c28,499,charge-low,676
b2c28,500,charge-low,746
b2c28,501,charge-low,625
b2c28,502,charge-low,653
b2c28,503,charge-low,618
b2c28,504,charge-low,674
b2c28,505,charge-low,645
b2c28,507,charge-low,622
b2c28,509,charge-low,632
b2c28,510,charge-low,640
b2c28,511,charge-low,707
b2c28,512,charge-low,857
b2c28,513,charge-low,794
b2c28,514,charge-low,717
b2c28,515,charge-low,767
b2c28,516,charge-low,836
b2c28,517,charge-low,714
b2c28,518,charge-low,714
b2c28,519,charge-low,697
b2c28,520,charge-low,692
b2c28,521,charge-low,790
b2c28,522,charge-low,766
b2c28,523,charge-low,686
b2c28,524,charge-low,832
b2c28,525,charge-low,678
b2c28,526,charge-low,788
b2c28,527,charge-low,647
b2c28,528,charge-low,806
b2c28,529,charge-low,725
b2c28,530,charge-low,707
b2c28,531,charge-low,650
b2c28,532,charge-low,652
b2c28,533,charge-low,710
b2c28,534,charge-low,693
b2c28,535,charge-low,669
b2c28,536,charge-low,728
b2c28,537,charge-low,718
b2c28,538,charge-low,756
b2c28,540,charge-low,652
b2c29,411,charge-low,695
b2c29,416,charge-low,781
b2c29,417,charge-low,573
b2c29,419,charge-low,709
b2c29,424,charge-low,576
b2c29,425,charge-low,740
b2c29,426,charge-low,716
b2c29,429,charge-low,746
b2c29,430,charge-low,581
b2c29,432,charge-low,784
b2c29,433,charge-low,860
b2c29,434,charge-low,765
b2c29,435,charge-low,583
b2c29,436,charge-low,767
b2c29,437,charge-low,732
b2c29,438,charge-low,835
b2c29,439,charge-low,579
b2c29,440,charge-low,582
b2c29,441,charge-low,715
b2c29,442,charge-low,576
b2c29,443,charge-low,805
b2c29,444,charge-low,578
b2c29,445,charge-low,805
b2c29,446,charge-low,726
b2c29,447,charge-low,594
b2c29,448,charge-low,580
b2c29,449,charge-low,748
b2c29,450,charge-low,708
b2c29,451,charge-low,579
b2c29,453,charge-low,848
b2c29,454,charge-low,584
b2c29,455,charge-low,592
b2c29,456,charge-low,854
b2c29,457,charge-low,603
b2c29,458,charge-low,783
b2c29,460,charge-low,742
b2c29,461,charge-low,578
b2c29,462,charge-low,825
b2c29,463,charge-low,579
b2c29,464,charge-low,589
b2c29,466,charge-low,782
b2c29,467,charge-low,739
b2c29,468,charge-low,804
b2c29,469,charge-low,827
b2c29,470,charge-low,820
b2c29,471,charge-low,616
b2c29,472,charge-low,814
b2c29,473,charge-low,815
b2c29,475,charge-low,589
b2c29,476,charge-low,615
b2c29,477,charge-low,814
b2c29,478,charge-low,620
b2c29,479,charge-low,596
b2c29,480,charge-low,608
b2c29,481,charge-low,598
b2c29,482,charge-low,620
b2c29,483,charge-low,704
b2c29,484,charge-low,594
b2c29,486,charge-low,589
b2c29,487,charge-low,584
b2c29,488,charge-low,668
b2c29,489,charge-low,590
b2c29,490,charge-low,714
b2c29,491,charge-low,587
b2c29,492,charge-low,586
b2c29,494,charge-low,637
b2c29,495,charge-low,693
b2c29,497,charge-low,632
b2c29,499,charge-low,655
b2c29,500,charge-low,648
b2c29,501,charge-low,649
b2c29,502,charge-low,652
b2c29,503,charge-low,621
b2c29,504,charge-low,645
b2c29,506,charge-low,695
b2c29,511,charge-low,629
b2c29,512,charge-low,620
b2c29,513,charge-low,732
b2c29,514,charge-low,714
b2c29,515,charge-low,617
b2c29,517,charge-low,630
b2c29,518,charge-low,644
b2c29,520,charge-low,625
b2c30,420,charge-low,578
b2c30,421,charge-low,573
b2c30,422,charge-low,573
b2c30,426,charge-low,572
b2c30,427,charge-low,576
b2c30,429,charge-low,582
b2c30,433,charge-low,578
b2c30,434,charge-low,595
b2c30,435,charge-low,581
b2c30,436,charge-low,579
b2c30,437,charge-low,576
b2c30,438,charge-low,580
b2c30,439,charge-low,572
b2c30,440,charge-low,582
b2c30,441,charge-low,581
b2c30,445,charge-low,578
b2c30,446,charge-low,589
b2c30,447,charge-low,583
b2c30,448,charge-low,574
b2c30,449,charge-low,586
b2c30,450,charge-low,612
b2c30,451,charge-low,575
b2c30,453,charge-low,582
b2c30,454,charge-low,573
b2c30,455,charge-low,572
b2c30,456,charge-low,577
b2c30,457,charge-low,594
b2c30,458,charge-low,599
b2c30,459,charge-low,603
b2c30,460,charge-low,587
b2c30,461,charge-low,577
b2c30,462,charge-low,574
b2c30,463,charge-low,589
b2c30,464,charge-low,588
b2c30,466,charge-low,597
b2c30,467,charge-low,582
b2c30,468,charge-low,579
b2c30,469,charge-low,579
b2c30,470,charge-low,589
b2c30,472,charge-low,583
b2c30,477,charge-low,574
b2c30,478,charge-low,572
b2c30,479,charge-low,580
b2c30,481,charge-low,591
b2c30,482,charge-low,588
b2c30,483,charge-low,611
b2c30,488,charge-low,590
b2c30,489,charge-low,577
b2c30,491,charge-low,579
b2c30,493,charge-low,575
b2c30,494,charge-low,572
b2c30,496,charge-low,583
b2c30,505,charge-low,588
b2c30,506,charge-low,573
b2c31,421,charge-low,580
b2c31,430,charge-low,575
b2c31,433,charge-low,578
b2c31,434,charge-low,573
b2c31,436,charge-low,573
b2c31,437,charge-low,586
b2c31,438,charge-low,572
b2c31,439,charge-low,584
b2c31,440,charge-low,587
b2c31,442,charge-low,586
b2c31,443,charge-low,590
b2c31,444,charge-low,577
b2c31,445,charge-low,597
b2c31,446,charge-low,577
b2c31,447,charge-low,594
b2c31,448,charge-low,593
b2c31,449,charge-low,587
b2c31,450,charge-low,605
b2c31,451,charge-low,575
b2c31,453,charge-low,586
b2c31,454,charge-low,596
b2c31,455,charge-low,594
b2c31,456,charge-low,593
b2c31,457,charge-low,603
b2c31,458,charge-low,603
b2c31,459,charge-low,586
b2c31,460,charge-low,617
b2c31,461,charge-low,612
b2c31,462,charge-low,609
b2c31,463,charge-low,602
b2c31,464,charge-low,600
b2c31,465,charge-low,606
b2c31,466,charge-low,604
b2c31,467,charge-low,629
b2c31,469,charge-low,627
b2c31,470,charge-low,592
b2c31,471,charge-low,616
b2c31,472,charge-low,597
b2c31,473,charge-low,594
b2c31,474,charge-low,614
b2c31,475,charge-low,615
b2c31,477,charge-low,614
b2c31,478,charge-low,620
b2c31,479,charge-low,597
b2c31,481,charge-low,590
b2c31,482,charge-low,602
b2c31,484,charge-low,592
b2c31,485,charge-low,586
b2c31,486,charge-low,588
b2c31,489,charge-low,588
b2c31,491,charge-low,630
b2c31,492,charge-low,622
b2c31,493,charge-low,630
b2c31,494,charge-low,642
b2c31,497,charge-low,635
b2c31,498,charge-low,630
b2c31,499,charge-low,629
b2c31,500,charge-low,617
b2c31,501,charge-low,626
b2c31,505,charge-low,619
b2c31,507,charge-low,619
b2c31,508,charge-low,611
b2c31,510,charge-low,616
b2c31,511,charge-low,624
b2c31,513,charge-low,614
b2c31,515,charge-low,610
b2c31,516,charge-low,602
b2c31,518,charge-low,614
b2c32,458,charge-low,582
b2c32,459,charge-low,572
b2c32,460,charge-low,576
b2c32,466,charge-low,587
b2c32,468,charge-low,578
b2c32,469,charge-low,592
b2c32,472,charge-low,583
b2c32,475,charge-low,589
b2c32,477,charge-low,578
b2c32,478,charge-low,593
b2c32,480,charge-low,577
b2c32,481,charge-low,574
b2c32,484,charge-low,591
b2c32,485,charge-low,573
b2c32,487,charge-low,587
b2c32,488,charge-low,574
b2c32,489,charge-low,575
b2c32,490,charge-low,601
b2c32,493,charge-low,575
b2c32,496,charge-low,580
b2c32,499,charge-low,585
b2c32,500,charge-low,593
b2c32,501,charge-low,580
b2c32,502,charge-low,603
b2c32,504,charge-low,578
b2c32,505,charge-low,585
b2c32,507,charge-low,573
b2c32,511,charge-low,579
b2c32,515,charge-low,580
b2c32,518,charge-low,609
b2c32,519,charge-low,615
b2c32,520,charge-low,613
b2c32,521,charge-low,617
b2c32,522,charge-low,620
b2c32,523,charge-low,609
b2c32,524,charge-low,597
b2c32,525,charge-low,603
b2c32,526,charge-low,625
b2c32,527,charge-low,609
b2c32,528,charge-low,617
b2c32,529,charge-low,594
b2c32,530,charge-low,603
b2c32,531,charge-low,619
b2c32,532,charge-low,606
b2c32,533,charge-low,607
b2c32,534,charge-low,609
b2c32,535,charge-low,604
b2c32,536,charge-low,608
b2c32,537,charge-low,603
b2c32,538,charge-low,590
b2c32,539,charge-low,611
b2c32,540,charge-low,612
b2c32,541,charge-low,606
b2c32,542,charge-low,603
b2c32,543,charge-low,598
b2c33,459,charge-low,581
b2c33,462,charge-low,578
b2c33,465,charge-low,581
b2c33,466,charge-low,586
b2c33,468,charge-low,573
b2c33,472,charge-low,578
b2c33,473,charge-low,575
b2c33,476,charge-low,574
b2c33,479,charge-low,582
b2c33,480,charge-low,596
b2c33,481,charge-low,575
b2c33,482,charge-low,593
b2c33,483,charge-low,596
b2c33,484,charge-low,582
b2c33,485,charge-low,606
b2c33,486,charge-low,596
b2c33,487,charge-low,581
b2c33,488,charge-low,592
b2c33,489,charge-low,598
b2c33,490,charge-low,604
b2c33,491,charge-low,606
b2c33,492,charge-low,600
b2c33,493,charge-low,584
b2c33,494,charge-low,607
b2c33,497,charge-low,605
b2c33,498,charge-low,597
b2c33,499,charge-low,606
b2c33,500,charge-low,580
b2c33,501,charge-low,592
b2c33,502,charge-low,593
b2c33,505,charge-low,586
b2c33,506,charge-low,594
b2c33,507,charge-low,604
b2c33,508,charge-low,604
b2c33,509,charge-low,582
b2c33,510,charge-low,653
b2c33,511,charge-low,627
b2c33,512,charge-low,644
b2c33,514,charge-low,615
b2c33,515,charge-low,630
b2c33,516,charge-low,646
b2c33,517,charge-low,624
b2c33,518,charge-low,677
b2c33,519,charge-low,626
b2c33,520,charge-low,657
b2c33,521,charge-low,677
b2c33,522,charge-low,671
b2c33,523,charge-low,682
b2c33,524,charge-low,668
b2c33,525,charge-low,663
b2c33,526,charge-low,663
b2c33,527,charge-low,662
b2c33,528,charge-low,663
b2c33,529,charge-low,673
b2c33,530,charge-low,708
b2c33,531,charge-low,665
b2c33,532,charge-low,674
b2c33,533,charge-low,657
b2c33,534,charge-low,664
b2c33,535,charge-low,671
b2c33,536,charge-low,663
b2c33,537,charge-low,647
b2c33,538,charge-low,681
b2c33,539,charge-low,667
b2c33,540,charge-low,677
b2c33,541,charge-low,664
b2c33,542,charge-low,651
b2c33,543,charge-low,677
b2c33,544,charge-low,672
b2c33,545,charge-low,659
b2c34,460,charge-low,572
b2c34,461,charge-low,590
b2c34,462,charge-low,593
b2c34,463,charge-low,577
b2c34,465,charge-low,578
b2c34,466,charge-low,585
b2c34,467,charge-low,590
b2c34,468,charge-low,580
b2c34,469,charge-low,581
b2c34,470,charge-low,609
b2c34,471,charge-low,612
b2c34,472,charge-low,631
b2c34,473,charge-low,614
b2c34,474,charge-low,608
b2c34,475,charge-low,625
b2c34,476,charge-low,629
b2c34,477,charge-low,628
b2c34,478,charge-low,621
b2c34,479,charge-low,650
b2c34,480,charge-low,622
b2c34,481,charge-low,634
b2c34,482,charge-low,636
b2c34,483,charge-low,653
b2c34,484,charge-low,628
b2c34,486,charge-low,656
b2c34,487,charge-low,622
b2c34,488,charge-low,679
b2c34,489,charge-low,635
b2c34,490,charge-low,626
b2c34,491,charge-low,618
b2c34,492,charge-low,623
b2c34,493,charge-low,628
b2c34,494,charge-low,609
b2c34,495,charge-low,620
b2c34,496,charge-low,587
b2c34,497,charge-low,588
b2c34,498,charge-low,641
b2c34,499,charge-low,675
b2c34,500,charge-low,683
b2c34,501,charge-low,672
b2c34,502,charge-low,677
b2c34,503,charge-low,663
b2c34,504,charge-low,651
b2c34,505,charge-low,653
b2c34,506,charge-low,673
b2c34,507,charge-low,698
b2c34,508,charge-low,658
b2c34,509,charge-low,656
b2c34,510,charge-low,651
b2c34,511,charge-low,678
b2c34,512,charge-low,662
b2c34,513,charge-low,666
b2c34,514,charge-low,647
b2c34,515,charge-low,648
b2c34,516,charge-low,654
b2c34,517,charge-low,657
b2c34,518,charge-low,625
b2c34,519,charge-low,660
b2c34,520,charge-low,656
b2c34,521,charge-low,651
b2c34,522,charge-low,629
b2c34,523,charge-low,653
b2c34,524,charge-low,656
b2c34,525,charge-low,628
b2c35,408,charge-low,634
b2c35,417,charge-low,582
b2c35,419,charge-low,579
b2c35,420,charge-low,585
b2c35,421,charge-low,581
b2c35,422,charge-low,597
b2c35,423,charge-low,591
b2c35,424,charge-low,579
b2c35,425,charge-low,627
b2c35,426,charge-low,603
b2c35,427,charge-low,604
b2c35,428,charge-low,612
b2c35,429,charge-low,595
b2c35,430,charge-low,590
b2c35,431,charge-low,588
b2c35,432,charge-low,657
b2c35,433,charge-low,636
b2c35,434,charge-low,640
b2c35,435,charge-low,622
b2c35,436,charge-low,623
b2c35,437,charge-low,611
b2c35,438,charge-low,604
b2c35,439,charge-low,620
b2c35,440,charge-low,609
b2c35,441,charge-low,619
b2c35,442,charge-low,612
b2c35,443,charge-low,598
b2c35,445,charge-low,744
b2c35,447,charge-low,626
b2c35,448,charge-low,596
b2c35,449,charge-low,623
b2c35,451,charge-low,614
b2c35,452,charge-low,597
b2c35,453,charge-low,581
b2c35,454,charge-low,583
b2c35,455,charge-low,587
b2c35,456,charge-low,572
b2c35,458,charge-low,585
b2c35,459,charge-low,577
b2c35,460,charge-low,598
b2c35,461,charge-low,575
b2c35,462,charge-low,613
b2c35,463,charge-low,631
b2c35,464,charge-low,648
b2c35,465,charge-low,644
b2c35,466,charge-low,622
b2c35,469,charge-low,616
b2c35,470,charge-low,622
b2c35,472,charge-low,607
b2c35,473,charge-low,598
b2c35,476,charge-low,609
b2c35,479,charge-low,625
b2c35,480,charge-low,609
b2c35,481,charge-low,611
b2c36,442,charge-low,578
b2c36,445,charge-low,579
b2c36,446,charge-low,573
b2c36,453,charge-low,582
b2c36,457,charge-low,584
b2c36,458,charge-low,579
b2c36,464,charge-low,585
b2c36,465,charge-low,584
b2c36,467,charge-low,613
b2c36,468,charge-low,594
b2c36,469,charge-low,572
b2c36,470,charge-low,597
b2c36,472,charge-low,579
b2c36,473,charge-low,599
b2c36,474,charge-low,586
b2c36,475,charge-low,572
b2c36,477,charge-low,596
b2c36,478,charge-low,599
b2c36,479,charge-low,594
b2c36,480,charge-low,591
b2c36,481,charge-low,575
b2c36,482,charge-low,609
b2c36,483,charge-low,603
b2c36,484,charge-low,584
b2c36,485,charge-low,595
b2c36,486,charge-low,605
b2c36,487,charge-low,581
b2c36,488,charge-low,609
b2c36,489,charge-low,592
b2c36,490,charge-low,597
b2c36,491,charge-low,606
b2c36,492,charge-low,606
b2c36,493,charge-low,598
b2c36,494,charge-low,596
b2c36,495,charge-low,617
b2c36,496,charge-low,613
b2c36,497,charge-low,601
b2c36,498,charge-low,592
b2c36,499,charge-low,624
b2c36,500,charge-low,629
b2c36,501,charge-low,636
b2c36,502,charge-low,629
b2c36,503,charge-low,612
b2c36,504,charge-low,614
b2c36,505,charge-low,612
b2c36,507,charge-low,620
b2c36,508,charge-low,614
b2c36,509,charge-low,612
b2c36,510,charge-low,631
b2c36,511,charge-low,610
b2c36,512,charge-low,622
b2c36,513,charge-low,623
b2c36,514,charge-low,625
b2c36,515,charge-low,611
b2c36,516,charge-low,609
b2c36,517,charge-low,584
b2c36,518,charge-low,600
b2c36,519,charge-low,624
b2c36,520,charge-low,611
b2c36,521,charge-low,618
b2c36,523,charge-low,602
b2c36,524,charge-low,596
b2c36,525,charge-low,596
b2c36,526,charge-low,598
b2c36,527,charge-low,615
b2c36,528,charge-low,595
b2c36,529,charge-low,623
b2c36,530,charge-low,597
b2c36,531,charge-low,602
b2c36,532,charge-low,618
b2c36,533,charge-low,605
b2c36,534,charge-low,624
b2c36,535,charge-low,608
b2c36,536,charge-low,600
b2c36,537,charge-low,607
b2c36,538,charge-low,609
b2c36,539,charge-low,589
b2c36,540,charge-low,602
b2c36,541,charge-low,587
b2c36,542,charge-low,607
b2c36,544,charge-low,595
b2c36,545,charge-low,599
b2c36,546,charge-low,604
b2c36,547,charge-low,587
b2c36,549,charge-low,585
b2c36,551,charge-low,574
b2c37,393,charge-low,578
b2c37,397,charge-low,572
b2c37,398,charge-low,586
b2c37,399,charge-low,585
b2c37,400,charge-low,585
b2c37,402,charge-low,579
b2c37,404,charge-low,584
b2c37,405,charge-low,581
b2c37,407,charge-low,615
b2c37,408,charge-low,613
b2c37,409,charge-low,605
b2c37,410,charge-low,618
b2c37,412,charge-low,602
b2c37,413,charge-low,614
b2c37,414,charge-low,611
b2c37,415,charge-low,629
b2c37,416,charge-low,610
b2c37,417,charge-low,625
b2c37,418,charge-low,629
b2c37,419,charge-low,615
b2c37,420,charge-low,611
b2c37,421,charge-low,613
b2c37,422,charge-low,625
b2c37,423,charge-low,629
b2c37,424,charge-low,632
b2c37,425,charge-low,622
b2c37,426,charge-low,612
b2c37,427,charge-low,616
b2c37,428,charge-low,600
b2c37,429,charge-low,619
b2c37,430,charge-low,606
b2c37,431,charge-low,623
b2c37,432,charge-low,614
b2c37,433,charge-low,612
b2c37,434,charge-low,615
b2c37,435,charge-low,626
b2c37,436,charge-low,638
b2c37,437,charge-low,630
b2c37,438,charge-low,633
b2c37,439,charge-low,631
b2c37,440,charge-low,642
b2c37,441,charge-low,635
b2c37,443,charge-low,623
b2c37,444,charge-low,632
b2c37,446,charge-low,638
b2c37,449,charge-low,618
b2c37,451,charge-low,637
b2c37,452,charge-low,625
b2c37,453,charge-low,629
b2c37,454,charge-low,646
b2c37,455,charge-low,626
b2c37,457,charge-low,639
b2c37,458,charge-low,644
b2c37,460,charge-low,638
b2c37,461,charge-low,624
b2c37,462,charge-low,619
b2c37,463,charge-low,640
b2c37,464,charge-low,627
b2c37,465,charge-low,627
b2c37,466,charge-low,587
b2c37,468,charge-low,620
b2c37,469,charge-low,613
b2c37,471,charge-low,589
b2c37,472,charge-low,618
b2c37,473,charge-low,600
b2c37,474,charge-low,600
b2c37,476,charge-low,626
b2c38,397,charge-low,572
b2c38,402,charge-low,572
b2c38,407,charge-low,586
b2c38,408,charge-low,582
b2c38,409,charge-low,586
b2c38,410,charge-low,578
b2c38,412,charge-low,585
b2c38,413,charge-low,572
b2c38,414,charge-low,590
b2c38,415,charge-low,600
b2c38,416,charge-low,579
b2c38,417,charge-low,597
b2c38,418,charge-low,588
b2c38,419,charge-low,582
b2c38,420,charge-low,596
b2c38,421,charge-low,587
b2c38,422,charge-low,576
b2c38,423,charge-low,599
b2c38,424,charge-low,591
b2c38,425,charge-low,606
b2c38,426,charge-low,601
b2c38,427,charge-low,606
b2c38,428,charge-low,600
b2c38,429,charge-low,623
b2c38,430,charge-low,623
b2c38,431,charge-low,615
b2c38,432,charge-low,599
b2c38,433,charge-low,607
b2c38,434,charge-low,599
b2c38,435,charge-low,605
b2c38,436,charge-low,592
b2c38,437,charge-low,589
b2c38,438,charge-low,602
b2c38,439,charge-low,593
b2c38,440,charge-low,602
b2c38,441,charge-low,600
b2c38,442,charge-low,598
b2c38,443,charge-low,576
b2c38,444,charge-low,619
b2c38,445,charge-low,601
b2c38,446,charge-low,595
b2c38,447,charge-low,587
b2c38,449,charge-low,621
b2c38,450,charge-low,603
b2c38,451,charge-low,589
b2c38,452,charge-low,589
b2c38,456,charge-low,577
b2c39,409,charge-low,580
b2c40,367,charge-low,588
b2c40,393,charge-low,586
b2c40,431,charge-low,583
b2c40,438,charge-low,577
b2c40,440,charge-low,578
b2c40,445,charge-low,577
b2c40,446,charge-low,596
b2c40,448,charge-low,577
b2c40,451,charge-low,585
b2c40,454,charge-low,587
b2c40,469,charge-low,715
b2c40,473,charge-low,579
b2c40,476,charge-low,579
b2c40,481,charge-low,581
b2c40,482,charge-low,573
b2c40,485,charge-low,587
b2c40,488,charge-low,610
b2c40,489,charge-low,602
b2c40,491,charge-low,633
b2c40,492,charge-low,756
b2c40,493,charge-low,612
b2c40,495,charge-low,644
b2c40,500,charge-low,1020
b2c40,501,charge-low,750
b2c40,502,charge-low,652
b2c40,503,charge-low,839
b2c40,505,charge-low,645
b2c40,509,charge-low,575
b2c40,510,charge-low,580
b2c40,511,charge-low,596
b2c40,515,charge-low,606
b2c40,516,charge-low,1268
b2c40,517,charge-low,1032
b2c40,518,charge-low,721
b2c40,519,charge-low,700
b2c40,521,charge-low,572
b2c40,522,charge-low,593
b2c40,523,charge-low,620
b2c40,529,charge-low,576
b2c42,381,charge-low,584
b2c42,382,charge-low,592
b2c42,383,charge-low,573
b2c42,384,charge-low,576
b2c42,385,charge-low,580
b2c42,407,charge-low,580
b2c42,408,charge-low,580
b2c42,410,charge-low,580
b2c42,411,charge-low,573
b2c42,424,charge-low,585
b2c42,425,charge-low,584
b2c42,426,charge-low,595
b2c42,430,charge-low,577
b2c42,431,charge-low,585
b2c42,432,charge-low,582
b2c42,433,charge-low,584
b2c42,434,charge-low,599
b2c42,435,charge-low,583
b2c42,436,charge-low,575
b2c42,441,charge-low,605
b2c42,442,charge-low,582
b2c42,457,charge-low,581
b2c42,458,charge-low,577
b2c42,459,charge-low,590
b2c42,461,charge-low,581
b2c42,463,charge-low,594
b2c42,465,charge-low,585
b2c42,466,charge-low,589
b2c42,467,charge-low,605
b2c42,468,charge-low,600
b2c42,469,charge-low,587
b2c42,471,charge-low,574
b2c42,472,charge-low,604
b2c42,473,charge-low,600
b2c42,474,charge-low,595
b2c42,477,charge-low,578
b2c42,478,charge-low,575
b2c42,483,charge-low,598
b2c42,484,charge-low,587
b2c42,485,charge-low,583
b2c42,486,charge-low,604
b2c43,384,charge-low,588
b2c43,385,charge-low,579
b2c43,386,charge-low,593
b2c43,397,charge-low,591
b2c43,399,charge-low,606
b2c43,409,charge-low,599
b2c43,410,charge-low,582
b2c43,411,charge-low,583
b2c43,422,charge-low,580
b2c43,433,charge-low,587
b2c43,434,charge-low,576
b2c43,435,charge-low,578
b2c43,436,charge-low,580
b2c43,437,charge-low,585
b2c43,459,charge-low,596
b2c43,460,charge-low,589
b2c43,463,charge-low,583
b2c43,473,charge-low,575
b2c44,407,charge-low,583
b2c44,408,charge-low,573
b2c44,409,charge-low,604
b2c44,430,charge-low,593
b2c44,431,charge-low,590
b2c44,432,charge-low,575
b2c44,433,charge-low,580
b2c44,434,charge-low,591
b2c44,435,charge-low,573
b2c44,436,charge-low,600
b2c44,437,charge-low,596
b2c44,444,charge-low,579
b2c44,446,charge-low,576
b2c44,448,charge-low,573
b2c44,449,charge-low,575
b2c44,458,charge-low,623
b2c44,459,charge-low,594
b2c44,460,charge-low,592
b2c45,417,charge-low,585
b2c45,424,charge-low,582
b2c45,425,charge-low,591
b2c45,426,charge-low,574
b2c45,428,charge-low,585
b2c45,429,charge-low,574
b2c45,432,charge-low,578
b2c45,433,charge-low,576
b2c45,434,charge-low,582
b2c45,435,charge-low,582
b2c45,436,charge-low,575
b2c45,437,charge-low,601
b2c45,438,charge-low,579
b2c45,439,charge-low,585
b2c45,440,charge-low,586
b2c45,443,charge-low,593
b2c45,444,charge-low,577
b2c45,445,charge-low,572
b2c45,446,charge-low,601
b2c45,447,charge-low,590
b2c45,448,charge-low,572
b2c45,449,charge-low,587
b2c45,450,charge-low,576
b2c45,451,charge-low,580
b2c45,452,charge-low,578
b2c45,453,charge-low,584
b2c45,455,charge-low,589
b2c45,456,charge-low,577
b2c45,457,charge-low,581
b2c45,458,charge-low,584
b2c45,461,charge-low,582
b2c45,462,charge-low,577
b2c45,464,charge-low,587
b2c45,466,charge-low,576
b2c45,467,charge-low,578
b2c45,468,charge-low,581
b2c45,469,charge-low,572
b2c45,470,charge-low,590
b2c45,471,charge-low,580
b2c45,473,charge-low,573
b2c45,476,charge-low,585
b2c45,484,charge-low,588
b2c45,485,charge-low,598
b2c45,488,charge-low,579
b2c45,489,charge-low,578
b2c45,490,charge-low,575
b2c45,494,charge-low,583
b2c45,495,charge-low,574
b2c45,496,charge-low,606
b2c45,498,charge-low,584
b2c45,499,charge-low,583
b2c45,500,charge-low,573
b2c45,504,charge-low,586
b2c45,505,charge-low,580
b2c45,506,charge-low,582
b2c45,507,charge-low,573
b2c45,508,charge-low,576
b2c45,511,charge-low,587
b2c45,512,charge-low,574
b2c45,513,charge-low,578
b3c2,841,charge-low,169
b3c2,846,charge-low,170
b3c2,850,charge-low,170
b3c2,855,charge-low,169
b3c2,857,charge-low,170
b3c2,858,charge-low,170
b3c2,860,charge-low,168
b3c2,861,charge-low,170
b3c2,862,charge-low,168
b3c2,863,charge-low,168
b3c2,902,charge-low,168
b3c7,1286,charge-low,161
b3c7,1388,charge-low,159
b3c7,1516,charge-low,170
b3c7,1546,charge-low,165
b3c16,681,charge-low,170
b3c16,857,charge-low,167
b3c16,892,charge-low,165
b3c16,1032,charge-low,162
b3c16,1103,charge-low,162
b3c16,1139,charge-low,161
b3c16,1175,charge-low,163
b3c17,855,charge-low,170
b3c17,928,charge-low,165
b3c17,929,charge-low,170
b3c17,938,charge-low,170
b3c17,939,charge-low,170
b3c17,940,charge-low,170
b3c17,942,charge-low,170
b3c17,943,charge-low,170
b3c17,944,charge-low,170
b3c17,946,charge-low,170
b3c17,947,charge-low,170
b3c17,948,charge-low,170
b3c17,949,charge-low,170
b3c17,951,charge-low,169
b3c17,957,charge-low,170
b3c17,960,charge-low,170
b3c17,961,charge-low,170
b3c17,962,charge-low,170
b3c17,964,charge-low,169
b3c17,965,charge-low,169
b3c17,966,charge-low,169
b3c17,967,charge-low,169
b3c17,968,charge-low,169
b3c17,969,charge-low,168
b3c17,970,charge-low,170
b3c17,971,charge-low,169
b3c17,972,charge-low,169
b3c17,973,charge-low,169
b3c17,974,charge-low,169
b3c17,975,charge-low,168
b3c17,976,charge-low,169
b3c17,977,charge-low,168
b3c17,978,charge-low,168
b3c17,979,charge-low,168
b3c17,980,charge-low,167
b3c17,981,charge-low,166
b3c17,982,charge-low,167
b3c17,983,charge-low,167
b3c17,984,charge-low,167
b3c17,985,charge-low,167
b3c17,986,charge-low,167
b3c17,987,charge-low,167
b3c17,988,charge-low,168
b3c17,989,charge-low,166
b3c17,990,charge-low,166
b3c17,991,charge-low,166
b3c17,992,charge-low,167
b3c17,993,charge-low,165
b3c17,994,charge-low,166
b3c17,995,charge-low,165
b3c17,996,charge-low,165
b3c17,997,charge-low,166
b3c17,998,charge-low,165
b3c17,999,charge-low,165
b3c17,1000,charge-low,166
b3c17,1001,charge-low,164
b3c17,1002,charge-low,159
b3c17,1003,charge-low,165
b3c17,1004,charge-low,164
b3c17,1005,charge-low,166
b3c17,1006,charge-low,164
b3c17,1007,charge-low,164
b3c17,1008,charge-low,164
b3c17,1009,charge-low,165
b3c17,1010,charge-low,163
b3c17,1011,charge-low,165
b3c17,1012,charge-low,164
b3c17,1013,charge-low,164
b3c17,1014,charge-low,164
b3c17,1015,charge-low,165
b3c17,1016,charge-low,165
b3c17,1017,charge-low,164
b3c17,1018,charge-low,164
b3c17,1019,charge-low,165
b3c17,1020,charge-low,164
b3c17,1021,charge-low,164
b3c17,1022,charge-low,164
b3c17,1023,charge-low,164
b3c17,1024,charge-low,164
b3c17,1025,charge-low,163
b3c17,1026,charge-low,164
b3c17,1027,charge-low,164
b3c17,1028,charge-low,163
b3c17,1029,charge-low,163
b3c17,1030,charge-low,163
b3c17,1031,charge-low,162
b3c17,1032,charge-low,164
b3c17,1033,charge-low,162
b3c17,1034,charge-low,163
b3c17,1035,charge-low,164
b3c17,1036,charge-low,162
b3c17,1037,charge-low,164
b3c17,1038,charge-low,165
b3c17,1039,charge-low,163
b3c17,1040,charge-low,163
b3c17,1041,charge-low,163
b3c17,1042,charge-low,164
b3c17,1043,charge-low,165
b3c17,1044,charge-low,163
b3c17,1045,charge-low,164
b3c17,1046,charge-low,166
b3c17,1047,charge-low,165
b3c17,1048,charge-low,165
b3c17,1049,charge-low,165
b3c17,1050,charge-low,165
b3c17,1051,charge-low,164
b3c17,1052,charge-low,165
b3c17,1053,charge-low,167
b3c17,1054,charge-low,169
b3c17,1055,charge-low,169
b3c17,1056,charge-low,168
b3c17,1057,charge-low,168
b3c17,1058,charge-low,167
b3c17,1059,charge-low,167
b3c17,1060,charge-low,168
b3c17,1061,charge-low,168
b3c17,1062,charge-low,167
b3c17,1063,charge-low,168
b3c17,1064,charge-low,169
b3c17,1065,charge-low,168
b3c17,1066,charge-low,169
b3c17,1067,charge-low,168
b3c17,1071,charge-low,169
b3c17,1073,charge-low,168
b3c17,1074,charge-low,169
b3c17,1075,charge-low,168
b3c17,1078,charge-low,170
b3c17,1081,charge-low,169
b3c22,775,charge-low,170
b3c23,524,charge-low,166
b3c23,689,charge-low,162
b3c23,718,charge-low,170
b3c23,766,charge-low,169
b3c23,789,charge-low,168
b3c23,889,charge-low,169
b3c23,956,charge-low,167
b3c23,1124,charge-low,164
b3c23,1225,charge-low,161
b3c23,1259,charge-low,160
b3c23,1293,charge-low,159
b3c23,1345,charge-low,170
b3c23,1360,charge-low,170
b3c23,1362,charge-low,170
b3c23,1369,charge-low,170
b3c23,1371,charge-low,170
b3c23,1374,charge-low,170
b3c23,1394,charge-low,170
b3c23,1396,charge-low,157
b3c23,1403,charge-low,170
b3c23,1411,charge-low,169
b3c23,1412,charge-low,170
b3c23,1417,charge-low,169
b3c23,1421,charge-low,170
b3c23,1425,charge-low,170
b3c23,1429,charge-low,169
b3c23,1433,charge-low,170
b3c23,1435,charge-low,170
b3c23,1438,charge-low,170
b3c23,1442,charge-low,170
b3c23,1444,charge-low,170
b3c23,1445,charge-low,170
b3c23,1446,charge-low,169
b3c23,1447,charge-low,169
b3c23,1449,charge-low,170
b3c23,1450,charge-low,169
b3c23,1453,charge-low,169
b3c23,1454,charge-low,170
b3c23,1455,charge-low,168
b3c23,1456,charge-low,170
b3c23,1457,charge-low,169
b3c23,1458,charge-low,169
b3c23,1459,charge-low,169
b3c23,1460,charge-low,168
b3c23,1461,charge-low,169
b3c23,1462,charge-low,169
b3c23,1463,charge-low,169
b3c23,1464,charge-low,169
b3c23,1465,charge-low,155
b3c23,1467,charge-low,168
b3c23,1468,charge-low,168
b3c23,1469,charge-low,169
b3c23,1470,charge-low,167
b3c23,1471,charge-low,168
b3c23,1472,charge-low,169
b3c23,1473,charge-low,170
b3c23,1474,charge-low,168
b3c23,1475,charge-low,168
b3c23,1476,charge-low,168
b3c23,1477,charge-low,168
b3c23,1478,charge-low,167
b3c23,1479,charge-low,166
b3c23,1480,charge-low,168
b3c23,1481,charge-low,167
b3c23,1482,charge-low,168
b3c23,1483,charge-low,168
b3c23,1484,charge-low,170
b3c23,1485,charge-low,166
b3c23,1486,charge-low,168
b3c23,1487,charge-low,170
b3c23,1488,charge-low,170
b3c23,1489,charge-low,170
b3c23,1490,charge-low,169
b3c23,1491,charge-low,169
b3c23,1492,charge-low,169
b3c23,1493,charge-low,168
b3c23,1494,charge-low,168
b3c23,1495,charge-low,168
b3c23,1496,charge-low,169
b3c23,1497,charge-low,167
b3c23,1498,charge-low,167
b3c23,1499,charge-low,169
b3c23,1500,charge-low,151
b3c23,1501,charge-low,167
b3c23,1502,charge-low,168
b3c23,1503,charge-low,166
b3c23,1504,charge-low,166
b3c23,1505,charge-low,168
b3c23,1506,charge-low,168
b3c23,1507,charge-low,169
b3c23,1508,charge-low,169
b3c23,1509,charge-low,167
b3c23,1510,charge-low,167
b3c23,1511,charge-low,168
b3c23,1512,charge-low,169
b3c23,1513,charge-low,167
b3c23,1514,charge-low,167
b3c23,1515,charge-low,167
b3c23,1516,charge-low,167
b3c23,1517,charge-low,167
b3c23,1518,charge-low,168
b3c23,1519,charge-low,168
b3c23,1520,charge-low,166
b3c23,1521,charge-low,167
b3c23,1522,charge-low,166
b3c23,1523,charge-low,167
b3c23,1524,charge-low,165
b3c23,1525,charge-low,165
b3c23,1526,charge-low,167
b3c23,1527,charge-low,168
b3c23,1528,charge-low,167
b3c23,1529,charge-low,169
b3c23,1530,charge-low,166
b3c23,1531,charge-low,167
b3c23,1532,charge-low,165
b3c23,1533,charge-low,165
b3c23,1534,charge-low,166
b3c23,1535,charge-low,165
b3c23,1536,charge-low,166
b3c23,1537,charge-low,166
b3c23,1538,charge-low,165
b3c23,1539,charge-low,165
b3c23,1540,charge-low,165
b3c23,1541,charge-low,164
b3c23,1542,charge-low,165
b3c23,1543,charge-low,165
b3c23,1544,charge-low,165
b3c23,1545,charge-low,167
b3c23,1546,charge-low,169
b3c23,1547,charge-low,166
b3c23,1548,charge-low,167
b3c23,1549,charge-low,168
b3c23,1550,charge-low,169
b3c23,1551,charge-low,167
b3c23,1552,charge-low,169
b3c23,1553,charge-low,170
b3c23,1554,charge-low,167
b3c23,1555,charge-low,168
b3c23,1556,charge-low,169
b3c23,1557,charge-low,168
b3c23,1558,charge-low,170
b3c23,1559,charge-low,165
b3c23,1560,charge-low,168
b3c23,1561,charge-low,168
b3c23,1562,charge-low,169
b3c23,1563,charge-low,168
b3c23,1564,charge-low,168
b3c23,1565,charge-low,169
b3c23,1566,charge-low,169
b3c23,1567,charge-low,170
b3c23,1568,charge-low,168
b3c23,1570,charge-low,168
b3c23,1571,charge-low,167
b3c23,1572,charge-low,169
b3c23,1573,charge-low,168
b3c23,1574,charge-low,170
b3c23,1575,charge-low,169
b3c23,1576,charge-low,166
b3c23,1577,charge-low,167
b3c23,1578,charge-low,168
b3c23,1579,charge-low,168
b3c23,1580,charge-low,168
b3c23,1581,charge-low,167
b3c23,1582,charge-low,167
b3c23,1583,charge-low,169
b3c23,1584,charge-low,170
b3c23,1585,charge-low,170
b3c23,1586,charge-low,168
b3c23,1587,charge-low,167
b3c23,1588,charge-low,169
b3c23,1589,charge-low,168
b3c23,1590,charge-low,167
b3c23,1591,charge-low,169
b3c23,1592,charge-low,167
b3c23,1593,charge-low,168
b3c23,1594,charge-low,166
b3c23,1595,charge-low,168
b3c23,1596,charge-low,167
b3c23,1597,charge-low,166
b3c23,1598,charge-low,165
b3c23,1600,charge-low,155
b3c23,1601,charge-low,167
b3c23,1602,charge-low,167
b3c23,1603,charge-low,167
b3c23,1604,charge-low,168
b3c23,1605,charge-low,164
b3c23,1606,charge-low,166
b3c23,1607,charge-low,166
b3c23,1608,charge-low,167
b3c23,1609,charge-low,166
b3c23,1610,charge-low,168
b3c23,1611,charge-low,166
b3c23,1612,charge-low,168
b3c23,1613,charge-low,168
b3c23,1614,charge-low,167
b3c23,1615,charge-low,166
b3c23,1616,charge-low,170
b3c23,1618,charge-low,168
b3c23,1619,charge-low,169
b3c23,1620,charge-low,167
b3c23,1621,charge-low,167
b3c23,1622,charge-low,166
b3c23,1623,charge-low,166
b3c23,1624,charge-low,165
b3c23,1625,charge-low,166
b3c23,1626,charge-low,166
b3c23,1627,charge-low,166
b3c23,1628,charge-low,166
b3c23,1629,charge-low,167
b3c23,1630,charge-low,165
b3c23,1631,charge-low,165
b3c23,1632,charge-low,166
b3c23,1633,charge-low,166
b3c23,1634,charge-low,167
b3c23,1635,charge-low,165
b3c23,1636,charge-low,163
b3c23,1637,charge-low,165
b3c23,1638,charge-low,165
b3c23,1639,charge-low,167
b3c23,1640,charge-low,165
b3c23,1641,charge-low,166
b3c23,1642,charge-low,165
b3c23,1643,charge-low,165
b3c23,1644,charge-low,166
b3c23,1645,charge-low,166
b3c23,1646,charge-low,166
b3c23,1647,charge-low,166
b3c23,1648,charge-low,164
b3c23,1649,charge-low,168
b3c23,1650,charge-low,168
b3c23,1651,charge-low,165
b3c23,1652,charge-low,166
b3c23,1653,charge-low,169
b3c23,1654,charge-low,166
b3c23,1655,charge-low,166
b3c23,1656,charge-low,164
b3c23,1657,charge-low,164
b3c23,1658,charge-low,165
b3c23,1659,charge-low,164
b3c23,1660,charge-low,163
b3c23,1661,charge-low,166
b3c23,1662,charge-low,165
b3c23,1663,charge-low,165
b3c23,1664,charge-low,166
b3c23,1665,charge-low,167
b3c23,1666,charge-low,164
b3c23,1667,charge-low,166
b3c23,1668,charge-low,165
b3c23,1669,charge-low,166
b3c23,1670,charge-low,164
b3c23,1671,charge-low,163
b3c23,1672,charge-low,165
b3c23,1673,charge-low,163
b3c23,1674,charge-low,168
b3c23,1675,charge-low,165
b3c23,1676,charge-low,165
b3c23,1677,charge-low,165
b3c23,1678,charge-low,164
b3c23,1679,charge-low,163
b3c23,1680,charge-low,164
b3c23,1681,charge-low,165
b3c23,1682,charge-low,165
b3c23,1683,charge-low,164
b3c23,1684,charge-low,163
b3c23,1685,charge-low,164
b3c23,1686,charge-low,165
b3c23,1687,charge-low,163
b3c23,1688,charge-low,167
b3c23,1689,charge-low,165
b3c23,1690,charge-low,164
b3c23,1691,charge-low,166
b3c23,1692,charge-low,170
b3c23,1693,charge-low,168
b3c23,1694,charge-low,166
b3c23,1696,charge-low,168
b3c23,1697,charge-low,160
b3c23,1698,charge-low,167
b3c23,1699,charge-low,166
b3c23,1700,charge-low,169
b3c23,1703,charge-low,169
b3c23,1704,charge-low,169
b3c23,1705,charge-low,168
b3c23,1706,charge-low,165
b3c23,1707,charge-low,166
b3c23,1712,charge-low,164
b3c23,1713,charge-low,170
b3c23,1714,charge-low,164
b3c23,1715,charge-low,164
b3c23,1716,charge-low,170
b3c23,1718,charge-low,170
b3c23,1719,charge-low,169
b3c23,1720,charge-low,167
b3c23,1721,charge-low,170
b3c23,1722,charge-low,167
b3c23,1723,charge-low,165
b3c23,1724,charge-low,167
b3c23,1728,charge-low,170
b3c23,1729,charge-low,165
b3c23,1730,charge-low,168
b3c23,1731,charge-low,168
b3c23,1732,charge-low,168
b3c23,1733,charge-low,170
b3c23,1735,charge-low,169
b3c23,1736,charge-low,167
b3c23,1737,charge-low,170
b3c23,1738,charge-low,167
b3c23,1739,charge-low,165
b3c23,1740,charge-low,169
b3c23,1741,charge-low,170
b3c23,1742,charge-low,170
b3c23,1744,charge-low,154
b3c23,1745,charge-low,167
b3c23,1749,charge-low,167
b3c23,1750,charge-low,168
b3c23,1751,charge-low,168
b3c23,1752,charge-low,166
b3c23,1753,charge-low,167
b3c23,1754,charge-low,169
b3c23,1757,charge-low,170
b3c23,1760,charge-low,169
b3c23,1761,charge-low,170
b3c23,1762,charge-low,166
b3c23,1763,charge-low,166
b3c23,1764,charge-low,169
b3c23,1765,charge-low,168
b3c23,1769,charge-low,169
b3c23,1770,charge-low,170
b3c23,1771,charge-low,168
b3c23,1772,charge-low,169
b3c23,1773,charge-low,167
b3c23,1774,charge-low,166
b3c23,1775,charge-low,166
b3c23,1776,charge-low,166
b3c23,1778,charge-low,170
b3c23,1781,charge-low,167
b3c23,1782,charge-low,166
b3c23,1783,charge-low,165
b3c23,1784,charge-low,168
b3c23,1785,charge-low,167
b3c23,1786,charge-low,168
b3c23,1787,charge-low,168
b3c23,1790,charge-low,164
b3c23,1791,charge-low,166
b3c23,1792,charge-low,162
b3c23,1793,charge-low,166
b3c23,1794,charge-low,168
b3c23,1795,charge-low,170
b3c23,1796,charge-low,170
b3c23,1797,charge-low,169
b3c23,1798,charge-low,168
b3c23,1799,charge-low,165
b3c23,1800,charge-low,167
b3c23,1803,charge-low,169
b3c23,1804,charge-low,165
b3c23,1805,charge-low,168
b3c23,1806,charge-low,166
b3c23,1807,charge-low,164
b3c23,1808,charge-low,167
b3c23,1809,charge-low,168
b3c23,1810,charge-low,170
b3c23,1811,charge-low,169
b3c23,1812,charge-low,164
b3c23,1813,charge-low,161
b3c23,1814,charge-low,164
b3c23,1815,charge-low,168
b3c23,1816,charge-low,170
b3c23,1817,charge-low,170
b3c23,1818,charge-low,165
b3c23,1819,charge-low,169
b3c23,1820,charge-low,165
b3c23,1821,charge-low,165
b3c23,1823,charge-low,170
b3c23,1824,charge-low,168
b3c23,1825,charge-low,170
b3c23,1826,charge-low,165
b3c23,1827,charge-low,159
b3c23,1828,charge-low,167
b3c23,1829,charge-low,166
b3c23,1830,charge-low,168
b3c23,1831,charge-low,169
b3c23,1833,charge-low,167
b3c23,1834,charge-low,164
b3c23,1835,charge-low,167
b3c23,1836,charge-low,170
b3c23,1837,charge-low,167
b3c23,1838,charge-low,169
b3c23,1839,charge-low,170
b3c23,1841,charge-low,169
b3c23,1842,charge-low,163
b3c23,1843,charge-low,169
b3c23,1847,charge-low,166
b3c23,1848,charge-low,169
b3c23,1849,charge-low,169
b3c23,1854,charge-low,166
b3c23,1855,charge-low,166
b3c23,1860,charge-low,164
b3c23,1861,charge-low,169
b3c23,1865,charge-low,167
b3c23,1867,charge-low,170
b3c23,1869,charge-low,168
b3c23,1870,charge-low,167
b3c23,1871,charge-low,169
b3c23,1872,charge-low,169
b3c23,1873,charge-low,167
b3c23,1877,charge-low,167
b3c23,1882,charge-low,169
b3c23,1885,charge-low,169
b3c23,1886,charge-low,164
b3c23,1888,charge-low,168
b3c23,1889,charge-low,168
b3c23,1893,charge-low,168
b3c23,1894,charge-low,166
b3c23,1895,charge-low,170
b3c23,1899,charge-low,165
b3c23,1906,charge-low,168
b3c23,1911,charge-low,167
b3c23,1912,charge-low,170
b3c23,1916,charge-low,168
b3c23,1917,charge-low,169
b3c23,1921,charge-low,168
b3c23,1927,charge-low,170
b3c23,1928,charge-low,170
b3c23,1933,charge-low,165
b3c23,1938,charge-low,164
b3c23,1943,charge-low,170
b3c23,1944,charge-low,168
b3c23,1950,charge-low,161
b3c23,1955,charge-low,167
b3c23,1982,charge-low,170
b3c23,2062,charge-low,169
b3c32,610,charge-low,160
b3c32,612,charge-low,170
b3c32,618,charge-low,169
b3c32,635,charge-low,168
b3c32,639,charge-low,169
b3c32,655,charge-low,169
b3c32,671,charge-low,169
b3c32,684,charge-low,168
b3c32,685,charge-low,168
b3c32,695,charge-low,167
b3c32,704,charge-low,165
b3c32,711,charge-low,166
b3c32,729,charge-low,168
b3c32,732,charge-low,166
b3c32,734,charge-low,166
b3c32,749,charge-low,166
b3c32,750,charge-low,169
b3c32,758,charge-low,163
b3c32,761,charge-low,163
b3c32,767,charge-low,164
b3c32,774,charge-low,168
b3c32,790,charge-low,165
b3c32,793,charge-low,165
b3c32,805,charge-low,164
b3c32,809,charge-low,165
b3c32,813,charge-low,164
b3c32,815,charge-low,162
b3c32,820,charge-low,162
b3c32,849,charge-low,163
b3c32,853,charge-low,163
b3c32,892,charge-low,164
b3c32,893,charge-low,152
b3c32,903,charge-low,161
b3c32,905,charge-low,160
b3c32,907,charge-low,162
b3c32,923,charge-low,161
b3c32,924,charge-low,160
b3c32,934,charge-low,160
b3c32,989,charge-low,170
b3c32,991,charge-low,170
b3c32,992,charge-low,170
b3c32,1006,charge-low,170
b3c32,1012,charge-low,170
b3c32,1013,charge-low,170
b3c32,1014,charge-low,170
b3c32,1020,charge-low,170
b3c32,1021,charge-low,170
b3c32,1026,charge-low,169
b3c32,1030,charge-low,170
b3c32,1031,charge-low,170
b3c32,1032,charge-low,170
b3c32,1034,charge-low,169
b3c32,1035,charge-low,169
b3c32,1036,charge-low,170
b3c32,1037,charge-low,170
b3c32,1038,charge-low,170
b3c32,1041,charge-low,170
b3c32,1044,charge-low,169
b3c32,1048,charge-low,170
b3c32,1049,charge-low,170
b3c32,1050,charge-low,169
b3c32,1051,charge-low,170
b3c32,1052,charge-low,168
b3c32,1053,charge-low,170
b3c32,1054,charge-low,170
b3c32,1055,charge-low,169
b3c32,1056,charge-low,170
b3c32,1057,charge-low,169
b3c32,1058,charge-low,170
b3c32,1059,charge-low,170
b3c32,1060,charge-low,170
b3c32,1061,charge-low,169
b3c32,1062,charge-low,170
b3c32,1063,charge-low,170
b3c32,1064,charge-low,167
b3c32,1065,charge-low,170
b3c32,1066,charge-low,168
b3c32,1067,charge-low,170
b3c32,1068,charge-low,169
b3c32,1070,charge-low,167
b3c32,1071,charge-low,168
b3c32,1072,charge-low,169
b3c32,1073,charge-low,169
b3c32,1074,charge-low,169
b3c32,1075,charge-low,170
b3c32,1076,charge-low,169
b3c32,1077,charge-low,170
b3c32,1078,charge-low,170
b3c32,1079,charge-low,169
b3c32,1080,charge-low,170
b3c32,1081,charge-low,170
b3c32,1082,charge-low,170
b3c32,1083,charge-low,169
b3c32,1084,charge-low,168
b3c32,1085,charge-low,170
b3c32,1087,charge-low,169
b3c32,1088,charge-low,168
b3c32,1089,charge-low,169
b3c32,1090,charge-low,167
b3c32,1091,charge-low,169
b3c32,1092,charge-low,169
b3c32,1093,charge-low,169
b3c32,1094,charge-low,169
b3c32,1095,charge-low,168
b3c32,1096,charge-low,168
b3c32,1097,charge-low,169
b3c32,1098,charge-low,168
b3c32,1099,charge-low,169
b3c32,1100,charge-low,168
b3c32,1101,charge-low,169
b3c32,1102,charge-low,168
b3c32,1103,charge-low,168
b3c32,1104,charge-low,168
b3c32,1105,charge-low,169
b3c32,1106,charge-low,168
b3c32,1107,charge-low,168
b3c32,1108,charge-low,168
b3c32,1109,charge-low,168
b3c32,1110,charge-low,169
b3c32,1111,charge-low,169
b3c32,1112,charge-low,168
b3c32,1113,charge-low,168
b3c32,1114,charge-low,169
b3c32,1115,charge-low,168
b3c32,1116,charge-low,168
b3c32,1117,charge-low,168
b3c32,1118,charge-low,167
b3c32,1119,charge-low,168
b3c32,1120,charge-low,168
b3c32,1121,charge-low,168
b3c32,1122,charge-low,167
b3c32,1123,charge-low,168
b3c32,1124,charge-low,168
b3c32,1125,charge-low,168
b3c32,1126,charge-low,168
b3c32,1127,charge-low,169
b3c32,1128,charge-low,168
b3c32,1129,charge-low,167
b3c32,1130,charge-low,168
b3c32,1131,charge-low,169
b3c32,1132,charge-low,167
b3c32,1133,charge-low,168
b3c32,1134,charge-low,167
b3c32,1135,charge-low,167
b3c32,1136,charge-low,168
b3c32,1137,charge-low,167
b3c32,1138,charge-low,167
b3c32,1139,charge-low,169
b3c32,1140,charge-low,168
b3c32,1141,charge-low,167
b3c32,1142,charge-low,167
b3c32,1143,charge-low,168
b3c32,1144,charge-low,167
b3c32,1145,charge-low,167
b3c32,1146,charge-low,167
b3c32,1147,charge-low,168
b3c32,1148,charge-low,167
b3c32,1149,charge-low,168
b3c32,1150,charge-low,167
b3c32,1151,charge-low,167
b3c32,1152,charge-low,167
b3c32,1153,charge-low,166
b3c32,1154,charge-low,168
b3c32,1155,charge-low,167
b3c32,1156,charge-low,167
b3c32,1157,charge-low,167
b3c32,1158,charge-low,168
b3c32,1159,charge-low,167
b3c32,1160,charge-low,167
b3c32,1161,charge-low,167
b3c32,1162,charge-low,167
b3c32,1163,charge-low,166
b3c32,1164,charge-low,167
b3c32,1165,charge-low,167
b3c32,1166,charge-low,166
b3c32,1167,charge-low,166
b3c32,1168,charge-low,166
b3c32,1169,charge-low,166
b3c32,1170,charge-low,166
b3c32,1171,charge-low,166
b3c32,1172,charge-low,167
b3c32,1173,charge-low,166
b3c32,1174,charge-low,168
b3c32,1175,charge-low,167
b3c32,1176,charge-low,167
b3c32,1177,charge-low,167
b3c32,1178,charge-low,166
b3c32,1179,charge-low,166
b3c32,1180,charge-low,167
b3c32,1181,charge-low,167
b3c32,1182,charge-low,167
b3c32,1183,charge-low,167
b3c32,1184,charge-low,166
b3c32,1185,charge-low,166
b3c32,1186,charge-low,166
b3c32,1187,charge-low,166
b3c32,1188,charge-low,166
b3c32,1189,charge-low,167
b3c32,1190,charge-low,167
b3c32,1191,charge-low,167
b3c32,1192,charge-low,166
b3c32,1193,charge-low,166
b3c32,1194,charge-low,166
b3c32,1195,charge-low,165
b3c32,1196,charge-low,166
b3c32,1197,charge-low,167
b3c32,1198,charge-low,166
b3c32,1199,charge-low,165
b3c32,1200,charge-low,166
b3c32,1201,charge-low,166
b3c32,1202,charge-low,165
b3c32,1203,charge-low,166
b3c32,1204,charge-low,166
b3c32,1205,charge-low,165
b3c32,1206,charge-low,167
b3c32,1207,charge-low,165
b3c32,1208,charge-low,165
b3c32,1209,charge-low,166
b3c32,1210,charge-low,166
b3c32,1211,charge-low,165
b3c32,1212,charge-low,166
b3c32,1213,charge-low,166
b3c32,1214,charge-low,165
b3c32,1215,charge-low,165
b3c32,1216,charge-low,165
b3c32,1217,charge-low,165
b3c32,1218,charge-low,166
b3c32,1219,charge-low,166
b3c32,1220,charge-low,165
b3c32,1221,charge-low,165
b3c32,1222,charge-low,166
b3c32,1223,charge-low,167
b3c32,1224,charge-low,165
b3c32,1225,charge-low,167
b3c32,1226,charge-low,166
b3c32,1227,charge-low,165
b3c32,1228,charge-low,165
b3c32,1229,charge-low,165
b3c32,1230,charge-low,165
b3c32,1231,charge-low,165
b3c32,1232,charge-low,165
b3c32,1233,charge-low,165
b3c32,1234,charge-low,165
b3c32,1235,charge-low,166
b3c32,1236,charge-low,166
b3c32,1237,charge-low,165
b3c32,1238,charge-low,165
b3c32,1239,charge-low,165
b3c32,1240,charge-low,166
b3c32,1241,charge-low,165
b3c32,1242,charge-low,164
b3c32,1243,charge-low,165
b3c32,1244,charge-low,165
b3c32,1245,charge-low,165
b3c32,1246,charge-low,165
b3c32,1247,charge-low,166
b3c32,1248,charge-low,165
b3c32,1249,charge-low,167
b3c32,1250,charge-low,165
b3c32,1251,charge-low,164
b3c32,1252,charge-low,164
b3c32,1253,charge-low,165
b3c32,1254,charge-low,165
b3c32,1255,charge-low,164
b3c32,1256,charge-low,164
b3c32,1257,charge-low,165
b3c32,1258,charge-low,165
b3c32,1259,charge-low,164
b3c32,1260,charge-low,166
b3c32,1261,charge-low,164
b3c32,1262,charge-low,164
b3c32,1263,charge-low,164
b3c32,1264,charge-low,165
b3c32,1265,charge-low,163
b3c32,1266,charge-low,165
b3c32,1267,charge-low,165
b3c32,1268,charge-low,164
b3c32,1269,charge-low,164
b3c32,1270,charge-low,164
b3c32,1271,charge-low,165
b3c32,1272,charge-low,164
b3c32,1273,charge-low,164
b3c32,1274,charge-low,164
b3c32,1275,charge-low,162
b3c32,1276,charge-low,164
b3c32,1277,charge-low,163
b3c32,1278,charge-low,164
b3c32,1279,charge-low,163
b3c32,1280,charge-low,164
b3c32,1281,charge-low,163
b3c32,1282,charge-low,164
b3c32,1283,charge-low,165
b3c32,1284,charge-low,165
b3c32,1285,charge-low,164
b3c32,1286,charge-low,164
b3c32,1287,charge-low,164
b3c32,1288,charge-low,164
b3c32,1289,charge-low,165
b3c32,1290,charge-low,163
b3c32,1291,charge-low,162
b3c32,1292,charge-low,162
b3c32,1293,charge-low,163
b3c32,1294,charge-low,163
b3c32,1295,charge-low,163
b3c32,1296,charge-low,163
b3c32,1297,charge-low,162
b3c32,1298,charge-low,163
b3c32,1299,charge-low,163
b3c32,1300,charge-low,162
b3c32,1301,charge-low,163
b3c32,1302,charge-low,163
b3c32,1303,charge-low,162
b3c32,1304,charge-low,163
b3c32,1305,charge-low,162
b3c32,1306,charge-low,163
b3c32,1307,charge-low,163
b3c32,1308,charge-low,162
b3c32,1309,charge-low,162
b3c32,1310,charge-low,163
b3c32,1311,charge-low,163
b3c32,1312,charge-low,163
b3c32,1313,charge-low,162
b3c32,1314,charge-low,164
b3c32,1315,charge-low,163
b3c32,1316,charge-low,163
b3c32,1317,charge-low,162
b3c32,1318,charge-low,163
b3c32,1319,charge-low,163
b3c32,1320,charge-low,162
b3c32,1321,charge-low,163
b3c32,1322,charge-low,161
b3c32,1323,charge-low,161
b3c32,1324,charge-low,163
b3c32,1325,charge-low,162
b3c32,1326,charge-low,163
b3c32,1327,charge-low,162
b3c32,1328,charge-low,162
b3c32,1329,charge-low,162
b3c32,1330,charge-low,161
b3c32,1331,charge-low,162
b3c32,1332,charge-low,162
b3c32,1333,charge-low,162
b3c32,1334,charge-low,161
b3c32,1335,charge-low,162
b3c32,1336,charge-low,161
b3c32,1337,charge-low,162
b3c32,1338,charge-low,163
b3c32,1339,charge-low,163
b3c32,1340,charge-low,161
b3c32,1341,charge-low,163
b3c32,1342,charge-low,161
b3c32,1343,charge-low,162
b3c32,1344,charge-low,162
b3c32,1345,charge-low,162
b3c32,1346,charge-low,161
b3c32,1347,charge-low,162
b3c32,1348,charge-low,162
b3c32,1349,charge-low,162
b3c32,1350,charge-low,162
b3c32,1351,charge-low,161
b3c32,1352,charge-low,162
b3c32,1353,charge-low,162
b3c32,1354,charge-low,161
b3c32,1355,charge-low,161
b3c32,1356,charge-low,161
b3c32,1357,charge-low,162
b3c32,1358,charge-low,160
b3c32,1359,charge-low,162
b3c32,1360,charge-low,162
b3c32,1361,charge-low,161
b3c32,1362,charge-low,160
b3c32,1363,charge-low,160
b3c32,1364,charge-low,162
b3c32,1365,charge-low,161
b3c32,1366,charge-low,161
b3c32,1367,charge-low,161
b3c32,1368,charge-low,161
b3c32,1369,charge-low,162
b3c32,1370,charge-low,162
b3c32,1371,charge-low,160
b3c32,1372,charge-low,160
b3c32,1373,charge-low,161
b3c32,1374,charge-low,160
b3c32,1375,charge-low,161
b3c32,1376,charge-low,161
b3c32,1377,charge-low,161
b3c32,1378,charge-low,160
b3c32,1379,charge-low,161
b3c32,1380,charge-low,160
b3c32,1381,charge-low,160
b3c32,1382,charge-low,161
b3c32,1383,charge-low,161
b3c32,1384,charge-low,161
b3c32,1385,charge-low,160
b3c32,1386,charge-low,161
b3c32,1387,charge-low,161
b3c32,1388,charge-low,160
b3c32,1389,charge-low,162
b3c32,1390,charge-low,161
b3c32,1391,charge-low,161
b3c32,1392,charge-low,161
b3c32,1393,charge-low,161
b3c32,1394,charge-low,161
b3c32,1395,charge-low,160
b3c32,1396,charge-low,160
b3c32,1397,charge-low,161
b3c32,1398,charge-low,160
b3c32,1399,charge-low,160
b3c32,1400,charge-low,160
b3c32,1401,charge-low,160
b3c32,1402,charge-low,160
b3c32,1403,charge-low,160
b3c32,1404,charge-low,161
b3c32,1405,charge-low,160
b3c32,1406,charge-low,161
b3c32,1407,charge-low,160
b3c32,1408,charge-low,161
b3c32,1409,charge-low,160
b3c32,1410,charge-low,160
b3c32,1411,charge-low,160
b3c32,1412,charge-low,160
b3c32,1413,charge-low,161
b3c32,1414,charge-low,160
b3c32,1415,charge-low,160
b3c32,1416,charge-low,159
b3c32,1417,charge-low,160
b3c32,1418,charge-low,161
b3c32,1419,charge-low,159
b3c32,1420,charge-low,160
b3c32,1421,charge-low,159
b3c32,1422,charge-low,160
b3c32,1423,charge-low,160
b3c32,1424,charge-low,160
b3c32,1425,charge-low,160
b3c32,1426,charge-low,160
b3c32,1427,charge-low,159
b3c32,1428,charge-low,159
b3c32,1429,charge-low,160
b3c32,1430,charge-low,160
b3c32,1431,charge-low,160
b3c32,1432,charge-low,160
b3c32,1433,charge-low,161
b3c32,1434,charge-low,160
b3c32,1435,charge-low,160
b3c32,1436,charge-low,159
b3c32,1437,charge-low,159
b3c32,1438,charge-low,160
b3c32,1439,charge-low,160
b3c32,1440,charge-low,159
b3c32,1441,charge-low,159
b3c32,1442,charge-low,159
b3c32,1443,charge-low,159
b3c32,1444,charge-low,159
b3c32,1445,charge-low,159
b3c32,1446,charge-low,159
b3c32,1447,charge-low,158
b3c32,1448,charge-low,160
b3c32,1449,charge-low,159
b3c32,1450,charge-low,159
b3c32,1451,charge-low,159
b3c32,1452,charge-low,159
b3c32,1453,charge-low,159
b3c32,1454,charge-low,159
b3c32,1455,charge-low,160
b3c32,1456,charge-low,159
b3c32,1457,charge-low,158
b3c32,1458,charge-low,159
b3c32,1459,charge-low,159
b3c32,1460,charge-low,159
b3c32,1461,charge-low,159
b3c32,1462,charge-low,159
b3c32,1463,charge-low,160
b3c32,1464,charge-low,159
b3c32,1465,charge-low,158
b3c32,1466,charge-low,158
b3c32,1467,charge-low,159
b3c32,1468,charge-low,158
b3c32,1469,charge-low,158
b3c32,1470,charge-low,159
b3c32,1471,charge-low,159
b3c32,1472,charge-low,158
b3c32,1473,charge-low,158
b3c32,1474,charge-low,159
b3c32,1475,charge-low,158
b3c32,1476,charge-low,158
b3c32,1477,charge-low,159
b3c32,1478,charge-low,159
b3c32,1479,charge-low,158
b3c32,1480,charge-low,158
b3c32,1481,charge-low,159
b3c32,1482,charge-low,158
b3c32,1483,charge-low,159
b3c32,1484,charge-low,158
b3c32,1485,charge-low,157
b3c32,1486,charge-low,159
b3c32,1487,charge-low,158
b3c32,1488,charge-low,159
b3c32,1489,charge-low,157
b3c32,1490,charge-low,158
b3c32,1491,charge-low,159
b3c32,1492,charge-low,159
b3c32,1493,charge-low,158
b3c32,1494,charge-low,158
b3c32,1495,charge-low,158
b3c32,1496,charge-low,158
b3c32,1497,charge-low,158
b3c32,1498,charge-low,157
b3c32,1499,charge-low,158
b3c32,1500,charge-low,158
b3c32,1501,charge-low,157
b3c32,1502,charge-low,158
b3c32,1503,charge-low,158
b3c32,1504,charge-low,158
b3c32,1505,charge-low,157
b3c32,1506,charge-low,157
b3c32,1507,charge-low,158
b3c32,1508,charge-low,158
b3c32,1509,charge-low,158
b3c32,1510,charge-low,157
b3c32,1511,charge-low,158
b3c32,1512,charge-low,158
b3c32,1513,charge-low,157
b3c32,1514,charge-low,158
b3c32,1515,charge-low,158
b3c32,1516,charge-low,157
b3c32,1517,charge-low,157
b3c32,1518,charge-low,156
b3c32,1519,charge-low,157
b3c32,1520,charge-low,158
b3c32,1521,charge-low,157
b3c32,1522,charge-low,157
b3c32,1523,charge-low,156
b3c32,1524,charge-low,157
b3c32,1525,charge-low,157
b3c32,1526,charge-low,157
b3c32,1527,charge-low,156
b3c32,1528,charge-low,155
b3c32,1529,charge-low,157
b3c32,1530,charge-low,158
b3c32,1531,charge-low,156
b3c32,1532,charge-low,156
b3c32,1533,charge-low,157
b3c32,1534,charge-low,158
b3c32,1535,charge-low,156
b3c32,1536,charge-low,157
b3c32,1537,charge-low,157
b3c32,1538,charge-low,156
b3c32,1539,charge-low,158
b3c32,1540,charge-low,156
b3c32,1541,charge-low,157
b3c32,1542,charge-low,156
b3c32,1543,charge-low,156
b3c32,1544,charge-low,157
b3c32,1545,charge-low,156
b3c32,1546,charge-low,157
b3c32,1547,charge-low,156
b3c32,1548,charge-low,156
b3c32,1549,charge-low,156
b3c32,1550,charge-low,157
b3c32,1551,charge-low,157
b3c32,1552,charge-low,156
b3c32,1553,charge-low,157
b3c32,1554,charge-low,156
b3c32,1555,charge-low,156
b3c32,1556,charge-low,156
b3c32,1557,charge-low,157
b3c32,1558,charge-low,155
b3c32,1559,charge-low,155
b3c32,1560,charge-low,156
b3c32,1561,charge-low,155
b3c32,1562,charge-low,155
b3c32,1563,charge-low,156
b3c32,1564,charge-low,156
b3c32,1565,charge-low,156
b3c32,1566,charge-low,156
b3c32,1567,charge-low,154
b3c32,1568,charge-low,155
b3c32,1569,charge-low,156
b3c32,1570,charge-low,156
b3c32,1571,charge-low,156
b3c32,1572,charge-low,155
b3c32,1573,charge-low,156
b3c32,1574,charge-low,156
b3c32,1575,charge-low,155
b3c32,1576,charge-low,157
b3c32,1577,charge-low,155
b3c32,1578,charge-low,155
b3c32,1579,charge-low,156
b3c32,1580,charge-low,155
b3c32,1581,charge-low,156
b3c32,1582,charge-low,155
b3c32,1583,charge-low,155
b3c32,1584,charge-low,156
b3c32,1585,charge-low,155
b3c32,1586,charge-low,156
b3c32,1587,charge-low,156
b3c32,1588,charge-low,156
b3c32,1589,charge-low,155
b3c32,1590,charge-low,156
b3c32,1591,charge-low,156
b3c32,1592,charge-low,155
b3c32,1593,charge-low,155
b3c32,1594,charge-low,155
b3c32,1595,charge-low,155
b3c32,1596,charge-low,155
b3c32,1597,charge-low,156
b3c32,1598,charge-low,154
b3c32,1599,charge-low,155
b3c32,1600,charge-low,155
b3c32,1601,charge-low,156
b3c32,1602,charge-low,154
b3c32,1603,charge-low,155
b3c32,1604,charge-low,156
b3c32,1605,charge-low,155
b3c32,1606,charge-low,156
b3c32,1607,charge-low,156
b3c32,1608,charge-low,156
b3c32,1609,charge-low,156
b3c32,1610,charge-low,154
b3c32,1611,charge-low,155
b3c32,1612,charge-low,155
b3c32,1613,charge-low,155
b3c32,1614,charge-low,155
b3c32,1615,charge-low,155
b3c32,1616,charge-low,155
b3c32,1617,charge-low,155
b3c32,1618,charge-low,155
b3c32,1619,charge-low,155
b3c32,1620,charge-low,154
b3c32,1621,charge-low,155
b3c32,1622,charge-low,155
b3c32,1623,charge-low,154
b3c32,1624,charge-low,155
b3c32,1625,charge-low,154
b3c32,1626,charge-low,154
b3c32,1627,charge-low,154
b3c32,1628,charge-low,154
b3c32,1629,charge-low,154
b3c32,1630,charge-low,163
b3c32,1631,charge-low,149
b3c32,1632,charge-low,155
b3c32,1633,charge-low,156
b3c32,1634,charge-low,155
b3c32,1635,charge-low,155
b3c32,1636,charge-low,155
b3c32,1637,charge-low,156
b3c32,1638,charge-low,155
b3c32,1639,charge-low,155
b3c32,1640,charge-low,155
b3c32,1641,charge-low,154
b3c32,1642,charge-low,155
b3c32,1643,charge-low,155
b3c32,1644,charge-low,154
b3c32,1645,charge-low,155
b3c32,1646,charge-low,155
b3c32,1647,charge-low,155
b3c32,1648,charge-low,159
b3c32,1649,charge-low,158
b3c32,1650,charge-low,156
b3c32,1651,charge-low,156
b3c32,1652,charge-low,155
b3c32,1653,charge-low,155
b3c32,1654,charge-low,155
b3c32,1655,charge-low,155
b3c32,1656,charge-low,155
b3c32,1657,charge-low,155
b3c32,1658,charge-low,155
b3c32,1659,charge-low,156
b3c32,1660,charge-low,155
b3c32,1661,charge-low,155
b3c32,1662,charge-low,155
b3c32,1663,charge-low,155
b3c32,1664,charge-low,154
b3c32,1665,charge-low,154
b3c32,1666,charge-low,155
b3c32,1667,charge-low,154
b3c32,1668,charge-low,154
b3c32,1669,charge-low,155
b3c32,1670,charge-low,154
b3c32,1671,charge-low,155
b3c32,1672,charge-low,155
b3c32,1673,charge-low,155
b3c32,1674,charge-low,154
b3c32,1675,charge-low,155
b3c32,1676,charge-low,154
b3c32,1677,charge-low,153
b3c32,1678,charge-low,154
b3c32,1679,charge-low,153
b3c32,1680,charge-low,153
b3c32,1681,charge-low,153
b3c32,1682,charge-low,155
b3c32,1683,charge-low,155
b3c32,1684,charge-low,154
b3c32,1685,charge-low,154
b3c32,1686,charge-low,154
b3c32,1687,charge-low,154
b3c32,1688,charge-low,154
b3c32,1689,charge-low,154
b3c32,1690,charge-low,154
b3c32,1691,charge-low,154
b3c32,1692,charge-low,154
b3c32,1693,charge-low,155
b3c32,1694,charge-low,155
b3c32,1695,charge-low,155
b3c32,1696,charge-low,154
b3c32,1697,charge-low,154
b3c32,1698,charge-low,155
b3c32,1699,charge-low,154
b3c32,1700,charge-low,153
b3c32,1701,charge-low,154
b3c32,1702,charge-low,153
b3c32,1703,charge-low,154
b3c32,1704,charge-low,153
b3c32,1705,charge-low,153
b3c32,1706,charge-low,153
b3c32,1707,charge-low,153
b3c32,1708,charge-low,152
b3c32,1709,charge-low,153
b3c32,1710,charge-low,154
b3c32,1711,charge-low,153
b3c32,1712,charge-low,153
b3c32,1713,charge-low,154
b3c32,1714,charge-low,152
b3c32,1715,charge-low,152
b3c32,1716,charge-low,153
b3c32,1717,charge-low,152
b3c32,1718,charge-low,153
b3c32,1719,charge-low,153
b3c32,1720,charge-low,153
b3c32,1721,charge-low,154
b3c32,1722,charge-low,153
b3c32,1723,charge-low,152
b3c32,1724,charge-low,153
b3c32,1725,charge-low,156
b3c32,1726,charge-low,149
b3c32,1727,charge-low,155
b3c32,1728,charge-low,155
b3c32,1729,charge-low,156
b3c32,1730,charge-low,155
b3c32,1731,charge-low,150
b3c32,1732,charge-low,154
b3c32,1733,charge-low,155
b3c32,1734,charge-low,156
b3c32,1735,charge-low,153
b3c32,1736,charge-low,151
b3c32,1737,charge-low,155
b3c32,1738,charge-low,157
b3c32,1739,charge-low,156
b3c32,1740,charge-low,152
b3c32,1741,charge-low,150
b3c32,1742,charge-low,155
b3c32,1743,charge-low,157
b3c32,1744,charge-low,154
b3c32,1745,charge-low,151
b3c32,1746,charge-low,150
b3c32,1747,charge-low,159
b3c32,1748,charge-low,155
b3c32,1749,charge-low,148
b3c32,1750,charge-low,154
b3c32,1751,charge-low,155
b3c32,1752,charge-low,156
b3c32,1753,charge-low,153
b3c32,1754,charge-low,152
b3c32,1755,charge-low,151
b3c32,1756,charge-low,155
b3c32,1757,charge-low,154
b3c32,1758,charge-low,153
b3c32,1759,charge-low,150
b3c32,1760,charge-low,152
b3c32,1761,charge-low,155
b3c32,1762,charge-low,155
b3c32,1763,charge-low,150
b3c32,1764,charge-low,150
b3c32,1765,charge-low,156
b3c32,1766,charge-low,154
b3c32,1767,charge-low,150
b3c32,1768,charge-low,150
b3c32,1769,charge-low,153
b3c32,1770,charge-low,155
b3c32,1771,charge-low,152
b3c32,1772,charge-low,151
b3c32,1773,charge-low,151
b3c32,1774,charge-low,156
b3c32,1775,charge-low,154
b3c32,1776,charge-low,154
b3c32,1777,charge-low,150
b3c32,1778,charge-low,152
b3c32,1779,charge-low,152
b3c32,1780,charge-low,153
b3c32,1781,charge-low,153
b3c32,1782,charge-low,154
b3c32,1783,charge-low,153
b3c32,1784,charge-low,150
b3c32,1785,charge-low,152
b3c32,1786,charge-low,154
b3c32,1787,charge-low,154
b3c32,1788,charge-low,151
b3c32,1789,charge-low,149
b3c32,1790,charge-low,152
b3c32,1791,charge-low,154
b3c32,1792,charge-low,156
b3c32,1793,charge-low,151
b3c32,1794,charge-low,148
b3c32,1795,charge-low,151
b3c32,1796,charge-low,155
b3c32,1797,charge-low,152
b3c32,1798,charge-low,153
b3c32,1799,charge-low,149
b3c32,1800,charge-low,150
b3c32,1801,charge-low,153
b3c32,1802,charge-low,152
b3c32,1803,charge-low,150
b3c32,1804,charge-low,150
b3c32,1805,charge-low,150
b3c32,1806,charge-low,153
b3c32,1807,charge-low,153
b3c32,1808,charge-low,151
b3c32,1809,charge-low,151
b3c32,1810,charge-low,150
b3c32,1811,charge-low,153
b3c32,1812,charge-low,154
b3c32,1813,charge-low,151
b3c32,1814,charge-low,148
b3c32,1815,charge-low,151
b3c32,1816,charge-low,151
b3c32,1817,charge-low,154
b3c32,1818,charge-low,152
b3c32,1819,charge-low,149
b3c32,1820,charge-low,149
b3c32,1821,charge-low,152
b3c32,1822,charge-low,152
b3c32,1823,charge-low,151
b3c32,1824,charge-low,149
b3c32,1825,charge-low,145
b3c32,1826,charge-low,153
b3c32,1827,charge-low,155
b3c32,1828,charge-low,152
b3c32,1829,charge-low,150
b3c32,1830,charge-low,146
b3c32,1831,charge-low,151
b3c32,1832,charge-low,153
b3c32,1833,charge-low,152
b3c32,1834,charge-low,149
b3c32,1835,charge-low,147
b3c32,1836,charge-low,151
b3c32,1837,charge-low,152
b3c32,1838,charge-low,152
b3c32,1839,charge-low,148
b3c32,1840,charge-low,151
b3c32,1841,charge-low,151
b3c32,1842,charge-low,152
b3c32,1843,charge-low,150
b3c32,1844,charge-low,150
b3c32,1845,charge-low,149
b3c32,1846,charge-low,151
b3c32,1847,charge-low,151
b3c32,1848,charge-low,148
b3c32,1849,charge-low,149
b3c32,1850,charge-low,150
b3c32,1851,charge-low,152
b3c32,1852,charge-low,151
b3c32,1853,charge-low,148
b3c32,1854,charge-low,149
b3c32,1855,charge-low,149
b3c32,1856,charge-low,153
b3c32,1857,charge-low,150
b3c32,1858,charge-low,150
b3c32,1859,charge-low,150
b3c32,1860,charge-low,149
b3c32,1861,charge-low,151
b3c32,1862,charge-low,152
b3c32,1863,charge-low,149
b3c32,1864,charge-low,147
b3c32,1865,charge-low,148
b3c32,1866,charge-low,150
b3c32,1867,charge-low,149
b3c32,1868,charge-low,151
b3c32,1869,charge-low,147
b3c32,1870,charge-low,149
b3c32,1871,charge-low,151
b3c32,1872,charge-low,153
b3c32,1873,charge-low,148
b3c32,1874,charge-low,147
b3c32,1875,charge-low,150
b3c32,1876,charge-low,151
b3c32,1877,charge-low,153
b3c32,1878,charge-low,148
b3c32,1879,charge-low,147
b3c32,1880,charge-low,152
b3c32,1881,charge-low,155
b3c32,1882,charge-low,149
b3c32,1883,charge-low,145
b3c32,1884,charge-low,151
b3c32,1885,charge-low,149
b3c32,1886,charge-low,153
b3c32,1887,charge-low,147
b3c32,1888,charge-low,149
b3c32,1889,charge-low,151
b3c32,1890,charge-low,153
b3c32,1891,charge-low,148
b3c32,1892,charge-low,149
b3c32,1893,charge-low,153
b3c32,1894,charge-low,154
b3c32,1895,charge-low,148
b3c32,1896,charge-low,147
b3c32,1897,charge-low,150
b3c32,1898,charge-low,154
b3c32,1899,charge-low,152
b3c32,1900,charge-low,148
b3c32,1901,charge-low,146
b3c32,1902,charge-low,150
b3c32,1903,charge-low,150
b3c32,1904,charge-low,147
b3c32,1905,charge-low,148
b3c32,1906,charge-low,152
b3c32,1907,charge-low,152
b3c32,1908,charge-low,148
b3c32,1909,charge-low,152
b3c32,1910,charge-low,150
b3c32,1911,charge-low,152
b3c32,1912,charge-low,148
b3c32,1913,charge-low,146
b3c32,1914,charge-low,151
b3c32,1915,charge-low,151
b3c32,1916,charge-low,151
b3c32,1917,charge-low,146
b3c32,1918,charge-low,149
b3c32,1919,charge-low,152
b3c32,1920,charge-low,153
b3c32,1921,charge-low,147
b3c32,1922,charge-low,146
b3c32,1923,charge-low,151
b3c32,1924,charge-low,150
b3c32,1925,charge-low,151
b3c32,1926,charge-low,146
b3c32,1927,charge-low,151
b3c32,1928,charge-low,147
b3c32,1929,charge-low,152
b3c32,1930,charge-low,148
b3c32,1931,charge-low,154
b3c32,1932,charge-low,149
b3c32,1933,charge-low,146
b3c32,1934,charge-low,156
b3c32,1935,charge-low,156
b3c32,1936,charge-low,149
b3c32,1937,charge-low,145
b3c32,1938,charge-low,152
b3c32,1939,charge-low,162
b3c32,1940,charge-low,154
b3c32,1941,charge-low,148
b3c32,1942,charge-low,147
b3c32,1943,charge-low,159
b3c32,1944,charge-low,155
b3c32,1945,charge-low,143
b3c32,1946,charge-low,151
b3c32,1947,charge-low,159
b3c32,1948,charge-low,160
b3c32,1949,charge-low,147
b3c32,1950,charge-low,144
b3c32,1951,charge-low,151
b3c32,1952,charge-low,163
b3c32,1953,charge-low,152
b3c32,1954,charge-low,149
b3c32,1955,charge-low,156
b3c32,1956,charge-low,158
b3c32,1957,charge-low,151
b3c32,1958,charge-low,147
b3c32,1959,charge-low,149
b3c32,1960,charge-low,147
b3c32,1961,charge-low,152
b3c32,1962,charge-low,145
b3c32,1963,charge-low,153
b3c32,1964,charge-low,152
b3c32,1965,charge-low,153
b3c32,1966,charge-low,152
b3c32,1967,charge-low,153
b3c32,1968,charge-low,156
b3c32,1969,charge-low,145
b3c32,1970,charge-low,152
b3c32,1971,charge-low,155
b3c32,1972,charge-low,157
b3c32,1973,charge-low,145
b3c32,1974,charge-low,156
b3c32,1975,charge-low,152
b3c32,1976,charge-low,155
b3c32,1977,charge-low,147
b3c32,1978,charge-low,145
b3c32,1979,charge-low,163
b3c32,1980,charge-low,161
b3c32,1981,charge-low,152
b3c32,1982,charge-low,146
b3c32,1983,charge-low,158
b3c32,1984,charge-low,164
b3c32,1985,charge-low,156
b3c32,1986,charge-low,152
b3c32,1987,charge-low,154
b3c32,1988,charge-low,159
b3c32,1989,charge-low,151
b3c32,1990,charge-low,145
b3c32,1991,charge-low,153
b3c32,1992,charge-low,158
b3c32,1993,charge-low,164
b3c32,1994,charge-low,149
b3c32,1995,charge-low,146
b3c32,1996,charge-low,157
b3c32,1997,charge-low,163
b3c32,1998,charge-low,159
b3c32,1999,charge-low,152
b3c32,2000,charge-low,150
b3c32,2001,charge-low,162
b3c32,2002,charge-low,152
b3c32,2003,charge-low,151
b3c32,2004,charge-low,153
b3c32,2005,charge-low,149
b3c32,2006,charge-low,153
b3c32,2007,charge-low,157
b3c32,2008,charge-low,160
b3c32,2009,charge-low,152
b3c32,2010,charge-low,155
b3c32,2011,charge-low,160
b3c32,2012,charge-low,159
b3c32,2013,charge-low,153
b3c32,2014,charge-low,149
b3c32,2015,charge-low,161
b3c32,2016,charge-low,162
b3c32,2017,charge-low,153
b3c32,2018,charge-low,151
b3c32,2019,charge-low,162
b3c32,2020,charge-low,164
b3c32,2021,charge-low,152
b3c32,2022,charge-low,150
b3c32,2023,charge-low,159
b3c32,2024,charge-low,167
b3c32,2025,charge-low,154
b3c32,2026,charge-low,153
b3c32,2027,charge-low,161
b3c32,2028,charge-low,162
b3c32,2029,charge-low,159
b3c32,2030,charge-low,153
b3c32,2031,charge-low,160
b3c32,2032,charge-low,164
b3c32,2033,charge-low,162
b3c32,2034,charge-low,155
b3c32,2035,charge-low,157
b3c32,2036,charge-low,153
b3c32,2037,charge-low,162
b3c32,2038,charge-low,157
b3c32,2039,charge-low,157
b3c32,2040,charge-low,167
b3c32,2041,charge-low,161
b3c32,2042,charge-low,164
b3c32,2043,charge-low,156
b3c32,2044,charge-low,162
b3c32,2045,charge-low,163
b3c32,2046,charge-low,161
b3c32,2047,charge-low,157
b3c32,2048,charge-low,161
b3c32,2049,charge-low,165
b3c32,2050,charge-low,154
b3c32,2051,charge-low,161
b3c32,2052,charge-low,160
b3c32,2053,charge-low,165
b3c32,2054,charge-low,157
b3c32,2055,charge-low,158
b3c32,2056,charge-low,162
b3c32,2057,charge-low,165
b3c32,2058,charge-low,164
b3c32,2059,charge-low,155
b3c32,2060,charge-low,163
b3c32,2061,charge-low,166
b3c32,2062,charge-low,167
b3c32,2063,charge-low,159
b3c32,2064,charge-low,162
b3c32,2065,charge-low,170
b3c32,2066,charge-low,169
b3c32,2067,charge-low,159
b3c32,2068,charge-low,160
b3c32,2070,charge-low,169
b3c32,2071,charge-low,162
b3c32,2072,charge-low,160
b3c32,2073,charge-low,168
b3c32,2075,charge-low,156
b3c32,2076,charge-low,159
b3c32,2077,charge-low,168
b3c32,2078,charge-low,168
b3c32,2079,charge-low,166
b3c32,2082,charge-low,162
b3c32,2083,charge-low,168
b3c32,2085,charge-low,170
b3c32,2086,charge-low,156
b3c32,2087,charge-low,168
b3c32,2089,charge-low,164
b3c32,2090,charge-low,166
b3c32,2091,charge-low,170
b3c32,2092,charge-low,169
b3c32,2093,charge-low,159
b3c32,2094,charge-low,164
b3c32,2095,charge-low,167
b3c32,2096,charge-low,161
b3c32,2099,charge-low,165
b3c32,2100,charge-low,161
b3c32,2104,charge-low,170
b3c32,2107,charge-low,162
b3c32,2109,charge-low,168
b3c32,2110,charge-low,162
b3c32,2113,charge-low,170
b3c32,2116,charge-low,163
b3c32,2117,charge-low,167
b3c32,2119,charge-low,166
b3c32,2120,charge-low,162
b3c32,2123,charge-low,169
b3c32,2124,charge-low,168
b3c32,2127,charge-low,166
b3c32,2130,charge-low,163
b3c32,2131,charge-low,165
b3c32,2134,charge-low,163
b3c32,2135,charge-low,170
b3c32,2137,charge-low,168
b3c32,2138,charge-low,150
b3c32,2141,charge-low,166
b3c32,2142,charge-low,169
b3c32,2145,charge-low,169
b3c32,2148,charge-low,169
b3c32,2151,charge-low,170
b3c32,2152,charge-low,170
b3c32,2155,charge-low,170
b3c32,2165,charge-low,167
b3c32,2171,charge-low,166
b3c32,2173,charge-low,169
b3c32,2178,charge-low,168
b3c33,959,charge-low,170
b3c33,963,charge-low,170
b3c33,966,charge-low,169
b3c33,972,charge-low,170
b3c33,975,charge-low,170
b3c33,977,charge-low,170
b3c33,978,charge-low,170
b3c33,979,charge-low,169
b3c33,982,charge-low,170
b3c33,983,charge-low,170
b3c33,984,charge-low,170
b3c33,986,charge-low,170
b3c33,988,charge-low,170
b3c33,989,charge-low,170
b3c33,990,charge-low,170
b3c33,991,charge-low,168
b3c33,992,charge-low,170
b3c33,993,charge-low,170
b3c33,994,charge-low,168
b3c33,995,charge-low,169
b3c33,996,charge-low,169
b3c33,997,charge-low,168
b3c33,998,charge-low,169
b3c33,999,charge-low,169
b3c33,1000,charge-low,167
b3c33,1001,charge-low,168
b3c33,1002,charge-low,169
b3c33,1003,charge-low,169
b3c33,1004,charge-low,169
b3c33,1005,charge-low,170
b3c33,1006,charge-low,167
b3c33,1007,charge-low,169
b3c33,1008,charge-low,168
b3c33,1009,charge-low,170
b3c33,1010,charge-low,169
b3c33,1011,charge-low,168
b3c33,1012,charge-low,166
b3c33,1013,charge-low,168
b3c33,1015,charge-low,166
b3c33,1016,charge-low,168
b3c33,1017,charge-low,168
b3c33,1018,charge-low,168
b3c33,1019,charge-low,165
b3c33,1020,charge-low,167
b3c33,1022,charge-low,167
b3c33,1023,charge-low,167
b3c33,1025,charge-low,166
b3c33,1026,charge-low,167
b3c33,1027,charge-low,166
b3c33,1028,charge-low,167
b3c33,1030,charge-low,166
b3c33,1031,charge-low,167
b3c33,1033,charge-low,166
b3c33,1034,charge-low,164
b3c33,1035,charge-low,167
b3c33,1037,charge-low,165
b3c33,1038,charge-low,165
b3c33,1040,charge-low,165
b3c33,1041,charge-low,165
b3c33,1043,charge-low,165
b3c33,1044,charge-low,164
b3c33,1046,charge-low,164
b3c33,1047,charge-low,164
b3c33,1048,charge-low,164
b3c33,1049,charge-low,165
b3c33,1051,charge-low,163
b3c33,1052,charge-low,164
b3c33,1053,charge-low,165
b3c33,1054,charge-low,164
b3c33,1057,charge-low,163
b3c33,1058,charge-low,165
b3c33,1060,charge-low,165
b3c33,1061,charge-low,164
b3c33,1062,charge-low,165
b3c33,1064,charge-low,164
b3c33,1066,charge-low,165
b3c33,1068,charge-low,164
b3c33,1069,charge-low,168
b3c33,1072,charge-low,168
b3c33,1074,charge-low,167
b3c33,1079,charge-low,169
b3c33,1080,charge-low,169
b3c33,1081,charge-low,170
b3c33,1082,charge-low,170
b3c33,1085,charge-low,169
b3c33,1086,charge-low,170
b3c34,848,charge-low,170
b3c34,849,charge-low,170
b3c34,850,charge-low,170
b3c34,852,charge-low,170
b3c34,854,charge-low,170
b3c34,855,charge-low,170
b3c34,856,charge-low,170
b3c34,858,charge-low,170
b3c34,859,charge-low,169
b3c34,860,charge-low,170
b3c34,861,charge-low,168
b3c34,862,charge-low,170
b3c34,863,charge-low,169
b3c34,864,charge-low,170
b3c34,865,charge-low,169
b3c34,866,charge-low,168
b3c34,867,charge-low,170
b3c34,868,charge-low,169
b3c34,869,charge-low,165
b3c34,870,charge-low,168
b3c34,871,charge-low,169
b3c34,872,charge-low,168
b3c34,873,charge-low,169
b3c34,874,charge-low,168
b3c34,875,charge-low,167
b3c34,876,charge-low,168
b3c34,877,charge-low,168
b3c34,878,charge-low,167
b3c34,879,charge-low,167
b3c34,880,charge-low,167
b3c34,881,charge-low,167
b3c34,882,charge-low,166
b3c34,883,charge-low,167
b3c34,884,charge-low,167
b3c34,885,charge-low,167
b3c34,886,charge-low,166
b3c34,887,charge-low,168
b3c34,888,charge-low,167
b3c34,889,charge-low,167
b3c34,890,charge-low,166
b3c34,891,charge-low,166
b3c34,892,charge-low,168
b3c34,893,charge-low,167
b3c34,895,charge-low,167
b3c34,896,charge-low,167
b3c34,897,charge-low,167
b3c34,898,charge-low,167
b3c34,899,charge-low,169
b3c34,900,charge-low,167
b3c34,901,charge-low,168
b3c34,906,charge-low,166
b3c34,907,charge-low,165
b3c34,908,charge-low,166
b3c34,909,charge-low,166
b3c34,910,charge-low,165
b3c34,911,charge-low,166
b3c34,912,charge-low,166
b3c34,913,charge-low,165
b3c34,914,charge-low,164
b3c34,915,charge-low,165
b3c34,916,charge-low,165
b3c34,917,charge-low,165
b3c34,918,charge-low,164
b3c34,919,charge-low,164
b3c34,920,charge-low,165
b3c34,921,charge-low,165
b3c34,922,charge-low,166
b3c34,923,charge-low,165
b3c34,924,charge-low,165
b3c34,925,charge-low,166
b3c34,926,charge-low,167
b3c34,927,charge-low,166
b3c34,928,charge-low,168
b3c34,929,charge-low,168
b3c34,930,charge-low,167
b3c34,932,charge-low,169
b3c34,933,charge-low,169
b3c34,934,charge-low,170
b3c34,935,charge-low,168
b3c37,15,charge-low,1861
b3c37,17,charge-low,158
b3c37,23,charge-low,981
b3c37,46,charge-low,1604
b3c37,593,charge-low,1519
b3c37,618,charge-low,8454
b3c37,632,charge-low,167
b3c37,749,charge-low,170
b3c37,754,charge-low,170
b3c37,755,charge-low,170
b3c37,760,charge-low,169
b3c37,762,charge-low,170
b3c37,763,charge-low,170
b3c37,767,charge-low,170
b3c37,771,charge-low,170
b3c37,777,charge-low,170
b3c37,780,charge-low,170
b3c37,782,charge-low,169
b3c37,783,charge-low,170
b3c37,784,charge-low,169
b3c37,785,charge-low,169
b3c37,786,charge-low,169
b3c37,787,charge-low,170
b3c37,788,charge-low,168
b3c37,789,charge-low,168
b3c37,790,charge-low,169
b3c37,791,charge-low,170
b3c37,792,charge-low,170
b3c37,794,charge-low,170
b3c37,795,charge-low,170
b3c37,796,charge-low,169
b3c37,797,charge-low,169
b3c37,798,charge-low,169
b3c37,799,charge-low,170
b3c37,800,charge-low,168
b3c37,801,charge-low,170
b3c37,802,charge-low,169
b3c37,803,charge-low,169
b3c37,804,charge-low,168
b3c37,805,charge-low,169
b3c37,806,charge-low,169
b3c37,807,charge-low,170
b3c37,808,charge-low,168
b3c37,809,charge-low,168
b3c37,810,charge-low,169
b3c37,811,charge-low,168
b3c37,812,charge-low,170
b3c37,813,charge-low,169
b3c37,814,charge-low,169
b3c37,815,charge-low,169
b3c37,816,charge-low,168
b3c37,817,charge-low,168
b3c37,818,charge-low,169
b3c37,819,charge-low,169
b3c37,820,charge-low,168
b3c37,821,charge-low,169
b3c37,822,charge-low,169
b3c37,823,charge-low,170
b3c37,824,charge-low,170
b3c37,825,charge-low,168
b3c37,826,charge-low,168
b3c37,827,charge-low,168
b3c37,828,charge-low,168
b3c37,829,charge-low,169
b3c37,830,charge-low,169
b3c37,831,charge-low,169
b3c37,832,charge-low,168
b3c37,833,charge-low,169
b3c37,834,charge-low,167
b3c37,835,charge-low,167
b3c37,836,charge-low,168
b3c37,837,charge-low,166
b3c37,838,charge-low,168
b3c37,839,charge-low,166
b3c37,840,charge-low,168
b3c37,841,charge-low,166
b3c37,842,charge-low,168
b3c37,843,charge-low,167
b3c37,844,charge-low,168
b3c37,846,charge-low,168
b3c37,847,charge-low,167
b3c37,849,charge-low,167
b3c37,850,charge-low,169
b3c37,851,charge-low,168
b3c37,852,charge-low,166
b3c37,853,charge-low,168
b3c37,854,charge-low,167
b3c37,855,charge-low,168
b3c37,856,charge-low,168
b3c37,857,charge-low,169
b3c37,858,charge-low,168
b3c37,859,charge-low,166
b3c37,860,charge-low,166
b3c37,861,charge-low,166
b3c37,862,charge-low,166
b3c37,863,charge-low,167
b3c37,864,charge-low,165
b3c37,865,charge-low,167
b3c37,866,charge-low,167
b3c37,867,charge-low,168
b3c37,868,charge-low,165
b3c37,869,charge-low,167
b3c37,870,charge-low,165
b3c37,871,charge-low,166
b3c37,872,charge-low,166
b3c37,873,charge-low,166
b3c37,874,charge-low,164
b3c37,875,charge-low,167
b3c37,876,charge-low,167
b3c37,877,charge-low,166
b3c37,878,charge-low,167
b3c37,879,charge-low,167
b3c37,880,charge-low,164
b3c37,881,charge-low,168
b3c37,882,charge-low,167
b3c37,883,charge-low,167
b3c37,884,charge-low,166
b3c37,885,charge-low,165
b3c37,886,charge-low,167
b3c37,887,charge-low,164
b3c37,888,charge-low,165
b3c37,889,charge-low,168
b3c37,890,charge-low,167
b3c37,891,charge-low,166
b3c37,892,charge-low,167
b3c37,893,charge-low,166
b3c37,894,charge-low,168
b3c37,895,charge-low,166
b3c37,896,charge-low,166
b3c37,897,charge-low,166
b3c37,898,charge-low,166
b3c37,899,charge-low,165
b3c37,900,charge-low,169
b3c37,901,charge-low,168
b3c37,902,charge-low,167
b3c37,903,charge-low,166
b3c37,904,charge-low,168
b3c37,905,charge-low,167
b3c37,906,charge-low,169
b3c37,907,charge-low,166
b3c37,908,charge-low,168
b3c37,909,charge-low,168
b3c37,910,charge-low,168
b3c37,911,charge-low,169
b3c37,912,charge-low,168
b3c37,913,charge-low,167
b3c37,916,charge-low,170
b3c37,918,charge-low,168
b3c37,919,charge-low,170
b3c37,922,charge-low,169
b3c37,924,charge-low,170
b3c37,925,charge-low,170
b3c37,926,charge-low,170
b3c37,929,charge-low,170
b3c37,932,charge-low,170
b3c37,934,charge-low,170
b3c37,935,charge-low,170
b3c37,949,charge-low,166
b3c37,1182,charge-low,881
b3c38,1320,charge-low,170
b3c38,1325,charge-low,170
b3c38,1326,charge-low,170
b3c38,1327,charge-low,170
b3c38,1328,charge-low,169
b3c38,1329,charge-low,170
b3c38,1332,charge-low,169
b3c38,1333,charge-low,170
b3c38,1334,charge-low,170
b3c38,1335,charge-low,170
b3c38,1337,charge-low,170
b3c38,1338,charge-low,169
b3c38,1339,charge-low,169
b3c38,1340,charge-low,169
b3c38,1341,charge-low,169
b3c38,1342,charge-low,170
b3c38,1343,charge-low,168
b3c38,1344,charge-low,169
b3c38,1345,charge-low,169
b3c38,1346,charge-low,170
b3c38,1347,charge-low,169
b3c38,1348,charge-low,169
b3c38,1349,charge-low,170
b3c38,1350,charge-low,169
b3c38,1351,charge-low,170
b3c38,1352,charge-low,170
b3c38,1353,charge-low,169
b3c38,1354,charge-low,169
b3c38,1355,charge-low,169
b3c38,1356,charge-low,169
b3c38,1357,charge-low,169
b3c38,1359,charge-low,168
b3c38,1360,charge-low,169
b3c38,1361,charge-low,169
b3c38,1362,charge-low,168
b3c38,1363,charge-low,168
b3c38,1364,charge-low,168
b3c38,1365,charge-low,168
b3c38,1367,charge-low,170
b3c38,1368,charge-low,168
b3c38,1369,charge-low,168
b3c38,1370,charge-low,168
b3c38,1371,charge-low,169
b3c38,1372,charge-low,169
b3c38,1373,charge-low,168
b3c38,1374,charge-low,169
b3c38,1375,charge-low,168
b3c38,1376,charge-low,168
b3c38,1377,charge-low,168
b3c38,1378,charge-low,167
b3c38,1379,charge-low,168
b3c38,1380,charge-low,168
b3c38,1381,charge-low,168
b3c38,1382,charge-low,168
b3c38,1383,charge-low,167
b3c38,1384,charge-low,167
b3c38,1385,charge-low,167
b3c38,1386,charge-low,167
b3c38,1387,charge-low,167
b3c38,1388,charge-low,168
b3c38,1389,charge-low,167
b3c38,1390,charge-low,167
b3c38,1391,charge-low,169
b3c38,1392,charge-low,167
b3c38,1393,charge-low,168
b3c38,1394,charge-low,166
b3c38,1395,charge-low,168
b3c38,1396,charge-low,166
b3c38,1397,charge-low,166
b3c38,1398,charge-low,168
b3c38,1399,charge-low,167
b3c38,1400,charge-low,167
b3c38,1401,charge-low,166
b3c38,1402,charge-low,168
b3c38,1403,charge-low,166
b3c38,1404,charge-low,166
b3c38,1405,charge-low,167
b3c38,1406,charge-low,166
b3c38,1407,charge-low,166
b3c38,1408,charge-low,166
b3c38,1409,charge-low,166
b3c38,1410,charge-low,166
b3c38,1411,charge-low,166
b3c38,1412,charge-low,167
b3c38,1413,charge-low,166
b3c38,1414,charge-low,167
b3c38,1415,charge-low,166
b3c38,1416,charge-low,166
b3c38,1417,charge-low,166
b3c38,1418,charge-low,166
b3c38,1419,charge-low,166
b3c38,1420,charge-low,166
b3c38,1421,charge-low,166
b3c38,1422,charge-low,165
b3c38,1423,charge-low,166
b3c38,1424,charge-low,167
b3c38,1425,charge-low,166
b3c38,1426,charge-low,166
b3c38,1427,charge-low,166
b3c38,1428,charge-low,166
b3c38,1429,charge-low,166
b3c38,1430,charge-low,165
b3c38,1431,charge-low,166
b3c38,1432,charge-low,166
b3c38,1433,charge-low,165
b3c38,1434,charge-low,166
b3c38,1435,charge-low,165
b3c38,1436,charge-low,165
b3c38,1437,charge-low,165
b3c38,1438,charge-low,165
b3c38,1439,charge-low,167
b3c38,1440,charge-low,165
b3c38,1441,charge-low,166
b3c38,1442,charge-low,164
b3c38,1443,charge-low,164
b3c38,1444,charge-low,167
b3c38,1445,charge-low,167
b3c38,1446,charge-low,164
b3c38,1447,charge-low,165
b3c38,1448,charge-low,165
b3c38,1449,charge-low,165
b3c38,1450,charge-low,165
b3c38,1451,charge-low,164
b3c38,1452,charge-low,165
b3c38,1453,charge-low,164
b3c38,1454,charge-low,164
b3c38,1455,charge-low,164
b3c38,1456,charge-low,164
b3c38,1457,charge-low,165
b3c38,1458,charge-low,165
b3c38,1459,charge-low,165
b3c38,1460,charge-low,165
b3c38,1461,charge-low,164
b3c38,1463,charge-low,163
b3c38,1464,charge-low,163
b3c38,1465,charge-low,162
b3c38,1466,charge-low,163
b3c38,1468,charge-low,163
b3c38,1469,charge-low,164
b3c38,1470,charge-low,163
b3c38,1471,charge-low,162
b3c38,1472,charge-low,163
b3c38,1473,charge-low,162
b3c38,1474,charge-low,163
b3c38,1476,charge-low,163
b3c38,1477,charge-low,164
b3c38,1478,charge-low,163
b3c38,1480,charge-low,161
b3c38,1481,charge-low,163
b3c38,1482,charge-low,162
b3c38,1483,charge-low,163
b3c38,1484,charge-low,162
b3c38,1485,charge-low,162
b3c38,1486,charge-low,161
b3c38,1489,charge-low,161
b3c38,1490,charge-low,162
b3c38,1491,charge-low,163
b3c38,1492,charge-low,161
b3c38,1493,charge-low,160
b3c38,1494,charge-low,161
b3c38,1496,charge-low,162
b3c38,1498,charge-low,161
b3c38,1499,charge-low,161
b3c38,1500,charge-low,161
b3c38,1502,charge-low,160
b3c38,1504,charge-low,161
b3c38,1506,charge-low,159
b3c38,1510,charge-low,160
b3c38,1512,charge-low,160
b3c38,1513,charge-low,159
b3c38,1515,charge-low,160
b3c38,1519,charge-low,160
b3c38,1522,charge-low,158
b3c38,1527,charge-low,160
b3c38,1528,charge-low,158
b3c38,1529,charge-low,158
b3c38,1531,charge-low,159
b3c38,1532,charge-low,158
b3c38,1534,charge-low,159
b3c38,1539,charge-low,157
b3c38,1540,charge-low,156
b3c38,1541,charge-low,157
b3c38,1543,charge-low,157
b3c38,1544,charge-low,156
b3c38,1545,charge-low,157
b3c38,1549,charge-low,155
b3c38,1564,charge-low,153
b3c38,1569,charge-low,153
b3c39,720,charge-low,170
b3c39,722,charge-low,170
b3c39,724,charge-low,170
b3c39,725,charge-low,170
b3c39,730,charge-low,170
b3c39,733,charge-low,170
b3c39,734,charge-low,170
b3c39,735,charge-low,170
b3c39,737,charge-low,170
b3c39,740,charge-low,170
b3c39,741,charge-low,169
b3c39,742,charge-low,170
b3c39,744,charge-low,170
b3c39,745,charge-low,170
b3c39,746,charge-low,170
b3c39,750,charge-low,170
b3c39,751,charge-low,169
b3c39,752,charge-low,169
b3c39,753,charge-low,170
b3c39,754,charge-low,169
b3c39,755,charge-low,169
b3c39,756,charge-low,169
b3c39,757,charge-low,169
b3c39,758,charge-low,169
b3c39,759,charge-low,169
b3c39,760,charge-low,169
b3c39,761,charge-low,164
b3c39,762,charge-low,169
b3c39,763,charge-low,169
b3c39,764,charge-low,169
b3c39,765,charge-low,168
b3c39,766,charge-low,168
b3c39,767,charge-low,170
b3c39,768,charge-low,169
b3c39,769,charge-low,170
b3c39,770,charge-low,168
b3c39,771,charge-low,169
b3c39,772,charge-low,168
b3c39,773,charge-low,168
b3c39,774,charge-low,168
b3c39,775,charge-low,168
b3c39,776,charge-low,168
b3c39,777,charge-low,168
b3c39,778,charge-low,168
b3c39,779,charge-low,169
b3c39,784,charge-low,168
b3c39,785,charge-low,168
b3c39,786,charge-low,168
b3c39,787,charge-low,168
b3c39,788,charge-low,167
b3c39,789,charge-low,168
b3c39,790,charge-low,167
b3c39,791,charge-low,167
b3c39,792,charge-low,167
b3c39,793,charge-low,167
b3c39,794,charge-low,167
b3c39,795,charge-low,167
b3c39,796,charge-low,167
b3c39,797,charge-low,167
b3c39,798,charge-low,168
b3c39,799,charge-low,168
b3c39,800,charge-low,167
b3c39,801,charge-low,167
b3c39,802,charge-low,168
b3c39,803,charge-low,166
b3c39,804,charge-low,166
b3c39,805,charge-low,167
b3c39,806,charge-low,167
b3c39,807,charge-low,166
b3c39,808,charge-low,166
b3c39,809,charge-low,167
b3c39,810,charge-low,167
b3c39,811,charge-low,165
b3c39,812,charge-low,166
b3c39,813,charge-low,166
b3c39,814,charge-low,166
b3c39,815,charge-low,165
b3c39,816,charge-low,167
b3c39,817,charge-low,166
b3c39,819,charge-low,166
b3c39,820,charge-low,166
b3c39,821,charge-low,167
b3c39,822,charge-low,166
b3c39,823,charge-low,167
b3c39,824,charge-low,165
b3c39,825,charge-low,166
b3c39,826,charge-low,166
b3c39,827,charge-low,165
b3c39,828,charge-low,167
b3c39,829,charge-low,166
b3c39,830,charge-low,166
b3c39,831,charge-low,164
b3c39,832,charge-low,165
b3c39,833,charge-low,166
b3c39,834,charge-low,165
b3c39,835,charge-low,165
b3c39,836,charge-low,166
b3c39,837,charge-low,166
b3c39,838,charge-low,166
b3c39,839,charge-low,165
b3c39,840,charge-low,165
b3c39,841,charge-low,164
b3c39,842,charge-low,164
b3c39,845,charge-low,164
b3c39,846,charge-low,164
b3c39,847,charge-low,165
b3c39,848,charge-low,164
b3c39,849,charge-low,164
b3c39,850,charge-low,164
b3c39,851,charge-low,164
b3c39,852,charge-low,164
b3c39,853,charge-low,165
b3c39,854,charge-low,164
b3c39,855,charge-low,164
b3c39,858,charge-low,165
b3c39,860,charge-low,164
b3c39,862,charge-low,163
b3c39,863,charge-low,163
b3c39,864,charge-low,162
b3c39,865,charge-low,164
b3c39,866,charge-low,162
b3c39,867,charge-low,164
b3c39,868,charge-low,166
b3c39,869,charge-low,164
b3c39,870,charge-low,164
b3c39,871,charge-low,164
b3c39,872,charge-low,164
b3c39,873,charge-low,164
b3c39,874,charge-low,164
b3c39,875,charge-low,164
b3c39,876,charge-low,165
b3c39,877,charge-low,164
b3c39,878,charge-low,164
b3c39,879,charge-low,164
b3c39,880,charge-low,166
b3c39,881,charge-low,166
b3c39,882,charge-low,164
b3c39,883,charge-low,165
b3c39,884,charge-low,165
b3c39,885,charge-low,166
b3c39,886,charge-low,163
b3c39,887,charge-low,163
b3c39,888,charge-low,164
b3c39,889,charge-low,164
b3c39,890,charge-low,162
b3c39,891,charge-low,162
b3c39,892,charge-low,162
b3c39,893,charge-low,162
b3c39,894,charge-low,164
b3c39,899,charge-low,167
b3c39,900,charge-low,166
b3c39,901,charge-low,167
b3c39,902,charge-low,167
b3c39,903,charge-low,167
b3c39,904,charge-low,167
b3c39,905,charge-low,168
b3c39,906,charge-low,168
b3c39,907,charge-low,169
b3c39,909,charge-low,169
b3c42,1307,charge-low,170
b3c42,1317,charge-low,169
b3c42,1320,charge-low,170
b3c42,1321,charge-low,170
b3c42,1322,charge-low,170
b3c42,1323,charge-low,169
b3c42,1335,charge-low,170
b3c42,1340,charge-low,165
b3c42,1343,charge-low,167
b3c42,1344,charge-low,170
b3c42,1345,charge-low,165
b3c42,1346,charge-low,169
b3c42,1347,charge-low,168
b3c42,1348,charge-low,166
b3c42,1349,charge-low,167
b3c42,1350,charge-low,167
b3c42,1351,charge-low,166
b3c42,1352,charge-low,165
b3c42,1353,charge-low,167
b3c42,1354,charge-low,166
b3c42,1356,charge-low,168
b3c42,1357,charge-low,169
b3c42,1358,charge-low,168
b3c43,490,charge-low,837
b3c45,638,charge-low,168
b3c45,1249,charge-low,169
b3c45,1250,charge-low,169
b3c45,1251,charge-low,168
b3c45,1252,charge-low,168
b3c45,1253,charge-low,168
b3c45,1254,charge-low,169
b3c45,1255,charge-low,169
b3c45,1256,charge-low,169
b3c45,1257,charge-low,169
b3c45,1258,charge-low,168
b3c45,1259,charge-low,169
b3c45,1260,charge-low,169
b3c45,1261,charge-low,169
b3c45,1262,charge-low,167
b3c45,1263,charge-low,168
b3c45,1264,charge-low,168
b3c45,1265,charge-low,167
b3c45,1266,charge-low,167
b3c45,1267,charge-low,167
b3c45,1268,charge-low,166
b3c45,1269,charge-low,167
b3c45,1270,charge-low,168
b3c45,1271,charge-low,166
b3c45,1272,charge-low,167
b3c45,1273,charge-low,168
b3c45,1274,charge-low,167
b3c45,1275,charge-low,168
b3c45,1276,charge-low,168
b3c45,1277,charge-low,168
b3c45,1278,charge-low,167
b3c45,1279,charge-low,167
b3c45,1280,charge-low,166
b3c45,1281,charge-low,167
b3c45,1282,charge-low,167
b3c45,1283,charge-low,168
b3c45,1284,charge-low,168
b3c45,1285,charge-low,166
b3c45,1286,charge-low,167
b3c45,1287,charge-low,167
b3c45,1288,charge-low,168
b3c45,1289,charge-low,166
b3c45,1290,charge-low,166
b3c45,1291,charge-low,166
b3c45,1292,charge-low,167
b3c45,1293,charge-low,167
b3c45,1294,charge-low,167
b3c45,1295,charge-low,167
b3c45,1296,charge-low,167
b3c45,1297,charge-low,168
b3c45,1298,charge-low,168
b3c45,1299,charge-low,167
b3c45,1300,charge-low,166
b3c45,1301,charge-low,165
b3c45,1302,charge-low,167
b3c45,1303,charge-low,167
b3c45,1304,charge-low,166
b3c45,1305,charge-low,167
b3c45,1306,charge-low,168
b3c45,1307,charge-low,167
b3c45,1308,charge-low,166
b3c45,1309,charge-low,168
b3c45,1310,charge-low,167
b3c45,1311,charge-low,166
b3c45,1312,charge-low,167
b3c45,1313,charge-low,167
b3c45,1314,charge-low,168
b3c45,1315,charge-low,166
b3c45,1316,charge-low,165
b3c45,1317,charge-low,166
b3c45,1318,charge-low,165
b3c45,1319,charge-low,166
b3c45,1320,charge-low,165
b3c45,1321,charge-low,165
b3c45,1322,charge-low,168
b3c45,1323,charge-low,167
b3c45,1324,charge-low,165
b3c45,1325,charge-low,167
b3c45,1326,charge-low,165
b3c45,1327,charge-low,166
b3c45,1328,charge-low,165
b3c45,1329,charge-low,166
b3c45,1330,charge-low,166
b3c45,1331,charge-low,167
b3c45,1332,charge-low,166
b3c45,1333,charge-low,165
b3c45,1334,charge-low,165
b3c45,1335,charge-low,168
b3c45,1336,charge-low,167
b3c45,1337,charge-low,167
b3c45,1338,charge-low,166
b3c45,1339,charge-low,169
b3c45,1340,charge-low,166
b3c45,1341,charge-low,166
b3c45,1342,charge-low,165
b3c45,1343,charge-low,166
b3c45,1344,charge-low,167
b3c45,1345,charge-low,165
b3c45,1346,charge-low,166
b3c45,1347,charge-low,167
b3c45,1348,charge-low,165
b3c45,1349,charge-low,168
b3c45,1350,charge-low,167
b3c45,1351,charge-low,166
b3c45,1352,charge-low,167
b3c45,1353,charge-low,165
b3c45,1354,charge-low,169
b3c45,1355,charge-low,166
b3c45,1356,charge-low,166
b3c45,1357,charge-low,168
b3c45,1358,charge-low,165
b3c45,1359,charge-low,167
b3c45,1360,charge-low,166
b3c45,1361,charge-low,165
b3c45,1362,charge-low,168
b3c45,1363,charge-low,168
b3c45,1364,charge-low,166
b3c45,1365,charge-low,167
b3c45,1366,charge-low,166
b3c45,1367,charge-low,166
b3c45,1368,charge-low,167
b3c45,1369,charge-low,167
b3c45,1370,charge-low,168
b3c45,1371,charge-low,166
b3c45,1372,charge-low,168
b3c45,1373,charge-low,168
b3c45,1374,charge-low,166
b3c45,1375,charge-low,169
b3c45,1376,charge-low,166
b3c45,1377,charge-low,166
b3c45,1378,charge-low,167
b3c45,1379,charge-low,167
b3c45,1380,charge-low,168
b3c45,1382,charge-low,169
b3c45,1383,charge-low,169
b3c45,1384,charge-low,168
b3c45,1385,charge-low,167
b3c45,1386,charge-low,168
b3c45,1387,charge-low,166
b3c45,1388,charge-low,166
b3c45,1389,charge-low,167
b3c45,1390,charge-low,165
b3c45,1391,charge-low,165
b3c45,1392,charge-low,166
b3c45,1393,charge-low,168
b3c45,1394,charge-low,167
b3c45,1395,charge-low,166
b3c45,1396,charge-low,167
b3c45,1397,charge-low,168
b3c45,1398,charge-low,167
b3c45,1399,charge-low,163
b3c45,1400,charge-low,164
b3c45,1401,charge-low,166
b3c45,1402,charge-low,165
b3c45,1403,charge-low,167
b3c45,1405,charge-low,165
b3c45,1406,charge-low,170
b3c45,1407,charge-low,167
b3c45,1408,charge-low,169
b3c45,1409,charge-low,166
b3c45,1410,charge-low,168
b3c45,1411,charge-low,169
b3c45,1412,charge-low,168
b3c45,1413,charge-low,169
b3c45,1414,charge-low,167
b3c45,1415,charge-low,169
b3c45,1416,charge-low,169
b3c45,1417,charge-low,165
b3c45,1418,charge-low,167
b3c45,1419,charge-low,169
b3c45,1420,charge-low,168
b3c45,1421,charge-low,170
b3c45,1422,charge-low,169
b3c45,1423,charge-low,169
b3c45,1424,charge-low,170
b3c45,1425,charge-low,168
b3c45,1426,charge-low,166
b3c45,1427,charge-low,169
b3c45,1428,charge-low,169
b3c45,1429,charge-low,170
b3c45,1431,charge-low,168
b3c45,1432,charge-low,166
b3c45,1433,charge-low,167
b3c45,1435,charge-low,169
b3c45,1436,charge-low,170
b3c45,1437,charge-low,167
b3c45,1438,charge-low,167
b3c45,1439,charge-low,169
b3c45,1440,charge-low,170
b3c45,1441,charge-low,169
b3c45,1443,charge-low,168
b3c45,1444,charge-low,170
b3c45,1447,charge-low,169
b3c45,1448,charge-low,167
b3c45,1451,charge-low,170
b3c45,1452,charge-low,167
b3c45,1453,charge-low,167
b3c45,1461,charge-low,168
b3c45,1462,charge-low,169
b3c45,1470,charge-low,168
b3c45,1474,charge-low,170
b3c45,1488,charge-low,170
b3c45,1491,charge-low,169
b1c0,3,discharge-high,115
b1c0,8,discharge-high,113
b1c0,57,discharge-high,116
b1c0,62,discharge-high,116
b1c0,70,discharge-high,112
b1c0,82,discharge-high,112
b1c0,126,discharge-high,114
b1c0,129,discharge-high,115
b1c0,146,discharge-high,113
b1c0,151,discharge-high,113
b1c0,216,discharge-high,115
b1c0,223,discharge-high,114
b1c0,284,discharge-high,112
b1c0,291,discharge-high,113
b1c0,301,discharge-high,113
b1c0,305,discharge-high,112
b1c0,343,discharge-high,114
b1c0,344,discharge-high,113
b1c0,356,discharge-high,121
b1c0,399,discharge-high,114
b1c0,403,discharge-high,113
b1c0,427,discharge-high,113
b1c0,440,discharge-high,115
b1c0,481,discharge-high,115
b1c0,600,discharge-high,115
b1c0,631,discharge-high,112
b1c0,695,discharge-high,112
b1c0,700,discharge-high,112
b1c0,704,discharge-high,112
b1c0,738,discharge-high,112
b1c0,886,discharge-high,113
b1c0,922,discharge-high,114
b1c0,961,discharge-high,112
b1c0,996,discharge-high,112
b1c0,1043,discharge-high,115
b1c0,1056,discharge-high,112
b1c0,1153,discharge-high,112
b1c0,1171,discharge-high,113
b1c0,1329,discharge-high,114
b1c1,13,discharge-high,112
b1c1,45,discharge-high,112
b1c1,55,discharge-high,112
b1c1,59,discharge-high,114
b1c1,99,discharge-high,112
b1c1,102,discharge-high,113
b1c1,129,discharge-high,113
b1c1,130,discharge-high,112
b1c1,142,discharge-high,113
b1c1,152,discharge-high,113
b1c1,153,discharge-high,112
b1c1,161,discharge-high,112
b1c1,178,discharge-high,113
b1c1,184,discharge-high,118
b1c1,185,discharge-high,112
b1c1,195,discharge-high,112
b1c1,207,discharge-high,117
b1c1,228,discharge-high,113
b1c1,231,discharge-high,116
b1c1,238,discharge-high,112
b1c1,247,discharge-high,113
b1c1,259,discharge-high,115
b1c1,284,discharge-high,112
b1c1,285,discharge-high,116
b1c1,288,discharge-high,113
b1c1,336,discharge-high,112
b1c1,337,discharge-high,113
b1c1,350,discharge-high,112
b1c1,353,discharge-high,113
b1c1,382,discharge-high,114
b1c1,383,discharge-high,115
b1c1,480,discharge-high,116
b1c1,521,discharge-high,113
b1c1,530,discharge-high,113
b1c1,557,discharge-high,113
b1c1,573,discharge-high,112
b1c1,592,discharge-high,112
b1c1,604,discharge-high,116
b1c1,639,discharge-high,115
b1c1,709,discharge-high,117
b1c1,813,discharge-high,112
b1c1,920,discharge-high,113
b1c1,924,discharge-high,115
b1c1,935,discharge-high,113
b1c1,949,discharge-high,112
b1c1,952,discharge-high,113
b1c1,967,discharge-high,114
b1c1,968,discharge-high,114
b1c1,996,discharge-high,114
b1c1,1016,discharge-high,112
b1c1,1017,discharge-high,112
b1c1,1029,discharge-high,112
b1c1,1036,discharge-high,114
b1c1,1081,discharge-high,114
b1c1,1123,discharge-high,112
b1c1,1161,discharge-high,115
b1c1,1163,discharge-high,114
b1c1,1257,discharge-high,114
b1c1,1287,discharge-high,112
b1c1,1375,discharge-high,112
b1c1,1477,discharge-high,112
b1c1,1609,discharge-high,113
b1c1,1784,discharge-high,114
b1c1,1811,discharge-high,113
b1c1,1858,discharge-high,114
b1c2,26,discharge-high,114
b1c2,38,discharge-high,115
b1c2,55,discharge-high,112
b1c2,67,discharge-high,112
b1c2,77,discharge-high,115
b1c2,96,discharge-high,114
b1c2,105,discharge-high,112
b1c2,108,discharge-high,112
b1c2,128,discharge-high,117
b1c2,150,discharge-high,112
b1c2,176,discharge-high,119
b1c2,178,discharge-high,112
b1c2,184,discharge-high,112
b1c2,185,discharge-high,114
b1c2,191,discharge-high,113
b1c2,197,discharge-high,112
b1c2,202,discharge-high,112
b1c2,205,discharge-high,113
b1c2,216,discharge-high,112
b1c2,222,discharge-high,113
b1c2,260,discharge-high,112
b1c2,262,discharge-high,115
b1c2,285,discharge-high,114
b1c2,315,discharge-high,115
b1c2,324,discharge-high,119
b1c2,358,discharge-high,114
b1c2,372,discharge-high,114
b1c2,374,discharge-high,113
b1c2,392,discharge-high,114
b1c2,443,discharge-high,117
b1c2,446,discharge-high,113
b1c2,459,discharge-high,112
b1c2,464,discharge-high,112
b1c2,466,discharge-high,112
b1c2,482,discharge-high,113
b1c2,512,discharge-high,112
b1c2,521,discharge-high,113
b1c2,548,discharge-high,118
b1c2,572,discharge-high,115
b1c2,616,discharge-high,112
b1c2,621,discharge-high,112
b1c2,628,discharge-high,112
b1c2,648,discharge-high,113
b1c2,668,discharge-high,112
b1c2,670,discharge-high,112
b1c2,719,discharge-high,113
b1c2,721,discharge-high,112
b1c2,740,discharge-high,113
b1c2,768,discharge-high,114
b1c2,791,discharge-high,113
b1c2,794,discharge-high,113
b1c2,806,discharge-high,115
b1c2,851,discharge-high,112
b1c2,859,discharge-high,112
b1c2,873,discharge-high,113
b1c2,920,discharge-high,116
b1c2,938,discharge-high,112
b1c2,942,discharge-high,112
b1c2,943,discharge-high,115
b1c2,967,discharge-high,112
b1c2,995,discharge-high,114
b1c2,996,discharge-high,115
b1c2,1025,discharge-high,116
b1c2,1045,discharge-high,113
b1c2,1072,discharge-high,112
b1c2,1103,discharge-high,112
b1c2,1115,discharge-high,112
b1c2,1209,discharge-high,115
b1c2,1220,discharge-high,114
b1c2,1230,discharge-high,112
b1c2,1313,discharge-high,112
b1c2,1377,discharge-high,113
b1c2,1417,discharge-high,112
b1c2,1584,discharge-high,112
b1c2,1609,discharge-high,113
b1c2,1661,discharge-high,112
b1c2,1917,discharge-high,114
b1c3,38,discharge-high,114
b1c3,43,discharge-high,114
b1c3,96,discharge-high,112
b1c3,98,discharge-high,113
b1c3,103,discharge-high,116
b1c3,104,discharge-high,112
b1c3,115,discharge-high,113
b1c3,173,discharge-high,112
b1c3,181,discharge-high,113
b1c3,185,discharge-high,112
b1c3,187,discharge-high,118
b1c3,189,discharge-high,112
b1c3,196,discharge-high,119
b1c3,209,discharge-high,114
b1c3,221,discharge-high,115
b1c3,238,discharge-high,112
b1c3,273,discharge-high,114
b1c3,281,discharge-high,113
b1c3,286,discharge-high,113
b1c3,292,discharge-high,113
b1c3,302,discharge-high,112
b1c3,305,discharge-high,114
b1c3,338,discharge-high,112
b1c3,360,discharge-high,114
b1c3,468,discharge-high,117
b1c3,483,discharge-high,117
b1c3,486,discharge-high,115
b1c3,549,discharge-high,114
b1c3,592,discharge-high,114
b1c3,623,discharge-high,115
b1c3,668,discharge-high,112
b1c3,674,discharge-high,116
b1c3,680,discharge-high,112
b1c3,827,discharge-high,113
b1c3,833,discharge-high,115
b1c3,858,discharge-high,112
b1c3,871,discharge-high,112
b1c3,880,discharge-high,114
b1c3,902,discharge-high,114
b1c3,1097,discharge-high,112
b1c4,43,discharge-high,114
b1c4,44,discharge-high,116
b1c4,75,discharge-high,114
b1c4,86,discharge-high,114
b1c4,104,discharge-high,114
b1c4,109,discharge-high,113
b1c4,113,discharge-high,112
b1c4,122,discharge-high,112
b1c4,131,discharge-high,112
b1c4,149,discharge-high,112
b1c4,162,discharge-high,113
b1c4,221,discharge-high,116
b1c4,227,discharge-high,112
b1c4,246,discharge-high,116
b1c4,257,discharge-high,115
b1c4,325,discharge-high,116
b1c4,331,discharge-high,112
b1c4,335,discharge-high,114
b1c4,344,discharge-high,112
b1c4,358,discharge-high,118
b1c4,369,discharge-high,114
b1c4,401,discharge-high,112
b1c4,404,discharge-high,113
b1c4,415,discharge-high,113
b1c4,472,discharge-high,112
b1c4,499,discharge-high,112
b1c4,500,discharge-high,116
b1c4,503,discharge-high,117
b1c4,511,discharge-high,115
b1c4,512,discharge-high,115
b1c4,578,discharge-high,112
b1c4,585,discharge-high,113
b1c4,606,discharge-high,112
b1c4,610,discharge-high,112
b1c4,653,discharge-high,114
b1c4,660,discharge-high,116
b1c4,685,discharge-high,117
b1c4,751,discharge-high,112
b1c4,780,discharge-high,114
b1c4,838,discharge-high,112
b1c4,878,discharge-high,112
b1c4,882,discharge-high,115
b1c4,958,discharge-high,113
b1c4,968,discharge-high,113
b1c4,1023,discharge-high,113
b1c4,1073,discharge-high,114
b1c4,1125,discharge-high,113
b1c4,1164,discharge-high,112
b1c4,1233,discharge-high,112
b1c5,30,discharge-high,116
b1c5,31,discharge-high,113
b1c5,40,discharge-high,112
b1c5,48,discharge-high,116
b1c5,61,discharge-high,112
b1c5,75,discharge-high,113
b1c5,76,discharge-high,112
b1c5,78,discharge-high,118
b1c5,80,discharge-high,116
b1c5,95,discharge-high,116
b1c5,105,discharge-high,112
b1c5,133,discharge-high,117
b1c5,135,discharge-high,114
b1c5,137,discharge-high,116
b1c5,154,discharge-high,118
b1c5,157,discharge-high,114
b1c5,181,discharge-high,112
b1c5,212,discharge-high,116
b1c5,213,discharge-high,115
b1c5,282,discharge-high,113
b1c5,316,discharge-high,120
b1c5,340,discharge-high,112
b1c5,341,discharge-high,113
b1c5,353,discharge-high,116
b1c5,372,discharge-high,115
b1c5,413,discharge-high,117
b1c5,429,discharge-high,115
b1c5,467,discharge-high,116
b1c5,485,discharge-high,117
b1c5,486,discharge-high,113
b1c5,526,discharge-high,113
b1c5,581,discharge-high,113
b1c5,595,discharge-high,113
b1c5,599,discharge-high,112
b1c5,606,discharge-high,112
b1c5,619,discharge-high,115
b1c5,625,discharge-high,114
b1c5,717,discharge-high,114
b1c5,754,discharge-high,112
b1c5,789,discharge-high,112
b1c6,15,discharge-high,112
b1c6,19,discharge-high,112
b1c6,38,discharge-high,115
b1c6,62,discharge-high,115
b1c6,71,discharge-high,114
b1c6,77,discharge-high,112
b1c6,82,discharge-high,114
b1c6,93,discharge-high,115
b1c6,110,discharge-high,112
b1c6,113,discharge-high,112
b1c6,114,discharge-high,112
b1c6,153,discharge-high,115
b1c6,196,discharge-high,114
b1c6,198,discharge-high,112
b1c6,203,discharge-high,112
b1c6,217,discharge-high,113
b1c6,259,discharge-high,112
b1c6,264,discharge-high,112
b1c6,270,discharge-high,112
b1c6,281,discharge-high,112
b1c6,292,discharge-high,115
b1c6,309,discharge-high,113
b1c6,347,discharge-high,112
b1c6,448,discharge-high,112
b1c7,8,discharge-high,112
b1c7,20,discharge-high,113
b1c7,24,discharge-high,113
b1c7,27,discharge-high,112
b1c7,30,discharge-high,115
b1c7,31,discharge-high,115
b1c7,35,discharge-high,117
b1c7,37,discharge-high,113
b1c7,47,discharge-high,113
b1c7,53,discharge-high,112
b1c7,58,discharge-high,112
b1c7,62,discharge-high,114
b1c7,63,discharge-high,114
b1c7,68,discharge-high,112
b1c7,77,discharge-high,115
b1c7,89,discharge-high,112
b1c7,91,discharge-high,113
b1c7,94,discharge-high,113
b1c7,96,discharge-high,113
b1c7,98,discharge-high,112
b1c7,107,discharge-high,114
b1c7,108,discharge-high,112
b1c7,110,discharge-high,113
b1c7,127,discharge-high,113
b1c7,128,discharge-high,114
b1c7,132,discharge-high,112
b1c7,174,discharge-high,114
b1c7,180,discharge-high,114
b1c7,182,discharge-high,112
b1c7,190,discharge-high,113
b1c7,193,discharge-high,114
b1c7,197,discharge-high,114
b1c7,201,discharge-high,112
b1c7,210,discharge-high,114
b1c7,231,discharge-high,115
b1c7,257,discharge-high,114
b1c7,259,discharge-high,112
b1c7,275,discharge-high,117
b1c7,276,discharge-high,113
b1c7,308,discharge-high,116
b1c7,323,discharge-high,112
b1c7,334,discharge-high,112
b1c7,344,discharge-high,112
b1c7,347,discharge-high,112
b1c7,373,discharge-high,112
b1c7,383,discharge-high,113
b1c7,387,discharge-high,112
b1c7,414,discharge-high,112
b1c7,416,discharge-high,112
b1c7,429,discharge-high,113
b1c7,478,discharge-high,114
b1c7,491,discharge-high,115
b1c7,510,discharge-high,113
b1c7,516,discharge-high,112
b1c7,550,discharge-high,114
b1c7,566,discharge-high,114
b1c7,572,discharge-high,112
b1c7,626,discharge-high,113
b1c7,721,discharge-high,117
b1c7,723,discharge-high,112
b1c7,810,discharge-high,112
b1c8,8,discharge-high,112
b1c8,10,discharge-high,115
b1c8,12,discharge-high,112
b1c8,14,discharge-high,114
b1c8,23,discharge-high,112
b1c8,24,discharge-high,114
b1c8,27,discharge-high,114
b1c8,41,discharge-high,116
b1c8,42,discharge-high,114
b1c8,50,discharge-high,117
b1c8,52,discharge-high,117
b1c8,55,discharge-high,116
b1c8,74,discharge-high,116
b1c8,85,discharge-high,112
b1c8,92,discharge-high,115
b1c8,100,discharge-high,114
b1c8,110,discharge-high,112
b1c8,118,discharge-high,119
b1c8,126,discharge-high,112
b1c8,134,discharge-high,112
b1c8,136,discharge-high,114
b1c8,139,discharge-high,114
b1c8,146,discharge-high,112
b1c8,154,discharge-high,112
b1c8,155,discharge-high,112
b1c8,157,discharge-high,112
b1c8,167,discharge-high,112
b1c8,172,discharge-high,113
b1c8,173,discharge-high,113
b1c8,184,discharge-high,112
b1c8,202,discharge-high,113
b1c8,204,discharge-high,115
b1c8,207,discharge-high,114
b1c8,209,discharge-high,115
b1c8,213,discharge-high,113
b1c8,221,discharge-high,112
b1c8,255,discharge-high,112
b1c8,259,discharge-high,113
b1c8,266,discharge-high,114
b1c8,267,discharge-high,112
b1c8,270,discharge-high,112
b1c8,276,discharge-high,114
b1c8,286,discharge-high,113
b1c8,291,discharge-high,113
b1c8,298,discharge-high,113
b1c8,303,discharge-high,113
b1c8,306,discharge-high,115
b1c8,312,discharge-high,112
b1c8,316,discharge-high,112
b1c8,330,discharge-high,114
b1c8,350,discharge-high,116
b1c8,398,discharge-high,112
b1c8,399,discharge-high,113
b1c8,401,discharge-high,116
b1c8,422,discharge-high,112
b1c8,423,discharge-high,116
b1c8,432,discharge-high,112
b1c8,461,discharge-high,115
b1c8,476,discharge-high,112
b1c8,484,discharge-high,113
b1c8,489,discharge-high,113
b1c8,495,discharge-high,112
b1c8,497,discharge-high,112
b1c8,498,discharge-high,117
b1c8,521,discharge-high,112
b1c8,541,discharge-high,112
b1c8,584,discharge-high,115
b1c8,585,discharge-high,114
b1c8,594,discharge-high,113
b1c8,612,discharge-high,113
b1c8,620,discharge-high,112
b1c8,630,discharge-high,116
b1c8,647,discharge-high,112
b1c8,653,discharge-high,113
b1c8,673,discharge-high,113
b1c8,723,discharge-high,112
b1c8,724,discharge-high,113
b1c8,842,discharge-high,112
b1c9,82,discharge-high,113
b1c9,92,discharge-high,113
b1c9,95,discharge-high,113
b1c9,120,discharge-high,113
b1c9,125,discharge-high,118
b1c9,142,discharge-high,112
b1c9,156,discharge-high,115
b1c9,159,discharge-high,112
b1c9,160,discharge-high,112
b1c9,238,discharge-high,112
b1c9,241,discharge-high,112
b1c9,251,discharge-high,113
b1c9,278,discharge-high,112
b1c9,304,discharge-high,114
b1c9,306,discharge-high,112
b1c9,310,discharge-high,112
b1c9,313,discharge-high,115
b1c9,316,discharge-high,112
b1c9,329,discharge-high,113
b1c9,331,discharge-high,112
b1c9,350,discharge-high,115
b1c9,355,discharge-high,112
b1c9,394,discharge-high,116
b1c9,395,discharge-high,113
b1c9,398,discharge-high,115
b1c9,495,discharge-high,112
b1c9,498,discharge-high,113
b1c9,506,discharge-high,112
b1c9,530,discharge-high,113
b1c9,536,discharge-high,115
b1c9,547,discharge-high,112
b1c9,562,discharge-high,113
b1c9,566,discharge-high,113
b1c9,616,discharge-high,113
b1c9,619,discharge-high,114
b1c9,635,discharge-high,112
b1c9,642,discharge-high,112
b1c9,658,discharge-high,112
b1c9,672,discharge-high,113
b1c9,863,discharge-high,113
b1c10,10,discharge-high,115
b1c10,40,discharge-high,114
b1c10,59,discharge-high,112
b1c10,83,discharge-high,115
b1c10,87,discharge-high,112
b1c10,161,discharge-high,112
b1c10,197,discharge-high,117
b1c10,257,discharge-high,115
b1c10,260,discharge-high,113
b1c10,292,discharge-high,113
b1c10,301,discharge-high,112
b1c10,303,discharge-high,112
b1c10,309,discharge-high,113
b1c10,310,discharge-high,112
b1c10,323,discharge-high,112
b1c10,326,discharge-high,116
b1c10,343,discharge-high,114
b1c10,344,discharge-high,113
b1c10,388,discharge-high,112
b1c10,430,discharge-high,112
b1c10,434,discharge-high,113
b1c10,437,discharge-high,113
b1c10,443,discharge-high,112
b1c10,449,discharge-high,112
b1c10,468,discharge-high,113
b1c10,481,discharge-high,112
b1c10,518,discharge-high,114
b1c10,523,discharge-high,112
b1c10,564,discharge-high,112
b1c10,589,discharge-high,112
b1c10,613,discharge-high,112
b1c10,621,discharge-high,114
b1c10,663,discharge-high,114
b1c10,767,discharge-high,115
b1c11,4,discharge-high,113
b1c11,25,discharge-high,113
b1c11,55,discharge-high,114
b1c11,78,discharge-high,113
b1c11,85,discharge-high,113
b1c11,125,discharge-high,112
b1c11,144,discharge-high,115
b1c11,319,discharge-high,115
b1c11,350,discharge-high,112
b1c11,402,discharge-high,112
b1c11,414,discharge-high,114
b1c11,460,discharge-high,112
b1c12,30,discharge-high,113
b1c12,36,discharge-high,114
b1c12,44,discharge-high,112
b1c12,48,discharge-high,112
b1c12,52,discharge-high,114
b1c12,63,discharge-high,115
b1c12,73,discharge-high,114
b1c12,79,discharge-high,114
b1c12,88,discharge-high,112
b1c12,105,discharge-high,113
b1c12,108,discharge-high,112
b1c12,110,discharge-high,112
b1c12,126,discharge-high,112
b1c12,127,discharge-high,112
b1c12,186,discharge-high,114
b1c12,188,discharge-high,112
b1c12,198,discharge-high,113
b1c12,216,discharge-high,114
b1c12,217,discharge-high,113
b1c12,218,discharge-high,113
b1c12,220,discharge-high,114
b1c12,228,discharge-high,117
b1c12,231,discharge-high,113
b1c12,245,discharge-high,112
b1c12,251,discharge-high,119
b1c12,277,discharge-high,116
b1c12,303,discharge-high,112
b1c12,312,discharge-high,112
b1c12,337,discharge-high,113
b1c12,357,discharge-high,117
b1c12,369,discharge-high,112
b1c12,387,discharge-high,113
b1c12,394,discharge-high,115
b1c12,493,discharge-high,112
b1c12,506,discharge-high,113
b1c12,545,discharge-high,114
b1c12,571,discharge-high,113
b1c12,658,discharge-high,113
b1c13,4,discharge-high,117
b1c13,13,discharge-high,114
b1c13,37,discharge-high,114
b1c13,41,discharge-high,116
b1c13,56,discharge-high,112
b1c13,73,discharge-high,112
b1c13,76,discharge-high,113
b1c13,78,discharge-high,112
b1c13,90,discharge-high,114
b1c13,94,discharge-high,114
b1c13,98,discharge-high,114
b1c13,100,discharge-high,112
b1c13,108,discharge-high,112
b1c13,109,discharge-high,116
b1c13,135,discharge-high,112
b1c13,148,discharge-high,112
b1c13,150,discharge-high,112
b1c13,151,discharge-high,114
b1c13,160,discharge-high,112
b1c13,163,discharge-high,112
b1c13,180,discharge-high,117
b1c13,194,discharge-high,116
b1c13,203,discharge-high,115
b1c13,230,discharge-high,113
b1c13,231,discharge-high,112
b1c13,234,discharge-high,112
b1c13,236,discharge-high,113
b1c13,256,discharge-high,113
b1c13,264,discharge-high,112
b1c13,268,discharge-high,113
b1c13,287,discharge-high,113
b1c13,295,discharge-high,113
b1c13,337,discharge-high,116
b1c13,342,discharge-high,115
b1c13,347,discharge-high,114
b1c13,396,discharge-high,113
b1c13,401,discharge-high,115
b1c13,454,discharge-high,112
b1c13,465,discharge-high,114
b1c13,477,discharge-high,112
b1c13,488,discharge-high,114
b1c13,509,discharge-high,113
b1c13,519,discharge-high,112
b1c13,535,discharge-high,112
b1c13,557,discharge-high,112
b1c13,560,discharge-high,114
b1c13,571,discharge-high,113
b1c13,580,discharge-high,112
b1c13,615,discharge-high,115
b1c13,663,discharge-high,112
b1c13,671,discharge-high,116
b1c14,5,discharge-high,112
b1c14,10,discharge-high,114
b1c14,22,discharge-high,112
b1c14,24,discharge-high,112
b1c14,27,discharge-high,114
b1c14,37,discharge-high,113
b1c14,40,discharge-high,115
b1c14,48,discharge-high,113
b1c14,50,discharge-high,113
b1c14,51,discharge-high,112
b1c14,54,discharge-high,112
b1c14,56,discharge-high,112
b1c14,72,discharge-high,114
b1c14,79,discharge-high,115
b1c14,85,discharge-high,115
b1c14,89,discharge-high,113
b1c14,99,discharge-high,112
b1c14,125,discharge-high,112
b1c14,164,discharge-high,116
b1c14,167,discharge-high,113
b1c14,171,discharge-high,112
b1c14,177,discharge-high,112
b1c14,195,discharge-high,112
b1c14,207,discharge-high,115
b1c14,213,discharge-high,113
b1c14,253,discharge-high,113
b1c14,255,discharge-high,113
b1c14,286,discharge-high,112
b1c14,385,discharge-high,112
b1c14,402,discharge-high,114
b1c14,466,discharge-high,113
b1c14,518,discharge-high,112
b1c14,572,discharge-high,113
b1c14,589,discharge-high,113
b1c15,21,discharge-high,114
b1c15,42,discharge-high,114
b1c15,53,discharge-high,112
b1c15,60,discharge-high,112
b1c15,70,discharge-high,112
b1c15,108,discharge-high,115
b1c15,116,discharge-high,114
b1c15,124,discharge-high,112
b1c15,143,discharge-high,113
b1c15,191,discharge-high,112
b1c15,225,discharge-high,112
b1c15,234,discharge-high,114
b1c15,237,discharge-high,115
b1c15,257,discharge-high,114
b1c15,269,discharge-high,113
b1c15,345,discharge-high,112
b1c15,383,discharge-high,114
b1c15,394,discharge-high,112
b1c15,476,discharge-high,114
b1c15,520,discharge-high,113
b1c16,21,discharge-high,112
b1c16,35,discharge-high,117
b1c16,39,discharge-high,112
b1c16,44,discharge-high,118
b1c16,45,discharge-high,112
b1c16,52,discharge-high,118
b1c16,55,discharge-high,118
b1c16,60,discharge-high,113
b1c16,71,discharge-high,114
b1c16,80,discharge-high,112
b1c16,91,discharge-high,112
b1c16,111,discharge-high,115
b1c16,132,discharge-high,112
b1c16,149,discharge-high,112
b1c16,159,discharge-high,116
b1c16,166,discharge-high,116
b1c16,177,discharge-high,112
b1c16,178,discharge-high,112
b1c16,180,discharge-high,112
b1c16,191,discharge-high,114
b1c16,207,discharge-high,113
b1c16,218,discharge-high,112
b1c16,232,discharge-high,115
b1c16,247,discharge-high,115
b1c16,260,discharge-high,112
b1c16,280,discharge-high,113
b1c16,282,discharge-high,114
b1c16,308,discharge-high,115
b1c16,318,discharge-high,112
b1c16,342,discharge-high,112
b1c16,377,discharge-high,115
b1c16,405,discharge-high,112
b1c16,412,discharge-high,113
b1c16,420,discharge-high,115
b1c16,421,discharge-high,112
b1c16,445,discharge-high,113
b1c16,526,discharge-high,113
b1c16,529,discharge-high,112
b1c16,541,discharge-high,112
b1c16,542,discharge-high,113
b1c16,551,discharge-high,112
b1c16,556,discharge-high,112
b1c16,601,discharge-high,113
b1c16,665,discharge-high,113
b1c17,11,discharge-high,112
b1c17,13,discharge-high,113
b1c17,35,discharge-high,115
b1c17,41,discharge-high,112
b1c17,79,discharge-high,113
b1c17,108,discharge-high,113
b1c17,110,discharge-high,112
b1c17,113,discharge-high,112
b1c17,128,discharge-high,114
b1c17,133,discharge-high,116
b1c17,135,discharge-high,112
b1c17,140,discharge-high,114
b1c17,143,discharge-high,112
b1c17,148,discharge-high,112
b1c17,190,discharge-high,112
b1c17,194,discharge-high,115
b1c17,230,discharge-high,112
b1c17,251,discharge-high,112
b1c17,255,discharge-high,118
b1c17,261,discharge-high,113
b1c17,282,discharge-high,113
b1c17,285,discharge-high,117
b1c17,319,discharge-high,113
b1c17,335,discharge-high,112
b1c17,340,discharge-high,112
b1c17,368,discharge-high,113
b1c17,370,discharge-high,112
b1c17,382,discharge-high,112
b1c17,405,discharge-high,112
b1c17,426,discharge-high,112
b1c17,429,discharge-high,112
b1c17,439,discharge-high,116
b1c17,453,discharge-high,112
b1c17,544,discharge-high,113
b1c17,547,discharge-high,114
b1c17,563,discharge-high,112
b1c17,575,discharge-high,114
b1c17,595,discharge-high,112
b1c17,621,discharge-high,112
b1c17,626,discharge-high,112
b1c18,27,discharge-high,112
b1c18,28,discharge-high,112
b1c18,51,discharge-high,113
b1c18,68,discharge-high,114
b1c18,72,discharge-high,112
b1c18,110,discharge-high,116
b1c18,153,discharge-high,113
b1c18,168,discharge-high,115
b1c18,223,discharge-high,112
b1c18,253,discharge-high,113
b1c18,259,discharge-high,113
b1c18,273,discharge-high,112
b1c18,358,discharge-high,112
b1c18,367,discharge-high,112
b1c18,414,discharge-high,114
b1c19,17,discharge-high,113
b1c19,25,discharge-high,115
b1c19,27,discharge-high,112
b1c19,52,discharge-high,114
b1c19,63,discharge-high,114
b1c19,89,discharge-high,115
b1c19,90,discharge-high,118
b1c19,107,discharge-high,112
b1c19,113,discharge-high,112
b1c19,119,discharge-high,112
b1c19,129,discharge-high,115
b1c19,142,discharge-high,112
b1c19,160,discharge-high,112
b1c19,163,discharge-high,112
b1c19,173,discharge-high,112
b1c19,176,discharge-high,114
b1c19,190,discharge-high,112
b1c19,227,discharge-high,116
b1c19,235,discharge-high,112
b1c19,239,discharge-high,112
b1c19,258,discharge-high,115
b1c19,276,discharge-high,113
b1c19,278,discharge-high,115
b1c19,306,discharge-high,116
b1c19,307,discharge-high,112
b1c19,310,discharge-high,113
b1c19,315,discharge-high,118
b1c19,318,discharge-high,113
b1c19,327,discharge-high,112
b1c19,329,discharge-high,112
b1c19,342,discharge-high,112
b1c19,346,discharge-high,112
b1c19,358,discharge-high,114
b1c19,364,discharge-high,112
b1c19,365,discharge-high,116
b1c19,418,discharge-high,112
b1c19,425,discharge-high,112
b1c19,449,discharge-high,114
b1c19,452,discharge-high,112
b1c19,476,discharge-high,112
b1c19,494,discharge-high,112
b1c19,535,discharge-high,112
b1c19,537,discharge-high,113
b1c19,545,discharge-high,112
b1c19,597,discharge-high,112
b1c19,675,discharge-high,113
b1c20,33,discharge-high,114
b1c20,38,discharge-high,112
b1c20,42,discharge-high,112
b1c20,44,discharge-high,113
b1c20,46,discharge-high,113
b1c20,62,discharge-high,112
b1c20,65,discharge-high,112
b1c20,86,discharge-high,115
b1c20,94,discharge-high,117
b1c20,95,discharge-high,112
b1c20,106,discharge-high,112
b1c20,136,discharge-high,115
b1c20,160,discharge-high,116
b1c20,190,discharge-high,112
b1c20,217,discharge-high,112
b1c20,299,discharge-high,112
b1c20,399,discharge-high,113
b1c21,14,discharge-high,114
b1c21,36,discharge-high,117
b1c21,57,discharge-high,113
b1c21,60,discharge-high,114
b1c21,67,discharge-high,112
b1c21,68,discharge-high,112
b1c21,70,discharge-high,112
b1c21,81,discharge-high,112
b1c21,97,discharge-high,116
b1c21,115,discharge-high,113
b1c21,154,discharge-high,112
b1c21,171,discharge-high,112
b1c21,177,discharge-high,112
b1c21,195,discharge-high,112
b1c21,197,discharge-high,112
b1c21,208,discharge-high,112
b1c21,324,discharge-high,112
b1c21,340,discharge-high,113
b1c21,393,discharge-high,113
b1c22,7,discharge-high,112
b1c22,18,discharge-high,112
b1c22,19,discharge-high,115
b1c22,21,discharge-high,113
b1c22,51,discharge-high,115
b1c22,54,discharge-high,112
b1c22,77,discharge-high,116
b1c22,99,discharge-high,118
b1c22,107,discharge-high,112
b1c22,129,discharge-high,112
b1c22,144,discharge-high,112
b1c22,170,discharge-high,112
b1c22,171,discharge-high,112
b1c22,174,discharge-high,112
b1c22,177,discharge-high,113
b1c22,182,discharge-high,115
b1c22,187,discharge-high,114
b1c22,195,discharge-high,113
b1c22,235,discharge-high,112
b1c22,271,discharge-high,112
b1c22,273,discharge-high,112
b1c22,298,discharge-high,118
b1c22,309,discharge-high,112
b1c22,311,discharge-high,114
b1c22,313,discharge-high,112
b1c22,325,discharge-high,112
b1c22,328,discharge-high,116
b1c22,358,discharge-high,115
b1c22,463,discharge-high,112
b1c22,467,discharge-high,113
b1c22,475,discharge-high,114
b1c22,481,discharge-high,112
b1c22,505,discharge-high,112
b1c22,522,discharge-high,112
b1c22,534,discharge-high,116
b1c22,598,discharge-high,113
b1c22,617,discharge-high,114
b1c22,668,discharge-high,112
b1c22,716,discharge-high,112
b1c22,789,discharge-high,114
b1c23,13,discharge-high,115
b1c23,25,discharge-high,112
b1c23,51,discharge-high,112
b1c23,56,discharge-high,113
b1c23,57,discharge-high,112
b1c23,109,discharge-high,112
b1c23,118,discharge-high,112
b1c23,122,discharge-high,115
b1c23,124,discharge-high,114
b1c23,148,discharge-high,115
b1c23,149,discharge-high,112
b1c23,189,discharge-high,113
b1c23,209,discharge-high,112
b1c23,231,discharge-high,114
b1c23,247,discharge-high,112
b1c23,260,discharge-high,114
b1c23,262,discharge-high,112
b1c23,265,discharge-high,112
b1c23,285,discharge-high,112
b1c23,316,discharge-high,114
b1c23,340,discharge-high,112
b1c23,343,discharge-high,112
b1c23,347,discharge-high,117
b1c23,407,discharge-high,112
b1c23,441,discharge-high,113
b1c23,448,discharge-high,113
b1c23,469,discharge-high,112
b1c23,474,discharge-high,112
b1c23,525,discharge-high,117
b1c23,544,discharge-high,112
b1c23,557,discharge-high,114
b1c23,627,discharge-high,112
b1c23,630,discharge-high,113
b1c23,632,discharge-high,112
b1c24,14,discharge-high,113
b1c24,28,discharge-high,115
b1c24,40,discharge-high,117
b1c24,78,discharge-high,112
b1c24,83,discharge-high,113
b1c24,90,discharge-high,112
b1c24,101,discharge-high,114
b1c24,107,discharge-high,113
b1c24,110,discharge-high,113
b1c24,119,discharge-high,114
b1c24,122,discharge-high,115
b1c24,156,discharge-high,112
b1c24,163,discharge-high,112
b1c24,164,discharge-high,112
b1c24,178,discharge-high,115
b1c24,193,discharge-high,112
b1c24,236,discharge-high,113
b1c24,281,discharge-high,115
b1c24,313,discharge-high,114
b1c24,427,discharge-high,115
b1c24,505,discharge-high,113
b1c24,552,discharge-high,114
b1c24,566,discharge-high,112
b1c24,594,discharge-high,112
b1c24,681,discharge-high,112
b1c24,682,discharge-high,112
b1c25,5,discharge-high,116
b1c25,17,discharge-high,113
b1c25,55,discharge-high,112
b1c25,60,discharge-high,112
b1c25,63,discharge-high,118
b1c25,64,discharge-high,112
b1c25,65,discharge-high,114
b1c25,69,discharge-high,114
b1c25,73,discharge-high,113
b1c25,98,discharge-high,113
b1c25,101,discharge-high,115
b1c25,121,discharge-high,112
b1c25,134,discharge-high,112
b1c25,150,discharge-high,112
b1c25,152,discharge-high,116
b1c25,157,discharge-high,113
b1c25,174,discharge-high,112
b1c25,177,discharge-high,112
b1c25,186,discharge-high,112
b1c25,188,discharge-high,113
b1c25,192,discharge-high,113
b1c25,203,discharge-high,113
b1c25,220,discharge-high,112
b1c25,223,discharge-high,112
b1c25,224,discharge-high,112
b1c25,261,discharge-high,112
b1c25,275,discharge-high,113
b1c25,288,discharge-high,114
b1c25,310,discharge-high,112
b1c25,327,discharge-high,112
b1c25,382,discharge-high,112
b1c25,404,discharge-high,114
b1c25,422,discharge-high,112
b1c25,442,discharge-high,112
b1c25,488,discharge-high,114
b1c25,501,discharge-high,113
b1c25,527,discharge-high,112
b1c25,582,discharge-high,112
b1c26,2,discharge-high,112
b1c26,3,discharge-high,112
b1c26,5,discharge-high,112
b1c26,7,discharge-high,112
b1c26,25,discharge-high,112
b1c26,33,discharge-high,113
b1c26,63,discharge-high,115
b1c26,76,discharge-high,114
b1c26,84,discharge-high,113
b1c26,106,discharge-high,113
b1c26,130,discharge-high,112
b1c26,132,discharge-high,114
b1c26,156,discharge-high,117
b1c26,176,discharge-high,112
b1c26,184,discharge-high,115
b1c26,200,discharge-high,112
b1c26,214,discharge-high,112
b1c26,236,discharge-high,112
b1c26,250,discharge-high,113
b1c26,254,discharge-high,115
b1c26,271,discharge-high,112
b1c26,296,discharge-high,112
b1c26,315,discharge-high,112
b1c26,340,discharge-high,114
b1c26,364,discharge-high,114
b1c26,367,discharge-high,114
b1c26,372,discharge-high,113
b1c26,375,discharge-high,113
b1c26,389,discharge-high,112
b1c26,409,discharge-high,115
b1c26,442,discharge-high,113
b1c26,447,discharge-high,114
b1c26,448,discharge-high,113
b1c26,494,discharge-high,114
b1c26,503,discharge-high,114
b1c26,519,discharge-high,112
b1c26,520,discharge-high,115
b1c26,558,discharge-high,113
b1c26,621,discharge-high,112
b1c26,736,discharge-high,112
b1c26,751,discharge-high,112
b1c27,14,discharge-high,112
b1c27,50,discharge-high,112
b1c27,54,discharge-high,114
b1c27,57,discharge-high,115
b1c27,62,discharge-high,112
b1c27,71,discharge-high,114
b1c27,73,discharge-high,112
b1c27,131,discharge-high,112
b1c27,146,discharge-high,112
b1c27,158,discharge-high,112
b1c27,205,discharge-high,112
b1c27,216,discharge-high,114
b1c27,218,discharge-high,114
b1c27,256,discharge-high,112
b1c27,266,discharge-high,118
b1c27,272,discharge-high,113
b1c27,285,discharge-high,112
b1c27,329,discharge-high,112
b1c27,385,discharge-high,114
b1c27,396,discharge-high,112
b1c27,404,discharge-high,112
b1c27,420,discharge-high,112
b1c27,449,discharge-high,114
b1c27,459,discharge-high,113
b1c27,510,discharge-high,113
b1c28,10,discharge-high,113
b1c28,12,discharge-high,113
b1c28,26,discharge-high,114
b1c28,35,discharge-high,118
b1c28,48,discharge-high,112
b1c28,51,discharge-high,114
b1c28,56,discharge-high,113
b1c28,62,discharge-high,114
b1c28,70,discharge-high,115
b1c28,82,discharge-high,113
b1c28,89,discharge-high,113
b1c28,112,discharge-high,115
b1c28,130,discharge-high,112
b1c28,151,discharge-high,113
b1c28,179,discharge-high,112
b1c28,181,discharge-high,112
b1c28,199,discharge-high,112
b1c28,205,discharge-high,112
b1c28,219,discharge-high,113
b1c28,230,discharge-high,114
b1c28,257,discharge-high,113
b1c28,304,discharge-high,114
b1c28,306,discharge-high,112
b1c28,322,discharge-high,112
b1c28,351,discharge-high,116
b1c28,358,discharge-high,112
b1c28,370,discharge-high,112
b1c28,381,discharge-high,112
b1c28,436,discharge-high,115
b1c28,455,discharge-high,114
b1c28,461,discharge-high,112
b1c28,484,discharge-high,112
b1c28,502,discharge-high,112
b1c28,555,discharge-high,112
b1c28,608,discharge-high,113
b1c28,672,discharge-high,113
b1c29,35,discharge-high,113
b1c29,36,discharge-high,114
b1c29,55,discharge-high,112
b1c29,67,discharge-high,116
b1c29,95,discharge-high,115
b1c29,118,discharge-high,114
b1c29,135,discharge-high,113
b1c29,163,discharge-high,112
b1c29,182,discharge-high,112
b1c29,193,discharge-high,113
b1c29,235,discharge-high,112
b1c29,236,discharge-high,112
b1c29,241,discharge-high,116
b1c29,258,discharge-high,112
b1c29,260,discharge-high,112
b1c29,268,discharge-high,113
b1c29,304,discharge-high,112
b1c29,330,discharge-high,113
b1c29,356,discharge-high,112
b1c29,399,discharge-high,113
b1c29,429,discharge-high,113
b1c29,435,discharge-high,113
b1c29,502,discharge-high,113
b1c29,518,discharge-high,112
b1c29,569,discharge-high,112
b1c29,577,discharge-high,112
b1c29,627,discharge-high,112
b1c30,2,discharge-high,112
b1c30,13,discharge-high,112
b1c30,20,discharge-high,113
b1c30,40,discharge-high,112
b1c30,53,discharge-high,112
b1c30,77,discharge-high,115
b1c30,79,discharge-high,112
b1c30,89,discharge-high,112
b1c30,91,discharge-high,115
b1c30,98,discharge-high,112
b1c30,101,discharge-high,112
b1c30,105,discharge-high,114
b1c30,106,discharge-high,114
b1c30,108,discharge-high,113
b1c30,121,discharge-high,113
b1c30,130,discharge-high,114
b1c30,144,discharge-high,114
b1c30,146,discharge-high,112
b1c30,152,discharge-high,114
b1c30,181,discharge-high,116
b1c30,214,discharge-high,112
b1c30,225,discharge-high,112
b1c30,260,discharge-high,113
b1c30,291,discharge-high,112
b1c30,319,discharge-high,115
b1c30,322,discharge-high,112
b1c30,330,discharge-high,112
b1c30,333,discharge-high,116
b1c30,339,discharge-high,112
b1c30,359,discharge-high,112
b1c30,383,discharge-high,113
b1c30,386,discharge-high,112
b1c30,419,discharge-high,112
b1c30,421,discharge-high,115
b1c30,440,discharge-high,116
b1c30,454,discharge-high,112
b1c30,458,discharge-high,119
b1c30,467,discharge-high,114
b1c30,471,discharge-high,112
b1c30,508,discharge-high,112
b1c30,512,discharge-high,112
b1c30,522,discharge-high,112
b1c30,533,discharge-high,115
b1c30,559,discharge-high,113
b1c30,581,discharge-high,112
b1c31,24,discharge-high,114
b1c31,32,discharge-high,114
b1c31,34,discharge-high,116
b1c31,42,discharge-high,114
b1c31,47,discharge-high,113
b1c31,54,discharge-high,112
b1c31,69,discharge-high,112
b1c31,76,discharge-high,113
b1c31,102,discharge-high,115
b1c31,107,discharge-high,114
b1c31,123,discharge-high,112
b1c31,129,discharge-high,113
b1c31,144,discharge-high,113
b1c31,154,discharge-high,113
b1c31,166,discharge-high,112
b1c31,186,discharge-high,113
b1c31,187,discharge-high,114
b1c31,199,discharge-high,115
b1c31,202,discharge-high,112
b1c31,204,discharge-high,112
b1c31,207,discharge-high,112
b1c31,209,discharge-high,112
b1c31,219,discharge-high,113
b1c31,235,discharge-high,112
b1c31,244,discharge-high,114
b1c31,247,discharge-high,112
b1c31,264,discharge-high,112
b1c31,269,discharge-high,112
b1c31,290,discharge-high,115
b1c31,291,discharge-high,114
b1c31,310,discharge-high,116
b1c31,343,discharge-high,113
b1c31,394,discharge-high,113
b1c31,409,discharge-high,114
b1c31,441,discharge-high,117
b1c31,499,discharge-high,113
b1c31,529,discharge-high,114
b1c31,575,discharge-high,113
b1c31,702,discharge-high,112
b1c32,8,discharge-high,112
b1c32,11,discharge-high,114
b1c32,22,discharge-high,112
b1c32,28,discharge-high,114
b1c32,97,discharge-high,115
b1c32,102,discharge-high,112
b1c32,105,discharge-high,114
b1c32,128,discharge-high,112
b1c32,137,discharge-high,112
b1c32,147,discharge-high,112
b1c32,157,discharge-high,112
b1c32,167,discharge-high,113
b1c32,196,discharge-high,113
b1c32,216,discharge-high,112
b1c32,217,discharge-high,114
b1c32,237,discharge-high,113
b1c32,248,discharge-high,117
b1c32,256,discharge-high,112
b1c32,258,discharge-high,114
b1c32,280,discharge-high,112
b1c32,281,discharge-high,112
b1c32,396,discharge-high,114
b1c32,409,discharge-high,116
b1c32,431,discharge-high,112
b1c32,544,discharge-high,112
b1c33,32,discharge-high,113
b1c33,42,discharge-high,113
b1c33,44,discharge-high,113
b1c33,46,discharge-high,113
b1c33,67,discharge-high,114
b1c33,79,discharge-high,112
b1c33,82,discharge-high,113
b1c33,85,discharge-high,112
b1c33,87,discharge-high,113
b1c33,95,discharge-high,115
b1c33,97,discharge-high,121
b1c33,115,discharge-high,112
b1c33,127,discharge-high,112
b1c33,133,discharge-high,112
b1c33,136,discharge-high,113
b1c33,137,discharge-high,112
b1c33,145,discharge-high,113
b1c33,154,discharge-high,113
b1c33,162,discharge-high,113
b1c33,175,discharge-high,113
b1c33,178,discharge-high,112
b1c33,191,discharge-high,112
b1c33,200,discharge-high,113
b1c33,226,discharge-high,112
b1c33,238,discharge-high,112
b1c33,248,discharge-high,113
b1c33,264,discharge-high,114
b1c33,268,discharge-high,115
b1c33,276,discharge-high,113
b1c33,303,discharge-high,114
b1c33,310,discharge-high,113
b1c33,330,discharge-high,112
b1c33,350,discharge-high,112
b1c33,362,discharge-high,114
b1c33,367,discharge-high,113
b1c33,392,discharge-high,113
b1c33,397,discharge-high,113
b1c33,414,discharge-high,113
b1c33,427,discharge-high,112
b1c33,459,discharge-high,113
b1c33,465,discharge-high,115
b1c33,506,discharge-high,112
b1c33,507,discharge-high,112
b1c33,531,discharge-high,113
b1c34,7,discharge-high,112
b1c34,23,discharge-high,112
b1c34,25,discharge-high,113
b1c34,35,discharge-high,113
b1c34,49,discharge-high,112
b1c34,62,discharge-high,112
b1c34,66,discharge-high,113
b1c34,67,discharge-high,112
b1c34,96,discharge-high,113
b1c34,115,discharge-high,115
b1c34,142,discharge-high,112
b1c34,152,discharge-high,112
b1c34,191,discharge-high,113
b1c34,212,discharge-high,114
b1c34,217,discharge-high,112
b1c34,219,discharge-high,112
b1c34,230,discharge-high,114
b1c34,237,discharge-high,113
b1c34,241,discharge-high,115
b1c34,252,discharge-high,114
b1c34,283,discharge-high,118
b1c34,292,discharge-high,113
b1c34,350,discharge-high,114
b1c34,373,discharge-high,116
b1c34,385,discharge-high,114
b1c34,412,discharge-high,112
b1c34,422,discharge-high,112
b1c34,471,discharge-high,112
b1c34,498,discharge-high,112
b1c34,502,discharge-high,112
b1c34,548,discharge-high,112
b1c34,683,discharge-high,61
b1c35,5,discharge-high,112
b1c35,25,discharge-high,115
b1c35,35,discharge-high,115
b1c35,58,discharge-high,113
b1c35,112,discharge-high,113
b1c35,122,discharge-high,112
b1c35,134,discharge-high,114
b1c35,165,discharge-high,112
b1c35,168,discharge-high,112
b1c35,186,discharge-high,113
b1c35,217,discharge-high,114
b1c35,230,discharge-high,115
b1c35,250,discharge-high,113
b1c35,336,discharge-high,113
b1c35,396,discharge-high,113
b1c35,403,discharge-high,112
b1c35,435,discharge-high,112
b1c35,438,discharge-high,113
b1c36,2,discharge-high,114
b1c36,3,discharge-high,114
b1c36,9,discharge-high,112
b1c36,11,discharge-high,114
b1c36,14,discharge-high,113
b1c36,19,discharge-high,113
b1c36,41,discharge-high,112
b1c36,46,discharge-high,112
b1c36,64,discharge-high,115
b1c36,80,discharge-high,113
b1c36,97,discharge-high,112
b1c36,113,discharge-high,112
b1c36,123,discharge-high,112
b1c36,138,discharge-high,112
b1c36,166,discharge-high,113
b1c36,171,discharge-high,115
b1c36,184,discharge-high,113
b1c36,203,discharge-high,112
b1c36,208,discharge-high,112
b1c36,211,discharge-high,115
b1c36,215,discharge-high,114
b1c36,225,discharge-high,114
b1c36,251,discharge-high,115
b1c36,313,discharge-high,114
b1c36,317,discharge-high,116
b1c36,350,discharge-high,114
b1c36,354,discharge-high,112
b1c36,370,discharge-high,112
b1c36,375,discharge-high,113
b1c36,400,discharge-high,112
b1c36,466,discharge-high,112
b1c36,485,discharge-high,112
b1c36,505,discharge-high,112
b1c36,515,discharge-high,113
b1c36,543,discharge-high,112
b1c37,12,discharge-high,115
b1c37,25,discharge-high,114
b1c37,35,discharge-high,113
b1c37,47,discharge-high,112
b1c37,62,discharge-high,112
b1c37,94,discharge-high,113
b1c37,99,discharge-high,112
b1c37,143,discharge-high,117
b1c37,157,discharge-high,115
b1c37,163,discharge-high,114
b1c37,174,discharge-high,112
b1c37,175,discharge-high,113
b1c37,183,discharge-high,114
b1c37,228,discharge-high,112
b1c37,273,discharge-high,112
b1c37,282,discharge-high,112
b1c37,284,discharge-high,112
b1c37,286,discharge-high,112
b1c37,338,discharge-high,113
b1c37,356,discharge-high,112
b1c37,358,discharge-high,112
b1c37,412,discharge-high,112
b1c37,475,discharge-high,113
b1c37,495,discharge-high,112
b1c38,4,discharge-high,113
b1c38,17,discharge-high,113
b1c38,20,discharge-high,113
b1c38,33,discharge-high,114
b1c38,61,discharge-high,112
b1c38,109,discharge-high,113
b1c38,112,discharge-high,113
b1c38,121,discharge-high,112
b1c38,129,discharge-high,114
b1c38,157,discharge-high,115
b1c38,165,discharge-high,113
b1c38,182,discharge-high,114
b1c38,185,discharge-high,112
b1c38,194,discharge-high,112
b1c38,227,discharge-high,112
b1c38,233,discharge-high,112
b1c38,263,discharge-high,113
b1c38,265,discharge-high,114
b1c38,300,discharge-high,112
b1c38,301,discharge-high,114
b1c38,326,discharge-high,112
b1c38,430,discharge-high,114
b1c38,486,discharge-high,112
b1c38,520,discharge-high,113
b1c39,20,discharge-high,113
b1c39,26,discharge-high,113
b1c39,32,discharge-high,113
b1c39,46,discharge-high,113
b1c39,49,discharge-high,112
b1c39,51,discharge-high,112
b1c39,55,discharge-high,114
b1c39,64,discharge-high,118
b1c39,68,discharge-high,115
b1c39,99,discharge-high,113
b1c39,107,discharge-high,114
b1c39,109,discharge-high,112
b1c39,125,discharge-high,112
b1c39,129,discharge-high,114
b1c39,158,discharge-high,112
b1c39,163,discharge-high,112
b1c39,184,discharge-high,113
b1c39,192,discharge-high,113
b1c39,193,discharge-high,113
b1c39,194,discharge-high,118
b1c39,255,discharge-high,114
b1c39,263,discharge-high,115
b1c39,267,discharge-high,116
b1c39,285,discharge-high,114
b1c39,288,discharge-high,112
b1c39,301,discharge-high,112
b1c39,310,discharge-high,112
b1c39,319,discharge-high,112
b1c39,411,discharge-high,112
b1c39,418,discharge-high,112
b1c39,439,discharge-high,112
b1c40,12,discharge-high,112
b1c40,41,discharge-high,113
b1c40,47,discharge-high,113
b1c40,53,discharge-high,112
b1c40,111,discharge-high,114
b1c40,112,discharge-high,113
b1c40,140,discharge-high,73
b1c40,144,discharge-high,112
b1c40,146,discharge-high,113
b1c40,159,discharge-high,115
b1c40,162,discharge-high,117
b1c40,179,discharge-high,117
b1c40,189,discharge-high,113
b1c40,205,discharge-high,112
b1c40,217,discharge-high,114
b1c40,228,discharge-high,112
b1c40,233,discharge-high,115
b1c40,280,discharge-high,112
b1c40,298,discharge-high,113
b1c40,318,discharge-high,116
b1c40,380,discharge-high,112
b1c40,384,discharge-high,112
b1c40,392,discharge-high,116
b1c40,398,discharge-high,115
b1c40,402,discharge-high,115
b1c40,410,discharge-high,112
b1c40,439,discharge-high,114
b1c40,453,discharge-high,112
b1c40,454,discharge-high,114
b1c40,471,discharge-high,115
b1c40,482,discharge-high,113
b1c40,494,discharge-high,114
b1c40,517,discharge-high,113
b1c40,523,discharge-high,112
b1c40,544,discharge-high,116
b1c40,555,discharge-high,112
b1c40,559,discharge-high,114
b1c40,621,discharge-high,112
b1c40,622,discharge-high,116
b1c40,642,discharge-high,113
b1c40,679,discharge-high,112
b1c40,700,discharge-high,112
b1c40,711,discharge-high,115
b1c40,726,discharge-high,112
b1c40,730,discharge-high,113
b1c40,769,discharge-high,112
b1c40,831,discharge-high,113
b1c41,9,discharge-high,114
b1c41,14,discharge-high,113
b1c41,60,discharge-high,112
b1c41,71,discharge-high,114
b1c41,90,discharge-high,112
b1c41,122,discharge-high,112
b1c41,129,discharge-high,114
b1c41,157,discharge-high,113
b1c41,158,discharge-high,112
b1c41,198,discharge-high,115
b1c41,209,discharge-high,112
b1c41,212,discharge-high,112
b1c41,250,discharge-high,113
b1c41,304,discharge-high,112
b1c41,377,discharge-high,112
b1c41,419,discharge-high,113
b1c41,444,discharge-high,114
b1c41,513,discharge-high,112
b1c41,523,discharge-high,113
b1c41,639,discharge-high,115
b1c41,644,discharge-high,112
b1c41,752,discharge-high,112
b1c41,760,discharge-high,113
b1c41,761,discharge-high,112
b1c41,778,discharge-high,112
b1c41,788,discharge-high,112
b1c41,792,discharge-high,112
b1c41,823,discharge-high,112
b1c41,825,discharge-high,115
b1c42,30,discharge-high,114
b1c42,34,discharge-high,115
b1c42,73,discharge-high,113
b1c42,87,discharge-high,112
b1c42,91,discharge-high,114
b1c42,110,discharge-high,114
b1c42,115,discharge-high,113
b1c42,121,discharge-high,112
b1c42,129,discharge-high,113
b1c42,135,discharge-high,112
b1c42,151,discharge-high,113
b1c42,154,discharge-high,112
b1c42,169,discharge-high,117
b1c42,170,discharge-high,118
b1c42,179,discharge-high,113
b1c42,195,discharge-high,114
b1c42,214,discharge-high,112
b1c42,218,discharge-high,113
b1c42,223,discharge-high,112
b1c42,234,discharge-high,114
b1c42,235,discharge-high,113
b1c42,236,discharge-high,112
b1c42,257,discharge-high,112
b1c42,271,discharge-high,112
b1c42,281,discharge-high,113
b1c42,306,discharge-high,112
b1c42,325,discharge-high,113
b1c42,343,discharge-high,112
b1c42,372,discharge-high,112
b1c42,388,discharge-high,112
b1c42,391,discharge-high,112
b1c42,495,discharge-high,113
b1c42,530,discharge-high,112
b1c43,85,discharge-high,116
b1c43,104,discharge-high,112
b1c43,108,discharge-high,112
b1c43,110,discharge-high,112
b1c43,117,discharge-high,113
b1c43,136,discharge-high,112
b1c43,140,discharge-high,113
b1c43,144,discharge-high,114
b1c43,155,discharge-high,113
b1c43,167,discharge-high,112
b1c43,204,discharge-high,113
b1c43,226,discharge-high,116
b1c43,251,discharge-high,112
b1c43,256,discharge-high,113
b1c43,273,discharge-high,115
b1c43,293,discharge-high,113
b1c43,296,discharge-high,112
b1c43,327,discharge-high,114
b1c43,351,discharge-high,113
b1c43,396,discharge-high,112
b1c43,445,discharge-high,112
b1c43,494,discharge-high,114
b1c44,19,discharge-high,113
b1c44,22,discharge-high,114
b1c44,27,discharge-high,112
b1c44,28,discharge-high,113
b1c44,43,discharge-high,112
b1c44,48,discharge-high,112
b1c44,55,discharge-high,112
b1c44,67,discharge-high,115
b1c44,68,discharge-high,114
b1c44,71,discharge-high,112
b1c44,76,discharge-high,116
b1c44,79,discharge-high,114
b1c44,121,discharge-high,114
b1c44,123,discharge-high,115
b1c44,136,discharge-high,112
b1c44,156,discharge-high,112
b1c44,172,discharge-high,114
b1c44,186,discharge-high,114
b1c44,199,discharge-high,112
b1c44,242,discharge-high,112
b1c44,267,discharge-high,112
b1c44,270,discharge-high,113
b1c44,275,discharge-high,113
b1c44,278,discharge-high,115
b1c44,290,discharge-high,112
b1c44,348,discharge-high,112
b1c45,18,discharge-high,112
b1c45,25,discharge-high,115
b1c45,34,discharge-high,113
b1c45,47,discharge-high,112
b1c45,54,discharge-high,115
b1c45,60,discharge-high,113
b1c45,70,discharge-high,112
b1c45,79,discharge-high,114
b1c45,89,discharge-high,112
b1c45,99,discharge-high,112
b1c45,102,discharge-high,114
b1c45,106,discharge-high,115
b1c45,113,discharge-high,115
b1c45,114,discharge-high,113
b1c45,116,discharge-high,112
b1c45,140,discharge-high,113
b1c45,163,discharge-high,113
b1c45,169,discharge-high,112
b1c45,186,discharge-high,114
b1c45,199,discharge-high,113
b1c45,235,discharge-high,112
b1c45,241,discharge-high,113
b1c45,246,discharge-high,113
b1c45,320,discharge-high,112
b1c45,348,discharge-high,112
b1c45,381,discharge-high,112
b2c0,4,discharge-high,112
b2c0,9,discharge-high,113
b2c0,18,discharge-high,115
b2c0,22,discharge-high,116
b2c1,2,discharge-high,113
b2c1,3,discharge-high,115
b2c1,6,discharge-high,114
b2c1,27,discharge-high,112
b2c1,56,discharge-high,114
b2c2,12,discharge-high,117
b2c2,19,discharge-high,112
b2c2,26,discharge-high,113
b2c2,27,discharge-high,112
b2c2,60,discharge-high,112
b2c2,93,discharge-high,114
b2c2,109,discharge-high,113
b2c2,152,discharge-high,112
b2c2,159,discharge-high,113
b2c2,166,discharge-high,113
b2c2,176,discharge-high,112
b2c2,183,discharge-high,113
b2c2,184,discharge-high,112
b2c2,204,discharge-high,113
b2c2,207,discharge-high,113
b2c2,210,discharge-high,114
b2c2,234,discharge-high,114
b2c2,266,discharge-high,112
b2c2,268,discharge-high,113
b2c2,301,discharge-high,113
b2c2,347,discharge-high,112
b2c4,5,discharge-high,112
b2c4,12,discharge-high,112
b2c4,96,discharge-high,118
b2c4,105,discharge-high,113
b2c4,110,discharge-high,113
b2c4,132,discharge-high,112
b2c4,148,discharge-high,112
b2c5,22,discharge-high,112
b2c5,27,discharge-high,112
b2c5,29,discharge-high,115
b2c5,30,discharge-high,112
b2c5,60,discharge-high,112
b2c5,66,discharge-high,113
b2c5,81,discharge-high,112
b2c5,91,discharge-high,112
b2c5,118,discharge-high,113
b2c5,122,discharge-high,112
b2c5,123,discharge-high,113
b2c5,145,discharge-high,112
b2c5,151,discharge-high,112
b2c5,174,discharge-high,112
b2c5,188,discharge-high,112
b2c5,201,discharge-high,113
b2c5,229,discharge-high,112
b2c5,251,discharge-high,112
b2c5,318,discharge-high,112
b2c5,391,discharge-high,112
b2c10,93,discharge-high,112
b2c10,125,discharge-high,114
b2c10,138,discharge-high,112
b2c10,171,discharge-high,115
b2c10,182,discharge-high,112
b2c10,187,discharge-high,112
b2c10,295,discharge-high,113
b2c11,2,discharge-high,112
b2c11,17,discharge-high,112
b2c11,24,discharge-high,114
b2c11,37,discharge-high,113
b2c11,55,discharge-high,113
b2c11,92,discharge-high,113
b2c11,101,discharge-high,113
b2c11,104,discharge-high,113
b2c11,107,discharge-high,113
b2c11,114,discharge-high,112
b2c11,200,discharge-high,112
b2c11,203,discharge-high,113
b2c11,221,discharge-high,114
b2c11,320,discharge-high,112
b2c12,3,discharge-high,112
b2c12,20,discharge-high,113
b2c12,26,discharge-high,113
b2c12,42,discharge-high,115
b2c12,57,discharge-high,115
b2c12,63,discharge-high,113
b2c12,82,discharge-high,112
b2c12,86,discharge-high,112
b2c12,109,discharge-high,112
b2c12,115,discharge-high,112
b2c12,130,discharge-high,112
b2c12,281,discharge-high,113
b2c13,49,discharge-high,113
b2c13,51,discharge-high,113
b2c13,54,discharge-high,112
b2c13,66,discharge-high,113
b2c13,90,discharge-high,112
b2c13,198,discharge-high,113
b2c13,208,discharge-high,112
b2c13,222,discharge-high,112
b2c13,255,discharge-high,113
b2c14,1,discharge-high,112
b2c14,2,discharge-high,112
b2c14,5,discharge-high,112
b2c14,49,discharge-high,113
b2c14,66,discharge-high,116
b2c14,86,discharge-high,116
b2c14,88,discharge-high,113
b2c14,91,discharge-high,112
b2c14,93,discharge-high,112
b2c14,109,discharge-high,112
b2c14,134,discharge-high,113
b2c14,160,discharge-high,113
b2c14,186,discharge-high,114
b2c14,201,discharge-high,114
b2c14,214,discharge-high,114
b2c14,266,discharge-high,113
b2c14,275,discharge-high,112
b2c14,291,discharge-high,113
b2c14,294,discharge-high,113
b2c14,346,discharge-high,112
b2c17,7,discharge-high,112
b2c17,58,discharge-high,112
b2c17,79,discharge-high,112
b2c17,87,discharge-high,113
b2c17,90,discharge-high,112
b2c17,94,discharge-high,115
b2c17,112,discharge-high,113
b2c17,116,discharge-high,114
b2c17,131,discharge-high,112
b2c17,146,discharge-high,114
b2c17,156,discharge-high,113
b2c17,164,discharge-high,112
b2c17,165,discharge-high,113
b2c17,171,discharge-high,112
b2c17,172,discharge-high,113
b2c17,175,discharge-high,112
b2c17,176,discharge-high,112
b2c17,217,discharge-high,116
b2c17,229,discharge-high,113
b2c17,235,discharge-high,112
b2c17,239,discharge-high,113
b2c17,258,discharge-high,112
b2c17,284,discharge-high,115
b2c17,297,discharge-high,112
b2c17,298,discharge-high,112
b2c17,317,discharge-high,112
b2c17,400,discharge-high,114
b2c18,9,discharge-high,112
b2c18,11,discharge-high,114
b2c18,94,discharge-high,112
b2c18,96,discharge-high,114
b2c18,111,discharge-high,115
b2c18,175,discharge-high,113
b2c18,190,discharge-high,114
b2c19,378,discharge-high,113
b2c20,49,discharge-high,112
b2c20,71,discharge-high,112
b2c20,80,discharge-high,112
b2c20,81,discharge-high,113
b2c20,84,discharge-high,113
b2c20,87,discharge-high,114
b2c20,100,discharge-high,112
b2c20,113,discharge-high,112
b2c20,117,discharge-high,112
b2c20,129,discharge-high,112
b2c20,154,discharge-high,112
b2c20,171,discharge-high,113
b2c20,203,discharge-high,113
b2c20,204,discharge-high,112
b2c20,211,discharge-high,115
b2c20,376,discharge-high,113
b2c20,387,discharge-high,112
b2c21,14,discharge-high,114
b2c21,21,discharge-high,117
b2c21,45,discharge-high,112
b2c21,70,discharge-high,112
b2c21,83,discharge-high,112
b2c21,87,discharge-high,112
b2c21,126,discharge-high,112
b2c21,132,discharge-high,112
b2c21,151,discharge-high,112
b2c21,174,discharge-high,114
b2c21,176,discharge-high,115
b2c21,177,discharge-high,113
b2c21,217,discharge-high,113
b2c21,257,discharge-high,115
b2c21,281,discharge-high,112
b2c21,303,discharge-high,112
b2c21,353,discharge-high,115
b2c21,359,discharge-high,113
b2c22,69,discharge-high,112
b2c22,83,discharge-high,113
b2c22,99,discharge-high,113
b2c22,108,discharge-high,113
b2c22,157,discharge-high,113
b2c22,208,discharge-high,112
b2c22,234,discharge-high,113
b2c22,257,discharge-high,112
b2c22,309,discharge-high,112
b2c22,310,discharge-high,112
b2c22,355,discharge-high,113
b2c22,358,discharge-high,113
b2c23,4,discharge-high,112
b2c23,22,discharge-high,112
b2c23,123,discharge-high,112
b2c23,167,discharge-high,112
b2c23,169,discharge-high,112
b2c23,208,discharge-high,113
b2c23,253,discharge-high,112
b2c23,280,discharge-high,113
b2c23,292,discharge-high,112
b2c23,382,discharge-high,112
b2c24,6,discharge-high,114
b2c24,73,discharge-high,112
b2c24,87,discharge-high,113
b2c24,105,discharge-high,114
b2c24,118,discharge-high,112
b2c24,136,discharge-high,114
b2c24,144,discharge-high,112
b2c24,234,discharge-high,112
b2c24,236,discharge-high,114
b2c24,263,discharge-high,112
b2c24,307,discharge-high,117
b2c24,393,discharge-high,113
b2c25,62,discharge-high,113
b2c25,74,discharge-high,112
b2c25,75,discharge-high,112
b2c25,90,discharge-high,113
b2c25,111,discharge-high,115
b2c25,126,discharge-high,113
b2c25,127,discharge-high,113
b2c25,129,discharge-high,114
b2c25,147,discharge-high,113
b2c25,285,discharge-high,112
b2c25,286,discharge-high,116
b2c26,11,discharge-high,112
b2c26,16,discharge-high,113
b2c26,24,discharge-high,112
b2c26,30,discharge-high,114
b2c26,42,discharge-high,113
b2c26,47,discharge-high,115
b2c26,52,discharge-high,113
b2c26,85,discharge-high,112
b2c26,90,discharge-high,112
b2c26,101,discharge-high,116
b2c26,187,discharge-high,113
b2c26,206,discharge-high,118
b2c26,209,discharge-high,113
b2c26,219,discharge-high,112
b2c26,274,discharge-high,116
b2c26,329,discharge-high,112
b2c26,331,discharge-high,112
b2c26,336,discharge-high,115
b2c26,410,discharge-high,113
b2c27,75,discharge-high,112
b2c27,88,discharge-high,113
b2c27,94,discharge-high,112
b2c27,96,discharge-high,116
b2c27,103,discharge-high,115
b2c27,104,discharge-high,112
b2c27,193,discharge-high,113
b2c27,232,discharge-high,112
b2c27,247,discharge-high,114
b2c28,17,discharge-high,112
b2c28,23,discharge-high,113
b2c28,28,discharge-high,114
b2c28,53,discharge-high,115
b2c28,56,discharge-high,113
b2c28,67,discharge-high,113
b2c28,117,discharge-high,112
b2c28,145,discharge-high,112
b2c28,162,discharge-high,112
b2c28,188,discharge-high,113
b2c28,233,discharge-high,115
b2c28,258,discharge-high,112
b2c28,292,discharge-high,115
b2c28,296,discharge-high,112
b2c28,298,discharge-high,121
b2c28,332,discharge-high,113
b2c28,370,discharge-high,112
b2c29,20,discharge-high,114
b2c29,48,discharge-high,116
b2c29,61,discharge-high,113
b2c29,62,discharge-high,112
b2c29,63,discharge-high,114
b2c29,85,discharge-high,112
b2c29,94,discharge-high,112
b2c29,104,discharge-high,112
b2c29,109,discharge-high,113
b2c29,130,discharge-high,112
b2c29,160,discharge-high,113
b2c29,188,discharge-high,116
b2c29,199,discharge-high,115
b2c29,228,discharge-high,112
b2c29,285,discharge-high,112
b2c29,307,discharge-high,113
b2c30,30,discharge-high,115
b2c30,153,discharge-high,112
b2c30,155,discharge-high,113
b2c30,160,discharge-high,112
b2c30,161,discharge-high,115
b2c30,164,discharge-high,116
b2c30,166,discharge-high,114
b2c30,179,discharge-high,113
b2c30,206,discharge-high,114
b2c30,212,discharge-high,112
b2c30,219,discharge-high,112
b2c30,222,discharge-high,114
b2c30,267,discharge-high,112
b2c30,276,discharge-high,113
b2c31,18,discharge-high,113
b2c31,32,discharge-high,115
b2c31,33,discharge-high,113
b2c31,39,discharge-high,112
b2c31,71,discharge-high,112
b2c31,78,discharge-high,114
b2c31,94,discharge-high,112
b2c31,101,discharge-high,114
b2c31,118,discharge-high,112
b2c31,129,discharge-high,112
b2c31,134,discharge-high,112
b2c31,159,discharge-high,112
b2c31,160,discharge-high,116
b2c31,161,discharge-high,112
b2c31,173,discharge-high,112
b2c31,265,discharge-high,112
b2c31,343,discharge-high,113
b2c32,1,discharge-high,113
b2c32,6,discharge-high,113
b2c32,17,discharge-high,112
b2c32,22,discharge-high,112
b2c32,28,discharge-high,114
b2c32,45,discharge-high,113
b2c32,48,discharge-high,112
b2c32,87,discharge-high,112
b2c32,142,discharge-high,113
b2c32,145,discharge-high,113
b2c32,146,discharge-high,121
b2c32,147,discharge-high,115
b2c32,150,discharge-high,114
b2c32,151,discharge-high,112
b2c32,169,discharge-high,112
b2c32,199,discharge-high,113
b2c32,235,discharge-high,114
b2c32,241,discharge-high,113
b2c32,271,discharge-high,112
b2c32,308,discharge-high,113
b2c32,334,discharge-high,113
b2c32,341,discharge-high,112
b2c32,357,discharge-high,114
b2c32,385,discharge-high,112
b2c32,396,discharge-high,112
b2c32,398,discharge-high,113
b2c33,17,discharge-high,115
b2c33,35,discharge-high,112
b2c33,68,discharge-high,112
b2c33,126,discharge-high,112
b2c33,143,discharge-high,112
b2c33,157,discharge-high,112
b2c33,172,discharge-high,114
b2c33,192,discharge-high,114
b2c33,219,discharge-high,112
b2c33,277,discharge-high,112
b2c33,297,discharge-high,113
b2c33,304,discharge-high,113
b2c33,329,discharge-high,112
b2c34,38,discharge-high,113
b2c34,78,discharge-high,113
b2c34,88,discharge-high,112
b2c34,104,discharge-high,112
b2c34,122,discharge-high,112
b2c34,133,discharge-high,113
b2c34,135,discharge-high,112
b2c34,175,discharge-high,115
b2c34,195,discharge-high,112
b2c34,219,discharge-high,112
b2c34,228,discharge-high,113
b2c34,236,discharge-high,112
b2c34,270,discharge-high,115
b2c34,283,discharge-high,116
b2c34,294,discharge-high,113
b2c34,299,discharge-high,112
b2c34,300,discharge-high,112
b2c34,302,discharge-high,113
b2c34,313,discharge-high,112
b2c35,10,discharge-high,115
b2c35,44,discharge-high,115
b2c35,50,discharge-high,115
b2c35,51,discharge-high,112
b2c35,54,discharge-high,112
b2c35,99,discharge-high,112
b2c35,105,discharge-high,113
b2c35,207,discharge-high,113
b2c35,209,discharge-high,112
b2c35,211,discharge-high,112
b2c35,224,discharge-high,113
b2c35,278,discharge-high,112
b2c36,5,discharge-high,114
b2c36,7,discharge-high,112
b2c36,9,discharge-high,117
b2c36,13,discharge-high,113
b2c36,20,discharge-high,114
b2c36,21,discharge-high,115
b2c36,44,discharge-high,114
b2c36,46,discharge-high,112
b2c36,53,discharge-high,116
b2c36,86,discharge-high,113
b2c36,95,discharge-high,113
b2c36,104,discharge-high,118
b2c36,113,discharge-high,114
b2c36,121,discharge-high,112
b2c36,141,discharge-high,112
b2c36,144,discharge-high,112
b2c36,158,discharge-high,117
b2c36,164,discharge-high,112
b2c36,173,discharge-high,114
b2c36,191,discharge-high,112
b2c36,215,discharge-high,112
b2c36,226,discharge-high,116
b2c36,248,discharge-high,116
b2c36,250,discharge-high,113
b2c36,253,discharge-high,112
b2c36,262,discharge-high,112
b2c36,273,discharge-high,114
b2c36,275,discharge-high,112
b2c36,289,discharge-high,113
b2c36,300,discharge-high,112
b2c36,309,discharge-high,116
b2c36,310,discharge-high,112
b2c36,312,discharge-high,113
b2c36,316,discharge-high,114
b2c36,412,discharge-high,112
b2c37,5,discharge-high,113
b2c37,40,discharge-high,115
b2c37,49,discharge-high,112
b2c37,65,discharge-high,112
b2c37,84,discharge-high,115
b2c37,90,discharge-high,112
b2c37,93,discharge-high,114
b2c37,124,discharge-high,114
b2c37,127,discharge-high,113
b2c37,174,discharge-high,112
b2c37,179,discharge-high,113
b2c37,199,discharge-high,113
b2c37,238,discharge-high,112
b2c37,258,discharge-high,113
b2c37,262,discharge-high,112
b2c37,274,discharge-high,113
b2c37,288,discharge-high,113
b2c37,303,discharge-high,113
b2c38,1,discharge-high,112
b2c38,5,discharge-high,112
b2c38,19,discharge-high,114
b2c38,22,discharge-high,112
b2c38,23,discharge-high,112
b2c38,53,discharge-high,113
b2c38,92,discharge-high,115
b2c38,93,discharge-high,115
b2c38,98,discharge-high,112
b2c38,112,discharge-high,112
b2c38,125,discharge-high,114
b2c38,131,discharge-high,112
b2c38,132,discharge-high,112
b2c38,133,discharge-high,112
b2c38,190,discharge-high,112
b2c38,197,discharge-high,113
b2c38,255,discharge-high,115
b2c38,266,discharge-high,115
b2c38,290,discharge-high,113
b2c38,336,discharge-high,113
b2c38,342,discharge-high,113
b2c39,18,discharge-high,115
b2c39,98,discharge-high,116
b2c39,105,discharge-high,114
b2c39,120,discharge-high,113
b2c39,128,discharge-high,112
b2c39,144,discharge-high,114
b2c39,147,discharge-high,112
b2c39,159,discharge-high,113
b2c39,176,discharge-high,114
b2c39,177,discharge-high,112
b2c39,203,discharge-high,118
b2c39,217,discharge-high,114
b2c39,234,discharge-high,112
b2c39,237,discharge-high,113
b2c39,283,discharge-high,112
b2c39,290,discharge-high,115
b2c39,293,discharge-high,114
b2c39,294,discharge-high,117
b2c39,308,discharge-high,113
b2c39,387,discharge-high,112
b2c40,9,discharge-high,114
b2c40,64,discharge-high,113
b2c40,73,discharge-high,127
b2c40,74,discharge-high,137
b2c40,77,discharge-high,138
b2c40,79,discharge-high,134
b2c40,81,discharge-high,119
b2c40,83,discharge-high,117
b2c40,94,discharge-high,114
b2c40,136,discharge-high,114
b2c40,208,discharge-high,112
b2c40,213,discharge-high,114
b2c40,242,discharge-high,148
b2c40,243,discharge-high,252
b2c40,247,discharge-high,152
b2c40,248,discharge-high,141
b2c40,249,discharge-high,229
b2c40,252,discharge-high,118
b2c40,254,discharge-high,168
b2c40,256,discharge-high,138
b2c40,259,discharge-high,151
b2c40,284,discharge-high,145
b2c40,286,discharge-high,140
b2c40,288,discharge-high,146
b2c40,290,discharge-high,119
b2c40,304,discharge-high,211
b2c40,308,discharge-high,182
b2c40,310,discharge-high,159
b2c40,312,discharge-high,117
b2c40,314,discharge-high,116
b2c40,316,discharge-high,117
b2c40,319,discharge-high,131
b2c40,321,discharge-high,151
b2c40,376,discharge-high,133
b2c40,377,discharge-high,159
b2c40,380,discharge-high,172
b2c40,382,discharge-high,112
b2c40,383,discharge-high,154
b2c40,385,discharge-high,112
b2c40,388,discharge-high,154
b2c40,390,discharge-high,146
b2c40,403,discharge-high,112
b2c40,404,discharge-high,117
b2c40,405,discharge-high,112
b2c40,406,discharge-high,132
b2c40,407,discharge-high,254
b2c40,411,discharge-high,115
b2c40,413,discharge-high,120
b2c40,415,discharge-high,165
b2c40,417,discharge-high,159
b2c40,418,discharge-high,116
b2c40,419,discharge-high,219
b2c40,420,discharge-high,113
b2c40,421,discharge-high,186
b2c40,422,discharge-high,113
b2c40,426,discharge-high,151
b2c40,428,discharge-high,262
b2c40,430,discharge-high,222
b2c40,434,discharge-high,130
b2c40,435,discharge-high,140
b2c40,436,discharge-high,166
b2c40,439,discharge-high,117
b2c40,442,discharge-high,128
b2c40,452,discharge-high,134
b2c40,453,discharge-high,123
b2c40,459,discharge-high,212
b2c40,461,discharge-high,232
b2c40,462,discharge-high,112
b2c40,463,discharge-high,128
b2c40,465,discharge-high,201
b2c40,467,discharge-high,146
b2c40,471,discharge-high,166
b2c40,474,discharge-high,115
b2c42,5,discharge-high,113
b2c42,7,discharge-high,112
b2c42,54,discharge-high,112
b2c42,55,discharge-high,115
b2c42,62,discharge-high,112
b2c42,79,discharge-high,112
b2c42,101,discharge-high,113
b2c42,107,discharge-high,112
b2c42,150,discharge-high,113
b2c42,200,discharge-high,118
b2c42,267,discharge-high,113
b2c43,10,discharge-high,118
b2c43,13,discharge-high,115
b2c43,28,discharge-high,112
b2c43,60,discharge-high,113
b2c44,4,discharge-high,113
b2c44,5,discharge-high,117
b2c44,120,discharge-high,113
b2c44,125,discharge-high,112
b2c44,216,discharge-high,112
b2c44,245,discharge-high,115
b2c45,22,discharge-high,113
b2c45,23,discharge-high,114
b2c45,49,discharge-high,112
b2c45,54,discharge-high,112
b2c45,67,discharge-high,112
b2c45,71,discharge-high,113
b2c45,92,discharge-high,114
b2c45,119,discharge-high,112
b2c45,123,discharge-high,113
b2c45,173,discharge-high,112
b2c45,209,discharge-high,112
b2c45,256,discharge-high,113
b2c45,280,discharge-high,113
b2c45,333,discharge-high,112
b2c46,45,discharge-high,113
b2c46,131,discharge-high,113
b2c47,130,discharge-high,112
b3c0,996,discharge-high,75
b3c0,999,discharge-high,75
b3c0,1000,discharge-high,74
b3c0,1001,discharge-high,74
b3c0,1002,discharge-high,74
b3c0,1003,discharge-high,74
b3c0,1004,discharge-high,74
b3c0,1005,discharge-high,74
b3c0,1006,discharge-high,74
b3c0,1007,discharge-high,74
b3c1,987,discharge-high,76
b3c1,988,discharge-high,76
b3c1,990,discharge-high,76
b3c1,993,discharge-high,76
b3c1,994,discharge-high,76
b3c1,995,discharge-high,75
b3c1,996,discharge-high,76
b3c1,997,discharge-high,76
b3c1,998,discharge-high,76
b3c1,999,discharge-high,76
b3c1,1000,discharge-high,76
b3c1,1001,discharge-high,76
b3c1,1002,discharge-high,76
b3c1,1003,discharge-high,76
b3c1,1004,discharge-high,76
b3c1,1005,discharge-high,76
b3c1,1006,discharge-high,76
b3c1,1007,discharge-high,76
b3c1,1008,discharge-high,76
b3c1,1009,discharge-high,76
b3c1,1010,discharge-high,76
b3c1,1011,discharge-high,76
b3c1,1012,discharge-high,75
b3c1,1013,discharge-high,76
b3c1,1014,discharge-high,76
b3c1,1015,discharge-high,76
b3c1,1019,discharge-high,76
b3c1,1021,discharge-high,75
b3c1,1024,discharge-high,76
b3c1,1025,discharge-high,75
b3c1,1027,discharge-high,75
b3c1,1029,discharge-high,75
b3c1,1030,discharge-high,75
b3c1,1031,discharge-high,75
b3c1,1048,discharge-high,75
b3c1,1050,discharge-high,75
b3c1,1051,discharge-high,75
b3c1,1052,discharge-high,75
b3c1,1053,discharge-high,75
b3c1,1054,discharge-high,75
b3c1,1055,discharge-high,76
b3c1,1056,discharge-high,75
b3c1,1057,discharge-high,75
b3c1,1058,discharge-high,74
b3c1,1059,discharge-high,76
b3c1,1060,discharge-high,75
b3c1,1061,discharge-high,75
b3c2,1164,discharge-high,76
b3c2,1168,discharge-high,76
b3c2,1173,discharge-high,76
b3c2,1175,discharge-high,76
b3c2,1186,discharge-high,76
b3c2,1189,discharge-high,76
b3c2,1190,discharge-high,76
b3c2,1191,discharge-high,76
b3c2,1192,discharge-high,76
b3c2,1193,discharge-high,76
b3c2,1194,discharge-high,76
b3c2,1213,discharge-high,75
b3c2,1226,discharge-high,75
b3c3,1000,discharge-high,76
b3c3,1001,discharge-high,76
b3c3,1005,discharge-high,76
b3c3,1019,discharge-high,76
b3c3,1020,discharge-high,76
b3c3,1035,discharge-high,76
b3c3,1038,discharge-high,76
b3c3,1039,discharge-high,76
b3c3,1040,discharge-high,76
b3c3,1041,discharge-high,76
b3c3,1042,discharge-high,76
b3c3,1043,discharge-high,76
b3c3,1044,discharge-high,76
b3c3,1046,discharge-high,76
b3c3,1048,discharge-high,76
b3c3,1049,discharge-high,76
b3c3,1050,discharge-high,76
b3c3,1051,discharge-high,76
b3c3,1052,discharge-high,76
b3c3,1053,discharge-high,76
b3c3,1054,discharge-high,76
b3c3,1055,discharge-high,76
b3c3,1056,discharge-high,76
b3c3,1057,discharge-high,75
b3c3,1058,discharge-high,75
b3c3,1059,discharge-high,76
b3c3,1060,discharge-high,75
b3c3,1061,discharge-high,76
b3c3,1062,discharge-high,76
b3c3,1063,discharge-high,76
b3c3,1064,discharge-high,76
b3c3,1065,discharge-high,76
b3c3,1066,discharge-high,76
b3c3,1067,discharge-high,76
b3c3,1068,discharge-high,76
b3c3,1069,discharge-high,76
b3c3,1070,discharge-high,76
b3c3,1071,discharge-high,75
b3c3,1072,discharge-high,75
b3c3,1073,discharge-high,76
b3c3,1074,discharge-high,75
b3c3,1075,discharge-high,75
b3c3,1076,discharge-high,75
b3c3,1077,discharge-high,75
b3c3,1078,discharge-high,75
b3c3,1079,discharge-high,75
b3c3,1080,discharge-high,75
b3c3,1081,discharge-high,76
b3c3,1082,discharge-high,76
b3c3,1083,discharge-high,75
b3c3,1084,discharge-high,75
b3c3,1085,discharge-high,75
b3c3,1086,discharge-high,75
b3c3,1087,discharge-high,76
b3c3,1088,discharge-high,75
b3c3,1089,discharge-high,75
b3c3,1090,discharge-high,75
b3c3,1091,discharge-high,75
b3c3,1092,discharge-high,75
b3c3,1093,discharge-high,75
b3c3,1094,discharge-high,75
b3c3,1095,discharge-high,75
b3c3,1096,discharge-high,75
b3c3,1097,discharge-high,75
b3c3,1098,discharge-high,75
b3c3,1099,discharge-high,75
b3c3,1100,discharge-high,75
b3c3,1101,discharge-high,75
b3c3,1102,discharge-high,75
b3c3,1103,discharge-high,75
b3c3,1104,discharge-high,75
b3c3,1105,discharge-high,75
b3c3,1106,discharge-high,75
b3c3,1107,discharge-high,75
b3c3,1108,discharge-high,75
b3c3,1109,discharge-high,76
b3c3,1110,discharge-high,75
b3c3,1111,discharge-high,76
b3c3,1112,discharge-high,75
b3c3,1113,discharge-high,75
b3c4,954,discharge-high,76
b3c4,958,discharge-high,76
b3c4,962,discharge-high,76
b3c4,963,discharge-high,76
b3c4,964,discharge-high,76
b3c4,965,discharge-high,76
b3c4,966,discharge-high,76
b3c4,967,discharge-high,76
b3c4,968,discharge-high,76
b3c4,969,discharge-high,76
b3c4,970,discharge-high,76
b3c4,972,discharge-high,76
b3c4,973,discharge-high,76
b3c4,976,discharge-high,75
b3c4,977,discharge-high,75
b3c4,978,discharge-high,76
b3c4,981,discharge-high,76
b3c4,982,discharge-high,76
b3c4,983,discharge-high,75
b3c4,984,discharge-high,76
b3c4,985,discharge-high,76
b3c4,986,discharge-high,76
b3c4,993,discharge-high,76
b3c4,996,discharge-high,76
b3c4,997,discharge-high,76
b3c4,998,discharge-high,76
b3c4,999,discharge-high,75
b3c5,751,discharge-high,76
b3c5,755,discharge-high,76
b3c5,759,discharge-high,76
b3c5,765,discharge-high,76
b3c5,767,discharge-high,76
b3c5,768,discharge-high,76
b3c5,773,discharge-high,75
b3c5,774,discharge-high,75
b3c5,775,discharge-high,76
b3c5,776,discharge-high,76
b3c5,777,discharge-high,76
b3c5,781,discharge-high,76
b3c5,782,discharge-high,76
b3c5,783,discharge-high,75
b3c5,784,discharge-high,75
b3c5,785,discharge-high,76
b3c5,792,discharge-high,76
b3c5,794,discharge-high,75
b3c5,795,discharge-high,75
b3c5,796,discharge-high,75
b3c5,797,discharge-high,75
b3c5,803,discharge-high,74
b3c5,804,discharge-high,75
b3c5,805,discharge-high,75
b3c5,807,discharge-high,75
b3c5,808,discharge-high,75
b3c5,812,discharge-high,75
b3c5,815,discharge-high,74
b3c5,816,discharge-high,75
b3c5,817,discharge-high,74
b3c5,818,discharge-high,75
b3c5,823,discharge-high,74
b3c5,824,discharge-high,73
b3c6,496,discharge-high,76
b3c6,500,discharge-high,76
b3c6,507,discharge-high,76
b3c6,512,discharge-high,76
b3c6,514,discharge-high,76
b3c6,515,discharge-high,76
b3c6,518,discharge-high,76
b3c6,520,discharge-high,76
b3c6,521,discharge-high,76
b3c6,522,discharge-high,76
b3c6,527,discharge-high,76
b3c6,529,discharge-high,76
b3c6,531,discharge-high,76
b3c6,533,discharge-high,76
b3c6,534,discharge-high,76
b3c6,535,discharge-high,76
b3c6,536,discharge-high,76
b3c6,537,discharge-high,76
b3c6,538,discharge-high,76
b3c6,539,discharge-high,76
b3c6,541,discharge-high,76
b3c6,542,discharge-high,76
b3c6,543,discharge-high,76
b3c6,544,discharge-high,76
b3c6,545,discharge-high,76
b3c6,546,discharge-high,76
b3c6,547,discharge-high,76
b3c6,548,discharge-high,76
b3c6,549,discharge-high,76
b3c6,551,discharge-high,76
b3c6,552,discharge-high,75
b3c6,553,discharge-high,76
b3c6,554,discharge-high,76
b3c6,555,discharge-high,76
b3c6,556,discharge-high,75
b3c6,557,discharge-high,75
b3c6,558,discharge-high,75
b3c6,559,discharge-high,76
b3c6,560,discharge-high,75
b3c6,561,discharge-high,76
b3c6,562,discharge-high,76
b3c6,563,discharge-high,75
b3c6,564,discharge-high,75
b3c6,565,discharge-high,74
b3c6,566,discharge-high,75
b3c6,567,discharge-high,76
b3c6,568,discharge-high,75
b3c6,569,discharge-high,75
b3c6,570,discharge-high,75
b3c6,571,discharge-high,74
b3c6,572,discharge-high,75
b3c6,573,discharge-high,76
b3c6,574,discharge-high,74
b3c6,575,discharge-high,75
b3c6,576,discharge-high,75
b3c6,577,discharge-high,76
b3c6,578,discharge-high,75
b3c6,579,discharge-high,76
b3c6,580,discharge-high,75
b3c6,581,discharge-high,75
b3c6,582,discharge-high,75
b3c6,583,discharge-high,75
b3c6,584,discharge-high,75
b3c6,585,discharge-high,75
b3c6,586,discharge-high,74
b3c6,587,discharge-high,74
b3c6,588,discharge-high,75
b3c6,589,discharge-high,75
b3c6,590,discharge-high,74
b3c6,591,discharge-high,74
b3c6,592,discharge-high,75
b3c6,593,discharge-high,75
b3c6,594,discharge-high,76
b3c6,595,discharge-high,75
b3c6,596,discharge-high,75
b3c6,597,discharge-high,75
b3c6,598,discharge-high,75
b3c6,599,discharge-high,74
b3c6,600,discharge-high,74
b3c6,601,discharge-high,75
b3c6,602,discharge-high,74
b3c6,603,discharge-high,75
b3c6,604,discharge-high,75
b3c6,605,discharge-high,75
b3c6,606,discharge-high,75
b3c6,607,discharge-high,74
b3c6,608,discharge-high,74
b3c6,609,discharge-high,74
b3c6,610,discharge-high,74
b3c6,611,discharge-high,75
b3c6,612,discharge-high,75
b3c6,613,discharge-high,74
b3c6,614,discharge-high,75
b3c6,615,discharge-high,74
b3c6,616,discharge-high,75
b3c6,617,discharge-high,74
b3c6,618,discharge-high,75
b3c6,619,discharge-high,75
b3c6,620,discharge-high,74
b3c6,621,discharge-high,74
b3c6,622,discharge-high,74
b3c6,623,discharge-high,74
b3c6,624,discharge-high,75
b3c6,625,discharge-high,74
b3c6,626,discharge-high,74
b3c6,627,discharge-high,75
b3c6,628,discharge-high,74
b3c6,629,discharge-high,74
b3c6,630,discharge-high,74
b3c6,631,discharge-high,74
b3c6,632,discharge-high,74
b3c6,633,discharge-high,74
b3c6,634,discharge-high,73
b3c6,635,discharge-high,74
b3c6,636,discharge-high,74
b3c6,637,discharge-high,74
b3c6,638,discharge-high,74
b3c6,639,discharge-high,74
b3c6,640,discharge-high,74
b3c6,641,discharge-high,74
b3c6,642,discharge-high,74
b3c6,643,discharge-high,74
b3c6,644,discharge-high,74
b3c6,645,discharge-high,74
b3c6,646,discharge-high,74
b3c6,647,discharge-high,73
b3c6,648,discharge-high,74
b3c6,649,discharge-high,74
b3c6,650,discharge-high,74
b3c6,651,discharge-high,74
b3c6,652,discharge-high,73
b3c6,653,discharge-high,73
b3c6,654,discharge-high,73
b3c6,655,discharge-high,73
b3c6,656,discharge-high,74
b3c6,657,discharge-high,74
b3c6,658,discharge-high,74
b3c6,659,discharge-high,73
b3c6,660,discharge-high,73
b3c6,661,discharge-high,73
b3c6,662,discharge-high,74
b3c6,663,discharge-high,74
b3c6,664,discharge-high,73
b3c6,665,discharge-high,74
b3c7,1791,discharge-high,76
b3c7,1794,discharge-high,76
b3c7,1800,discharge-high,76
b3c7,1806,discharge-high,76
b3c7,1809,discharge-high,76
b3c7,1812,discharge-high,76
b3c7,1814,discharge-high,76
b3c7,1815,discharge-high,76
b3c7,1818,discharge-high,76
b3c7,1820,discharge-high,76
b3c7,1823,discharge-high,76
b3c7,1824,discharge-high,76
b3c7,1825,discharge-high,76
b3c7,1826,discharge-high,76
b3c7,1829,discharge-high,76
b3c7,1832,discharge-high,76
b3c7,1833,discharge-high,76
b3c8,809,discharge-high,76
b3c8,810,discharge-high,75
b3c8,814,discharge-high,74
b3c8,815,discharge-high,74
b3c8,816,discharge-high,75
b3c8,820,discharge-high,74
b3c8,821,discharge-high,75
b3c8,822,discharge-high,75
b3c8,823,discharge-high,75
b3c8,824,discharge-high,75
b3c8,825,discharge-high,75
b3c10,1044,discharge-high,76
b3c10,1050,discharge-high,76
b3c10,1058,discharge-high,76
b3c10,1060,discharge-high,76
b3c10,1064,discharge-high,76
b3c10,1065,discharge-high,76
b3c10,1066,discharge-high,76
b3c10,1070,discharge-high,76
b3c10,1071,discharge-high,76
b3c10,1072,discharge-high,76
b3c10,1073,discharge-high,76
b3c10,1076,discharge-high,76
b3c11,751,discharge-high,76
b3c11,759,discharge-high,76
b3c11,760,discharge-high,76
b3c11,761,discharge-high,76
b3c11,766,discharge-high,76
b3c11,768,discharge-high,76
b3c11,769,discharge-high,76
b3c11,770,discharge-high,76
b3c11,771,discharge-high,76
b3c11,772,discharge-high,76
b3c11,773,discharge-high,76
b3c11,781,discharge-high,76
b3c11,782,discharge-high,76
b3c11,783,discharge-high,76
b3c13,747,discharge-high,76
b3c13,749,discharge-high,76
b3c13,754,discharge-high,76
b3c13,755,discharge-high,76
b3c13,756,discharge-high,76
b3c13,757,discharge-high,76
b3c13,760,discharge-high,76
b3c13,761,discharge-high,76
b3c13,763,discharge-high,76
b3c13,767,discharge-high,76
b3c13,768,discharge-high,76
b3c13,769,discharge-high,76
b3c13,770,discharge-high,76
b3c13,771,discharge-high,76
b3c13,772,discharge-high,76
b3c13,773,discharge-high,76
b3c13,774,discharge-high,75
b3c13,782,discharge-high,75
b3c13,783,discharge-high,76
b3c14,809,discharge-high,76
b3c14,812,discharge-high,76
b3c14,820,discharge-high,76
b3c14,828,discharge-high,76
b3c14,832,discharge-high,76
b3c14,837,discharge-high,76
b3c14,842,discharge-high,76
b3c14,843,discharge-high,76
b3c14,845,discharge-high,76
b3c14,846,discharge-high,76
b3c14,848,discharge-high,76
b3c14,849,discharge-high,76
b3c14,850,discharge-high,76
b3c14,851,discharge-high,76
b3c14,852,discharge-high,76
b3c14,853,discharge-high,76
b3c14,854,discharge-high,76
b3c14,855,discharge-high,76
b3c14,856,discharge-high,76
b3c15,813,discharge-high,76
b3c15,814,discharge-high,76
b3c15,824,discharge-high,76
b3c15,825,discharge-high,76
b3c15,826,discharge-high,76
b3c15,829,discharge-high,76
b3c15,830,discharge-high,76
b3c15,831,discharge-high,76
b3c15,832,discharge-high,76
b3c15,835,discharge-high,76
b3c15,872,discharge-high,76
b3c15,873,discharge-high,76
b3c15,874,discharge-high,76
b3c16,1501,discharge-high,76
b3c16,1505,discharge-high,76
b3c16,1511,discharge-high,76
b3c16,1512,discharge-high,76
b3c16,1514,discharge-high,76
b3c16,1516,discharge-high,76
b3c16,1517,discharge-high,76
b3c16,1518,discharge-high,76
b3c16,1519,discharge-high,76
b3c16,1521,discharge-high,76
b3c16,1522,discharge-high,76
b3c16,1523,discharge-high,76
b3c16,1524,discharge-high,76
b3c16,1525,discharge-high,76
b3c16,1526,discharge-high,76
b3c16,1527,discharge-high,76
b3c16,1528,discharge-high,76
b3c16,1530,discharge-high,76
b3c16,1531,discharge-high,76
b3c16,1532,discharge-high,76
b3c16,1533,discharge-high,76
b3c16,1534,discharge-high,76
b3c16,1535,discharge-high,76
b3c16,1536,discharge-high,76
b3c16,1537,discharge-high,76
b3c16,1538,discharge-high,76
b3c16,1539,discharge-high,76
b3c16,1540,discharge-high,76
b3c16,1541,discharge-high,76
b3c16,1542,discharge-high,76
b3c16,1543,discharge-high,76
b3c16,1544,discharge-high,76
b3c16,1545,discharge-high,76
b3c16,1546,discharge-high,76
b3c16,1547,discharge-high,76
b3c16,1548,discharge-high,76
b3c16,1549,discharge-high,76
b3c16,1550,discharge-high,76
b3c16,1551,discharge-high,76
b3c16,1552,discharge-high,76
b3c16,1553,discharge-high,76
b3c16,1554,discharge-high,76
b3c16,1555,discharge-high,76
b3c16,1556,discharge-high,76
b3c16,1557,discharge-high,76
b3c16,1558,discharge-high,76
b3c16,1559,discharge-high,76
b3c16,1560,discharge-high,76
b3c16,1561,discharge-high,76
b3c16,1562,discharge-high,76
b3c16,1563,discharge-high,76
b3c16,1564,discharge-high,76
b3c16,1565,discharge-high,76
b3c16,1566,discharge-high,76
b3c16,1567,discharge-high,76
b3c16,1568,discharge-high,76
b3c16,1569,discharge-high,76
b3c16,1570,discharge-high,76
b3c16,1571,discharge-high,76
b3c16,1572,discharge-high,76
b3c16,1573,discharge-high,76
b3c16,1574,discharge-high,75
b3c16,1575,discharge-high,75
b3c16,1576,discharge-high,75
b3c16,1577,discharge-high,75
b3c16,1578,discharge-high,75
b3c16,1579,discharge-high,75
b3c16,1580,discharge-high,76
b3c16,1581,discharge-high,75
b3c16,1582,discharge-high,75
b3c16,1583,discharge-high,75
b3c16,1584,discharge-high,75
b3c16,1585,discharge-high,75
b3c16,1586,discharge-high,75
b3c16,1587,discharge-high,75
b3c16,1588,discharge-high,75
b3c16,1589,discharge-high,75
b3c16,1590,discharge-high,75
b3c16,1591,discharge-high,75
b3c16,1592,discharge-high,75
b3c16,1593,discharge-high,75
b3c16,1594,discharge-high,75
b3c16,1595,discharge-high,75
b3c16,1596,discharge-high,75
b3c16,1597,discharge-high,75
b3c16,1598,discharge-high,75
b3c16,1599,discharge-high,75
b3c16,1600,discharge-high,75
b3c16,1601,discharge-high,75
b3c16,1602,discharge-high,75
b3c16,1603,discharge-high,75
b3c16,1604,discharge-high,75
b3c16,1605,discharge-high,75
b3c16,1606,discharge-high,75
b3c16,1607,discharge-high,75
b3c16,1608,discharge-high,75
b3c16,1609,discharge-high,75
b3c16,1610,discharge-high,75
b3c16,1611,discharge-high,75
b3c16,1612,discharge-high,75
b3c16,1613,discharge-high,75
b3c16,1614,discharge-high,75
b3c16,1615,discharge-high,75
b3c16,1616,discharge-high,75
b3c16,1617,discharge-high,75
b3c16,1618,discharge-high,75
b3c16,1619,discharge-high,75
b3c16,1620,discharge-high,75
b3c16,1621,discharge-high,75
b3c16,1622,discharge-high,75
b3c16,1623,discharge-high,74
b3c16,1624,discharge-high,75
b3c16,1625,discharge-high,74
b3c16,1626,discharge-high,75
b3c16,1627,discharge-high,75
b3c16,1628,discharge-high,74
b3c16,1629,discharge-high,74
b3c16,1630,discharge-high,74
b3c16,1631,discharge-high,74
b3c16,1632,discharge-high,75
b3c16,1633,discharge-high,74
b3c16,1634,discharge-high,74
b3c16,1635,discharge-high,74
b3c16,1636,discharge-high,75
b3c17,1207,discharge-high,76
b3c17,1209,discharge-high,76
b3c17,1212,discharge-high,76
b3c17,1213,discharge-high,76
b3c17,1214,discharge-high,76
b3c17,1216,discharge-high,76
b3c17,1218,discharge-high,76
b3c17,1219,discharge-high,76
b3c17,1220,discharge-high,76
b3c17,1221,discharge-high,76
b3c17,1223,discharge-high,76
b3c17,1224,discharge-high,76
b3c17,1225,discharge-high,76
b3c17,1226,discharge-high,76
b3c17,1228,discharge-high,76
b3c17,1229,discharge-high,76
b3c17,1231,discharge-high,76
b3c17,1232,discharge-high,76
b3c17,1233,discharge-high,76
b3c17,1234,discharge-high,76
b3c17,1235,discharge-high,76
b3c17,1236,discharge-high,76
b3c17,1237,discharge-high,76
b3c17,1238,discharge-high,76
b3c17,1239,discharge-high,76
b3c17,1242,discharge-high,76
b3c17,1245,discharge-high,76
b3c17,1246,discharge-high,76
b3c17,1247,discharge-high,76
b3c17,1249,discharge-high,76
b3c17,1251,discharge-high,76
b3c17,1252,discharge-high,76
b3c17,1264,discharge-high,76
b3c17,1267,discharge-high,76
b3c17,1269,discharge-high,75
b3c18,1003,discharge-high,76
b3c18,1017,discharge-high,76
b3c18,1028,discharge-high,76
b3c18,1035,discharge-high,76
b3c18,1036,discharge-high,76
b3c18,1040,discharge-high,76
b3c18,1045,discharge-high,76
b3c18,1046,discharge-high,76
b3c18,1050,discharge-high,76
b3c18,1051,discharge-high,76
b3c18,1053,discharge-high,76
b3c18,1054,discharge-high,76
b3c18,1055,discharge-high,76
b3c18,1056,discharge-high,76
b3c18,1057,discharge-high,76
b3c18,1059,discharge-high,76
b3c18,1060,discharge-high,76
b3c18,1061,discharge-high,75
b3c18,1062,discharge-high,76
b3c18,1063,discharge-high,76
b3c18,1064,discharge-high,76
b3c18,1065,discharge-high,75
b3c18,1066,discharge-high,76
b3c18,1067,discharge-high,76
b3c18,1068,discharge-high,75
b3c18,1069,discharge-high,76
b3c18,1078,discharge-high,75
b3c18,1081,discharge-high,75
b3c18,1082,discharge-high,76
b3c18,1083,discharge-high,75
b3c18,1084,discharge-high,76
b3c18,1103,discharge-high,75
b3c18,1109,discharge-high,75
b3c18,1126,discharge-high,75
b3c19,1035,discharge-high,76
b3c19,1042,discharge-high,76
b3c19,1048,discharge-high,76
b3c19,1050,discharge-high,76
b3c19,1055,discharge-high,76
b3c19,1058,discharge-high,76
b3c19,1059,discharge-high,76
b3c19,1064,discharge-high,76
b3c19,1068,discharge-high,76
b3c19,1070,discharge-high,76
b3c19,1073,discharge-high,76
b3c19,1076,discharge-high,76
b3c19,1077,discharge-high,76
b3c19,1078,discharge-high,76
b3c19,1079,discharge-high,76
b3c19,1080,discharge-high,76
b3c19,1081,discharge-high,76
b3c19,1082,discharge-high,76
b3c19,1083,discharge-high,76
b3c19,1084,discharge-high,76
b3c19,1085,discharge-high,76
b3c19,1086,discharge-high,76
b3c19,1087,discharge-high,75
b3c19,1088,discharge-high,76
b3c19,1089,discharge-high,76
b3c19,1090,discharge-high,76
b3c19,1091,discharge-high,76
b3c19,1092,discharge-high,76
b3c19,1093,discharge-high,76
b3c19,1094,discharge-high,76
b3c19,1095,discharge-high,76
b3c19,1096,discharge-high,76
b3c19,1097,discharge-high,76
b3c19,1098,discharge-high,76
b3c19,1099,discharge-high,75
b3c19,1100,discharge-high,75
b3c19,1101,discharge-high,76
b3c19,1102,discharge-high,76
b3c19,1103,discharge-high,75
b3c19,1104,discharge-high,75
b3c19,1105,discharge-high,76
b3c19,1106,discharge-high,75
b3c19,1107,discharge-high,75
b3c19,1108,discharge-high,76
b3c19,1109,discharge-high,75
b3c19,1110,discharge-high,75
b3c19,1111,discharge-high,75
b3c19,1112,discharge-high,75
b3c19,1113,discharge-high,75
b3c19,1114,discharge-high,75
b3c19,1115,discharge-high,76
b3c19,1116,discharge-high,75
b3c19,1117,discharge-high,75
b3c19,1118,discharge-high,76
b3c19,1119,discharge-high,75
b3c19,1120,discharge-high,75
b3c19,1121,discharge-high,75
b3c19,1122,discharge-high,75
b3c19,1123,discharge-high,75
b3c19,1124,discharge-high,75
b3c19,1125,discharge-high,75
b3c19,1126,discharge-high,75
b3c19,1127,discharge-high,75
b3c19,1128,discharge-high,75
b3c19,1129,discharge-high,75
b3c19,1130,discharge-high,75
b3c19,1131,discharge-high,75
b3c19,1132,discharge-high,75
b3c19,1133,discharge-high,75
b3c19,1134,discharge-high,75
b3c19,1135,discharge-high,75
b3c19,1136,discharge-high,75
b3c19,1137,discharge-high,74
b3c19,1138,discharge-high,74
b3c19,1139,discharge-high,75
b3c19,1140,discharge-high,75
b3c19,1141,discharge-high,75
b3c19,1142,discharge-high,74
b3c19,1143,discharge-high,74
b3c19,1144,discharge-high,74
b3c19,1145,discharge-high,75
b3c19,1146,discharge-high,75
b3c19,1147,discharge-high,74
b3c19,1148,discharge-high,75
b3c19,1149,discharge-high,74
b3c19,1150,discharge-high,74
b3c19,1151,discharge-high,74
b3c19,1152,discharge-high,74
b3c19,1153,discharge-high,75
b3c20,803,discharge-high,76
b3c20,805,discharge-high,76
b3c20,807,discharge-high,75
b3c20,808,discharge-high,75
b3c20,809,discharge-high,75
b3c20,810,discharge-high,75
b3c20,811,discharge-high,75
b3c21,635,discharge-high,76
b3c21,657,discharge-high,76
b3c21,658,discharge-high,76
b3c21,662,discharge-high,76
b3c21,665,discharge-high,76
b3c21,666,discharge-high,76
b3c21,668,discharge-high,76
b3c21,669,discharge-high,76
b3c21,670,discharge-high,76
b3c21,673,discharge-high,76
b3c21,674,discharge-high,76
b3c21,676,discharge-high,76
b3c21,677,discharge-high,76
b3c21,678,discharge-high,76
b3c21,679,discharge-high,76
b3c21,680,discharge-high,76
b3c21,681,discharge-high,76
b3c21,682,discharge-high,76
b3c21,683,discharge-high,76
b3c21,684,discharge-high,76
b3c21,685,discharge-high,76
b3c21,686,discharge-high,76
b3c21,687,discharge-high,76
b3c21,690,discharge-high,76
b3c21,691,discharge-high,76
b3c21,692,discharge-high,76
b3c21,693,discharge-high,76
b3c21,694,discharge-high,76
b3c21,695,discharge-high,76
b3c21,696,discharge-high,76
b3c21,697,discharge-high,76
b3c21,699,discharge-high,75
b3c21,700,discharge-high,76
b3c21,701,discharge-high,76
b3c21,702,discharge-high,75
b3c21,703,discharge-high,76
b3c21,704,discharge-high,75
b3c21,705,discharge-high,75
b3c21,706,discharge-high,75
b3c21,707,discharge-high,75
b3c21,708,discharge-high,75
b3c21,709,discharge-high,75
b3c21,710,discharge-high,76
b3c21,711,discharge-high,75
b3c21,712,discharge-high,76
b3c21,713,discharge-high,76
b3c21,714,discharge-high,75
b3c21,715,discharge-high,76
b3c21,716,discharge-high,76
b3c21,717,discharge-high,76
b3c21,718,discharge-high,75
b3c21,720,discharge-high,75
b3c21,721,discharge-high,76
b3c21,722,discharge-high,75
b3c21,723,discharge-high,75
b3c21,724,discharge-high,75
b3c21,725,discharge-high,75
b3c21,726,discharge-high,75
b3c21,727,discharge-high,75
b3c21,728,discharge-high,75
b3c21,729,discharge-high,75
b3c21,730,discharge-high,75
b3c21,731,discharge-high,75
b3c21,732,discharge-high,75
b3c21,733,discharge-high,75
b3c21,734,discharge-high,75
b3c21,735,discharge-high,75
b3c21,736,discharge-high,75
b3c21,737,discharge-high,75
b3c21,738,discharge-high,74
b3c21,739,discharge-high,75
b3c21,740,discharge-high,75
b3c21,741,discharge-high,75
b3c21,742,discharge-high,75
b3c21,743,discharge-high,75
b3c21,744,discharge-high,75
b3c21,745,discharge-high,75
b3c21,746,discharge-high,75
b3c21,747,discharge-high,75
b3c21,748,discharge-high,75
b3c21,749,discharge-high,76
b3c21,750,discharge-high,75
b3c21,751,discharge-high,75
b3c21,752,discharge-high,75
b3c21,753,discharge-high,75
b3c21,754,discharge-high,75
b3c21,755,discharge-high,76
b3c21,756,discharge-high,75
b3c21,757,discharge-high,75
b3c21,758,discharge-high,75
b3c21,759,discharge-high,75
b3c21,760,discharge-high,76
b3c21,761,discharge-high,75
b3c21,762,discharge-high,74
b3c21,763,discharge-high,75
b3c21,764,discharge-high,75
b3c21,765,discharge-high,74
b3c21,766,discharge-high,75
b3c21,767,discharge-high,74
b3c21,768,discharge-high,75
b3c21,769,discharge-high,74
b3c21,770,discharge-high,75
b3c22,956,discharge-high,76
b3c22,960,discharge-high,76
b3c22,962,discharge-high,76
b3c22,971,discharge-high,76
b3c22,976,discharge-high,76
b3c22,977,discharge-high,76
b3c22,979,discharge-high,76
b3c22,981,discharge-high,76
b3c22,983,discharge-high,76
b3c22,985,discharge-high,76
b3c22,986,discharge-high,76
b3c22,987,discharge-high,76
b3c22,988,discharge-high,76
b3c22,989,discharge-high,76
b3c22,990,discharge-high,76
b3c22,991,discharge-high,76
b3c22,992,discharge-high,75
b3c22,993,discharge-high,76
b3c22,994,discharge-high,76
b3c22,995,discharge-high,75
b3c22,996,discharge-high,76
b3c22,997,discharge-high,76
b3c22,998,discharge-high,76
b3c22,999,discharge-high,75
b3c24,817,discharge-high,75
b3c25,963,discharge-high,76
b3c25,965,discharge-high,76
b3c25,967,discharge-high,76
b3c25,971,discharge-high,76
b3c25,972,discharge-high,76
b3c25,974,discharge-high,76
b3c25,975,discharge-high,76
b3c25,976,discharge-high,76
b3c25,977,discharge-high,76
b3c25,978,discharge-high,76
b3c25,979,discharge-high,76
b3c25,980,discharge-high,76
b3c25,981,discharge-high,76
b3c25,982,discharge-high,76
b3c25,983,discharge-high,76
b3c25,984,discharge-high,76
b3c25,985,discharge-high,76
b3c25,986,discharge-high,76
b3c25,987,discharge-high,76
b3c26,980,discharge-high,76
b3c27,747,discharge-high,76
b3c27,778,discharge-high,76
b3c27,779,discharge-high,76
b3c27,780,discharge-high,76
b3c27,783,discharge-high,76
b3c27,785,discharge-high,76
b3c27,791,discharge-high,76
b3c27,793,discharge-high,76
b3c27,796,discharge-high,76
b3c27,801,discharge-high,76
b3c27,802,discharge-high,76
b3c27,803,discharge-high,76
b3c27,804,discharge-high,76
b3c27,805,discharge-high,76
b3c27,806,discharge-high,76
b3c27,807,discharge-high,76
b3c27,808,discharge-high,76
b3c27,809,discharge-high,76
b3c27,810,discharge-high,75
b3c27,811,discharge-high,75
b3c27,812,discharge-high,75
b3c27,813,discharge-high,75
b3c27,814,discharge-high,75
b3c27,815,discharge-high,75
b3c27,816,discharge-high,75
b3c27,817,discharge-high,75
b3c27,818,discharge-high,76
b3c27,819,discharge-high,76
b3c27,820,discharge-high,75
b3c27,821,discharge-high,75
b3c27,822,discharge-high,75
b3c27,823,discharge-high,76
b3c27,824,discharge-high,76
b3c27,825,discharge-high,75
b3c27,826,discharge-high,75
b3c27,827,discharge-high,75
b3c27,828,discharge-high,75
b3c27,829,discharge-high,75
b3c27,830,discharge-high,75
b3c27,832,discharge-high,75
b3c27,833,discharge-high,75
b3c27,834,discharge-high,75
b3c27,835,discharge-high,75
b3c27,836,discharge-high,75
b3c27,837,discharge-high,75
b3c27,838,discharge-high,75
b3c27,839,discharge-high,74
b3c27,840,discharge-high,74
b3c27,842,discharge-high,75
b3c27,843,discharge-high,74
b3c27,844,discharge-high,74
b3c27,845,discharge-high,74
b3c27,846,discharge-high,74
b3c27,847,discharge-high,74
b3c27,848,discharge-high,74
b3c28,417,discharge-high,76
b3c28,427,discharge-high,76
b3c28,428,discharge-high,76
b3c28,430,discharge-high,76
b3c28,432,discharge-high,76
b3c28,435,discharge-high,76
b3c28,436,discharge-high,76
b3c28,437,discharge-high,76
b3c28,438,discharge-high,76
b3c28,439,discharge-high,76
b3c28,440,discharge-high,76
b3c28,442,discharge-high,76
b3c28,444,discharge-high,76
b3c28,445,discharge-high,76
b3c28,446,discharge-high,76
b3c28,447,discharge-high,76
b3c28,448,discharge-high,76
b3c28,449,discharge-high,76
b3c28,450,discharge-high,76
b3c28,452,discharge-high,76
b3c28,453,discharge-high,76
b3c28,454,discharge-high,76
b3c28,456,discharge-high,76
b3c28,457,discharge-high,76
b3c28,458,discharge-high,76
b3c28,460,discharge-high,76
b3c28,461,discharge-high,76
b3c28,462,discharge-high,76
b3c28,463,discharge-high,76
b3c28,464,discharge-high,76
b3c28,465,discharge-high,76
b3c28,466,discharge-high,76
b3c28,467,discharge-high,75
b3c28,468,discharge-high,75
b3c28,469,discharge-high,76
b3c28,470,discharge-high,76
b3c28,471,discharge-high,75
b3c28,472,discharge-high,76
b3c28,473,discharge-high,76
b3c28,474,discharge-high,76
b3c28,475,discharge-high,76
b3c28,476,discharge-high,76
b3c28,477,discharge-high,76
b3c28,478,discharge-high,76
b3c28,479,discharge-high,75
b3c28,480,discharge-high,76
b3c28,481,discharge-high,76
b3c28,482,discharge-high,76
b3c28,483,discharge-high,75
b3c28,484,discharge-high,76
b3c28,485,discharge-high,76
b3c28,486,discharge-high,76
b3c28,487,discharge-high,75
b3c28,488,discharge-high,74
b3c28,489,discharge-high,75
b3c28,490,discharge-high,75
b3c28,491,discharge-high,75
b3c28,492,discharge-high,75
b3c28,493,discharge-high,75
b3c28,494,discharge-high,75
b3c28,495,discharge-high,70
b3c28,496,discharge-high,75
b3c28,497,discharge-high,75
b3c28,498,discharge-high,76
b3c28,499,discharge-high,75
b3c28,500,discharge-high,75
b3c28,501,discharge-high,74
b3c28,502,discharge-high,75
b3c28,503,discharge-high,74
b3c28,504,discharge-high,75
b3c28,505,discharge-high,75
b3c28,506,discharge-high,75
b3c28,507,discharge-high,75
b3c28,508,discharge-high,74
b3c28,509,discharge-high,75
b3c28,510,discharge-high,74
b3c28,511,discharge-high,75
b3c28,512,discharge-high,75
b3c28,513,discharge-high,75
b3c28,514,discharge-high,74
b3c28,515,discharge-high,74
b3c28,516,discharge-high,74
b3c28,517,discharge-high,74
b3c28,518,discharge-high,75
b3c28,519,discharge-high,75
b3c28,520,discharge-high,75
b3c28,521,discharge-high,74
b3c28,522,discharge-high,74
b3c28,523,discharge-high,74
b3c28,524,discharge-high,74
b3c28,525,discharge-high,74
b3c28,526,discharge-high,74
b3c28,527,discharge-high,74
b3c28,528,discharge-high,73
b3c28,529,discharge-high,74
b3c28,530,discharge-high,74
b3c28,531,discharge-high,74
b3c28,532,discharge-high,74
b3c28,533,discharge-high,74
b3c28,534,discharge-high,74
b3c28,535,discharge-high,74
b3c28,536,discharge-high,74
b3c28,537,discharge-high,74
b3c28,538,discharge-high,74
b3c28,539,discharge-high,74
b3c29,786,discharge-high,76
b3c29,799,discharge-high,76
b3c29,800,discharge-high,76
b3c29,801,discharge-high,76
b3c29,802,discharge-high,76
b3c29,803,discharge-high,76
b3c29,804,discharge-high,76
b3c29,805,discharge-high,76
b3c29,810,discharge-high,76
b3c29,814,discharge-high,76
b3c29,815,discharge-high,76
b3c29,816,discharge-high,76
b3c29,817,discharge-high,76
b3c30,898,discharge-high,76
b3c30,899,discharge-high,76
b3c30,901,discharge-high,76
b3c30,905,discharge-high,76
b3c30,906,discharge-high,76
b3c30,907,discharge-high,76
b3c30,909,discharge-high,76
b3c30,911,discharge-high,76
b3c30,912,discharge-high,76
b3c30,913,discharge-high,76
b3c30,914,discharge-high,76
b3c30,915,discharge-high,76
b3c30,916,discharge-high,76
b3c30,917,discharge-high,76
b3c30,918,discharge-high,76
b3c30,920,discharge-high,76
b3c30,921,discharge-high,76
b3c30,922,discharge-high,75
b3c30,923,discharge-high,76
b3c30,924,discharge-high,76
b3c30,925,discharge-high,76
b3c30,926,discharge-high,75
b3c30,927,discharge-high,75
b3c30,928,discharge-high,75
b3c30,929,discharge-high,76
b3c30,930,discharge-high,76
b3c30,931,discharge-high,76
b3c30,932,discharge-high,75
b3c30,933,discharge-high,76
b3c31,670,discharge-high,76
b3c31,691,discharge-high,76
b3c31,701,discharge-high,76
b3c31,703,discharge-high,76
b3c31,704,discharge-high,76
b3c31,705,discharge-high,76
b3c31,706,discharge-high,76
b3c31,707,discharge-high,76
b3c31,708,discharge-high,76
b3c31,709,discharge-high,76
b3c31,710,discharge-high,76
b3c31,711,discharge-high,76
b3c31,712,discharge-high,76
b3c31,713,discharge-high,76
b3c31,714,discharge-high,75
b3c31,715,discharge-high,76
b3c31,716,discharge-high,76
b3c31,717,discharge-high,76
b3c31,718,discharge-high,76
b3c31,719,discharge-high,76
b3c31,720,discharge-high,76
b3c34,1038,discharge-high,76
b3c34,1040,discharge-high,76
b3c34,1045,discharge-high,76
b3c34,1047,discharge-high,76
b3c34,1050,discharge-high,76
b3c34,1052,discharge-high,76
b3c34,1053,discharge-high,76
b3c34,1054,discharge-high,76
b3c34,1055,discharge-high,76
b3c34,1057,discharge-high,76
b3c34,1058,discharge-high,76
b3c34,1059,discharge-high,76
b3c34,1060,discharge-high,76
b3c34,1061,discharge-high,76
b3c34,1062,discharge-high,76
b3c34,1063,discharge-high,76
b3c34,1064,discharge-high,76
b3c34,1065,discharge-high,76
b3c34,1067,discharge-high,76
b3c34,1068,discharge-high,76
b3c34,1069,discharge-high,76
b3c34,1070,discharge-high,76
b3c34,1071,discharge-high,76
b3c34,1072,discharge-high,76
b3c34,1073,discharge-high,76
b3c34,1075,discharge-high,76
b3c34,1077,discharge-high,75
b3c34,1078,discharge-high,76
b3c34,1079,discharge-high,76
b3c34,1080,discharge-high,75
b3c34,1081,discharge-high,76
b3c34,1082,discharge-high,76
b3c34,1083,discharge-high,75
b3c34,1084,discharge-high,76
b3c34,1085,discharge-high,75
b3c34,1086,discharge-high,76
b3c34,1087,discharge-high,75
b3c34,1088,discharge-high,75
b3c34,1090,discharge-high,76
b3c34,1091,discharge-high,75
b3c34,1092,discharge-high,75
b3c34,1095,discharge-high,75
b3c34,1096,discharge-high,75
b3c34,1098,discharge-high,75
b3c34,1099,discharge-high,75
b3c34,1100,discharge-high,76
b3c34,1101,discharge-high,75
b3c34,1112,discharge-high,76
b3c34,1116,discharge-high,75
b3c34,1126,discharge-high,75
b3c34,1154,discharge-high,74
b3c34,1155,discharge-high,75
b3c34,1156,discharge-high,74
b3c35,940,discharge-high,76
b3c35,944,discharge-high,76
b3c35,983,discharge-high,75
b3c35,985,discharge-high,76
b3c35,996,discharge-high,76
b3c35,997,discharge-high,76
b3c35,998,discharge-high,76
b3c35,999,discharge-high,76
b3c35,1001,discharge-high,76
b3c35,1002,discharge-high,76
b3c35,1003,discharge-high,76
b3c35,1004,discharge-high,76
b3c35,1005,discharge-high,76
b3c35,1006,discharge-high,75
b3c35,1007,discharge-high,75
b3c35,1008,discharge-high,75
b3c35,1009,discharge-high,76
b3c35,1010,discharge-high,76
b3c35,1011,discharge-high,76
b3c35,1012,discharge-high,76
b3c35,1013,discharge-high,76
b3c35,1014,discharge-high,76
b3c35,1015,discharge-high,76
b3c35,1016,discharge-high,76
b3c35,1017,discharge-high,76
b3c35,1018,discharge-high,76
b3c35,1019,discharge-high,76
b3c35,1030,discharge-high,76
b3c35,1031,discharge-high,76
b3c35,1032,discharge-high,76
b3c35,1033,discharge-high,76
b3c35,1034,discharge-high,75
b3c35,1035,discharge-high,76
b3c36,877,discharge-high,76
b3c36,896,discharge-high,75
b3c36,900,discharge-high,76
b3c37,12,discharge-high,3139
b3c37,14,discharge-high,129
b3c37,60,discharge-high,2834
b3c37,356,discharge-high,349
b3c37,366,discharge-high,4392
b3c37,595,discharge-high,1961
b3c37,610,discharge-high,1947
b3c37,629,discharge-high,4631
b3c37,1058,discharge-high,2152
b3c37,1170,discharge-high,148
b3c37,1267,discharge-high,76
b3c37,1275,discharge-high,76
b3c37,1276,discharge-high,76
b3c37,1281,discharge-high,76
b3c37,1283,discharge-high,76
b3c37,1284,discharge-high,76
b3c37,1285,discharge-high,76
b3c37,1286,discharge-high,76
b3c37,1287,discharge-high,76
b3c37,1289,discharge-high,76
b3c37,1292,discharge-high,76
b3c37,1293,discharge-high,76
b3c37,1294,discharge-high,76
b3c37,1295,discharge-high,76
b3c37,1296,discharge-high,76
b3c37,1297,discharge-high,76
b3c37,1298,discharge-high,76
b3c37,1299,discharge-high,76
b3c37,1300,discharge-high,76
b3c37,1301,discharge-high,76
b3c37,1302,discharge-high,76
b3c37,1303,discharge-high,76
b3c37,1304,discharge-high,76
b3c37,1305,discharge-high,76
b3c37,1306,discharge-high,76
b3c37,1307,discharge-high,76
b3c37,1308,discharge-high,75
b3c37,1309,discharge-high,76
b3c37,1310,discharge-high,76
b3c37,1311,discharge-high,76
b3c37,1312,discharge-high,76
b3c37,1313,discharge-high,76
b3c37,1314,discharge-high,76
b3c37,1315,discharge-high,76
b3c37,1316,discharge-high,75
b3c37,1317,discharge-high,76
b3c37,1318,discharge-high,76
b3c37,1319,discharge-high,75
b3c37,1320,discharge-high,76
b3c37,1321,discharge-high,76
b3c37,1322,discharge-high,75
b3c37,1323,discharge-high,75
b3c37,1324,discharge-high,76
b3c37,1325,discharge-high,76
b3c37,1326,discharge-high,76
b3c37,1327,discharge-high,75
b3c37,1328,discharge-high,75
b3c37,1329,discharge-high,75
b3c37,1330,discharge-high,75
b3c37,1331,discharge-high,75
b3c37,1332,discharge-high,75
b3c37,1333,discharge-high,75
b3c37,1334,discharge-high,75
b3c37,1335,discharge-high,75
b3c37,1336,discharge-high,74
b3c37,1337,discharge-high,75
b3c37,1338,discharge-high,75
b3c37,1339,discharge-high,75
b3c37,1340,discharge-high,75
b3c37,1341,discharge-high,75
b3c37,1342,discharge-high,75
b3c37,1343,discharge-high,75
b3c37,1344,discharge-high,74
b3c37,1345,discharge-high,75
b3c37,1346,discharge-high,75
b3c37,1347,discharge-high,75
b3c37,1348,discharge-high,75
b3c37,1349,discharge-high,75
b3c37,1350,discharge-high,75
b3c37,1351,discharge-high,75
b3c37,1352,discharge-high,75
b3c37,1353,discharge-high,75
b3c37,1354,discharge-high,74
b3c37,1355,discharge-high,75
b3c37,1356,discharge-high,75
b3c37,1357,discharge-high,75
b3c37,1358,discharge-high,75
b3c37,1359,discharge-high,74
b3c37,1360,discharge-high,74
b3c37,1361,discharge-high,75
b3c37,1362,discharge-high,74
b3c37,1363,discharge-high,74
b3c37,1364,discharge-high,74
b3c37,1365,discharge-high,74
b3c37,1366,discharge-high,74
b3c37,1367,discharge-high,74
b3c37,1368,discharge-high,74
b3c37,1369,discharge-high,74
b3c37,1370,discharge-high,74
b3c37,1371,discharge-high,74
b3c37,1372,discharge-high,74
b3c37,1373,discharge-high,74
b3c37,1374,discharge-high,74
b3c37,1375,discharge-high,74
b3c37,1376,discharge-high,74
b3c37,1377,discharge-high,74
b3c37,1378,discharge-high,74
b3c37,1379,discharge-high,74
b3c37,1380,discharge-high,74
b3c37,1381,discharge-high,74
b3c37,1382,discharge-high,74
b3c37,1383,discharge-high,74
b3c37,1384,discharge-high,74
b3c37,1385,discharge-high,74
b3c37,1386,discharge-high,74
b3c37,1387,discharge-high,74
b3c37,1388,discharge-high,73
b3c39,923,discharge-high,76
b3c39,1078,discharge-high,76
b3c39,1080,discharge-high,76
b3c39,1087,discharge-high,76
b3c39,1090,discharge-high,76
b3c39,1091,discharge-high,76
b3c39,1092,discharge-high,76
b3c39,1093,discharge-high,76
b3c39,1094,discharge-high,76
b3c39,1095,discharge-high,76
b3c39,1098,discharge-high,76
b3c39,1099,discharge-high,76
b3c39,1100,discharge-high,76
b3c39,1101,discharge-high,76
b3c39,1102,discharge-high,76
b3c39,1103,discharge-high,76
b3c39,1105,discharge-high,76
b3c39,1106,discharge-high,76
b3c39,1107,discharge-high,76
b3c39,1108,discharge-high,76
b3c39,1109,discharge-high,76
b3c39,1110,discharge-high,76
b3c39,1111,discharge-high,76
b3c39,1112,discharge-high,76
b3c39,1114,discharge-high,75
b3c39,1117,discharge-high,76
b3c39,1118,discharge-high,76
b3c39,1120,discharge-high,75
b3c39,1121,discharge-high,76
b3c39,1126,discharge-high,75
b3c39,1128,discharge-high,75
b3c39,1141,discharge-high,74
b3c39,1142,discharge-high,75
b3c39,1143,discharge-high,75
b3c39,1144,discharge-high,75
b3c39,1145,discharge-high,75
b3c39,1148,discharge-high,74
b3c39,1149,discharge-high,74
b3c39,1150,discharge-high,75
b3c39,1151,discharge-high,75
b3c39,1153,discharge-high,74
b3c39,1154,discharge-high,74
b3c40,732,discharge-high,76
b3c40,738,discharge-high,76
b3c40,741,discharge-high,76
b3c40,742,discharge-high,76
b3c40,743,discharge-high,76
b3c40,745,discharge-high,76
b3c40,746,discharge-high,76
b3c40,748,discharge-high,76
b3c40,749,discharge-high,76
b3c40,750,discharge-high,76
b3c40,751,discharge-high,76
b3c40,752,discharge-high,76
b3c40,753,discharge-high,76
b3c40,754,discharge-high,76
b3c40,762,discharge-high,76
b3c40,763,discharge-high,75
b3c41,758,discharge-high,76
b3c41,767,discharge-high,75
b3c42,1618,discharge-high,76
b3c42,1625,discharge-high,76
b3c42,1627,discharge-high,76
b3c42,1628,discharge-high,76
b3c42,1629,discharge-high,76
b3c42,1630,discharge-high,76
b3c42,1631,discharge-high,76
b3c42,1632,discharge-high,76
b3c42,1634,discharge-high,76
b3c42,1639,discharge-high,76
b3c44,921,discharge-high,76
b3c44,922,discharge-high,76
b3c44,924,discharge-high,76
b3c44,925,discharge-high,76
b3c44,927,discharge-high,76
b3c44,930,discharge-high,76
b3c44,931,discharge-high,76
b3c44,932,discharge-high,76
b3c44,933,discharge-high,76
b3c44,934,discharge-high,75
b3c44,935,discharge-high,76
b3c44,936,discharge-high,75
b3c44,937,discharge-high,76
b3c44,938,discharge-high,76
b3c45,1717,discharge-high,76
b3c45,1726,discharge-high,76
b3c45,1728,discharge-high,76
b3c45,1733,discharge-high,76
b3c45,1735,discharge-high,76
b3c45,1737,discharge-high,76
b3c45,1741,discharge-high,76
b3c45,1743,discharge-high,76
b3c45,1746,discharge-high,76
b3c45,1747,discharge-high,76
b3c45,1748,discharge-high,76
b3c45,1750,discharge-high,76
b3c45,1752,discharge-high,76
b3c45,1754,discharge-high,76
b3c45,1756,discharge-high,76
b3c45,1757,discharge-high,76
b3c45,1758,discharge-high,76
b3c45,1759,discharge-high,76
b3c45,1761,discharge-high,76
b3c45,1762,discharge-high,76
b3c45,1763,discharge-high,76
b3c45,1764,discharge-high,76
b3c45,1765,discharge-high,76
b3c45,1766,discharge-high,76
b3c45,1767,discharge-high,76
b3c45,1768,discharge-high,76
b3c45,1769,discharge-high,76
b3c45,1770,discharge-high,76
b3c45,1771,discharge-high,76
b3c45,1772,discharge-high,76
b3c45,1773,discharge-high,76
b3c45,1774,discharge-high,76
b3c45,1775,discharge-high,76
b3c45,1776,discharge-high,76
b3c45,1777,discharge-high,76
b3c45,1778,discharge-high,76
b3c45,1779,discharge-high,76
b3c45,1780,discharge-high,76
b3c45,1781,discharge-high,76
b3c45,1782,discharge-high,76
b3c45,1783,discharge-high,76
b3c45,1784,discharge-high,76
b3c45,1785,discharge-high,76
b3c45,1786,discharge-high,76
b3c45,1787,discharge-high,76
b3c45,1788,discharge-high,76
b3c45,1789,discharge-high,76
b3c45,1790,discharge-high,76
b3c45,1791,discharge-high,76
b3c45,1792,discharge-high,76
b3c45,1793,discharge-high,76
b3c45,1794,discharge-high,75
b3c45,1795,discharge-high,76
b3c45,1796,discharge-high,76
b3c45,1798,discharge-high,76
b3c45,1799,discharge-high,76
b1c0,38,discharge-mid,105
b1c0,55,discharge-mid,106
b1c0,161,discharge-mid,105
b1c0,179,discharge-mid,105
b1c0,202,discharge-mid,107
b1c0,214,discharge-mid,111
b1c0,222,discharge-mid,105
b1c0,235,discharge-mid,107
b1c0,275,discharge-mid,111
b1c0,302,discharge-mid,106
b1c0,332,discharge-mid,106
b1c0,348,discharge-mid,105
b1c0,443,discharge-mid,106
b1c0,461,discharge-mid,106
b1c0,468,discharge-mid,105
b1c0,484,discharge-mid,105
b1c0,501,discharge-mid,105
b1c0,531,discharge-mid,109
b1c0,548,discharge-mid,107
b1c0,606,discharge-mid,108
b1c0,628,discharge-mid,105
b1c0,651,discharge-mid,112
b1c0,863,discharge-mid,106
b1c0,869,discharge-mid,109
b1c0,1114,discharge-mid,109
b1c1,4,discharge-mid,107
b1c1,26,discharge-mid,105
b1c1,39,discharge-mid,105
b1c1,78,discharge-mid,110
b1c1,81,discharge-mid,107
b1c1,151,discharge-mid,106
b1c1,165,discharge-mid,107
b1c1,206,discharge-mid,108
b1c1,215,discharge-mid,112
b1c1,218,discharge-mid,106
b1c1,252,discharge-mid,108
b1c1,291,discharge-mid,105
b1c1,365,discharge-mid,105
b1c1,384,discharge-mid,107
b1c1,438,discharge-mid,105
b1c1,453,discharge-mid,108
b1c1,486,discharge-mid,106
b1c1,507,discharge-mid,105
b1c1,629,discharge-mid,107
b1c1,632,discharge-mid,105
b1c1,689,discharge-mid,106
b1c1,732,discharge-mid,107
b1c1,744,discharge-mid,105
b1c1,921,discharge-mid,105
b1c1,999,discharge-mid,107
b1c1,1032,discharge-mid,108
b1c2,2,discharge-mid,105
b1c2,19,discharge-mid,108
b1c2,23,discharge-mid,106
b1c2,37,discharge-mid,106
b1c2,57,discharge-mid,107
b1c2,60,discharge-mid,107
b1c2,66,discharge-mid,107
b1c2,93,discharge-mid,106
b1c2,110,discharge-mid,105
b1c2,126,discharge-mid,105
b1c2,129,discharge-mid,105
b1c2,140,discharge-mid,107
b1c2,147,discharge-mid,107
b1c2,164,discharge-mid,109
b1c2,199,discharge-mid,106
b1c2,209,discharge-mid,105
b1c2,220,discharge-mid,105
b1c2,227,discharge-mid,106
b1c2,230,discharge-mid,105
b1c2,241,discharge-mid,105
b1c2,247,discharge-mid,105
b1c2,269,discharge-mid,107
b1c2,276,discharge-mid,105
b1c2,291,discharge-mid,108
b1c2,296,discharge-mid,107
b1c2,310,discharge-mid,107
b1c2,318,discharge-mid,108
b1c2,325,discharge-mid,108
b1c2,336,discharge-mid,106
b1c2,348,discharge-mid,108
b1c2,356,discharge-mid,105
b1c2,367,discharge-mid,106
b1c2,368,discharge-mid,107
b1c2,371,discharge-mid,105
b1c2,401,discharge-mid,106
b1c2,423,discharge-mid,106
b1c2,428,discharge-mid,110
b1c2,448,discharge-mid,105
b1c2,467,discharge-mid,107
b1c2,471,discharge-mid,107
b1c2,498,discharge-mid,105
b1c2,514,discharge-mid,110
b1c2,557,discharge-mid,109
b1c2,586,discharge-mid,109
b1c2,593,discharge-mid,107
b1c2,603,discharge-mid,111
b1c2,605,discharge-mid,109
b1c2,626,discharge-mid,105
b1c2,638,discharge-mid,106
b1c2,742,discharge-mid,107
b1c2,751,discharge-mid,107
b1c2,758,discharge-mid,107
b1c2,785,discharge-mid,106
b1c2,846,discharge-mid,105
b1c2,901,discharge-mid,107
b1c2,914,discharge-mid,105
b1c2,961,discharge-mid,109
b1c2,1032,discharge-mid,105
b1c2,1043,discharge-mid,115
b1c2,1052,discharge-mid,106
b1c2,1073,discharge-mid,108
b1c2,1140,discharge-mid,107
b1c2,1141,discharge-mid,108
b1c2,1159,discharge-mid,106
b1c2,1570,discharge-mid,108
b1c2,1708,discharge-mid,105
b1c3,4,discharge-mid,106
b1c3,9,discharge-mid,106
b1c3,21,discharge-mid,110
b1c3,28,discharge-mid,107
b1c3,36,discharge-mid,106
b1c3,51,discharge-mid,107
b1c3,54,discharge-mid,105
b1c3,83,discharge-mid,105
b1c3,94,discharge-mid,105
b1c3,106,discharge-mid,107
b1c3,179,discharge-mid,106
b1c3,198,discharge-mid,105
b1c3,199,discharge-mid,108
b1c3,245,discharge-mid,106
b1c3,266,discharge-mid,106
b1c3,314,discharge-mid,107
b1c3,341,discharge-mid,105
b1c3,346,discharge-mid,109
b1c3,384,discharge-mid,109
b1c3,420,discharge-mid,107
b1c3,422,discharge-mid,109
b1c3,430,discharge-mid,105
b1c3,444,discharge-mid,105
b1c3,508,discharge-mid,107
b1c3,564,discharge-mid,108
b1c3,575,discharge-mid,105
b1c3,651,discharge-mid,105
b1c3,713,discharge-mid,105
b1c3,714,discharge-mid,107
b1c3,720,discharge-mid,105
b1c3,743,discharge-mid,105
b1c3,744,discharge-mid,105
b1c3,822,discharge-mid,106
b1c4,29,discharge-mid,110
b1c4,52,discharge-mid,105
b1c4,61,discharge-mid,108
b1c4,103,discharge-mid,105
b1c4,107,discharge-mid,105
b1c4,108,discharge-mid,105
b1c4,130,discharge-mid,108
b1c4,133,discharge-mid,105
b1c4,167,discharge-mid,107
b1c4,169,discharge-mid,105
b1c4,208,discharge-mid,108
b1c4,210,discharge-mid,106
b1c4,217,discharge-mid,109
b1c4,259,discharge-mid,107
b1c4,321,discharge-mid,105
b1c4,336,discharge-mid,107
b1c4,408,discharge-mid,109
b1c4,420,discharge-mid,107
b1c4,440,discharge-mid,106
b1c4,460,discharge-mid,110
b1c4,476,discharge-mid,110
b1c4,486,discharge-mid,105
b1c4,567,discharge-mid,105
b1c4,650,discharge-mid,108
b1c4,721,discharge-mid,107
b1c4,750,discharge-mid,105
b1c4,804,discharge-mid,106
b1c4,947,discharge-mid,105
b1c4,1113,discharge-mid,108
b1c5,16,discharge-mid,105
b1c5,32,discharge-mid,106
b1c5,39,discharge-mid,108
b1c5,49,discharge-mid,106
b1c5,52,discharge-mid,105
b1c5,54,discharge-mid,108
b1c5,62,discharge-mid,105
b1c5,63,discharge-mid,106
b1c5,65,discharge-mid,105
b1c5,67,discharge-mid,105
b1c5,68,discharge-mid,109
b1c5,94,discharge-mid,105
b1c5,98,discharge-mid,108
b1c5,119,discharge-mid,108
b1c5,123,discharge-mid,107
b1c5,126,discharge-mid,107
b1c5,168,discharge-mid,107
b1c5,173,discharge-mid,105
b1c5,196,discharge-mid,105
b1c5,201,discharge-mid,108
b1c5,222,discharge-mid,106
b1c5,226,discharge-mid,108
b1c5,256,discharge-mid,110
b1c5,304,discharge-mid,105
b1c5,305,discharge-mid,107
b1c5,369,discharge-mid,110
b1c5,374,discharge-mid,105
b1c5,375,discharge-mid,105
b1c5,396,discharge-mid,108
b1c5,415,discharge-mid,106
b1c5,473,discharge-mid,106
b1c5,475,discharge-mid,106
b1c5,476,discharge-mid,106
b1c5,509,discharge-mid,107
b1c5,559,discharge-mid,105
b1c5,689,discharge-mid,108
b1c5,719,discharge-mid,105
b1c5,745,discharge-mid,106
b1c6,4,discharge-mid,107
b1c6,9,discharge-mid,106
b1c6,16,discharge-mid,106
b1c6,23,discharge-mid,105
b1c6,42,discharge-mid,107
b1c6,59,discharge-mid,108
b1c6,65,discharge-mid,107
b1c6,75,discharge-mid,107
b1c6,81,discharge-mid,109
b1c6,107,discharge-mid,105
b1c6,124,discharge-mid,109
b1c6,176,discharge-mid,108
b1c6,205,discharge-mid,106
b1c6,246,discharge-mid,110
b1c6,287,discharge-mid,105
b1c6,299,discharge-mid,106
b1c6,336,discharge-mid,110
b1c6,354,discharge-mid,106
b1c7,17,discharge-mid,106
b1c7,26,discharge-mid,107
b1c7,38,discharge-mid,107
b1c7,41,discharge-mid,106
b1c7,46,discharge-mid,106
b1c7,51,discharge-mid,105
b1c7,57,discharge-mid,105
b1c7,76,discharge-mid,110
b1c7,85,discharge-mid,105
b1c7,93,discharge-mid,105
b1c7,105,discharge-mid,110
b1c7,112,discharge-mid,108
b1c7,119,discharge-mid,106
b1c7,122,discharge-mid,105
b1c7,150,discharge-mid,106
b1c7,188,discharge-mid,105
b1c7,191,discharge-mid,106
b1c7,192,discharge-mid,110
b1c7,200,discharge-mid,106
b1c7,206,discharge-mid,105
b1c7,213,discharge-mid,105
b1c7,226,discharge-mid,105
b1c7,240,discharge-mid,112
b1c7,244,discharge-mid,109
b1c7,249,discharge-mid,107
b1c7,255,discharge-mid,105
b1c7,258,discharge-mid,112
b1c7,270,discharge-mid,105
b1c7,283,discharge-mid,106
b1c7,291,discharge-mid,105
b1c7,301,discharge-mid,108
b1c7,325,discharge-mid,106
b1c7,368,discharge-mid,108
b1c7,393,discharge-mid,105
b1c7,409,discharge-mid,105
b1c7,446,discharge-mid,105
b1c7,465,discharge-mid,105
b1c7,472,discharge-mid,105
b1c7,473,discharge-mid,105
b1c7,476,discharge-mid,105
b1c7,524,discharge-mid,105
b1c7,539,discharge-mid,107
b1c7,639,discharge-mid,106
b1c8,21,discharge-mid,106
b1c8,25,discharge-mid,109
b1c8,30,discharge-mid,112
b1c8,43,discharge-mid,105
b1c8,45,discharge-mid,109
b1c8,46,discharge-mid,108
b1c8,54,discharge-mid,105
b1c8,60,discharge-mid,106
b1c8,72,discharge-mid,106
b1c8,73,discharge-mid,105
b1c8,75,discharge-mid,108
b1c8,76,discharge-mid,110
b1c8,80,discharge-mid,108
b1c8,90,discharge-mid,105
b1c8,93,discharge-mid,106
b1c8,98,discharge-mid,107
b1c8,123,discharge-mid,106
b1c8,133,discharge-mid,105
b1c8,138,discharge-mid,112
b1c8,140,discharge-mid,106
b1c8,162,discharge-mid,114
b1c8,175,discharge-mid,105
b1c8,176,discharge-mid,110
b1c8,181,discharge-mid,105
b1c8,186,discharge-mid,105
b1c8,188,discharge-mid,110
b1c8,190,discharge-mid,107
b1c8,191,discharge-mid,109
b1c8,201,discharge-mid,106
b1c8,206,discharge-mid,106
b1c8,214,discharge-mid,105
b1c8,216,discharge-mid,106
b1c8,233,discharge-mid,112
b1c8,237,discharge-mid,109
b1c8,244,discharge-mid,105
b1c8,256,discharge-mid,106
b1c8,257,discharge-mid,107
b1c8,263,discharge-mid,108
b1c8,265,discharge-mid,105
b1c8,283,discharge-mid,107
b1c8,304,discharge-mid,108
b1c8,305,discharge-mid,108
b1c8,327,discharge-mid,108
b1c8,339,discharge-mid,105
b1c8,368,discharge-mid,106
b1c8,373,discharge-mid,107
b1c8,375,discharge-mid,107
b1c8,376,discharge-mid,107
b1c8,387,discharge-mid,106
b1c8,396,discharge-mid,113
b1c8,402,discharge-mid,107
b1c8,408,discharge-mid,107
b1c8,411,discharge-mid,109
b1c8,412,discharge-mid,106
b1c8,415,discharge-mid,106
b1c8,424,discharge-mid,105
b1c8,427,discharge-mid,105
b1c8,430,discharge-mid,105
b1c8,431,discharge-mid,106
b1c8,435,discharge-mid,105
b1c8,440,discharge-mid,108
b1c8,448,discharge-mid,107
b1c8,496,discharge-mid,105
b1c8,502,discharge-mid,105
b1c8,506,discharge-mid,107
b1c8,635,discharge-mid,105
b1c8,643,discharge-mid,105
b1c8,856,discharge-mid,105
b1c9,23,discharge-mid,105
b1c9,39,discharge-mid,105
b1c9,51,discharge-mid,105
b1c9,53,discharge-mid,108
b1c9,60,discharge-mid,107
b1c9,81,discharge-mid,106
b1c9,86,discharge-mid,105
b1c9,87,discharge-mid,109
b1c9,107,discharge-mid,105
b1c9,109,discharge-mid,110
b1c9,114,discharge-mid,105
b1c9,134,discharge-mid,105
b1c9,136,discharge-mid,105
b1c9,140,discharge-mid,105
b1c9,161,discharge-mid,108
b1c9,176,discharge-mid,105
b1c9,213,discharge-mid,105
b1c9,224,discharge-mid,106
b1c9,228,discharge-mid,108
b1c9,230,discharge-mid,105
b1c9,232,discharge-mid,107
b1c9,293,discharge-mid,105
b1c9,326,discharge-mid,105
b1c9,327,discharge-mid,109
b1c9,330,discharge-mid,106
b1c9,333,discharge-mid,106
b1c9,340,discharge-mid,107
b1c9,344,discharge-mid,105
b1c9,396,discharge-mid,105
b1c9,441,discharge-mid,107
b1c9,472,discharge-mid,106
b1c9,473,discharge-mid,105
b1c9,475,discharge-mid,105
b1c9,477,discharge-mid,106
b1c9,511,discharge-mid,105
b1c9,688,discharge-mid,105
b1c10,4,discharge-mid,105
b1c10,5,discharge-mid,106
b1c10,7,discharge-mid,109
b1c10,18,discharge-mid,105
b1c10,24,discharge-mid,109
b1c10,35,discharge-mid,105
b1c10,38,discharge-mid,105
b1c10,44,discharge-mid,105
b1c10,46,discharge-mid,107
b1c10,50,discharge-mid,105
b1c10,56,discharge-mid,107
b1c10,60,discharge-mid,105
b1c10,68,discharge-mid,107
b1c10,72,discharge-mid,111
b1c10,75,discharge-mid,105
b1c10,92,discharge-mid,107
b1c10,97,discharge-mid,106
b1c10,105,discharge-mid,108
b1c10,137,discharge-mid,105
b1c10,141,discharge-mid,105
b1c10,148,discharge-mid,106
b1c10,150,discharge-mid,106
b1c10,177,discharge-mid,106
b1c10,180,discharge-mid,105
b1c10,182,discharge-mid,105
b1c10,198,discharge-mid,105
b1c10,200,discharge-mid,107
b1c10,231,discharge-mid,105
b1c10,233,discharge-mid,108
b1c10,235,discharge-mid,108
b1c10,245,discharge-mid,109
b1c10,246,discharge-mid,105
b1c10,247,discharge-mid,108
b1c10,271,discharge-mid,105
b1c10,275,discharge-mid,105
b1c10,318,discharge-mid,105
b1c10,345,discharge-mid,106
b1c10,357,discharge-mid,105
b1c10,439,discharge-mid,106
b1c10,509,discharge-mid,107
b1c10,643,discharge-mid,105
b1c10,689,discharge-mid,105
b1c11,26,discharge-mid,106
b1c11,34,discharge-mid,107
b1c11,69,discharge-mid,105
b1c11,173,discharge-mid,105
b1c11,176,discharge-mid,107
b1c11,201,discharge-mid,106
b1c11,204,discharge-mid,111
b1c11,217,discharge-mid,106
b1c11,266,discharge-mid,106
b1c11,373,discharge-mid,105
b1c11,542,discharge-mid,106
b1c12,9,discharge-mid,105
b1c12,34,discharge-mid,105
b1c12,37,discharge-mid,110
b1c12,56,discharge-mid,106
b1c12,61,discharge-mid,105
b1c12,86,discharge-mid,106
b1c12,87,discharge-mid,106
b1c12,90,discharge-mid,109
b1c12,92,discharge-mid,106
b1c12,94,discharge-mid,107
b1c12,96,discharge-mid,107
b1c12,98,discharge-mid,105
b1c12,101,discharge-mid,106
b1c12,139,discharge-mid,105
b1c12,149,discharge-mid,106
b1c12,160,discharge-mid,105
b1c12,168,discharge-mid,107
b1c12,189,discharge-mid,108
b1c12,193,discharge-mid,106
b1c12,195,discharge-mid,105
b1c12,210,discharge-mid,107
b1c12,212,discharge-mid,108
b1c12,213,discharge-mid,106
b1c12,232,discharge-mid,106
b1c12,233,discharge-mid,109
b1c12,256,discharge-mid,105
b1c12,257,discharge-mid,105
b1c12,284,discharge-mid,105
b1c12,287,discharge-mid,108
b1c12,297,discharge-mid,108
b1c12,304,discharge-mid,105
b1c12,332,discharge-mid,105
b1c12,333,discharge-mid,107
b1c12,351,discharge-mid,110
b1c12,376,discharge-mid,106
b1c12,389,discharge-mid,108
b1c12,432,discharge-mid,107
b1c12,452,discharge-mid,105
b1c12,488,discharge-mid,107
b1c12,490,discharge-mid,105
b1c12,534,discharge-mid,105
b1c12,542,discharge-mid,105
b1c12,549,discharge-mid,106
b1c13,36,discharge-mid,105
b1c13,39,discharge-mid,105
b1c13,43,discharge-mid,106
b1c13,51,discharge-mid,106
b1c13,62,discharge-mid,109
b1c13,79,discharge-mid,105
b1c13,82,discharge-mid,105
b1c13,83,discharge-mid,110
b1c13,87,discharge-mid,105
b1c13,88,discharge-mid,111
b1c13,128,discharge-mid,105
b1c13,132,discharge-mid,105
b1c13,142,discharge-mid,107
b1c13,145,discharge-mid,105
b1c13,149,discharge-mid,105
b1c13,162,discharge-mid,106
b1c13,166,discharge-mid,108
b1c13,187,discharge-mid,105
b1c13,190,discharge-mid,106
b1c13,215,discharge-mid,105
b1c13,218,discharge-mid,109
b1c13,225,discharge-mid,105
b1c13,235,discharge-mid,106
b1c13,315,discharge-mid,107
b1c13,372,discharge-mid,106
b1c13,373,discharge-mid,105
b1c13,419,discharge-mid,105
b1c13,438,discharge-mid,105
b1c13,440,discharge-mid,105
b1c13,445,discharge-mid,106
b1c13,463,discharge-mid,105
b1c13,495,discharge-mid,106
b1c13,558,discharge-mid,106
b1c13,570,discharge-mid,105
b1c14,39,discharge-mid,105
b1c14,45,discharge-mid,106
b1c14,95,discharge-mid,107
b1c14,129,discharge-mid,110
b1c14,132,discharge-mid,111
b1c14,143,discharge-mid,106
b1c14,151,discharge-mid,108
b1c14,175,discharge-mid,107
b1c14,188,discharge-mid,105
b1c14,196,discharge-mid,109
b1c14,211,discharge-mid,106
b1c14,218,discharge-mid,106
b1c14,261,discharge-mid,109
b1c14,263,discharge-mid,107
b1c14,280,discharge-mid,106
b1c14,291,discharge-mid,105
b1c14,316,discharge-mid,105
b1c14,386,discharge-mid,106
b1c14,476,discharge-mid,105
b1c14,497,discharge-mid,105
b1c15,7,discharge-mid,108
b1c15,92,discharge-mid,105
b1c15,93,discharge-mid,105
b1c15,95,discharge-mid,105
b1c15,103,discharge-mid,105
b1c15,118,discharge-mid,105
b1c15,171,discharge-mid,107
b1c15,224,discharge-mid,105
b1c16,6,discharge-mid,109
b1c16,23,discharge-mid,105
b1c16,49,discharge-mid,105
b1c16,57,discharge-mid,107
b1c16,58,discharge-mid,105
b1c16,72,discharge-mid,107
b1c16,94,discharge-mid,105
b1c16,103,discharge-mid,111
b1c16,128,discharge-mid,108
b1c16,137,discharge-mid,106
b1c16,155,discharge-mid,106
b1c16,214,discharge-mid,105
b1c16,215,discharge-mid,107
b1c16,216,discharge-mid,105
b1c16,220,discharge-mid,107
b1c16,243,discharge-mid,106
b1c16,289,discharge-mid,105
b1c16,295,discharge-mid,105
b1c16,298,discharge-mid,106
b1c16,310,discharge-mid,105
b1c16,319,discharge-mid,110
b1c16,320,discharge-mid,107
b1c16,323,discharge-mid,105
b1c16,347,discharge-mid,107
b1c16,351,discharge-mid,105
b1c16,360,discharge-mid,107
b1c16,383,discharge-mid,106
b1c16,387,discharge-mid,105
b1c16,406,discharge-mid,105
b1c16,473,discharge-mid,106
b1c16,520,discharge-mid,105
b1c16,550,discharge-mid,112
b1c16,612,discharge-mid,105
b1c16,644,discharge-mid,105
b1c17,3,discharge-mid,105
b1c17,23,discharge-mid,105
b1c17,44,discharge-mid,106
b1c17,61,discharge-mid,105
b1c17,67,discharge-mid,108
b1c17,71,discharge-mid,105
b1c17,72,discharge-mid,108
b1c17,76,discharge-mid,105
b1c17,109,discharge-mid,105
b1c17,114,discharge-mid,105
b1c17,118,discharge-mid,106
b1c17,158,discharge-mid,108
b1c17,216,discharge-mid,110
b1c17,245,discharge-mid,105
b1c17,267,discharge-mid,107
b1c17,357,discharge-mid,105
b1c17,389,discharge-mid,113
b1c17,397,discharge-mid,108
b1c17,406,discharge-mid,112
b1c17,425,discharge-mid,105
b1c17,435,discharge-mid,110
b1c17,452,discharge-mid,106
b1c17,526,discharge-mid,105
b1c17,616,discharge-mid,105
b1c18,12,discharge-mid,110
b1c18,16,discharge-mid,108
b1c18,18,discharge-mid,105
b1c18,94,discharge-mid,106
b1c18,103,discharge-mid,107
b1c18,123,discharge-mid,107
b1c18,146,discharge-mid,107
b1c18,201,discharge-mid,105
b1c18,249,discharge-mid,108
b1c18,261,discharge-mid,105
b1c18,298,discharge-mid,112
b1c19,15,discharge-mid,110
b1c19,16,discharge-mid,106
b1c19,30,discharge-mid,105
b1c19,61,discharge-mid,105
b1c19,73,discharge-mid,106
b1c19,91,discharge-mid,105
b1c19,92,discharge-mid,106
b1c19,94,discharge-mid,106
b1c19,103,discharge-mid,110
b1c19,110,discharge-mid,108
b1c19,125,discharge-mid,109
b1c19,137,discharge-mid,107
b1c19,143,discharge-mid,108
b1c19,145,discharge-mid,105
b1c19,147,discharge-mid,109
b1c19,149,discharge-mid,106
b1c19,159,discharge-mid,108
b1c19,164,discharge-mid,106
b1c19,167,discharge-mid,105
b1c19,177,discharge-mid,106
b1c19,185,discharge-mid,106
b1c19,218,discharge-mid,105
b1c19,269,discharge-mid,105
b1c19,312,discharge-mid,107
b1c19,331,discharge-mid,107
b1c19,333,discharge-mid,106
b1c19,344,discharge-mid,110
b1c19,379,discharge-mid,105
b1c19,385,discharge-mid,108
b1c19,412,discharge-mid,108
b1c19,422,discharge-mid,105
b1c19,424,discharge-mid,107
b1c19,485,discharge-mid,105
b1c19,521,discharge-mid,108
b1c20,4,discharge-mid,105
b1c20,9,discharge-mid,106
b1c20,14,discharge-mid,105
b1c20,16,discharge-mid,106
b1c20,27,discharge-mid,105
b1c20,28,discharge-mid,107
b1c20,30,discharge-mid,110
b1c20,40,discharge-mid,106
b1c20,41,discharge-mid,106
b1c20,43,discharge-mid,107
b1c20,49,discharge-mid,105
b1c20,51,discharge-mid,105
b1c20,52,discharge-mid,110
b1c20,58,discharge-mid,105
b1c20,67,discharge-mid,111
b1c20,71,discharge-mid,110
b1c20,72,discharge-mid,106
b1c20,78,discharge-mid,108
b1c20,90,discharge-mid,106
b1c20,108,discharge-mid,107
b1c20,119,discharge-mid,106
b1c20,155,discharge-mid,105
b1c20,171,discharge-mid,105
b1c20,229,discharge-mid,105
b1c21,8,discharge-mid,105
b1c21,80,discharge-mid,106
b1c21,88,discharge-mid,107
b1c21,96,discharge-mid,105
b1c21,136,discharge-mid,105
b1c21,158,discharge-mid,107
b1c22,4,discharge-mid,106
b1c22,10,discharge-mid,105
b1c22,17,discharge-mid,108
b1c22,24,discharge-mid,106
b1c22,26,discharge-mid,105
b1c22,28,discharge-mid,106
b1c22,33,discharge-mid,106
b1c22,35,discharge-mid,106
b1c22,39,discharge-mid,109
b1c22,45,discharge-mid,106
b1c22,46,discharge-mid,107
b1c22,47,discharge-mid,107
b1c22,58,discharge-mid,105
b1c22,79,discharge-mid,106
b1c22,84,discharge-mid,111
b1c22,149,discharge-mid,107
b1c22,158,discharge-mid,107
b1c22,163,discharge-mid,109
b1c22,165,discharge-mid,105
b1c22,172,discharge-mid,110
b1c22,197,discharge-mid,106
b1c22,200,discharge-mid,107
b1c22,205,discharge-mid,107
b1c22,227,discharge-mid,107
b1c22,234,discharge-mid,105
b1c22,252,discharge-mid,105
b1c22,263,discharge-mid,107
b1c22,294,discharge-mid,106
b1c22,297,discharge-mid,105
b1c22,300,discharge-mid,108
b1c22,314,discharge-mid,105
b1c22,332,discharge-mid,105
b1c22,345,discharge-mid,105
b1c22,376,discharge-mid,109
b1c22,384,discharge-mid,113
b1c22,408,discharge-mid,105
b1c22,494,discharge-mid,105
b1c22,588,discharge-mid,107
b1c22,591,discharge-mid,106
b1c22,648,discharge-mid,105
b1c23,4,discharge-mid,111
b1c23,7,discharge-mid,105
b1c23,18,discharge-mid,107
b1c23,32,discharge-mid,105
b1c23,44,discharge-mid,111
b1c23,47,discharge-mid,105
b1c23,60,discharge-mid,108
b1c23,61,discharge-mid,106
b1c23,76,discharge-mid,105
b1c23,92,discharge-mid,105
b1c23,93,discharge-mid,105
b1c23,94,discharge-mid,108
b1c23,162,discharge-mid,108
b1c23,164,discharge-mid,105
b1c23,168,discharge-mid,108
b1c23,179,discharge-mid,106
b1c23,186,discharge-mid,108
b1c23,194,discharge-mid,108
b1c23,199,discharge-mid,108
b1c23,210,discharge-mid,107
b1c23,212,discharge-mid,108
b1c23,213,discharge-mid,107
b1c23,224,discharge-mid,108
b1c23,259,discharge-mid,106
b1c23,268,discharge-mid,105
b1c23,353,discharge-mid,105
b1c23,382,discharge-mid,112
b1c23,384,discharge-mid,106
b1c23,391,discharge-mid,105
b1c23,405,discharge-mid,105
b1c23,424,discharge-mid,111
b1c23,426,discharge-mid,105
b1c23,427,discharge-mid,109
b1c23,430,discharge-mid,105
b1c23,494,discharge-mid,106
b1c23,558,discharge-mid,108
b1c23,608,discharge-mid,107
b1c23,711,discharge-mid,108
b1c24,10,discharge-mid,105
b1c24,11,discharge-mid,105
b1c24,15,discharge-mid,105
b1c24,35,discharge-mid,109
b1c24,39,discharge-mid,105
b1c24,58,discharge-mid,107
b1c24,66,discharge-mid,109
b1c24,76,discharge-mid,107
b1c24,77,discharge-mid,106
b1c24,133,discharge-mid,105
b1c24,135,discharge-mid,106
b1c24,137,discharge-mid,105
b1c24,149,discharge-mid,106
b1c24,166,discharge-mid,105
b1c24,190,discharge-mid,108
b1c24,191,discharge-mid,105
b1c24,209,discharge-mid,106
b1c24,252,discharge-mid,107
b1c24,267,discharge-mid,106
b1c24,268,discharge-mid,108
b1c24,309,discharge-mid,105
b1c24,356,discharge-mid,107
b1c24,357,discharge-mid,107
b1c24,400,discharge-mid,107
b1c24,405,discharge-mid,106
b1c24,412,discharge-mid,106
b1c24,464,discharge-mid,108
b1c24,487,discharge-mid,107
b1c24,531,discharge-mid,107
b1c24,533,discharge-mid,108
b1c24,569,discharge-mid,105
b1c24,596,discharge-mid,108
b1c24,694,discharge-mid,107
b1c24,749,discharge-mid,106
b1c25,53,discharge-mid,108
b1c25,104,discharge-mid,105
b1c25,111,discharge-mid,106
b1c25,112,discharge-mid,106
b1c25,151,discharge-mid,106
b1c25,228,discharge-mid,106
b1c25,247,discharge-mid,105
b1c25,265,discharge-mid,105
b1c25,349,discharge-mid,106
b1c25,350,discharge-mid,108
b1c25,427,discharge-mid,110
b1c25,435,discharge-mid,106
b1c25,452,discharge-mid,106
b1c25,463,discharge-mid,106
b1c26,4,discharge-mid,105
b1c26,28,discharge-mid,106
b1c26,44,discharge-mid,105
b1c26,66,discharge-mid,105
b1c26,68,discharge-mid,107
b1c26,70,discharge-mid,107
b1c26,95,discharge-mid,107
b1c26,119,discharge-mid,105
b1c26,145,discharge-mid,112
b1c26,153,discharge-mid,105
b1c26,183,discharge-mid,110
b1c26,219,discharge-mid,105
b1c26,259,discharge-mid,107
b1c26,267,discharge-mid,105
b1c26,277,discharge-mid,105
b1c26,297,discharge-mid,105
b1c26,306,discharge-mid,106
b1c26,321,discharge-mid,106
b1c26,333,discharge-mid,105
b1c26,398,discharge-mid,107
b1c26,403,discharge-mid,105
b1c26,405,discharge-mid,112
b1c26,412,discharge-mid,105
b1c26,540,discharge-mid,109
b1c27,2,discharge-mid,108
b1c27,6,discharge-mid,106
b1c27,10,discharge-mid,106
b1c27,13,discharge-mid,105
b1c27,32,discharge-mid,107
b1c27,88,discharge-mid,105
b1c27,100,discharge-mid,105
b1c27,103,discharge-mid,105
b1c27,105,discharge-mid,107
b1c27,122,discharge-mid,107
b1c27,124,discharge-mid,106
b1c27,127,discharge-mid,107
b1c27,142,discharge-mid,109
b1c27,157,discharge-mid,106
b1c27,172,discharge-mid,105
b1c27,199,discharge-mid,108
b1c27,200,discharge-mid,107
b1c27,233,discharge-mid,107
b1c27,237,discharge-mid,110
b1c27,246,discharge-mid,105
b1c27,270,discharge-mid,108
b1c27,288,discharge-mid,105
b1c27,301,discharge-mid,105
b1c27,324,discharge-mid,106
b1c27,327,discharge-mid,108
b1c27,362,discharge-mid,111
b1c27,369,discharge-mid,109
b1c27,374,discharge-mid,105
b1c27,500,discharge-mid,106
b1c28,8,discharge-mid,105
b1c28,15,discharge-mid,105
b1c28,27,discharge-mid,105
b1c28,39,discharge-mid,110
b1c28,53,discharge-mid,105
b1c28,64,discharge-mid,105
b1c28,69,discharge-mid,106
b1c28,73,discharge-mid,105
b1c28,78,discharge-mid,105
b1c28,102,discharge-mid,110
b1c28,116,discharge-mid,106
b1c28,131,discharge-mid,106
b1c28,136,discharge-mid,105
b1c28,152,discharge-mid,108
b1c28,157,discharge-mid,106
b1c28,164,discharge-mid,105
b1c28,167,discharge-mid,106
b1c28,172,discharge-mid,105
b1c28,184,discharge-mid,108
b1c28,237,discharge-mid,106
b1c28,256,discharge-mid,109
b1c28,261,discharge-mid,107
b1c28,262,discharge-mid,105
b1c28,278,discharge-mid,107
b1c28,314,discharge-mid,105
b1c28,337,discharge-mid,106
b1c28,348,discharge-mid,105
b1c28,352,discharge-mid,105
b1c28,354,discharge-mid,106
b1c28,363,discharge-mid,106
b1c28,367,discharge-mid,107
b1c28,403,discharge-mid,106
b1c28,439,discharge-mid,106
b1c28,440,discharge-mid,105
b1c28,445,discharge-mid,105
b1c28,509,discharge-mid,107
b1c29,5,discharge-mid,111
b1c29,7,discharge-mid,107
b1c29,26,discharge-mid,106
b1c29,42,discharge-mid,105
b1c29,62,discharge-mid,105
b1c29,113,discharge-mid,105
b1c29,121,discharge-mid,106
b1c29,171,discharge-mid,107
b1c29,173,discharge-mid,109
b1c29,176,discharge-mid,105
b1c29,209,discharge-mid,105
b1c29,214,discharge-mid,112
b1c29,226,discharge-mid,105
b1c29,299,discharge-mid,108
b1c29,317,discharge-mid,105
b1c29,349,discharge-mid,107
b1c29,355,discharge-mid,105
b1c29,383,discharge-mid,105
b1c29,384,discharge-mid,109
b1c29,401,discharge-mid,110
b1c30,46,discharge-mid,106
b1c30,56,discharge-mid,108
b1c30,61,discharge-mid,109
b1c30,88,discharge-mid,106
b1c30,95,discharge-mid,107
b1c30,109,discharge-mid,106
b1c30,120,discharge-mid,105
b1c30,141,discharge-mid,105
b1c30,190,discharge-mid,106
b1c30,196,discharge-mid,105
b1c30,245,discharge-mid,105
b1c30,246,discharge-mid,105
b1c30,248,discharge-mid,108
b1c30,296,discharge-mid,109
b1c30,331,discharge-mid,109
b1c30,351,discharge-mid,106
b1c30,433,discharge-mid,105
b1c30,465,discharge-mid,105
b1c31,2,discharge-mid,107
b1c31,6,discharge-mid,110
b1c31,7,discharge-mid,105
b1c31,10,discharge-mid,108
b1c31,19,discharge-mid,105
b1c31,22,discharge-mid,106
b1c31,27,discharge-mid,105
b1c31,28,discharge-mid,105
b1c31,40,discharge-mid,106
b1c31,45,discharge-mid,107
b1c31,66,discharge-mid,107
b1c31,74,discharge-mid,106
b1c31,81,discharge-mid,105
b1c31,93,discharge-mid,108
b1c31,101,discharge-mid,105
b1c31,106,discharge-mid,105
b1c31,111,discharge-mid,107
b1c31,131,discharge-mid,106
b1c31,135,discharge-mid,106
b1c31,171,discharge-mid,106
b1c31,193,discharge-mid,105
b1c31,197,discharge-mid,113
b1c31,212,discharge-mid,105
b1c31,221,discharge-mid,105
b1c31,249,discharge-mid,105
b1c31,278,discharge-mid,105
b1c31,297,discharge-mid,106
b1c31,299,discharge-mid,109
b1c31,304,discharge-mid,105
b1c31,314,discharge-mid,105
b1c31,334,discharge-mid,110
b1c31,351,discharge-mid,106
b1c31,353,discharge-mid,107
b1c31,375,discharge-mid,107
b1c31,393,discharge-mid,108
b1c31,533,discharge-mid,106
b1c31,556,discharge-mid,108
b1c31,577,discharge-mid,106
b1c32,3,discharge-mid,106
b1c32,5,discharge-mid,106
b1c32,18,discharge-mid,107
b1c32,21,discharge-mid,107
b1c32,26,discharge-mid,108
b1c32,27,discharge-mid,105
b1c32,53,discharge-mid,105
b1c32,59,discharge-mid,106
b1c32,79,discharge-mid,107
b1c32,87,discharge-mid,106
b1c32,109,discharge-mid,108
b1c32,114,discharge-mid,106
b1c32,136,discharge-mid,105
b1c32,156,discharge-mid,105
b1c32,177,discharge-mid,106
b1c32,185,discharge-mid,108
b1c32,186,discharge-mid,105
b1c32,219,discharge-mid,106
b1c32,222,discharge-mid,106
b1c32,251,discharge-mid,107
b1c32,290,discharge-mid,107
b1c32,384,discharge-mid,106
b1c32,463,discharge-mid,105
b1c32,564,discharge-mid,107
b1c33,2,discharge-mid,107
b1c33,10,discharge-mid,106
b1c33,12,discharge-mid,105
b1c33,14,discharge-mid,107
b1c33,16,discharge-mid,107
b1c33,20,discharge-mid,109
b1c33,27,discharge-mid,106
b1c33,54,discharge-mid,110
b1c33,56,discharge-mid,109
b1c33,62,discharge-mid,107
b1c33,84,discharge-mid,106
b1c33,91,discharge-mid,107
b1c33,98,discharge-mid,105
b1c33,105,discharge-mid,106
b1c33,108,discharge-mid,108
b1c33,131,discharge-mid,105
b1c33,132,discharge-mid,106
b1c33,148,discharge-mid,108
b1c33,160,discharge-mid,107
b1c33,171,discharge-mid,105
b1c33,188,discharge-mid,107
b1c33,189,discharge-mid,106
b1c33,192,discharge-mid,115
b1c33,204,discharge-mid,106
b1c33,207,discharge-mid,110
b1c33,209,discharge-mid,105
b1c33,211,discharge-mid,106
b1c33,224,discharge-mid,105
b1c33,229,discharge-mid,105
b1c33,232,discharge-mid,107
b1c33,254,discharge-mid,106
b1c33,257,discharge-mid,105
b1c33,283,discharge-mid,106
b1c33,302,discharge-mid,111
b1c33,317,discharge-mid,106
b1c33,348,discharge-mid,105
b1c33,359,discharge-mid,106
b1c33,385,discharge-mid,106
b1c33,393,discharge-mid,106
b1c33,422,discharge-mid,105
b1c33,468,discharge-mid,105
b1c33,469,discharge-mid,105
b1c34,8,discharge-mid,105
b1c34,14,discharge-mid,105
b1c34,18,discharge-mid,106
b1c34,41,discharge-mid,108
b1c34,61,discharge-mid,105
b1c34,91,discharge-mid,106
b1c34,92,discharge-mid,106
b1c34,111,discharge-mid,108
b1c34,118,discharge-mid,105
b1c34,122,discharge-mid,105
b1c34,141,discharge-mid,106
b1c34,144,discharge-mid,108
b1c34,164,discharge-mid,108
b1c34,166,discharge-mid,105
b1c34,177,discharge-mid,105
b1c34,181,discharge-mid,105
b1c34,182,discharge-mid,108
b1c34,188,discharge-mid,109
b1c34,200,discharge-mid,105
b1c34,213,discharge-mid,105
b1c34,214,discharge-mid,105
b1c34,240,discharge-mid,105
b1c34,255,discharge-mid,105
b1c34,321,discharge-mid,107
b1c34,377,discharge-mid,105
b1c34,453,discharge-mid,109
b1c34,481,discharge-mid,108
b1c35,6,discharge-mid,107
b1c35,51,discharge-mid,106
b1c35,76,discharge-mid,107
b1c35,126,discharge-mid,107
b1c35,154,discharge-mid,105
b1c35,167,discharge-mid,105
b1c35,185,discharge-mid,106
b1c35,203,discharge-mid,107
b1c35,229,discharge-mid,107
b1c35,238,discharge-mid,107
b1c35,326,discharge-mid,105
b1c35,363,discharge-mid,105
b1c35,390,discharge-mid,108
b1c35,402,discharge-mid,105
b1c36,32,discharge-mid,109
b1c36,34,discharge-mid,106
b1c36,37,discharge-mid,106
b1c36,45,discharge-mid,106
b1c36,50,discharge-mid,107
b1c36,56,discharge-mid,107
b1c36,65,discharge-mid,106
b1c36,71,discharge-mid,105
b1c36,81,discharge-mid,106
b1c36,103,discharge-mid,106
b1c36,131,discharge-mid,108
b1c36,137,discharge-mid,107
b1c36,145,discharge-mid,105
b1c36,150,discharge-mid,105
b1c36,185,discharge-mid,112
b1c36,187,discharge-mid,105
b1c36,212,discharge-mid,107
b1c36,220,discharge-mid,107
b1c36,222,discharge-mid,106
b1c36,267,discharge-mid,106
b1c36,270,discharge-mid,107
b1c36,335,discharge-mid,106
b1c36,365,discharge-mid,105
b1c36,463,discharge-mid,108
b1c37,2,discharge-mid,109
b1c37,17,discharge-mid,105
b1c37,48,discharge-mid,107
b1c37,63,discharge-mid,111
b1c37,73,discharge-mid,106
b1c37,74,discharge-mid,105
b1c37,84,discharge-mid,105
b1c37,111,discharge-mid,107
b1c37,121,discharge-mid,106
b1c37,124,discharge-mid,105
b1c37,128,discharge-mid,106
b1c37,198,discharge-mid,106
b1c37,226,discharge-mid,109
b1c37,240,discharge-mid,106
b1c37,250,discharge-mid,106
b1c37,260,discharge-mid,105
b1c37,332,discharge-mid,105
b1c37,483,discharge-mid,107
b1c38,2,discharge-mid,105
b1c38,14,discharge-mid,107
b1c38,15,discharge-mid,106
b1c38,41,discharge-mid,111
b1c38,56,discharge-mid,105
b1c38,83,discharge-mid,107
b1c38,108,discharge-mid,107
b1c38,136,discharge-mid,105
b1c38,148,discharge-mid,106
b1c38,150,discharge-mid,105
b1c38,163,discharge-mid,105
b1c38,164,discharge-mid,106
b1c38,179,discharge-mid,107
b1c38,214,discharge-mid,109
b1c38,217,discharge-mid,107
b1c38,218,discharge-mid,105
b1c38,239,discharge-mid,105
b1c38,255,discharge-mid,105
b1c38,276,discharge-mid,105
b1c38,302,discharge-mid,105
b1c38,448,discharge-mid,106
b1c39,2,discharge-mid,105
b1c39,10,discharge-mid,108
b1c39,25,discharge-mid,106
b1c39,27,discharge-mid,108
b1c39,62,discharge-mid,106
b1c39,85,discharge-mid,105
b1c39,130,discharge-mid,112
b1c39,133,discharge-mid,107
b1c39,136,discharge-mid,105
b1c39,138,discharge-mid,108
b1c39,151,discharge-mid,105
b1c39,155,discharge-mid,107
b1c39,183,discharge-mid,106
b1c39,188,discharge-mid,108
b1c39,190,discharge-mid,106
b1c39,198,discharge-mid,105
b1c39,199,discharge-mid,105
b1c39,206,discharge-mid,105
b1c39,215,discharge-mid,106
b1c39,220,discharge-mid,106
b1c39,229,discharge-mid,106
b1c39,230,discharge-mid,106
b1c39,246,discharge-mid,105
b1c39,270,discharge-mid,106
b1c39,373,discharge-mid,107
b1c39,374,discharge-mid,105
b1c39,384,discharge-mid,105
b1c39,398,discharge-mid,106
b1c40,6,discharge-mid,112
b1c40,45,discharge-mid,105
b1c40,51,discharge-mid,105
b1c40,64,discharge-mid,106
b1c40,69,discharge-mid,109
b1c40,83,discharge-mid,105
b1c40,92,discharge-mid,108
b1c40,100,discharge-mid,109
b1c40,105,discharge-mid,112
b1c40,134,discharge-mid,106
b1c40,139,discharge-mid,107
b1c40,174,discharge-mid,108
b1c40,180,discharge-mid,108
b1c40,186,discharge-mid,109
b1c40,191,discharge-mid,107
b1c40,200,discharge-mid,107
b1c40,223,discharge-mid,105
b1c40,237,discharge-mid,105
b1c40,278,discharge-mid,108
b1c40,284,discharge-mid,107
b1c40,323,discharge-mid,105
b1c40,331,discharge-mid,106
b1c40,343,discharge-mid,107
b1c40,367,discharge-mid,105
b1c40,408,discharge-mid,106
b1c40,414,discharge-mid,105
b1c40,524,discharge-mid,105
b1c40,527,discharge-mid,110
b1c40,537,discharge-mid,107
b1c40,550,discharge-mid,106
b1c40,572,discharge-mid,105
b1c40,633,discharge-mid,106
b1c40,651,discharge-mid,105
b1c40,676,discharge-mid,106
b1c40,692,discharge-mid,107
b1c40,728,discharge-mid,105
b1c40,738,discharge-mid,112
b1c40,747,discharge-mid,106
b1c40,776,discharge-mid,105
b1c41,13,discharge-mid,106
b1c41,16,discharge-mid,105
b1c41,51,discharge-mid,105
b1c41,53,discharge-mid,106
b1c41,79,discharge-mid,105
b1c41,85,discharge-mid,110
b1c41,86,discharge-mid,108
b1c41,92,discharge-mid,105
b1c41,106,discharge-mid,109
b1c41,169,discharge-mid,105
b1c41,176,discharge-mid,106
b1c41,192,discharge-mid,106
b1c41,200,discharge-mid,109
b1c41,204,discharge-mid,107
b1c41,205,discharge-mid,106
b1c41,240,discharge-mid,105
b1c41,318,discharge-mid,105
b1c41,366,discharge-mid,105
b1c41,388,discharge-mid,105
b1c41,401,discharge-mid,105
b1c41,424,discharge-mid,107
b1c41,443,discharge-mid,109
b1c41,449,discharge-mid,106
b1c41,460,discharge-mid,107
b1c41,467,discharge-mid,106
b1c41,590,discharge-mid,105
b1c41,593,discharge-mid,106
b1c41,597,discharge-mid,105
b1c41,646,discharge-mid,105
b1c41,693,discharge-mid,106
b1c42,2,discharge-mid,105
b1c42,4,discharge-mid,106
b1c42,15,discharge-mid,107
b1c42,20,discharge-mid,107
b1c42,28,discharge-mid,106
b1c42,48,discharge-mid,105
b1c42,52,discharge-mid,109
b1c42,60,discharge-mid,105
b1c42,74,discharge-mid,108
b1c42,75,discharge-mid,107
b1c42,80,discharge-mid,105
b1c42,98,discharge-mid,109
b1c42,100,discharge-mid,107
b1c42,105,discharge-mid,106
b1c42,109,discharge-mid,106
b1c42,119,discharge-mid,106
b1c42,125,discharge-mid,107
b1c42,128,discharge-mid,105
b1c42,134,discharge-mid,106
b1c42,191,discharge-mid,105
b1c42,202,discharge-mid,113
b1c42,203,discharge-mid,107
b1c42,226,discharge-mid,106
b1c42,241,discharge-mid,105
b1c42,247,discharge-mid,106
b1c42,256,discharge-mid,105
b1c42,269,discharge-mid,105
b1c42,275,discharge-mid,105
b1c42,278,discharge-mid,109
b1c42,284,discharge-mid,106
b1c42,299,discharge-mid,109
b1c42,308,discharge-mid,106
b1c42,342,discharge-mid,108
b1c42,374,discharge-mid,105
b1c42,429,discharge-mid,105
b1c42,506,discharge-mid,106
b1c43,30,discharge-mid,107
b1c43,32,discharge-mid,105
b1c43,44,discharge-mid,106
b1c43,54,discharge-mid,108
b1c43,77,discharge-mid,105
b1c43,80,discharge-mid,106
b1c43,100,discharge-mid,106
b1c43,184,discharge-mid,105
b1c44,18,discharge-mid,106
b1c44,21,discharge-mid,107
b1c44,26,discharge-mid,106
b1c44,30,discharge-mid,109
b1c44,39,discharge-mid,105
b1c44,40,discharge-mid,106
b1c44,49,discharge-mid,105
b1c44,53,discharge-mid,105
b1c44,98,discharge-mid,110
b1c44,106,discharge-mid,106
b1c44,125,discharge-mid,111
b1c44,142,discharge-mid,107
b1c44,150,discharge-mid,108
b1c44,171,discharge-mid,110
b1c44,190,discharge-mid,105
b1c44,195,discharge-mid,106
b1c44,233,discharge-mid,107
b1c44,241,discharge-mid,108
b1c44,252,discharge-mid,108
b1c44,271,discharge-mid,106
b1c44,289,discharge-mid,107
b1c45,17,discharge-mid,106
b1c45,21,discharge-mid,108
b1c45,71,discharge-mid,106
b1c45,101,discharge-mid,108
b1c45,107,discharge-mid,110
b1c45,112,discharge-mid,108
b1c45,118,discharge-mid,107
b1c45,130,discharge-mid,107
b1c45,137,discharge-mid,109
b1c45,173,discharge-mid,109
b1c45,178,discharge-mid,105
b1c45,180,discharge-mid,107
b1c45,209,discharge-mid,107
b1c45,210,discharge-mid,105
b1c45,243,discharge-mid,106
b1c45,313,discharge-mid,106
b1c45,317,discharge-mid,106
b2c0,44,discharge-mid,105
b2c0,132,discharge-mid,107
b2c2,17,discharge-mid,107
b2c2,24,discharge-mid,108
b2c2,38,discharge-mid,106
b2c2,44,discharge-mid,105
b2c2,52,discharge-mid,105
b2c2,62,discharge-mid,105
b2c2,78,discharge-mid,105
b2c2,80,discharge-mid,106
b2c2,92,discharge-mid,105
b2c2,146,discharge-mid,105
b2c2,156,discharge-mid,106
b2c2,225,discharge-mid,108
b2c4,7,discharge-mid,108
b2c4,16,discharge-mid,107
b2c4,38,discharge-mid,106
b2c4,56,discharge-mid,105
b2c4,87,discharge-mid,105
b2c4,118,discharge-mid,107
b2c4,119,discharge-mid,110
b2c4,133,discharge-mid,105
b2c4,150,discharge-mid,105
b2c4,188,discharge-mid,106
b2c5,28,discharge-mid,108
b2c5,36,discharge-mid,106
b2c5,39,discharge-mid,105
b2c5,87,discharge-mid,105
b2c5,192,discharge-mid,106
b2c5,249,discharge-mid,108
b2c5,287,discharge-mid,105
b2c5,324,discharge-mid,106
b2c5,325,discharge-mid,106
b2c6,97,discharge-mid,109
b2c10,23,discharge-mid,105
b2c10,41,discharge-mid,105
b2c10,151,discharge-mid,105
b2c11,18,discharge-mid,107
b2c11,23,discharge-mid,107
b2c11,26,discharge-mid,107
b2c11,50,discharge-mid,105
b2c11,53,discharge-mid,105
b2c11,62,discharge-mid,105
b2c11,69,discharge-mid,107
b2c11,72,discharge-mid,105
b2c11,85,discharge-mid,106
b2c11,94,discharge-mid,105
b2c11,124,discharge-mid,105
b2c11,146,discharge-mid,106
b2c11,154,discharge-mid,110
b2c11,159,discharge-mid,106
b2c11,165,discharge-mid,109
b2c11,228,discharge-mid,106
b2c12,29,discharge-mid,105
b2c12,70,discharge-mid,105
b2c12,83,discharge-mid,105
b2c12,104,discharge-mid,106
b2c13,10,discharge-mid,106
b2c13,23,discharge-mid,105
b2c13,38,discharge-mid,105
b2c13,45,discharge-mid,106
b2c13,71,discharge-mid,110
b2c13,82,discharge-mid,107
b2c13,122,discharge-mid,110
b2c13,150,discharge-mid,105
b2c13,178,discharge-mid,105
b2c13,238,discharge-mid,106
b2c14,6,discharge-mid,105
b2c14,82,discharge-mid,108
b2c14,90,discharge-mid,106
b2c14,95,discharge-mid,109
b2c14,99,discharge-mid,105
b2c14,122,discharge-mid,105
b2c14,185,discharge-mid,105
b2c14,240,discharge-mid,106
b2c14,271,discharge-mid,105
b2c14,328,discharge-mid,105
b2c17,34,discharge-mid,105
b2c17,81,discharge-mid,108
b2c17,97,discharge-mid,113
b2c17,134,discharge-mid,108
b2c17,143,discharge-mid,107
b2c17,154,discharge-mid,105
b2c17,182,discharge-mid,107
b2c17,194,discharge-mid,108
b2c17,221,discharge-mid,107
b2c18,51,discharge-mid,112
b2c18,58,discharge-mid,106
b2c18,76,discharge-mid,107
b2c18,85,discharge-mid,107
b2c18,90,discharge-mid,105
b2c18,260,discharge-mid,105
b2c19,132,discharge-mid,114
b2c20,6,discharge-mid,111
b2c20,25,discharge-mid,105
b2c20,42,discharge-mid,108
b2c20,57,discharge-mid,106
b2c20,67,discharge-mid,105
b2c20,95,discharge-mid,106
b2c20,187,discharge-mid,110
b2c20,205,discharge-mid,110
b2c20,208,discharge-mid,111
b2c20,215,discharge-mid,109
b2c20,264,discharge-mid,105
b2c20,304,discharge-mid,105
b2c21,16,discharge-mid,107
b2c21,26,discharge-mid,105
b2c21,76,discharge-mid,108
b2c21,96,discharge-mid,105
b2c21,102,discharge-mid,107
b2c21,152,discharge-mid,105
b2c22,7,discharge-mid,109
b2c22,12,discharge-mid,106
b2c22,68,discharge-mid,105
b2c22,73,discharge-mid,107
b2c22,74,discharge-mid,109
b2c22,94,discharge-mid,105
b2c22,113,discharge-mid,108
b2c22,159,discharge-mid,106
b2c22,162,discharge-mid,107
b2c22,270,discharge-mid,107
b2c22,384,discharge-mid,105
b2c23,56,discharge-mid,106
b2c23,93,discharge-mid,107
b2c23,95,discharge-mid,109
b2c23,114,discharge-mid,105
b2c23,337,discharge-mid,105
b2c24,101,discharge-mid,105
b2c24,115,discharge-mid,105
b2c24,122,discharge-mid,106
b2c24,149,discharge-mid,105
b2c24,163,discharge-mid,107
b2c25,1,discharge-mid,106
b2c25,6,discharge-mid,105
b2c25,28,discharge-mid,107
b2c25,39,discharge-mid,105
b2c25,106,discharge-mid,106
b2c25,136,discharge-mid,106
b2c25,167,discharge-mid,105
b2c25,195,discharge-mid,106
b2c26,8,discharge-mid,106
b2c26,32,discharge-mid,108
b2c26,46,discharge-mid,105
b2c26,59,discharge-mid,106
b2c26,62,discharge-mid,106
b2c26,63,discharge-mid,106
b2c26,80,discharge-mid,105
b2c26,110,discharge-mid,107
b2c26,113,discharge-mid,110
b2c26,121,discharge-mid,105
b2c26,127,discharge-mid,107
b2c26,134,discharge-mid,105
b2c26,158,discharge-mid,108
b2c26,169,discharge-mid,105
b2c26,213,discharge-mid,109
b2c26,243,discharge-mid,110
b2c27,7,discharge-mid,106
b2c27,50,discharge-mid,106
b2c27,58,discharge-mid,105
b2c27,62,discharge-mid,110
b2c27,81,discharge-mid,106
b2c27,90,discharge-mid,107
b2c27,149,discharge-mid,106
b2c27,159,discharge-mid,105
b2c27,167,discharge-mid,105
b2c27,181,discharge-mid,105
b2c27,198,discharge-mid,106
b2c27,218,discharge-mid,106
b2c27,281,discharge-mid,106
b2c27,378,discharge-mid,105
b2c28,19,discharge-mid,107
b2c28,52,discharge-mid,105
b2c28,57,discharge-mid,108
b2c28,79,discharge-mid,109
b2c28,96,discharge-mid,105
b2c28,97,discharge-mid,108
b2c28,123,discharge-mid,107
b2c28,139,discharge-mid,105
b2c28,254,discharge-mid,106
b2c29,6,discharge-mid,106
b2c29,15,discharge-mid,107
b2c29,89,discharge-mid,108
b2c29,137,discharge-mid,105
b2c29,153,discharge-mid,105
b2c29,167,discharge-mid,107
b2c29,181,discharge-mid,107
b2c29,238,discharge-mid,106
b2c29,268,discharge-mid,109
b2c29,273,discharge-mid,107
b2c29,324,discharge-mid,106
b2c29,347,discharge-mid,105
b2c30,10,discharge-mid,106
b2c30,22,discharge-mid,105
b2c30,32,discharge-mid,105
b2c30,68,discharge-mid,106
b2c30,115,discharge-mid,105
b2c30,119,discharge-mid,106
b2c30,123,discharge-mid,105
b2c30,131,discharge-mid,105
b2c30,210,discharge-mid,107
b2c30,211,discharge-mid,106
b2c31,36,discharge-mid,108
b2c31,40,discharge-mid,108
b2c31,82,discharge-mid,105
b2c31,83,discharge-mid,105
b2c31,97,discharge-mid,105
b2c31,100,discharge-mid,105
b2c31,107,discharge-mid,106
b2c31,143,discharge-mid,109
b2c31,145,discharge-mid,110
b2c31,151,discharge-mid,108
b2c31,174,discharge-mid,105
b2c31,248,discharge-mid,105
b2c31,257,discharge-mid,105
b2c31,259,discharge-mid,109
b2c31,275,discharge-mid,106
b2c31,282,discharge-mid,105
b2c32,19,discharge-mid,111
b2c32,38,discharge-mid,107
b2c32,41,discharge-mid,107
b2c32,77,discharge-mid,106
b2c32,123,discharge-mid,105
b2c32,126,discharge-mid,106
b2c32,159,discharge-mid,107
b2c32,161,discharge-mid,109
b2c32,201,discharge-mid,105
b2c32,244,discharge-mid,105
b2c32,253,discharge-mid,105
b2c32,314,discharge-mid,105
b2c33,5,discharge-mid,106
b2c33,12,discharge-mid,105
b2c33,21,discharge-mid,105
b2c33,48,discharge-mid,105
b2c33,73,discharge-mid,105
b2c33,82,discharge-mid,106
b2c33,87,discharge-mid,105
b2c33,95,discharge-mid,108
b2c33,99,discharge-mid,106
b2c33,132,discharge-mid,105
b2c33,152,discharge-mid,105
b2c33,194,discharge-mid,110
b2c33,224,discharge-mid,106
b2c33,248,discharge-mid,105
b2c33,284,discharge-mid,106
b2c33,324,discharge-mid,106
b2c33,373,discharge-mid,105
b2c34,8,discharge-mid,105
b2c34,24,discharge-mid,107
b2c34,42,discharge-mid,105
b2c34,64,discharge-mid,107
b2c34,82,discharge-mid,106
b2c34,108,discharge-mid,105
b2c34,113,discharge-mid,106
b2c34,141,discharge-mid,106
b2c34,220,discharge-mid,108
b2c34,303,discharge-mid,105
b2c35,77,discharge-mid,106
b2c35,155,discharge-mid,106
b2c35,330,discharge-mid,106
b2c36,10,discharge-mid,105
b2c36,24,discharge-mid,107
b2c36,25,discharge-mid,112
b2c36,40,discharge-mid,105
b2c36,54,discharge-mid,108
b2c36,64,discharge-mid,108
b2c36,67,discharge-mid,109
b2c36,75,discharge-mid,107
b2c36,79,discharge-mid,109
b2c36,83,discharge-mid,106
b2c36,85,discharge-mid,105
b2c36,90,discharge-mid,108
b2c36,96,discharge-mid,105
b2c36,138,discharge-mid,109
b2c36,145,discharge-mid,107
b2c36,148,discharge-mid,107
b2c36,180,discharge-mid,107
b2c36,256,discharge-mid,106
b2c36,340,discharge-mid,107
b2c36,356,discharge-mid,108
b2c36,364,discharge-mid,108
b2c36,369,discharge-mid,106
b2c37,50,discharge-mid,107
b2c37,62,discharge-mid,105
b2c37,75,discharge-mid,107
b2c37,117,discharge-mid,105
b2c37,122,discharge-mid,109
b2c37,125,discharge-mid,107
b2c37,202,discharge-mid,105
b2c37,255,discharge-mid,105
b2c37,272,discharge-mid,106
b2c37,311,discharge-mid,106
b2c38,47,discharge-mid,106
b2c39,45,discharge-mid,105
b2c39,48,discharge-mid,105
b2c39,62,discharge-mid,110
b2c39,71,discharge-mid,105
b2c39,79,discharge-mid,107
b2c39,83,discharge-mid,106
b2c39,148,discharge-mid,105
b2c39,155,discharge-mid,108
b2c39,160,discharge-mid,108
b2c39,166,discharge-mid,111
b2c39,198,discharge-mid,105
b2c40,6,discharge-mid,105
b2c40,48,discharge-mid,106
b2c40,53,discharge-mid,108
b2c40,56,discharge-mid,109
b2c40,62,discharge-mid,107
b2c40,63,discharge-mid,105
b2c40,65,discharge-mid,106
b2c40,85,discharge-mid,106
b2c40,96,discharge-mid,107
b2c40,110,discharge-mid,106
b2c40,129,discharge-mid,105
b2c40,137,discharge-mid,106
b2c40,140,discharge-mid,107
b2c40,196,discharge-mid,105
b2c40,201,discharge-mid,105
b2c40,218,discharge-mid,105
b2c40,281,discharge-mid,165
b2c40,309,discharge-mid,106
b2c40,331,discharge-mid,105
b2c40,432,discharge-mid,105
b2c40,433,discharge-mid,107
b2c40,441,discharge-mid,118
b2c40,443,discharge-mid,105
b2c40,458,discharge-mid,106
b2c40,460,discharge-mid,105
b2c40,464,discharge-mid,115
b2c40,466,discharge-mid,108
b2c40,470,discharge-mid,107
b2c40,472,discharge-mid,127
b2c41,31,discharge-mid,105
b2c41,49,discharge-mid,106
b2c41,56,discharge-mid,107
b2c42,19,discharge-mid,107
b2c42,20,discharge-mid,110
b2c42,21,discharge-mid,105
b2c42,59,discharge-mid,109
b2c42,81,discharge-mid,106
b2c42,104,discharge-mid,106
b2c42,126,discharge-mid,110
b2c42,128,discharge-mid,105
b2c42,278,discharge-mid,106
b2c43,18,discharge-mid,105
b2c43,24,discharge-mid,106
b2c43,49,discharge-mid,105
b2c43,55,discharge-mid,107
b2c43,58,discharge-mid,105
b2c44,6,discharge-mid,109
b2c44,31,discharge-mid,105
b2c44,56,discharge-mid,105
b2c44,58,discharge-mid,105
b2c44,131,discharge-mid,107
b2c44,255,discharge-mid,107
b2c45,11,discharge-mid,105
b2c45,14,discharge-mid,108
b2c45,20,discharge-mid,106
b2c45,50,discharge-mid,105
b2c45,86,discharge-mid,106
b2c45,99,discharge-mid,107
b2c45,120,discharge-mid,107
b2c45,184,discharge-mid,106
b2c45,285,discharge-mid,107
b2c45,301,discharge-mid,109
b2c45,309,discharge-mid,106
b2c46,33,discharge-mid,105
b2c46,101,discharge-mid,108
b2c46,150,discharge-mid,107
b3c2,1167,discharge-mid,60
b3c2,1169,discharge-mid,60
b3c2,1170,discharge-mid,60
b3c2,1171,discharge-mid,60
b3c3,1047,discharge-mid,60
b3c7,1723,discharge-mid,60
b3c7,1726,discharge-mid,60
b3c7,1731,discharge-mid,60
b3c7,1732,discharge-mid,60
b3c7,1734,discharge-mid,60
b3c7,1736,discharge-mid,60
b3c7,1737,discharge-mid,60
b3c7,1738,discharge-mid,60
b3c7,1741,discharge-mid,60
b3c7,1742,discharge-mid,60
b3c7,1744,discharge-mid,60
b3c7,1745,discharge-mid,60
b3c7,1748,discharge-mid,60
b3c7,1750,discharge-mid,60
b3c7,1751,discharge-mid,60
b3c7,1752,discharge-mid,60
b3c7,1753,discharge-mid,60
b3c7,1754,discharge-mid,60
b3c7,1755,discharge-mid,60
b3c7,1756,discharge-mid,60
b3c7,1757,discharge-mid,60
b3c7,1758,discharge-mid,60
b3c7,1759,discharge-mid,60
b3c7,1760,discharge-mid,60
b3c7,1761,discharge-mid,60
b3c7,1762,discharge-mid,60
b3c7,1763,discharge-mid,60
b3c7,1764,discharge-mid,60
b3c7,1765,discharge-mid,59
b3c7,1766,discharge-mid,60
b3c7,1767,discharge-mid,60
b3c7,1768,discharge-mid,60
b3c7,1769,discharge-mid,60
b3c7,1770,discharge-mid,60
b3c7,1771,discharge-mid,60
b3c7,1772,discharge-mid,59
b3c7,1773,discharge-mid,60
b3c7,1774,discharge-mid,60
b3c7,1775,discharge-mid,60
b3c7,1776,discharge-mid,59
b3c7,1777,discharge-mid,60
b3c7,1778,discharge-mid,59
b3c7,1779,discharge-mid,59
b3c7,1780,discharge-mid,59
b3c7,1781,discharge-mid,59
b3c7,1782,discharge-mid,59
b3c7,1783,discharge-mid,59
b3c7,1784,discharge-mid,59
b3c7,1785,discharge-mid,59
b3c7,1786,discharge-mid,59
b3c7,1787,discharge-mid,59
b3c7,1788,discharge-mid,59
b3c7,1789,discharge-mid,59
b3c7,1790,discharge-mid,59
b3c7,1792,discharge-mid,59
b3c7,1793,discharge-mid,59
b3c7,1795,discharge-mid,59
b3c7,1796,discharge-mid,58
b3c7,1797,discharge-mid,58
b3c7,1798,discharge-mid,59
b3c7,1799,discharge-mid,58
b3c7,1801,discharge-mid,59
b3c7,1802,discharge-mid,58
b3c7,1803,discharge-mid,58
b3c7,1804,discharge-mid,58
b3c7,1805,discharge-mid,58
b3c7,1807,discharge-mid,58
b3c7,1808,discharge-mid,58
b3c7,1810,discharge-mid,58
b3c7,1811,discharge-mid,58
b3c7,1813,discharge-mid,58
b3c7,1816,discharge-mid,58
b3c7,1817,discharge-mid,58
b3c7,1819,discharge-mid,58
b3c7,1821,discharge-mid,58
b3c7,1822,discharge-mid,58
b3c7,1827,discharge-mid,57
b3c7,1828,discharge-mid,57
b3c7,1830,discharge-mid,57
b3c7,1834,discharge-mid,58
b3c9,990,discharge-mid,60
b3c9,992,discharge-mid,60
b3c9,996,discharge-mid,60
b3c9,997,discharge-mid,60
b3c9,1000,discharge-mid,60
b3c9,1001,discharge-mid,60
b3c9,1002,discharge-mid,60
b3c9,1003,discharge-mid,60
b3c9,1004,discharge-mid,60
b3c9,1005,discharge-mid,60
b3c9,1006,discharge-mid,60
b3c9,1007,discharge-mid,60
b3c9,1008,discharge-mid,59
b3c9,1009,discharge-mid,59
b3c9,1010,discharge-mid,59
b3c9,1011,discharge-mid,59
b3c9,1012,discharge-mid,59
b3c9,1013,discharge-mid,59
b3c9,1014,discharge-mid,59
b3c9,1015,discharge-mid,59
b3c9,1016,discharge-mid,59
b3c9,1017,discharge-mid,59
b3c9,1018,discharge-mid,59
b3c9,1019,discharge-mid,59
b3c9,1020,discharge-mid,59
b3c9,1021,discharge-mid,59
b3c9,1022,discharge-mid,59
b3c9,1023,discharge-mid,59
b3c9,1024,discharge-mid,59
b3c9,1025,discharge-mid,59
b3c9,1026,discharge-mid,59
b3c9,1027,discharge-mid,58
b3c9,1028,discharge-mid,58
b3c9,1029,discharge-mid,58
b3c9,1030,discharge-mid,58
b3c9,1031,discharge-mid,58
b3c9,1032,discharge-mid,58
b3c9,1033,discharge-mid,58
b3c9,1034,discharge-mid,58
b3c9,1035,discharge-mid,58
b3c9,1036,discharge-mid,58
b3c9,1037,discharge-mid,58
b3c10,1015,discharge-mid,60
b3c10,1016,discharge-mid,60
b3c10,1017,discharge-mid,60
b3c10,1018,discharge-mid,60
b3c10,1019,discharge-mid,60
b3c10,1022,discharge-mid,60
b3c10,1023,discharge-mid,60
b3c10,1024,discharge-mid,60
b3c10,1025,discharge-mid,60
b3c10,1026,discharge-mid,60
b3c10,1027,discharge-mid,60
b3c10,1028,discharge-mid,60
b3c10,1029,discharge-mid,60
b3c10,1030,discharge-mid,60
b3c10,1031,discharge-mid,60
b3c10,1032,discharge-mid,59
b3c10,1033,discharge-mid,60
b3c10,1034,discharge-mid,60
b3c10,1035,discharge-mid,59
b3c10,1036,discharge-mid,60
b3c10,1037,discharge-mid,60
b3c10,1038,discharge-mid,60
b3c10,1039,discharge-mid,59
b3c10,1040,discharge-mid,59
b3c10,1041,discharge-mid,59
b3c10,1042,discharge-mid,59
b3c10,1043,discharge-mid,59
b3c10,1045,discharge-mid,59
b3c10,1046,discharge-mid,59
b3c10,1047,discharge-mid,59
b3c10,1048,discharge-mid,59
b3c10,1049,discharge-mid,59
b3c10,1051,discharge-mid,59
b3c10,1052,discharge-mid,58
b3c10,1053,discharge-mid,58
b3c10,1054,discharge-mid,58
b3c10,1055,discharge-mid,58
b3c10,1056,discharge-mid,58
b3c10,1057,discharge-mid,58
b3c10,1059,discharge-mid,58
b3c10,1061,discharge-mid,58
b3c10,1062,discharge-mid,58
b3c10,1063,discharge-mid,58
b3c10,1067,discharge-mid,58
b3c10,1068,discharge-mid,58
b3c10,1069,discharge-mid,57
b3c12,891,discharge-mid,60
b3c12,893,discharge-mid,60
b3c12,894,discharge-mid,60
b3c12,895,discharge-mid,60
b3c12,896,discharge-mid,60
b3c12,898,discharge-mid,60
b3c12,899,discharge-mid,60
b3c12,900,discharge-mid,60
b3c12,901,discharge-mid,59
b3c12,902,discharge-mid,59
b3c12,903,discharge-mid,60
b3c12,904,discharge-mid,59
b3c12,905,discharge-mid,60
b3c12,906,discharge-mid,59
b3c12,907,discharge-mid,59
b3c12,908,discharge-mid,59
b3c12,909,discharge-mid,60
b3c12,910,discharge-mid,59
b3c12,911,discharge-mid,59
b3c12,912,discharge-mid,59
b3c12,913,discharge-mid,59
b3c12,914,discharge-mid,59
b3c12,915,discharge-mid,59
b3c12,916,discharge-mid,59
b3c12,917,discharge-mid,59
b3c12,918,discharge-mid,58
b3c12,919,discharge-mid,59
b3c12,920,discharge-mid,58
b3c12,921,discharge-mid,58
b3c12,922,discharge-mid,58
b3c12,923,discharge-mid,58
b3c12,924,discharge-mid,58
b3c12,925,discharge-mid,58
b3c12,926,discharge-mid,58
b3c12,927,discharge-mid,58
b3c12,928,discharge-mid,58
b3c12,929,discharge-mid,58
b3c12,930,discharge-mid,58
b3c14,819,discharge-mid,60
b3c14,821,discharge-mid,60
b3c14,822,discharge-mid,60
b3c14,823,discharge-mid,60
b3c14,824,discharge-mid,60
b3c14,825,discharge-mid,60
b3c14,826,discharge-mid,60
b3c14,827,discharge-mid,60
b3c14,829,discharge-mid,60
b3c14,830,discharge-mid,60
b3c14,831,discharge-mid,59
b3c14,833,discharge-mid,59
b3c14,834,discharge-mid,60
b3c14,835,discharge-mid,60
b3c14,836,discharge-mid,59
b3c14,838,discharge-mid,59
b3c14,839,discharge-mid,59
b3c14,841,discharge-mid,59
b3c14,844,discharge-mid,58
b3c14,847,discharge-mid,58
b3c15,827,discharge-mid,60
b3c15,828,discharge-mid,60
b3c15,834,discharge-mid,60
b3c16,1515,discharge-mid,60
b3c16,1520,discharge-mid,60
b3c16,1529,discharge-mid,60
b3c17,1227,discharge-mid,60
b3c17,1230,discharge-mid,60
b3c19,1071,discharge-mid,60
b3c19,1074,discharge-mid,60
b3c19,1075,discharge-mid,60
b3c21,719,discharge-mid,60
b3c22,968,discharge-mid,60
b3c22,970,discharge-mid,60
b3c22,972,discharge-mid,60
b3c22,973,discharge-mid,60
b3c22,978,discharge-mid,59
b3c22,980,discharge-mid,59
b3c22,984,discharge-mid,59
b3c25,946,discharge-mid,60
b3c25,949,discharge-mid,60
b3c25,951,discharge-mid,60
b3c25,953,discharge-mid,60
b3c25,954,discharge-mid,60
b3c25,955,discharge-mid,60
b3c25,956,discharge-mid,60
b3c25,957,discharge-mid,60
b3c25,958,discharge-mid,60
b3c25,960,discharge-mid,60
b3c25,961,discharge-mid,60
b3c25,962,discharge-mid,59
b3c25,964,discharge-mid,59
b3c25,966,discharge-mid,59
b3c25,968,discharge-mid,59
b3c25,969,discharge-mid,59
b3c25,970,discharge-mid,59
b3c25,973,discharge-mid,58
b3c26,969,discharge-mid,60
b3c26,979,discharge-mid,60
b3c26,981,discharge-mid,60
b3c26,982,discharge-mid,60
b3c28,455,discharge-mid,60
b3c28,459,discharge-mid,60
b3c29,812,discharge-mid,60
b3c29,813,discharge-mid,60
b3c29,818,discharge-mid,60
b3c30,897,discharge-mid,60
b3c30,900,discharge-mid,60
b3c30,903,discharge-mid,60
b3c30,904,discharge-mid,60
b3c30,908,discharge-mid,60
b3c30,910,discharge-mid,60
b3c30,919,discharge-mid,58
b3c31,700,discharge-mid,60
b3c41,753,discharge-mid,59
b3c42,1540,discharge-mid,60
b3c42,1541,discharge-mid,60
b3c42,1543,discharge-mid,60
b3c42,1544,discharge-mid,60
b3c42,1545,discharge-mid,60
b3c42,1546,discharge-mid,60
b3c42,1550,discharge-mid,60
b3c42,1561,discharge-mid,60
b3c42,1562,discharge-mid,60
b3c42,1563,discharge-mid,60
b3c42,1564,discharge-mid,60
b3c42,1565,discharge-mid,60
b3c42,1566,discharge-mid,60
b3c42,1567,discharge-mid,60
b3c42,1568,discharge-mid,60
b3c42,1569,discharge-mid,60
b3c42,1570,discharge-mid,60
b3c42,1571,discharge-mid,60
b3c42,1572,discharge-mid,59
b3c42,1573,discharge-mid,60
b3c42,1574,discharge-mid,60
b3c42,1575,discharge-mid,59
b3c42,1576,discharge-mid,60
b3c42,1577,discharge-mid,59
b3c42,1578,discharge-mid,59
b3c42,1579,discharge-mid,60
b3c42,1580,discharge-mid,60
b3c42,1581,discharge-mid,60
b3c42,1582,discharge-mid,60
b3c42,1583,discharge-mid,60
b3c42,1584,discharge-mid,60
b3c42,1585,discharge-mid,60
b3c42,1586,discharge-mid,60
b3c42,1587,discharge-mid,59
b3c42,1588,discharge-mid,59
b3c42,1589,discharge-mid,59
b3c42,1590,discharge-mid,59
b3c42,1591,discharge-mid,59
b3c42,1592,discharge-mid,59
b3c42,1593,discharge-mid,59
b3c42,1594,discharge-mid,59
b3c42,1595,discharge-mid,60
b3c42,1596,discharge-mid,59
b3c42,1597,discharge-mid,59
b3c42,1598,discharge-mid,59
b3c42,1599,discharge-mid,59
b3c42,1600,discharge-mid,59
b3c42,1601,discharge-mid,59
b3c42,1602,discharge-mid,59
b3c42,1603,discharge-mid,59
b3c42,1604,discharge-mid,58
b3c42,1605,discharge-mid,59
b3c42,1606,discharge-mid,59
b3c42,1607,discharge-mid,58
b3c42,1608,discharge-mid,58
b3c42,1609,discharge-mid,58
b3c42,1610,discharge-mid,58
b3c42,1611,discharge-mid,58
b3c42,1612,discharge-mid,58
b3c42,1613,discharge-mid,58
b3c42,1614,discharge-mid,58
b3c42,1615,discharge-mid,58
b3c42,1616,discharge-mid,58
b3c42,1617,discharge-mid,58
b3c42,1619,discharge-mid,58
b3c42,1620,discharge-mid,58
b3c42,1621,discharge-mid,58
b3c42,1622,discharge-mid,58
b3c42,1623,discharge-mid,58
b3c42,1624,discharge-mid,58
b3c42,1626,discharge-mid,58
b3c42,1633,discharge-mid,57
b3c42,1635,discharge-mid,57
b3c42,1636,discharge-mid,57
b3c42,1637,discharge-mid,57
b3c42,1640,discharge-mid,57
b3c43,1012,discharge-mid,60
b3c43,1020,discharge-mid,60
b3c43,1023,discharge-mid,59
b3c43,1024,discharge-mid,59
b3c43,1025,discharge-mid,59
b3c43,1026,discharge-mid,59
b3c43,1027,discharge-mid,59
b3c43,1028,discharge-mid,59
b3c43,1029,discharge-mid,59
b3c43,1030,discharge-mid,59
b3c43,1031,discharge-mid,59
b3c43,1032,discharge-mid,58
b3c43,1033,discharge-mid,58
b3c43,1034,discharge-mid,58
b3c43,1035,discharge-mid,58
b3c43,1036,discharge-mid,58
b3c43,1037,discharge-mid,58
b3c43,1038,discharge-mid,58
b3c43,1039,discharge-mid,58
b3c43,1040,discharge-mid,58
b3c43,1041,discharge-mid,57
b3c43,1042,discharge-mid,58
b3c43,1043,discharge-mid,58
b3c43,1044,discharge-mid,58
b3c44,908,discharge-mid,60
b3c44,913,discharge-mid,60
b3c44,915,discharge-mid,60
b3c44,916,discharge-mid,59
b3c44,917,discharge-mid,60
b3c44,918,discharge-mid,60
b3c44,919,discharge-mid,60
b3c44,920,discharge-mid,59
b3c44,923,discharge-mid,59
b3c44,926,discharge-mid,58
b3c44,928,discharge-mid,58
b3c44,929,discharge-mid,59
b3c45,1694,discharge-mid,60
b3c45,1697,discharge-mid,60
b3c45,1700,discharge-mid,60
b3c45,1706,discharge-mid,60
b3c45,1708,discharge-mid,60
b3c45,1711,discharge-mid,60
b3c45,1712,discharge-mid,60
b3c45,1713,discharge-mid,60
b3c45,1714,discharge-mid,60
b3c45,1715,discharge-mid,60
b3c45,1716,discharge-mid,60
b3c45,1718,discharge-mid,60
b3c45,1719,discharge-mid,60
b3c45,1720,discharge-mid,59
b3c45,1721,discharge-mid,60
b3c45,1722,discharge-mid,59
b3c45,1723,discharge-mid,60
b3c45,1724,discharge-mid,60
b3c45,1725,discharge-mid,60
b3c45,1727,discharge-mid,60
b3c45,1729,discharge-mid,60
b3c45,1730,discharge-mid,59
b3c45,1731,discharge-mid,59
b3c45,1732,discharge-mid,59
b3c45,1734,discharge-mid,60
b3c45,1736,discharge-mid,59
b3c45,1738,discharge-mid,59
b3c45,1739,discharge-mid,59
b3c45,1740,discharge-mid,59
b3c45,1742,discharge-mid,59
b3c45,1744,discharge-mid,59
b3c45,1745,discharge-mid,59
b3c45,1749,discharge-mid,59
b3c45,1751,discharge-mid,59
b3c45,1753,discharge-mid,59
b3c45,1755,discharge-mid,59
b3c45,1760,discharge-mid,58
b1c0,257,discharge-low,149
b1c0,357,discharge-low,150
b1c0,391,discharge-low,145
b1c0,405,discharge-low,150
b1c0,408,discharge-low,133
b1c0,418,discharge-low,149
b1c0,428,discharge-low,142
b1c0,433,discharge-low,145
b1c0,472,discharge-low,144
b1c0,512,discharge-low,141
b1c0,522,discharge-low,149
b1c0,528,discharge-low,146
b1c0,532,discharge-low,145
b1c0,534,discharge-low,146
b1c0,578,discharge-low,143
b1c0,579,discharge-low,149
b1c0,584,discharge-low,147
b1c0,591,discharge-low,146
b1c0,598,discharge-low,144
b1c0,612,discharge-low,141
b1c0,623,discharge-low,149
b1c0,639,discharge-low,121
b1c0,650,discharge-low,143
b1c0,653,discharge-low,146
b1c0,657,discharge-low,151
b1c0,658,discharge-low,150
b1c0,660,discharge-low,149
b1c0,665,discharge-low,150
b1c0,667,discharge-low,151
b1c0,674,discharge-low,137
b1c0,688,discharge-low,150
b1c0,701,discharge-low,128
b1c0,735,discharge-low,146
b1c0,740,discharge-low,145
b1c0,746,discharge-low,143
b1c0,749,discharge-low,147
b1c0,754,discharge-low,147
b1c0,758,discharge-low,149
b1c0,767,discharge-low,148
b1c0,770,discharge-low,112
b1c0,784,discharge-low,145
b1c0,795,discharge-low,140
b1c0,796,discharge-low,146
b1c0,808,discharge-low,146
b1c0,811,discharge-low,139
b1c0,820,discharge-low,150
b1c0,821,discharge-low,149
b1c0,824,discharge-low,151
b1c0,851,discharge-low,141
b1c0,901,discharge-low,150
b1c0,1519,discharge-low,268
b1c2,2174,discharge-low,272
b1c3,1150,discharge-low,269
b1c3,1186,discharge-low,269
b1c3,1199,discharge-low,266
b1c4,880,discharge-low,139
b1c5,1013,discharge-low,270
b1c5,1018,discharge-low,269
b1c5,1021,discharge-low,270
b1c5,1025,discharge-low,270
b1c5,1026,discharge-low,276
b1c5,1036,discharge-low,267
b1c5,1042,discharge-low,277
b1c5,1047,discharge-low,273
b1c5,1048,discharge-low,271
b1c5,1049,discharge-low,271
b1c5,1055,discharge-low,267
b1c5,1058,discharge-low,271
b1c5,1060,discharge-low,279
b1c5,1061,discharge-low,270
b1c5,1062,discharge-low,267
b1c5,1064,discharge-low,266
b1c5,1065,discharge-low,274
b1c5,1066,discharge-low,270
b1c5,1067,discharge-low,268
b1c5,1068,discharge-low,270
b1c5,1069,discharge-low,266
b1c5,1070,discharge-low,285
b1c6,603,discharge-low,266
b1c6,606,discharge-low,267
b1c6,614,discharge-low,268
b1c6,623,discharge-low,266
b1c6,629,discharge-low,272
b1c6,632,discharge-low,268
b1c6,633,discharge-low,280
b1c6,634,discharge-low,280
b1c7,715,discharge-low,266
b1c7,757,discharge-low,266
b1c7,764,discharge-low,266
b1c7,768,discharge-low,270
b1c7,770,discharge-low,267
b1c7,777,discharge-low,270
b1c7,784,discharge-low,268
b1c7,785,discharge-low,270
b1c7,788,discharge-low,272
b1c7,794,discharge-low,271
b1c7,795,discharge-low,274
b1c7,796,discharge-low,271
b1c7,799,discharge-low,275
b1c7,800,discharge-low,270
b1c7,801,discharge-low,272
b1c7,802,discharge-low,282
b1c7,803,discharge-low,265
b1c7,806,discharge-low,270
b1c7,807,discharge-low,266
b1c7,809,discharge-low,267
b1c7,811,discharge-low,279
b1c7,815,discharge-low,272
b1c7,816,discharge-low,272
b1c7,818,discharge-low,269
b1c7,821,discharge-low,266
b1c7,822,discharge-low,271
b1c7,825,discharge-low,266
b1c7,827,discharge-low,270
b1c7,828,discharge-low,271
b1c7,829,discharge-low,266
b1c7,830,discharge-low,266
b1c7,834,discharge-low,266
b1c7,835,discharge-low,270
b1c7,837,discharge-low,266
b1c7,838,discharge-low,268
b1c7,839,discharge-low,272
b1c7,840,discharge-low,267
b1c7,841,discharge-low,271
b1c7,842,discharge-low,265
b1c7,844,discharge-low,266
b1c7,846,discharge-low,269
b1c7,847,discharge-low,271
b1c7,849,discharge-low,266
b1c7,850,discharge-low,282
b1c7,851,discharge-low,270
b1c7,853,discharge-low,265
b1c7,856,discharge-low,266
b1c7,857,discharge-low,281
b1c7,858,discharge-low,271
b1c7,859,discharge-low,276
b1c7,860,discharge-low,273
b1c7,861,discharge-low,282
b1c7,862,discharge-low,265
b1c7,863,discharge-low,272
b1c7,864,discharge-low,277
b1c7,865,discharge-low,269
b1c7,866,discharge-low,283
b1c7,867,discharge-low,281
b1c7,868,discharge-low,276
b1c8,824,discharge-low,265
b1c8,868,discharge-low,266
b1c8,869,discharge-low,269
b1c9,891,discharge-low,271
b1c9,929,discharge-low,271
b1c9,941,discharge-low,270
b1c9,952,discharge-low,265
b1c9,953,discharge-low,269
b1c9,954,discharge-low,266
b1c9,966,discharge-low,277
b1c9,968,discharge-low,267
b1c9,974,discharge-low,265
b1c9,993,discharge-low,270
b1c9,1008,discharge-low,278
b1c9,1011,discharge-low,265
b1c9,1015,discharge-low,267
b1c9,1017,discharge-low,268
b1c9,1020,discharge-low,292
b1c9,1027,discharge-low,267
b1c9,1034,discharge-low,272
b1c9,1037,discharge-low,267
b1c9,1040,discharge-low,267
b1c9,1041,discharge-low,266
b1c9,1044,discharge-low,271
b1c9,1047,discharge-low,279
b1c9,1048,discharge-low,278
b1c10,836,discharge-low,268
b1c10,841,discharge-low,271
b1c10,855,discharge-low,274
b1c10,868,discharge-low,270
b1c10,873,discharge-low,266
b1c10,875,discharge-low,266
b1c10,903,discharge-low,275
b1c11,636,discharge-low,265
b1c11,668,discharge-low,265
b1c11,679,discharge-low,268
b1c11,700,discharge-low,265
b1c11,711,discharge-low,267
b1c11,712,discharge-low,265
b1c11,714,discharge-low,271
b1c11,720,discharge-low,268
b1c11,722,discharge-low,269
b1c11,723,discharge-low,266
b1c11,725,discharge-low,272
b1c11,728,discharge-low,273
b1c11,730,discharge-low,273
b1c11,731,discharge-low,274
b1c11,732,discharge-low,275
b1c11,736,discharge-low,265
b1c11,740,discharge-low,269
b1c11,741,discharge-low,272
b1c11,742,discharge-low,275
b1c11,745,discharge-low,270
b1c11,746,discharge-low,267
b1c11,748,discharge-low,265
b1c11,754,discharge-low,265
b1c11,755,discharge-low,275
b1c11,756,discharge-low,269
b1c11,758,discharge-low,277
b1c11,762,discharge-low,268
b1c11,764,discharge-low,279
b1c11,765,discharge-low,272
b1c11,766,discharge-low,265
b1c11,768,discharge-low,273
b1c11,769,discharge-low,282
b1c11,770,discharge-low,281
b1c11,771,discharge-low,273
b1c11,772,discharge-low,265
b1c11,775,discharge-low,268
b1c11,776,discharge-low,279
b1c11,777,discharge-low,278
b1c11,778,discharge-low,272
b1c11,779,discharge-low,265
b1c11,781,discharge-low,275
b1c11,782,discharge-low,267
b1c11,783,discharge-low,283
b1c11,784,discharge-low,269
b1c11,785,discharge-low,271
b1c11,786,discharge-low,266
b1c12,779,discharge-low,266
b1c12,800,discharge-low,266
b1c12,834,discharge-low,265
b1c12,837,discharge-low,267
b1c12,840,discharge-low,266
b1c12,846,discharge-low,265
b1c12,850,discharge-low,267
b1c12,851,discharge-low,265
b1c12,855,discharge-low,267
b1c12,859,discharge-low,271
b1c12,860,discharge-low,268
b1c12,861,discharge-low,266
b1c12,862,discharge-low,273
b1c12,863,discharge-low,273
b1c12,865,discharge-low,278
b1c12,866,discharge-low,269
b1c12,868,discharge-low,265
b1c12,870,discharge-low,270
b1c12,871,discharge-low,272
b1c12,872,discharge-low,265
b1c12,882,discharge-low,268
b1c12,884,discharge-low,272
b1c12,885,discharge-low,273
b1c12,887,discharge-low,271
b1c12,888,discharge-low,267
b1c12,889,discharge-low,268
b1c12,890,discharge-low,273
b1c12,891,discharge-low,270
b1c12,893,discharge-low,271
b1c12,896,discharge-low,269
b1c12,897,discharge-low,267
b1c12,899,discharge-low,274
b1c12,900,discharge-low,271
b1c13,839,discharge-low,268
b1c13,861,discharge-low,268
b1c13,877,discharge-low,266
b1c13,888,discharge-low,265
b1c13,890,discharge-low,267
b1c13,891,discharge-low,269
b1c14,729,discharge-low,267
b1c14,743,discharge-low,265
b1c14,763,discharge-low,268
b1c14,769,discharge-low,265
b1c14,771,discharge-low,270
b1c14,772,discharge-low,265
b1c14,778,discharge-low,265
b1c14,783,discharge-low,266
b1c14,785,discharge-low,270
b1c14,791,discharge-low,267
b1c14,793,discharge-low,276
b1c14,798,discharge-low,269
b1c14,801,discharge-low,265
b1c14,802,discharge-low,270
b1c14,807,discharge-low,270
b1c14,808,discharge-low,272
b1c14,810,discharge-low,267
b1c14,811,discharge-low,275
b1c14,812,discharge-low,265
b1c14,813,discharge-low,274
b1c14,815,discharge-low,271
b1c14,816,discharge-low,270
b1c14,817,discharge-low,265
b1c14,818,discharge-low,267
b1c14,819,discharge-low,269
b1c14,821,discharge-low,272
b1c14,824,discharge-low,270
b1c14,825,discharge-low,265
b1c14,837,discharge-low,268
b1c14,839,discharge-low,265
b1c14,841,discharge-low,277
b1c14,843,discharge-low,269
b1c14,845,discharge-low,270
b1c14,846,discharge-low,269
b1c14,848,discharge-low,270
b1c14,849,discharge-low,267
b1c14,850,discharge-low,270
b1c14,854,discharge-low,269
b1c14,855,discharge-low,272
b1c14,856,discharge-low,274
b1c14,857,discharge-low,266
b1c14,859,discharge-low,271
b1c14,860,discharge-low,270
b1c14,861,discharge-low,272
b1c14,862,discharge-low,273
b1c14,865,discharge-low,275
b1c14,867,discharge-low,268
b1c14,869,discharge-low,268
b1c14,871,discharge-low,278
b1c14,872,discharge-low,277
b1c14,873,discharge-low,266
b1c14,874,discharge-low,266
b1c14,875,discharge-low,281
b1c14,876,discharge-low,278
b1c14,877,discharge-low,268
b1c14,878,discharge-low,285
b1c15,652,discharge-low,265
b1c15,657,discharge-low,266
b1c15,668,discharge-low,269
b1c15,675,discharge-low,268
b1c15,680,discharge-low,268
b1c15,682,discharge-low,278
b1c15,684,discharge-low,266
b1c15,691,discharge-low,266
b1c15,693,discharge-low,273
b1c15,696,discharge-low,269
b1c15,699,discharge-low,265
b1c15,700,discharge-low,269
b1c15,701,discharge-low,275
b1c15,703,discharge-low,270
b1c15,704,discharge-low,270
b1c15,705,discharge-low,268
b1c15,706,discharge-low,266
b1c15,707,discharge-low,268
b1c15,708,discharge-low,273
b1c15,713,discharge-low,265
b1c15,714,discharge-low,273
b1c15,715,discharge-low,271
b1c15,716,discharge-low,265
b1c15,717,discharge-low,274
b1c16,789,discharge-low,265
b1c16,794,discharge-low,266
b1c16,801,discharge-low,265
b1c16,808,discharge-low,265
b1c16,809,discharge-low,266
b1c16,811,discharge-low,271
b1c16,812,discharge-low,269
b1c16,814,discharge-low,265
b1c16,815,discharge-low,268
b1c16,817,discharge-low,271
b1c16,818,discharge-low,270
b1c16,820,discharge-low,265
b1c16,824,discharge-low,267
b1c16,826,discharge-low,267
b1c16,828,discharge-low,270
b1c16,829,discharge-low,268
b1c16,833,discharge-low,272
b1c16,835,discharge-low,265
b1c16,838,discharge-low,265
b1c16,841,discharge-low,268
b1c16,844,discharge-low,267
b1c16,846,discharge-low,273
b1c16,847,discharge-low,269
b1c16,848,discharge-low,274
b1c16,849,discharge-low,273
b1c16,850,discharge-low,271
b1c16,852,discharge-low,267
b1c16,853,discharge-low,267
b1c16,854,discharge-low,266
b1c16,856,discharge-low,273
b1c16,857,discharge-low,276
b1c16,858,discharge-low,268
b1c16,859,discharge-low,275
b1c17,763,discharge-low,267
b1c17,767,discharge-low,265
b1c17,778,discharge-low,267
b1c17,779,discharge-low,277
b1c17,784,discharge-low,265
b1c17,789,discharge-low,266
b1c17,791,discharge-low,266
b1c17,796,discharge-low,266
b1c17,804,discharge-low,271
b1c17,808,discharge-low,266
b1c17,809,discharge-low,268
b1c17,811,discharge-low,269
b1c17,812,discharge-low,267
b1c17,813,discharge-low,265
b1c17,815,discharge-low,276
b1c17,817,discharge-low,270
b1c17,818,discharge-low,273
b1c17,822,discharge-low,266
b1c17,824,discharge-low,272
b1c17,825,discharge-low,268
b1c17,826,discharge-low,275
b1c17,827,discharge-low,266
b1c17,828,discharge-low,270
b1c17,830,discharge-low,265
b1c17,831,discharge-low,268
b1c17,832,discharge-low,265
b1c17,836,discharge-low,270
b1c17,837,discharge-low,267
b1c17,838,discharge-low,275
b1c17,840,discharge-low,277
b1c17,841,discharge-low,276
b1c17,843,discharge-low,278
b1c17,845,discharge-low,269
b1c17,846,discharge-low,265
b1c17,849,discharge-low,274
b1c17,850,discharge-low,269
b1c17,851,discharge-low,275
b1c17,852,discharge-low,277
b1c17,853,discharge-low,294
b1c17,854,discharge-low,273
b1c18,607,discharge-low,273
b1c18,613,discharge-low,267
b1c18,625,discharge-low,265
b1c18,651,discharge-low,265
b1c18,655,discharge-low,265
b1c18,658,discharge-low,272
b1c18,659,discharge-low,269
b1c18,666,discharge-low,267
b1c18,670,discharge-low,273
b1c18,671,discharge-low,276
b1c18,672,discharge-low,268
b1c18,679,discharge-low,269
b1c18,681,discharge-low,273
b1c18,682,discharge-low,267
b1c18,683,discharge-low,279
b1c18,689,discharge-low,269
b1c19,666,discharge-low,265
b1c19,710,discharge-low,266
b1c19,716,discharge-low,272
b1c19,728,discharge-low,266
b1c19,730,discharge-low,271
b1c19,732,discharge-low,265
b1c19,738,discharge-low,265
b1c19,740,discharge-low,269
b1c19,741,discharge-low,267
b1c19,745,discharge-low,267
b1c19,749,discharge-low,272
b1c19,753,discharge-low,271
b1c19,755,discharge-low,275
b1c19,757,discharge-low,270
b1c19,760,discharge-low,272
b1c19,761,discharge-low,265
b1c19,762,discharge-low,269
b1c19,763,discharge-low,266
b1c19,765,discharge-low,276
b1c19,766,discharge-low,270
b1c19,768,discharge-low,267
b1c19,769,discharge-low,266
b1c19,770,discharge-low,267
b1c19,771,discharge-low,270
b1c19,772,discharge-low,274
b1c19,775,discharge-low,265
b1c19,776,discharge-low,276
b1c19,777,discharge-low,268
b1c19,779,discharge-low,270
b1c19,780,discharge-low,265
b1c19,781,discharge-low,276
b1c19,783,discharge-low,266
b1c19,784,discharge-low,273
b1c19,785,discharge-low,280
b1c19,786,discharge-low,269
b1c20,505,discharge-low,270
b1c20,510,discharge-low,266
b1c20,514,discharge-low,271
b1c20,515,discharge-low,265
b1c20,518,discharge-low,276
b1c20,519,discharge-low,267
b1c20,521,discharge-low,266
b1c20,523,discharge-low,265
b1c20,528,discharge-low,271
b1c20,529,discharge-low,272
b1c20,532,discharge-low,270
b1c21,532,discharge-low,267
b1c21,536,discharge-low,265
b1c21,538,discharge-low,269
b1c21,539,discharge-low,280
b1c21,547,discharge-low,265
b1c21,548,discharge-low,271
b1c21,549,discharge-low,270
b1c21,550,discharge-low,266
b1c21,552,discharge-low,268
b1c21,553,discharge-low,268
b1c22,823,discharge-low,267
b1c22,829,discharge-low,267
b1c22,882,discharge-low,267
b1c22,885,discharge-low,265
b1c23,850,discharge-low,267
b1c23,904,discharge-low,265
b1c23,905,discharge-low,265
b1c23,910,discharge-low,268
b1c23,913,discharge-low,268
b1c23,928,discharge-low,270
b1c23,932,discharge-low,266
b1c23,934,discharge-low,266
b1c23,938,discharge-low,269
b1c23,939,discharge-low,267
b1c23,953,discharge-low,276
b1c23,958,discharge-low,267
b1c23,959,discharge-low,269
b1c23,962,discharge-low,274
b1c23,968,discharge-low,266
b1c23,971,discharge-low,265
b1c23,972,discharge-low,270
b1c23,973,discharge-low,265
b1c23,974,discharge-low,269
b1c23,975,discharge-low,265
b1c23,977,discharge-low,270
b1c23,979,discharge-low,279
b1c23,984,discharge-low,269
b1c23,987,discharge-low,267
b1c23,988,discharge-low,272
b1c23,993,discharge-low,268
b1c23,996,discharge-low,269
b1c23,1002,discharge-low,269
b1c23,1003,discharge-low,266
b1c23,1004,discharge-low,268
b1c23,1005,discharge-low,274
b1c23,1006,discharge-low,269
b1c23,1008,discharge-low,276
b1c23,1009,discharge-low,275
b1c23,1011,discharge-low,285
b1c23,1012,discharge-low,274
b1c24,794,discharge-low,265
b1c24,824,discharge-low,267
b1c24,852,discharge-low,265
b1c24,883,discharge-low,274
b1c24,892,discharge-low,268
b1c24,894,discharge-low,271
b1c24,898,discharge-low,268
b1c24,901,discharge-low,266
b1c24,905,discharge-low,268
b1c24,918,discharge-low,266
b1c24,919,discharge-low,271
b1c24,925,discharge-low,275
b1c24,926,discharge-low,267
b1c24,936,discharge-low,272
b1c24,937,discharge-low,266
b1c24,938,discharge-low,268
b1c24,939,discharge-low,276
b1c24,940,discharge-low,268
b1c24,943,discharge-low,269
b1c24,945,discharge-low,265
b1c24,947,discharge-low,273
b1c24,949,discharge-low,275
b1c24,950,discharge-low,274
b1c24,951,discharge-low,278
b1c24,952,discharge-low,276
b1c24,953,discharge-low,277
b1c24,957,discharge-low,265
b1c24,959,discharge-low,272
b1c24,960,discharge-low,268
b1c24,967,discharge-low,266
b1c24,969,discharge-low,275
b1c24,970,discharge-low,268
b1c24,971,discharge-low,269
b1c24,973,discharge-low,275
b1c25,768,discharge-low,266
b1c25,770,discharge-low,265
b1c25,775,discharge-low,266
b1c25,776,discharge-low,266
b1c25,791,discharge-low,267
b1c25,792,discharge-low,268
b1c25,794,discharge-low,265
b1c25,795,discharge-low,266
b1c25,800,discharge-low,269
b1c25,801,discharge-low,269
b1c25,805,discharge-low,265
b1c25,810,discharge-low,267
b1c25,814,discharge-low,272
b1c25,815,discharge-low,265
b1c25,817,discharge-low,269
b1c25,818,discharge-low,281
b1c25,819,discharge-low,275
b1c25,821,discharge-low,271
b1c25,822,discharge-low,274
b1c25,825,discharge-low,265
b1c25,827,discharge-low,269
b1c25,829,discharge-low,268
b1c25,831,discharge-low,266
b1c25,832,discharge-low,265
b1c25,833,discharge-low,272
b1c25,835,discharge-low,266
b1c25,838,discharge-low,268
b1c25,839,discharge-low,277
b1c25,846,discharge-low,269
b1c25,848,discharge-low,278
b1c26,759,discharge-low,268
b1c26,766,discharge-low,268
b1c26,769,discharge-low,265
b1c26,778,discharge-low,267
b1c26,789,discharge-low,265
b1c26,795,discharge-low,266
b1c26,797,discharge-low,265
b1c26,798,discharge-low,266
b1c26,802,discharge-low,271
b1c26,805,discharge-low,275
b1c26,816,discharge-low,270
b1c26,817,discharge-low,270
b1c26,818,discharge-low,266
b1c26,822,discharge-low,268
b1c26,823,discharge-low,272
b1c26,826,discharge-low,270
b1c26,827,discharge-low,266
b1c26,829,discharge-low,269
b1c26,831,discharge-low,265
b1c26,832,discharge-low,267
b1c26,833,discharge-low,265
b1c26,836,discharge-low,270
b1c26,837,discharge-low,268
b1c26,839,discharge-low,273
b1c26,840,discharge-low,269
b1c26,841,discharge-low,270
b1c26,842,discharge-low,266
b1c26,846,discharge-low,270
b1c26,848,discharge-low,278
b1c26,850,discharge-low,273
b1c26,852,discharge-low,268
b1c26,853,discharge-low,268
b1c26,854,discharge-low,265
b1c26,855,discharge-low,268
b1c26,856,discharge-low,270
b1c26,857,discharge-low,266
b1c26,858,discharge-low,269
b1c26,859,discharge-low,273
b1c26,860,discharge-low,265
b1c26,861,discharge-low,267
b1c26,862,discharge-low,266
b1c26,863,discharge-low,272
b1c26,865,discharge-low,271
b1c26,866,discharge-low,266
b1c26,867,discharge-low,269
b1c27,742,discharge-low,265
b1c27,746,discharge-low,269
b1c27,756,discharge-low,268
b1c27,758,discharge-low,265
b1c27,762,discharge-low,265
b1c27,765,discharge-low,272
b1c27,781,discharge-low,267
b1c27,787,discharge-low,274
b1c27,790,discharge-low,268
b1c27,797,discharge-low,267
b1c27,799,discharge-low,275
b1c27,801,discharge-low,265
b1c27,802,discharge-low,269
b1c27,810,discharge-low,267
b1c27,811,discharge-low,267
b1c27,813,discharge-low,270
b1c27,814,discharge-low,272
b1c27,817,discharge-low,274
b1c27,818,discharge-low,272
b1c27,819,discharge-low,271
b1c27,820,discharge-low,268
b1c27,821,discharge-low,271
b1c27,822,discharge-low,272
b1c27,824,discharge-low,277
b1c27,827,discharge-low,269
b1c27,828,discharge-low,277
b1c27,829,discharge-low,271
b1c27,830,discharge-low,275
b1c27,832,discharge-low,273
b1c27,833,discharge-low,275
b1c27,834,discharge-low,276
b1c27,835,discharge-low,270
b1c27,836,discharge-low,279
b1c27,837,discharge-low,265
b1c27,838,discharge-low,272
b1c27,839,discharge-low,266
b1c28,747,discharge-low,266
b1c28,750,discharge-low,266
b1c28,752,discharge-low,267
b1c28,768,discharge-low,278
b1c28,796,discharge-low,267
b1c28,807,discharge-low,265
b1c28,810,discharge-low,266
b1c28,814,discharge-low,270
b1c28,819,discharge-low,280
b1c28,824,discharge-low,285
b1c28,829,discharge-low,268
b1c28,836,discharge-low,270
b1c28,840,discharge-low,280
b1c28,843,discharge-low,265
b1c28,847,discharge-low,265
b1c28,848,discharge-low,273
b1c28,852,discharge-low,269
b1c28,854,discharge-low,274
b1c29,769,discharge-low,266
b1c29,775,discharge-low,265
b1c29,790,discharge-low,265
b1c29,794,discharge-low,266
b1c29,831,discharge-low,268
b1c29,836,discharge-low,268
b1c29,840,discharge-low,270
b1c29,850,discharge-low,276
b1c29,855,discharge-low,267
b1c29,874,discharge-low,273
b1c29,892,discharge-low,275
b1c29,908,discharge-low,273
b1c30,607,discharge-low,265
b1c30,644,discharge-low,268
b1c30,646,discharge-low,269
b1c30,666,discharge-low,271
b1c30,667,discharge-low,266
b1c30,669,discharge-low,268
b1c30,670,discharge-low,270
b1c30,672,discharge-low,268
b1c30,675,discharge-low,272
b1c30,677,discharge-low,269
b1c30,679,discharge-low,267
b1c30,685,discharge-low,271
b1c30,686,discharge-low,271
b1c30,688,discharge-low,269
b1c30,689,discharge-low,275
b1c30,690,discharge-low,284
b1c30,691,discharge-low,269
b1c30,692,discharge-low,274
b1c30,693,discharge-low,268
b1c30,696,discharge-low,267
b1c30,697,discharge-low,266
b1c30,699,discharge-low,267
b1c30,700,discharge-low,270
b1c30,704,discharge-low,273
b1c30,706,discharge-low,279
b1c30,707,discharge-low,268
b1c31,755,discharge-low,272
b1c31,774,discharge-low,266
b1c31,783,discharge-low,276
b1c31,799,discharge-low,265
b1c31,806,discharge-low,267
b1c31,819,discharge-low,271
b1c31,821,discharge-low,266
b1c31,823,discharge-low,265
b1c31,825,discharge-low,271
b1c31,826,discharge-low,269
b1c31,827,discharge-low,268
b1c31,834,discharge-low,266
b1c31,840,discharge-low,271
b1c31,843,discharge-low,267
b1c31,844,discharge-low,268
b1c31,845,discharge-low,268
b1c31,847,discharge-low,270
b1c31,848,discharge-low,269
b1c31,851,discharge-low,266
b1c31,853,discharge-low,271
b1c31,857,discharge-low,267
b1c31,860,discharge-low,272
b1c31,862,discharge-low,265
b1c31,863,discharge-low,267
b1c31,864,discharge-low,271
b1c31,865,discharge-low,266
b1c31,867,discharge-low,271
b1c31,868,discharge-low,273
b1c31,870,discharge-low,267
b1c31,871,discharge-low,269
b1c31,872,discharge-low,266
b1c31,873,discharge-low,269
b1c32,654,discharge-low,268
b1c32,655,discharge-low,267
b1c32,659,discharge-low,266
b1c32,662,discharge-low,268
b1c32,666,discharge-low,267
b1c32,685,discharge-low,265
b1c32,686,discharge-low,274
b1c32,689,discharge-low,265
b1c32,692,discharge-low,268
b1c32,694,discharge-low,270
b1c32,696,discharge-low,267
b1c32,699,discharge-low,270
b1c32,701,discharge-low,268
b1c32,704,discharge-low,267
b1c32,708,discharge-low,267
b1c32,713,discharge-low,270
b1c32,720,discharge-low,271
b1c32,721,discharge-low,277
b1c32,722,discharge-low,265
b1c32,723,discharge-low,276
b1c32,728,discharge-low,266
b1c33,668,discharge-low,268
b1c33,670,discharge-low,265
b1c33,678,discharge-low,269
b1c33,690,discharge-low,273
b1c33,698,discharge-low,266
b1c33,701,discharge-low,267
b1c33,708,discharge-low,266
b1c33,709,discharge-low,266
b1c33,715,discharge-low,267
b1c33,719,discharge-low,265
b1c33,735,discharge-low,265
b1c33,736,discharge-low,270
b1c33,747,discharge-low,272
b1c33,749,discharge-low,272
b1c33,750,discharge-low,282
b1c33,751,discharge-low,275
b1c33,752,discharge-low,276
b1c33,753,discharge-low,289
b1c34,665,discharge-low,265
b1c34,675,discharge-low,271
b1c34,681,discharge-low,265
b1c34,682,discharge-low,269
b1c34,685,discharge-low,266
b1c34,689,discharge-low,270
b1c34,697,discharge-low,267
b1c34,705,discharge-low,268
b1c34,706,discharge-low,266
b1c34,708,discharge-low,269
b1c34,709,discharge-low,265
b1c34,711,discharge-low,269
b1c34,712,discharge-low,277
b1c34,715,discharge-low,273
b1c34,716,discharge-low,274
b1c34,717,discharge-low,268
b1c34,718,discharge-low,269
b1c34,720,discharge-low,269
b1c34,721,discharge-low,279
b1c34,722,discharge-low,265
b1c34,723,discharge-low,271
b1c34,725,discharge-low,266
b1c34,726,discharge-low,271
b1c34,730,discharge-low,273
b1c34,731,discharge-low,274
b1c34,732,discharge-low,274
b1c34,734,discharge-low,271
b1c34,737,discharge-low,266
b1c34,739,discharge-low,270
b1c34,740,discharge-low,267
b1c35,610,discharge-low,268
b1c35,626,discharge-low,271
b1c35,633,discharge-low,268
b1c35,638,discharge-low,265
b1c35,646,discharge-low,273
b1c35,648,discharge-low,269
b1c35,651,discharge-low,275
b1c35,652,discharge-low,268
b1c35,653,discharge-low,269
b1c35,654,discharge-low,265
b1c35,656,discharge-low,271
b1c35,657,discharge-low,269
b1c35,660,discharge-low,265
b1c35,662,discharge-low,273
b1c35,664,discharge-low,266
b1c35,665,discharge-low,267
b1c35,667,discharge-low,266
b1c35,672,discharge-low,280
b1c35,674,discharge-low,274
b1c35,675,discharge-low,281
b1c35,676,discharge-low,275
b1c35,677,discharge-low,267
b1c35,678,discharge-low,265
b1c35,679,discharge-low,270
b1c35,681,discharge-low,265
b1c35,682,discharge-low,278
b1c35,683,discharge-low,272
b1c35,685,discharge-low,278
b1c35,686,discharge-low,274
b1c35,687,discharge-low,273
b1c35,689,discharge-low,279
b1c35,690,discharge-low,279
b1c35,692,discharge-low,268
b1c35,693,discharge-low,266
b1c35,694,discharge-low,266
b1c35,695,discharge-low,277
b1c35,697,discharge-low,269
b1c35,698,discharge-low,275
b1c35,699,discharge-low,267
b1c35,700,discharge-low,282
b1c36,622,discharge-low,272
b1c36,629,discharge-low,266
b1c36,630,discharge-low,267
b1c36,642,discharge-low,270
b1c36,651,discharge-low,268
b1c36,657,discharge-low,266
b1c36,658,discharge-low,268
b1c36,668,discharge-low,267
b1c36,669,discharge-low,269
b1c36,672,discharge-low,271
b1c36,675,discharge-low,270
b1c36,676,discharge-low,267
b1c36,682,discharge-low,269
b1c36,683,discharge-low,267
b1c36,684,discharge-low,270
b1c36,685,discharge-low,268
b1c36,686,discharge-low,272
b1c36,687,discharge-low,279
b1c36,688,discharge-low,269
b1c36,689,discharge-low,276
b1c36,690,discharge-low,266
b1c36,691,discharge-low,283
b1c36,692,discharge-low,272
b1c36,693,discharge-low,274
b1c36,694,discharge-low,271
b1c36,695,discharge-low,281
b1c36,696,discharge-low,277
b1c36,697,discharge-low,269
b1c36,699,discharge-low,278
b1c36,700,discharge-low,282
b1c36,702,discharge-low,274
b1c37,513,discharge-low,265
b1c37,542,discharge-low,267
b1c37,578,discharge-low,265
b1c37,589,discharge-low,273
b1c37,594,discharge-low,273
b1c37,596,discharge-low,269
b1c37,609,discharge-low,268
b1c37,615,discharge-low,267
b1c37,617,discharge-low,271
b1c37,618,discharge-low,272
b1c37,623,discharge-low,266
b1c37,631,discharge-low,273
b1c37,632,discharge-low,277
b1c37,633,discharge-low,265
b1c37,634,discharge-low,267
b1c37,635,discharge-low,268
b1c37,636,discharge-low,278
b1c37,637,discharge-low,275
b1c37,638,discharge-low,269
b1c37,639,discharge-low,280
b1c37,640,discharge-low,270
b1c37,641,discharge-low,274
b1c37,642,discharge-low,265
b1c37,643,discharge-low,276
b1c37,644,discharge-low,279
b1c37,646,discharge-low,282
b1c38,551,discharge-low,266
b1c38,553,discharge-low,271
b1c38,566,discharge-low,268
b1c38,583,discharge-low,267
b1c38,584,discharge-low,271
b1c38,585,discharge-low,270
b1c38,587,discharge-low,278
b1c38,595,discharge-low,277
b1c38,596,discharge-low,268
b1c38,597,discharge-low,277
b1c38,598,discharge-low,273
b1c38,599,discharge-low,266
b1c38,600,discharge-low,271
b1c38,601,discharge-low,277
b1c38,602,discharge-low,275
b1c38,603,discharge-low,274
b1c38,604,discharge-low,269
b1c38,605,discharge-low,272
b1c38,607,discharge-low,267
b1c38,614,discharge-low,266
b1c38,615,discharge-low,266
b1c39,539,discharge-low,267
b1c39,545,discharge-low,271
b1c39,577,discharge-low,265
b1c39,578,discharge-low,268
b1c39,582,discharge-low,265
b1c39,583,discharge-low,271
b1c39,585,discharge-low,270
b1c39,586,discharge-low,272
b1c39,592,discharge-low,272
b1c39,593,discharge-low,271
b1c39,595,discharge-low,266
b1c39,596,discharge-low,265
b1c39,597,discharge-low,265
b1c39,599,discharge-low,269
b1c39,600,discharge-low,265
b1c39,601,discharge-low,269
b1c39,603,discharge-low,272
b1c39,604,discharge-low,274
b1c39,605,discharge-low,271
b1c39,606,discharge-low,275
b1c39,607,discharge-low,278
b1c39,608,discharge-low,272
b1c39,609,discharge-low,284
b1c39,610,discharge-low,267
b1c39,611,discharge-low,271
b1c39,612,discharge-low,272
b1c39,613,discharge-low,275
b1c39,614,discharge-low,271
b1c39,615,discharge-low,266
b1c39,616,discharge-low,280
b1c39,617,discharge-low,271
b1c39,618,discharge-low,271
b1c39,620,discharge-low,271
b1c39,621,discharge-low,265
b1c39,622,discharge-low,272
b1c40,838,discharge-low,274
b1c40,841,discharge-low,265
b1c40,849,discharge-low,266
b1c40,851,discharge-low,266
b1c40,860,discharge-low,265
b1c40,863,discharge-low,274
b1c40,871,discharge-low,269
b1c40,876,discharge-low,268
b1c40,884,discharge-low,268
b1c40,887,discharge-low,265
b1c40,891,discharge-low,267
b1c40,893,discharge-low,265
b1c40,900,discharge-low,267
b1c40,902,discharge-low,274
b1c40,906,discharge-low,267
b1c40,907,discharge-low,267
b1c40,910,discharge-low,270
b1c40,913,discharge-low,270
b1c40,918,discharge-low,271
b1c40,923,discharge-low,272
b1c40,924,discharge-low,267
b1c40,926,discharge-low,270
b1c40,927,discharge-low,270
b1c40,928,discharge-low,269
b1c40,930,discharge-low,268
b1c40,932,discharge-low,277
b1c40,937,discharge-low,271
b1c40,938,discharge-low,267
b1c40,939,discharge-low,267
b1c40,940,discharge-low,268
b1c40,941,discharge-low,277
b1c40,942,discharge-low,271
b1c40,945,discharge-low,269
b1c40,946,discharge-low,266
b1c40,948,discharge-low,279
b1c40,951,discharge-low,279
b1c40,952,discharge-low,265
b1c40,953,discharge-low,267
b1c40,955,discharge-low,266
b1c40,956,discharge-low,272
b1c40,958,discharge-low,269
b1c40,960,discharge-low,269
b1c40,963,discharge-low,279
b1c40,964,discharge-low,268
b1c41,875,discharge-low,269
b1c41,903,discharge-low,265
b1c41,926,discharge-low,265
b1c41,929,discharge-low,267
b1c41,930,discharge-low,271
b1c41,937,discharge-low,265
b1c41,947,discharge-low,278
b1c41,949,discharge-low,270
b1c41,997,discharge-low,273
b1c41,1001,discharge-low,275
b1c41,1004,discharge-low,266
b1c41,1008,discharge-low,267
b1c41,1015,discharge-low,266
b1c41,1019,discharge-low,268
b1c41,1022,discharge-low,268
b1c41,1025,discharge-low,273
b1c41,1027,discharge-low,270
b1c41,1048,discharge-low,281
b1c42,577,discharge-low,267
b1c42,592,discharge-low,265
b1c42,597,discharge-low,265
b1c42,598,discharge-low,266
b1c42,618,discharge-low,267
b1c42,625,discharge-low,266
b1c42,627,discharge-low,266
b1c42,629,discharge-low,268
b1c42,641,discharge-low,266
b1c42,643,discharge-low,268
b1c42,647,discharge-low,268
b1c42,648,discharge-low,273
b1c42,650,discharge-low,268
b1c42,651,discharge-low,272
b1c42,652,discharge-low,274
b1c42,654,discharge-low,273
b1c42,656,discharge-low,266
b1c42,658,discharge-low,275
b1c42,660,discharge-low,266
b1c42,661,discharge-low,277
b1c42,664,discharge-low,270
b1c42,666,discharge-low,278
b1c42,668,discharge-low,273
b1c42,669,discharge-low,271
b1c42,670,discharge-low,271
b1c42,671,discharge-low,268
b1c42,672,discharge-low,275
b1c42,673,discharge-low,273
b1c42,676,discharge-low,267
b1c42,678,discharge-low,276
b1c42,680,discharge-low,275
b1c42,681,discharge-low,273
b1c42,682,discharge-low,280
b1c42,683,discharge-low,267
b1c42,684,discharge-low,268
b1c42,685,discharge-low,267
b1c42,686,discharge-low,270
b1c42,691,discharge-low,267
b1c42,692,discharge-low,270
b1c42,693,discharge-low,272
b1c42,694,discharge-low,270
b1c42,695,discharge-low,269
b1c42,696,discharge-low,273
b1c42,698,discharge-low,267
b1c42,699,discharge-low,270
b1c42,700,discharge-low,274
b1c43,578,discharge-low,265
b1c43,579,discharge-low,267
b1c43,589,discharge-low,266
b1c43,595,discharge-low,265
b1c43,598,discharge-low,270
b1c43,600,discharge-low,266
b1c43,602,discharge-low,267
b1c43,603,discharge-low,268
b1c43,607,discharge-low,269
b1c43,608,discharge-low,268
b1c43,610,discharge-low,267
b1c43,613,discharge-low,266
b1c43,616,discharge-low,265
b1c43,617,discharge-low,266
b1c43,619,discharge-low,269
b1c43,620,discharge-low,267
b1c43,621,discharge-low,274
b1c43,622,discharge-low,268
b1c43,625,discharge-low,266
b1c43,628,discharge-low,268
b1c43,629,discharge-low,268
b1c43,632,discharge-low,269
b1c43,633,discharge-low,268
b1c43,634,discharge-low,266
b1c43,635,discharge-low,265
b1c43,636,discharge-low,280
b1c43,637,discharge-low,271
b1c43,638,discharge-low,270
b1c43,639,discharge-low,271
b1c43,641,discharge-low,268
b1c43,643,discharge-low,272
b1c43,646,discharge-low,269
b1c43,647,discharge-low,268
b1c43,648,discharge-low,265
b1c44,507,discharge-low,269
b1c44,520,discharge-low,267
b1c44,521,discharge-low,269
b1c44,523,discharge-low,265
b1c44,534,discharge-low,265
b1c44,535,discharge-low,265
b1c44,543,discharge-low,266
b1c44,546,discharge-low,268
b1c44,553,discharge-low,271
b1c44,555,discharge-low,265
b1c44,557,discharge-low,266
b1c44,559,discharge-low,267
b1c44,564,discharge-low,267
b1c44,569,discharge-low,268
b1c44,570,discharge-low,274
b1c44,574,discharge-low,273
b1c44,575,discharge-low,266
b1c44,578,discharge-low,269
b1c44,580,discharge-low,267
b1c44,584,discharge-low,273
b1c44,587,discharge-low,280
b1c44,589,discharge-low,268
b1c44,590,discharge-low,265
b1c44,593,discharge-low,267
b1c44,595,discharge-low,277
b1c44,596,discharge-low,265
b1c44,597,discharge-low,268
b1c44,598,discharge-low,268
b1c44,599,discharge-low,270
b1c44,600,discharge-low,268
b1c44,601,discharge-low,265
b1c44,602,discharge-low,279
b1c44,603,discharge-low,272
b1c44,604,discharge-low,276
b1c44,605,discharge-low,273
b1c44,606,discharge-low,268
b1c44,607,discharge-low,272
b1c44,609,discharge-low,276
b1c44,611,discharge-low,265
b1c44,612,discharge-low,269
b1c44,613,discharge-low,273
b1c44,614,discharge-low,274
b1c45,520,discharge-low,266
b1c45,530,discharge-low,265
b1c45,531,discharge-low,266
b1c45,544,discharge-low,279
b1c45,548,discharge-low,274
b1c45,550,discharge-low,265
b1c45,554,discharge-low,273
b1c45,555,discharge-low,268
b1c45,562,discharge-low,270
b1c45,565,discharge-low,269
b1c45,566,discharge-low,273
b1c45,567,discharge-low,266
b1c45,568,discharge-low,265
b1c45,570,discharge-low,266
b1c45,571,discharge-low,268
b1c45,572,discharge-low,272
b1c45,577,discharge-low,273
b1c45,578,discharge-low,268
b1c45,579,discharge-low,276
b1c45,580,discharge-low,270
b1c45,583,discharge-low,271
b1c45,585,discharge-low,265
b1c45,586,discharge-low,273
b1c45,588,discharge-low,265
b1c45,589,discharge-low,277
b1c45,594,discharge-low,271
b1c45,595,discharge-low,265
b1c45,596,discharge-low,266
b2c0,73,discharge-low,151
b2c2,449,discharge-low,265
b2c3,250,discharge-low,147
b2c5,476,discharge-low,272
b2c5,490,discharge-low,281
b2c5,491,discharge-low,277
b2c5,498,discharge-low,268
b2c5,505,discharge-low,285
b2c6,258,discharge-low,90
b2c10,492,discharge-low,267
b2c10,497,discharge-low,265
b2c10,507,discharge-low,269
b2c10,518,discharge-low,277
b2c10,555,discharge-low,271
b2c10,557,discharge-low,272
b2c10,563,discharge-low,281
b2c10,570,discharge-low,269
b2c10,577,discharge-low,269
b2c10,578,discharge-low,270
b2c10,579,discharge-low,266
b2c10,580,discharge-low,267
b2c10,581,discharge-low,269
b2c10,586,discharge-low,271
b2c10,588,discharge-low,272
b2c10,590,discharge-low,282
b2c10,591,discharge-low,269
b2c10,594,discharge-low,274
b2c10,595,discharge-low,267
b2c11,401,discharge-low,265
b2c11,413,discharge-low,266
b2c11,469,discharge-low,268
b2c14,474,discharge-low,269
b2c14,480,discharge-low,279
b2c14,486,discharge-low,269
b2c14,492,discharge-low,270
b2c14,493,discharge-low,269
b2c14,494,discharge-low,267
b2c14,496,discharge-low,278
b2c14,497,discharge-low,269
b2c14,498,discharge-low,270
b2c14,499,discharge-low,273
b2c14,500,discharge-low,277
b2c14,502,discharge-low,274
b2c14,503,discharge-low,272
b2c14,505,discharge-low,283
b2c14,506,discharge-low,267
b2c14,508,discharge-low,271
b2c17,113,discharge-low,148
b2c17,480,discharge-low,265
b2c17,486,discharge-low,269
b2c17,490,discharge-low,265
b2c17,492,discharge-low,269
b2c17,495,discharge-low,278
b2c17,498,discharge-low,266
b2c17,500,discharge-low,281
b2c17,501,discharge-low,267
b2c17,502,discharge-low,274
b2c17,506,discharge-low,266
b2c17,507,discharge-low,271
b2c17,508,discharge-low,273
b2c17,510,discharge-low,266
b2c17,512,discharge-low,280
b2c17,515,discharge-low,276
b2c17,516,discharge-low,268
b2c17,517,discharge-low,270
b2c17,520,discharge-low,284
b2c17,521,discharge-low,274
b2c17,522,discharge-low,274
b2c18,454,discharge-low,272
b2c18,472,discharge-low,271
b2c18,480,discharge-low,266
b2c18,481,discharge-low,269
b2c18,483,discharge-low,272
b2c18,484,discharge-low,267
b2c18,515,discharge-low,278
b2c18,518,discharge-low,275
b2c19,453,discharge-low,267
b2c19,454,discharge-low,265
b2c19,457,discharge-low,270
b2c19,458,discharge-low,277
b2c19,459,discharge-low,271
b2c20,500,discharge-low,268
b2c20,503,discharge-low,266
b2c20,506,discharge-low,280
b2c20,508,discharge-low,268
b2c20,509,discharge-low,269
b2c20,510,discharge-low,282
b2c20,511,discharge-low,273
b2c20,512,discharge-low,270
b2c20,514,discharge-low,272
b2c20,515,discharge-low,280
b2c20,516,discharge-low,266
b2c20,517,discharge-low,274
b2c20,518,discharge-low,269
b2c20,520,discharge-low,275
b2c20,521,discharge-low,276
b2c20,527,discharge-low,276
b2c20,528,discharge-low,267
b2c21,477,discharge-low,269
b2c21,478,discharge-low,271
b2c21,482,discharge-low,271
b2c21,486,discharge-low,266
b2c21,487,discharge-low,268
b2c21,488,discharge-low,266
b2c21,489,discharge-low,272
b2c21,490,discharge-low,277
b2c21,492,discharge-low,267
b2c21,494,discharge-low,276
b2c21,495,discharge-low,277
b2c21,497,discharge-low,266
b2c21,498,discharge-low,278
b2c21,499,discharge-low,275
b2c21,500,discharge-low,265
b2c21,502,discharge-low,270
b2c21,503,discharge-low,268
b2c21,504,discharge-low,267
b2c21,505,discharge-low,276
b2c21,506,discharge-low,281
b2c21,507,discharge-low,267
b2c21,508,discharge-low,272
b2c21,509,discharge-low,268
b2c21,510,discharge-low,268
b2c21,511,discharge-low,270
b2c21,512,discharge-low,275
b2c21,513,discharge-low,282
b2c21,514,discharge-low,280
b2c21,516,discharge-low,274
b2c21,517,discharge-low,270
b2c21,518,discharge-low,275
b2c21,519,discharge-low,277
b2c23,514,discharge-low,267
b2c23,515,discharge-low,265
b2c23,519,discharge-low,265
b2c23,522,discharge-low,271
b2c23,525,discharge-low,272
b2c24,486,discharge-low,277
b2c25,454,discharge-low,271
b2c25,455,discharge-low,274
b2c26,438,discharge-low,273
b2c26,439,discharge-low,265
b2c26,451,discharge-low,266
b2c26,452,discharge-low,267
b2c26,459,discharge-low,267
b2c26,468,discharge-low,267
b2c27,457,discharge-low,265
b2c27,461,discharge-low,265
b2c27,466,discharge-low,268
b2c27,471,discharge-low,274
b2c27,472,discharge-low,266
b2c27,473,discharge-low,278
b2c27,478,discharge-low,274
b2c27,482,discharge-low,275
b2c27,484,discharge-low,281
b2c27,486,discharge-low,275
b2c27,487,discharge-low,279
b2c27,490,discharge-low,277
b2c27,491,discharge-low,273
b2c27,493,discharge-low,271
b2c27,494,discharge-low,288
b2c29,452,discharge-low,265
b2c30,471,discharge-low,267
b2c30,473,discharge-low,267
b2c30,474,discharge-low,265
b2c30,475,discharge-low,267
b2c30,476,discharge-low,266
b2c30,480,discharge-low,268
b2c30,484,discharge-low,265
b2c30,485,discharge-low,278
b2c30,486,discharge-low,277
b2c30,492,discharge-low,272
b2c30,497,discharge-low,278
b2c30,498,discharge-low,270
b2c30,499,discharge-low,267
b2c30,500,discharge-low,266
b2c30,501,discharge-low,277
b2c30,502,discharge-low,271
b2c30,503,discharge-low,266
b2c30,504,discharge-low,277
b2c31,424,discharge-low,265
b2c32,503,discharge-low,270
b2c32,512,discharge-low,270
b2c32,513,discharge-low,267
b2c32,516,discharge-low,274
b2c40,302,discharge-low,284
b2c40,468,discharge-low,269
b2c40,475,discharge-low,268
b2c40,478,discharge-low,269
b2c40,494,discharge-low,269
b2c40,497,discharge-low,268
b2c40,498,discharge-low,271
b2c40,507,discharge-low,265
b2c40,513,discharge-low,272
b2c40,520,discharge-low,265
b2c40,524,discharge-low,268
b2c40,526,discharge-low,266
b2c40,527,discharge-low,284
b2c40,528,discharge-low,265
b2c42,476,discharge-low,270
b2c42,479,discharge-low,269
b2c42,487,discharge-low,268
b2c43,451,discharge-low,268
b2c43,454,discharge-low,265
b2c43,457,discharge-low,269
b2c43,458,discharge-low,265
b2c43,477,discharge-low,279
b2c44,447,discharge-low,265
b2c45,472,discharge-low,276
b2c45,474,discharge-low,271
b2c45,475,discharge-low,265
b2c45,477,discharge-low,271
b2c45,479,discharge-low,271
b2c45,483,discharge-low,269
b2c45,486,discharge-low,267
b2c45,491,discharge-low,273
b2c45,493,discharge-low,285
b2c45,497,discharge-low,267
b2c45,501,discharge-low,285
b2c45,502,discharge-low,277
b2c45,503,discharge-low,282
b2c45,509,discharge-low,267
b2c45,510,discharge-low,268
b3c7,29,discharge-low,149
b3c7,214,discharge-low,143
b3c7,369,discharge-low,151
b3c7,391,discharge-low,136
b3c7,423,discharge-low,150
b3c7,429,discharge-low,151
b3c7,450,discharge-low,151
b3c7,461,discharge-low,151
b3c7,489,discharge-low,149
b3c7,502,discharge-low,150
b3c7,517,discharge-low,150
b3c7,521,discharge-low,148
b3c7,533,discharge-low,148
b3c7,539,discharge-low,146
b3c7,542,discharge-low,150
b3c7,545,discharge-low,139
b3c7,551,discharge-low,148
b3c7,597,discharge-low,148
b3c7,600,discharge-low,149
b3c7,605,discharge-low,148
b3c7,612,discharge-low,149
b3c7,623,discharge-low,150
b3c7,625,discharge-low,147
b3c7,628,discharge-low,149
b3c7,659,discharge-low,147
b3c7,664,discharge-low,148
b3c7,666,discharge-low,149
b3c7,677,discharge-low,148
b3c7,682,discharge-low,148
b3c7,707,discharge-low,146
b3c7,724,discharge-low,148
b3c7,727,discharge-low,145
b3c7,729,discharge-low,146
b3c7,734,discharge-low,145
b3c7,738,discharge-low,147
b3c7,756,discharge-low,146
b3c7,761,discharge-low,146
b3c7,763,discharge-low,147
b3c7,772,discharge-low,147
b3c7,781,discharge-low,146
b3c7,789,discharge-low,147
b3c7,843,discharge-low,146
b3c7,891,discharge-low,146
b3c7,1037,discharge-low,146
b3c7,1601,discharge-low,146
b3c7,1702,discharge-low,150
b3c10,356,discharge-low,151
b3c10,360,discharge-low,151
b3c10,365,discharge-low,150
b3c10,425,discharge-low,141
b3c10,461,discharge-low,151
b3c10,528,discharge-low,151
b3c10,538,discharge-low,150
b3c10,544,discharge-low,149
b3c10,551,discharge-low,151
b3c10,561,discharge-low,149
b3c10,575,discharge-low,149
b3c10,613,discharge-low,151
b3c10,631,discharge-low,150
b3c10,660,discharge-low,150
b3c10,697,discharge-low,151
b3c10,708,discharge-low,149
b3c10,712,discharge-low,149
b3c10,739,discharge-low,151
b3c10,768,discharge-low,150
b3c10,772,discharge-low,151
b3c13,328,discharge-low,150
b3c13,375,discharge-low,150
b3c13,422,discharge-low,151
b3c15,517,discharge-low,151
b3c16,80,discharge-low,151
b3c16,88,discharge-low,151
b3c16,97,discharge-low,150
b3c16,120,discharge-low,151
b3c16,184,discharge-low,151
b3c16,209,discharge-low,151
b3c16,223,discharge-low,150
b3c16,228,discharge-low,151
b3c16,249,discharge-low,149
b3c16,312,discharge-low,149
b3c16,328,discharge-low,148
b3c16,381,discharge-low,147
b3c16,434,discharge-low,148
b3c16,477,discharge-low,149
b3c16,515,discharge-low,147
b3c16,519,discharge-low,147
b3c16,566,discharge-low,145
b3c16,570,discharge-low,145
b3c16,575,discharge-low,146
b3c16,702,discharge-low,146
b3c16,719,discharge-low,145
b3c16,1359,discharge-low,148
b3c16,1437,discharge-low,147
b3c17,16,discharge-low,148
b3c17,226,discharge-low,148
b3c17,396,discharge-low,146
b3c17,465,discharge-low,145
b3c17,640,discharge-low,142
b3c17,711,discharge-low,144
b3c17,1198,discharge-low,149
b3c18,218,discharge-low,151
b3c18,352,discharge-low,146
b3c18,386,discharge-low,146
b3c18,489,discharge-low,145
b3c18,537,discharge-low,150
b3c18,558,discharge-low,145
b3c18,593,discharge-low,145
b3c18,628,discharge-low,144
b3c18,663,discharge-low,144
b3c18,770,discharge-low,143
b3c18,806,discharge-low,143
b3c18,838,discharge-low,150
b3c18,869,discharge-low,149
b3c18,879,discharge-low,145
b3c18,916,discharge-low,146
b3c19,216,discharge-low,150
b3c19,249,discharge-low,149
b3c19,282,discharge-low,148
b3c19,416,discharge-low,145
b3c19,450,discharge-low,146
b3c19,484,discharge-low,144
b3c19,587,discharge-low,145
b3c19,727,discharge-low,143
b3c19,906,discharge-low,148
b3c21,407,discharge-low,146
b3c22,359,discharge-low,145
b3c22,462,discharge-low,148
b3c22,531,discharge-low,151
b3c22,600,discharge-low,151
b3c23,47,discharge-low,151
b3c23,50,discharge-low,151
b3c23,96,discharge-low,149
b3c23,130,discharge-low,151
b3c23,134,discharge-low,150
b3c23,143,discharge-low,148
b3c23,145,discharge-low,145
b3c23,150,discharge-low,149
b3c23,164,discharge-low,146
b3c23,167,discharge-low,147
b3c23,173,discharge-low,149
b3c23,186,discharge-low,150
b3c23,190,discharge-low,148
b3c23,205,discharge-low,146
b3c23,208,discharge-low,147
b3c23,226,discharge-low,145
b3c23,239,discharge-low,144
b3c23,267,discharge-low,146
b3c23,281,discharge-low,147
b3c23,289,discharge-low,149
b3c23,295,discharge-low,147
b3c23,298,discharge-low,143
b3c23,306,discharge-low,144
b3c23,317,discharge-low,145
b3c23,333,discharge-low,143
b3c23,376,discharge-low,142
b3c23,379,discharge-low,142
b3c23,391,discharge-low,151
b3c23,418,discharge-low,143
b3c23,432,discharge-low,143
b3c23,441,discharge-low,143
b3c23,457,discharge-low,144
b3c23,462,discharge-low,145
b3c23,465,discharge-low,143
b3c23,486,discharge-low,151
b3c23,497,discharge-low,150
b3c23,499,discharge-low,142
b3c23,503,discharge-low,143
b3c23,505,discharge-low,150
b3c23,510,discharge-low,151
b3c23,520,discharge-low,151
b3c23,549,discharge-low,151
b3c23,555,discharge-low,142
b3c23,566,discharge-low,151
b3c23,569,discharge-low,151
b3c23,575,discharge-low,150
b3c23,578,discharge-low,151
b3c23,582,discharge-low,150
b3c23,589,discharge-low,151
b3c23,628,discharge-low,151
b3c23,642,discharge-low,151
b3c23,656,discharge-low,141
b3c23,681,discharge-low,151
b3c23,703,discharge-low,150
b3c23,726,discharge-low,141
b3c23,730,discharge-low,149
b3c23,734,discharge-low,150
b3c23,746,discharge-low,151
b3c23,748,discharge-low,151
b3c23,755,discharge-low,151
b3c23,759,discharge-low,151
b3c23,767,discharge-low,143
b3c23,787,discharge-low,151
b3c23,792,discharge-low,150
b3c23,800,discharge-low,151
b3c23,820,discharge-low,148
b3c23,846,discharge-low,151
b3c23,906,discharge-low,150
b3c23,923,discharge-low,151
b3c23,929,discharge-low,149
b3c23,961,discharge-low,151
b3c23,985,discharge-low,151
b3c23,2104,discharge-low,139
b3c23,2125,discharge-low,150
b3c24,412,discharge-low,150
b3c24,509,discharge-low,147
b3c24,542,discharge-low,148
b3c24,575,discharge-low,148
b3c25,389,discharge-low,149
b3c25,646,discharge-low,149
b3c25,679,discharge-low,148
b3c26,292,discharge-low,151
b3c26,416,discharge-low,148
b3c26,542,discharge-low,151
b3c26,574,discharge-low,150
b3c26,671,discharge-low,149
b3c27,517,discharge-low,151
b3c28,346,discharge-low,150
b3c28,416,discharge-low,151
b3c29,349,discharge-low,151
b3c29,535,discharge-low,150
b3c29,567,discharge-low,149
b3c32,59,discharge-low,149
b3c32,77,discharge-low,151
b3c32,79,discharge-low,150
b3c32,145,discharge-low,143
b3c32,150,discharge-low,150
b3c32,173,discharge-low,149
b3c32,231,discharge-low,149
b3c32,255,discharge-low,151
b3c32,282,discharge-low,149
b3c32,311,discharge-low,149
b3c32,319,discharge-low,148
b3c32,326,discharge-low,148
b3c32,341,discharge-low,146
b3c32,344,discharge-low,148
b3c32,346,discharge-low,148
b3c32,384,discharge-low,147
b3c32,409,discharge-low,147
b3c32,435,discharge-low,146
b3c32,441,discharge-low,147
b3c32,447,discharge-low,147
b3c32,483,discharge-low,146
b3c32,488,discharge-low,147
b3c32,493,discharge-low,147
b3c32,516,discharge-low,146
b3c32,519,discharge-low,146
b3c32,538,discharge-low,145
b3c32,543,discharge-low,143
b3c32,565,discharge-low,146
b3c32,575,discharge-low,143
b3c32,616,discharge-low,146
b3c32,918,discharge-low,151
b3c32,2080,discharge-low,150
b3c32,2088,discharge-low,151
b3c32,2097,discharge-low,151
b3c32,2103,discharge-low,151
b3c32,2105,discharge-low,150
b3c32,2114,discharge-low,150
b3c32,2115,discharge-low,151
b3c32,2146,discharge-low,151
b3c32,2149,discharge-low,150
b3c32,2158,discharge-low,151
b3c32,2159,discharge-low,150
b3c32,2160,discharge-low,151
b3c32,2162,discharge-low,150
b3c32,2167,discharge-low,151
b3c32,2169,discharge-low,150
b3c32,2172,discharge-low,151
b3c32,2176,discharge-low,151
b3c32,2177,discharge-low,150
b3c32,2180,discharge-low,150
b3c32,2182,discharge-low,151
b3c32,2183,discharge-low,150
b3c32,2184,discharge-low,151
b3c32,2185,discharge-low,151
b3c32,2186,discharge-low,151
b3c32,2187,discharge-low,150
b3c32,2189,discharge-low,151
b3c32,2190,discharge-low,151
b3c32,2191,discharge-low,151
b3c32,2193,discharge-low,148
b3c32,2194,discharge-low,151
b3c32,2195,discharge-low,151
b3c32,2196,discharge-low,151
b3c32,2197,discharge-low,150
b3c32,2199,discharge-low,149
b3c32,2200,discharge-low,150
b3c32,2201,discharge-low,150
b3c32,2202,discharge-low,151
b3c32,2203,discharge-low,148
b3c32,2204,discharge-low,151
b3c32,2205,discharge-low,150
b3c32,2206,discharge-low,150
b3c32,2207,discharge-low,151
b3c32,2209,discharge-low,151
b3c32,2210,discharge-low,150
b3c32,2211,discharge-low,150
b3c32,2212,discharge-low,151
b3c32,2213,discharge-low,148
b3c32,2216,discharge-low,149
b3c32,2219,discharge-low,151
b3c32,2220,discharge-low,149
b3c32,2222,discharge-low,150
b3c32,2223,discharge-low,151
b3c32,2225,discharge-low,150
b3c32,2226,discharge-low,150
b3c32,2227,discharge-low,151
b3c32,2229,discharge-low,150
b3c32,2231,discharge-low,151
b3c32,2233,discharge-low,151
b3c32,2234,discharge-low,151
b3c32,2235,discharge-low,149
b3c33,348,discharge-low,151
b3c33,353,discharge-low,149
b3c33,354,discharge-low,149
b3c33,450,discharge-low,151
b3c33,460,discharge-low,151
b3c33,465,discharge-low,151
b3c33,477,discharge-low,148
b3c33,487,discharge-low,151
b3c33,490,discharge-low,150
b3c33,492,discharge-low,151
b3c33,511,discharge-low,151
b3c33,514,discharge-low,151
b3c33,522,discharge-low,151
b3c33,525,discharge-low,151
b3c33,530,discharge-low,151
b3c33,533,discharge-low,149
b3c33,534,discharge-low,151
b3c33,535,discharge-low,151
b3c33,536,discharge-low,151
b3c33,537,discharge-low,150
b3c33,539,discharge-low,150
b3c33,541,discharge-low,151
b3c33,545,discharge-low,151
b3c33,547,discharge-low,151
b3c33,551,discharge-low,151
b3c33,553,discharge-low,151
b3c33,554,discharge-low,151
b3c33,555,discharge-low,151
b3c33,556,discharge-low,150
b3c33,557,discharge-low,150
b3c33,558,discharge-low,150
b3c33,560,discharge-low,151
b3c33,561,discharge-low,150
b3c33,562,discharge-low,151
b3c33,563,discharge-low,151
b3c33,564,discharge-low,149
b3c33,566,discharge-low,150
b3c33,567,discharge-low,151
b3c33,569,discharge-low,151
b3c33,571,discharge-low,151
b3c33,572,discharge-low,151
b3c33,573,discharge-low,151
b3c33,576,discharge-low,150
b3c33,577,discharge-low,151
b3c33,580,discharge-low,150
b3c33,582,discharge-low,151
b3c33,583,discharge-low,151
b3c33,585,discharge-low,151
b3c33,586,discharge-low,151
b3c33,589,discharge-low,151
b3c33,590,discharge-low,151
b3c33,591,discharge-low,151
b3c33,592,discharge-low,151
b3c33,593,discharge-low,150
b3c33,594,discharge-low,150
b3c33,595,discharge-low,151
b3c33,596,discharge-low,151
b3c33,597,discharge-low,151
b3c33,598,discharge-low,151
b3c33,599,discharge-low,151
b3c33,600,discharge-low,151
b3c33,601,discharge-low,151
b3c33,603,discharge-low,151
b3c33,604,discharge-low,150
b3c33,607,discharge-low,151
b3c33,610,discharge-low,151
b3c33,612,discharge-low,151
b3c33,614,discharge-low,150
b3c33,615,discharge-low,151
b3c33,616,discharge-low,151
b3c33,617,discharge-low,151
b3c33,618,discharge-low,151
b3c33,619,discharge-low,151
b3c33,620,discharge-low,151
b3c33,621,discharge-low,151
b3c33,623,discharge-low,150
b3c33,624,discharge-low,151
b3c33,625,discharge-low,150
b3c33,626,discharge-low,150
b3c33,627,discharge-low,151
b3c33,629,discharge-low,151
b3c33,630,discharge-low,151
b3c33,633,discharge-low,150
b3c33,634,discharge-low,151
b3c33,635,discharge-low,151
b3c33,637,discharge-low,151
b3c33,639,discharge-low,151
b3c33,640,discharge-low,151
b3c33,641,discharge-low,151
b3c33,642,discharge-low,151
b3c33,643,discharge-low,150
b3c33,647,discharge-low,151
b3c33,648,discharge-low,151
b3c33,649,discharge-low,151
b3c33,650,discharge-low,151
b3c33,653,discharge-low,151
b3c33,654,discharge-low,151
b3c33,659,discharge-low,151
b3c33,660,discharge-low,151
b3c33,661,discharge-low,151
b3c33,666,discharge-low,151
b3c33,667,discharge-low,151
b3c33,668,discharge-low,151
b3c33,669,discharge-low,151
b3c33,670,discharge-low,149
b3c33,673,discharge-low,151
b3c33,679,discharge-low,151
b3c33,681,discharge-low,151
b3c33,682,discharge-low,151
b3c33,684,discharge-low,151
b3c33,685,discharge-low,150
b3c33,686,discharge-low,151
b3c33,687,discharge-low,151
b3c33,688,discharge-low,150
b3c33,689,discharge-low,151
b3c33,690,discharge-low,151
b3c33,692,discharge-low,151
b3c33,693,discharge-low,151
b3c33,695,discharge-low,151
b3c33,696,discharge-low,151
b3c33,697,discharge-low,151
b3c33,698,discharge-low,151
b3c33,699,discharge-low,151
b3c33,700,discharge-low,151
b3c33,701,discharge-low,151
b3c33,702,discharge-low,151
b3c33,703,discharge-low,151
b3c33,704,discharge-low,150
b3c33,705,discharge-low,151
b3c33,706,discharge-low,151
b3c33,707,discharge-low,150
b3c33,708,discharge-low,151
b3c33,709,discharge-low,150
b3c33,710,discharge-low,151
b3c33,711,discharge-low,151
b3c33,712,discharge-low,151
b3c33,713,discharge-low,151
b3c33,715,discharge-low,151
b3c33,716,discharge-low,151
b3c33,717,discharge-low,151
b3c33,718,discharge-low,151
b3c33,719,discharge-low,151
b3c33,720,discharge-low,151
b3c33,721,discharge-low,150
b3c33,722,discharge-low,150
b3c33,723,discharge-low,150
b3c33,724,discharge-low,151
b3c33,725,discharge-low,150
b3c33,726,discharge-low,150
b3c33,727,discharge-low,150
b3c33,728,discharge-low,148
b3c33,729,discharge-low,150
b3c33,730,discharge-low,150
b3c33,731,discharge-low,149
b3c33,732,discharge-low,150
b3c33,733,discharge-low,149
b3c33,734,discharge-low,150
b3c33,735,discharge-low,150
b3c33,736,discharge-low,150
b3c33,737,discharge-low,150
b3c33,738,discharge-low,150
b3c33,739,discharge-low,150
b3c33,740,discharge-low,150
b3c33,741,discharge-low,149
b3c33,742,discharge-low,149
b3c33,743,discharge-low,150
b3c33,744,discharge-low,150
b3c33,745,discharge-low,150
b3c33,746,discharge-low,149
b3c33,747,discharge-low,149
b3c33,748,discharge-low,147
b3c33,749,discharge-low,149
b3c33,750,discharge-low,149
b3c33,751,discharge-low,149
b3c33,752,discharge-low,150
b3c33,753,discharge-low,150
b3c33,754,discharge-low,150
b3c33,755,discharge-low,150
b3c33,756,discharge-low,149
b3c33,757,discharge-low,151
b3c33,758,discharge-low,150
b3c33,759,discharge-low,150
b3c33,760,discharge-low,151
b3c33,761,discharge-low,150
b3c33,762,discharge-low,151
b3c33,763,discharge-low,150
b3c33,764,discharge-low,151
b3c33,765,discharge-low,150
b3c33,766,discharge-low,151
b3c33,767,discharge-low,148
b3c33,768,discharge-low,149
b3c33,769,discharge-low,150
b3c33,770,discharge-low,150
b3c33,771,discharge-low,150
b3c33,772,discharge-low,150
b3c33,773,discharge-low,150
b3c33,775,discharge-low,149
b3c33,776,discharge-low,150
b3c33,777,discharge-low,150
b3c33,778,discharge-low,150
b3c33,779,discharge-low,149
b3c33,780,discharge-low,150
b3c33,781,discharge-low,150
b3c33,782,discharge-low,150
b3c33,783,discharge-low,151
b3c33,784,discharge-low,149
b3c33,785,discharge-low,151
b3c33,786,discharge-low,151
b3c33,787,discharge-low,149
b3c33,788,discharge-low,150
b3c33,789,discharge-low,150
b3c33,790,discharge-low,148
b3c33,791,discharge-low,150
b3c33,792,discharge-low,150
b3c33,793,discharge-low,150
b3c33,794,discharge-low,151
b3c33,796,discharge-low,150
b3c33,797,discharge-low,151
b3c33,798,discharge-low,151
b3c33,799,discharge-low,151
b3c33,800,discharge-low,151
b3c33,801,discharge-low,150
b3c33,803,discharge-low,148
b3c33,804,discharge-low,151
b3c33,805,discharge-low,151
b3c33,806,discharge-low,150
b3c33,807,discharge-low,150
b3c33,808,discharge-low,151
b3c33,809,discharge-low,150
b3c33,811,discharge-low,151
b3c33,812,discharge-low,150
b3c33,813,discharge-low,151
b3c33,814,discharge-low,151
b3c33,816,discharge-low,151
b3c33,818,discharge-low,151
b3c33,819,discharge-low,151
b3c33,820,discharge-low,150
b3c33,821,discharge-low,150
b3c33,822,discharge-low,151
b3c33,823,discharge-low,151
b3c33,824,discharge-low,151
b3c33,825,discharge-low,150
b3c33,826,discharge-low,149
b3c33,828,discharge-low,149
b3c33,829,discharge-low,150
b3c33,830,discharge-low,151
b3c33,831,discharge-low,150
b3c33,832,discharge-low,150
b3c33,833,discharge-low,149
b3c33,834,discharge-low,151
b3c33,836,discharge-low,150
b3c33,837,discharge-low,151
b3c33,838,discharge-low,150
b3c33,839,discharge-low,150
b3c33,840,discharge-low,151
b3c33,841,discharge-low,151
b3c33,842,discharge-low,151
b3c33,844,discharge-low,148
b3c33,845,discharge-low,151
b3c33,846,discharge-low,150
b3c33,847,discharge-low,149
b3c33,848,discharge-low,151
b3c33,849,discharge-low,151
b3c33,850,discharge-low,150
b3c33,851,discharge-low,151
b3c33,852,discharge-low,150
b3c33,853,discharge-low,150
b3c33,854,discharge-low,151
b3c33,855,discharge-low,151
b3c33,856,discharge-low,149
b3c33,857,discharge-low,148
b3c33,858,discharge-low,150
b3c33,859,discharge-low,150
b3c33,860,discharge-low,151
b3c33,861,discharge-low,151
b3c33,862,discharge-low,149
b3c33,863,discharge-low,150
b3c33,864,discharge-low,148
b3c33,865,discharge-low,150
b3c33,866,discharge-low,149
b3c33,867,discharge-low,149
b3c33,868,discharge-low,149
b3c33,869,discharge-low,146
b3c33,870,discharge-low,150
b3c33,871,discharge-low,150
b3c33,872,discharge-low,151
b3c33,873,discharge-low,150
b3c33,874,discharge-low,151
b3c33,875,discharge-low,151
b3c33,876,discharge-low,149
b3c33,877,discharge-low,150
b3c33,878,discharge-low,150
b3c33,879,discharge-low,150
b3c33,880,discharge-low,150
b3c33,881,discharge-low,150
b3c33,882,discharge-low,148
b3c33,883,discharge-low,149
b3c33,884,discharge-low,147
b3c33,885,discharge-low,149
b3c33,886,discharge-low,149
b3c33,887,discharge-low,149
b3c33,888,discharge-low,149
b3c33,889,discharge-low,148
b3c33,890,discharge-low,146
b3c33,891,discharge-low,149
b3c33,892,discharge-low,150
b3c33,893,discharge-low,148
b3c33,894,discharge-low,149
b3c33,895,discharge-low,148
b3c33,896,discharge-low,150
b3c33,897,discharge-low,148
b3c33,898,discharge-low,149
b3c33,899,discharge-low,150
b3c33,900,discharge-low,150
b3c33,901,discharge-low,150
b3c33,902,discharge-low,149
b3c33,903,discharge-low,150
b3c33,904,discharge-low,150
b3c33,905,discharge-low,150
b3c33,906,discharge-low,150
b3c33,907,discharge-low,151
b3c33,908,discharge-low,150
b3c33,909,discharge-low,150
b3c33,910,discharge-low,150
b3c33,911,discharge-low,151
b3c33,912,discharge-low,151
b3c33,913,discharge-low,150
b3c33,914,discharge-low,150
b3c33,915,discharge-low,150
b3c33,916,discharge-low,150
b3c33,917,discharge-low,148
b3c33,918,discharge-low,149
b3c33,919,discharge-low,149
b3c33,920,discharge-low,150
b3c33,921,discharge-low,149
b3c33,922,discharge-low,149
b3c33,923,discharge-low,150
b3c33,924,discharge-low,149
b3c33,925,discharge-low,150
b3c33,926,discharge-low,150
b3c33,927,discharge-low,150
b3c33,928,discharge-low,150
b3c33,929,discharge-low,149
b3c33,930,discharge-low,149
b3c33,931,discharge-low,150
b3c33,932,discharge-low,150
b3c33,933,discharge-low,149
b3c33,934,discharge-low,149
b3c33,935,discharge-low,150
b3c33,936,discharge-low,149
b3c33,937,discharge-low,150
b3c33,938,discharge-low,149
b3c33,939,discharge-low,149
b3c33,940,discharge-low,151
b3c33,941,discharge-low,150
b3c33,942,discharge-low,149
b3c33,943,discharge-low,150
b3c33,944,discharge-low,149
b3c33,945,discharge-low,149
b3c33,946,discharge-low,149
b3c33,947,discharge-low,150
b3c33,948,discharge-low,148
b3c33,949,discharge-low,149
b3c33,950,discharge-low,149
b3c33,951,discharge-low,148
b3c33,952,discharge-low,150
b3c33,953,discharge-low,150
b3c33,954,discharge-low,149
b3c33,955,discharge-low,150
b3c33,956,discharge-low,149
b3c33,957,discharge-low,149
b3c33,958,discharge-low,150
b3c33,960,discharge-low,149
b3c33,961,discharge-low,149
b3c33,962,discharge-low,150
b3c33,964,discharge-low,150
b3c33,965,discharge-low,150
b3c33,967,discharge-low,150
b3c33,968,discharge-low,149
b3c33,969,discharge-low,150
b3c33,970,discharge-low,150
b3c33,971,discharge-low,150
b3c33,973,discharge-low,149
b3c33,974,discharge-low,149
b3c33,976,discharge-low,149
b3c33,980,discharge-low,150
b3c33,981,discharge-low,150
b3c33,985,discharge-low,149
b3c33,987,discharge-low,149
b3c33,1077,discharge-low,149
b3c33,1093,discharge-low,148
b3c33,1095,discharge-low,150
b3c33,1097,discharge-low,151
b3c33,1098,discharge-low,150
b3c33,1099,discharge-low,150
b3c33,1110,discharge-low,149
b3c33,1130,discharge-low,149
b3c33,1142,discharge-low,150
b3c33,1165,discharge-low,151
b3c34,486,discharge-low,151
b3c34,546,discharge-low,151
b3c34,562,discharge-low,151
b3c34,740,discharge-low,151
b3c34,741,discharge-low,150
b3c34,746,discharge-low,151
b3c34,788,discharge-low,150
b3c34,827,discharge-low,149
b3c34,931,discharge-low,151
b3c35,547,discharge-low,148
b3c35,678,discharge-low,151
b3c35,741,discharge-low,148
b3c35,850,discharge-low,151
b3c36,616,discharge-low,150
b3c37,369,discharge-low,147
b3c37,388,discharge-low,135
b3c37,773,discharge-low,150
b3c38,277,discharge-low,150
b3c38,450,discharge-low,148
b3c38,451,discharge-low,147
b3c38,489,discharge-low,150
b3c38,521,discharge-low,151
b3c38,540,discharge-low,151
b3c38,547,discharge-low,151
b3c38,554,discharge-low,151
b3c38,557,discharge-low,151
b3c38,623,discharge-low,151
b3c38,626,discharge-low,151
b3c38,668,discharge-low,151
b3c38,727,discharge-low,150
b3c38,743,discharge-low,151
b3c38,760,discharge-low,151
b3c38,769,discharge-low,151
b3c38,771,discharge-low,151
b3c38,776,discharge-low,151
b3c38,778,discharge-low,150
b3c38,780,discharge-low,151
b3c38,793,discharge-low,151
b3c38,834,discharge-low,151
b3c38,839,discharge-low,151
b3c38,841,discharge-low,151
b3c38,850,discharge-low,151
b3c38,870,discharge-low,151
b3c38,877,discharge-low,151
b3c38,878,discharge-low,151
b3c38,881,discharge-low,151
b3c38,884,discharge-low,151
b3c38,888,discharge-low,151
b3c38,889,discharge-low,151
b3c38,890,discharge-low,151
b3c38,891,discharge-low,151
b3c38,899,discharge-low,151
b3c38,917,discharge-low,151
b3c38,919,discharge-low,151
b3c38,923,discharge-low,151
b3c38,927,discharge-low,151
b3c38,929,discharge-low,150
b3c38,932,discharge-low,151
b3c38,933,discharge-low,151
b3c38,937,discharge-low,150
b3c38,958,discharge-low,151
b3c38,960,discharge-low,151
b3c38,982,discharge-low,151
b3c38,983,discharge-low,151
b3c38,995,discharge-low,151
b3c38,1003,discharge-low,151
b3c38,1006,discharge-low,151
b3c38,1010,discharge-low,151
b3c38,1019,discharge-low,151
b3c38,1035,discharge-low,151
b3c38,1041,discharge-low,150
b3c38,1052,discharge-low,151
b3c38,1067,discharge-low,151
b3c38,1070,discharge-low,150
b3c38,1077,discharge-low,151
b3c38,1079,discharge-low,151
b3c38,1086,discharge-low,151
b3c38,1089,discharge-low,151
b3c38,1090,discharge-low,151
b3c38,1091,discharge-low,151
b3c38,1094,discharge-low,151
b3c38,1096,discharge-low,151
b3c38,1097,discharge-low,151
b3c38,1114,discharge-low,151
b3c38,1118,discharge-low,150
b3c38,1124,discharge-low,151
b3c38,1136,discharge-low,151
b3c38,1184,discharge-low,151
b3c38,1201,discharge-low,151
b3c39,1,discharge-low,151
b3c39,90,discharge-low,151
b3c39,220,discharge-low,151
b3c39,221,discharge-low,151
b3c39,232,discharge-low,151
b3c39,237,discharge-low,151
b3c39,254,discharge-low,151
b3c39,258,discharge-low,151
b3c39,262,discharge-low,150
b3c39,267,discharge-low,151
b3c39,268,discharge-low,151
b3c39,270,discharge-low,150
b3c39,276,discharge-low,151
b3c39,279,discharge-low,151
b3c39,281,discharge-low,151
b3c39,282,discharge-low,151
b3c39,284,discharge-low,150
b3c39,288,discharge-low,151
b3c39,289,discharge-low,151
b3c39,297,discharge-low,151
b3c39,301,discharge-low,151
b3c39,304,discharge-low,151
b3c39,305,discharge-low,151
b3c39,307,discharge-low,151
b3c39,308,discharge-low,151
b3c39,309,discharge-low,151
b3c39,311,discharge-low,151
b3c39,315,discharge-low,151
b3c39,316,discharge-low,149
b3c39,318,discharge-low,151
b3c39,319,discharge-low,151
b3c39,323,discharge-low,150
b3c39,324,discharge-low,151
b3c39,325,discharge-low,151
b3c39,326,discharge-low,150
b3c39,327,discharge-low,150
b3c39,328,discharge-low,147
b3c39,329,discharge-low,151
b3c39,330,discharge-low,150
b3c39,331,discharge-low,151
b3c39,332,discharge-low,149
b3c39,333,discharge-low,151
b3c39,334,discharge-low,150
b3c39,336,discharge-low,151
b3c39,337,discharge-low,151
b3c39,339,discharge-low,151
b3c39,340,discharge-low,150
b3c39,341,discharge-low,150
b3c39,342,discharge-low,149
b3c39,343,discharge-low,151
b3c39,344,discharge-low,151
b3c39,346,discharge-low,149
b3c39,347,discharge-low,151
b3c39,348,discharge-low,150
b3c39,349,discharge-low,149
b3c39,350,discharge-low,151
b3c39,351,discharge-low,151
b3c39,352,discharge-low,151
b3c39,353,discharge-low,151
b3c39,354,discharge-low,150
b3c39,355,discharge-low,150
b3c39,356,discharge-low,151
b3c39,357,discharge-low,150
b3c39,358,discharge-low,149
b3c39,360,discharge-low,151
b3c39,361,discharge-low,151
b3c39,362,discharge-low,151
b3c39,363,discharge-low,151
b3c39,364,discharge-low,149
b3c39,365,discharge-low,150
b3c39,366,discharge-low,149
b3c39,367,discharge-low,149
b3c39,368,discharge-low,150
b3c39,369,discharge-low,151
b3c39,370,discharge-low,149
b3c39,372,discharge-low,150
b3c39,373,discharge-low,151
b3c39,374,discharge-low,150
b3c39,375,discharge-low,151
b3c39,376,discharge-low,150
b3c39,377,discharge-low,151
b3c39,378,discharge-low,150
b3c39,380,discharge-low,150
b3c39,381,discharge-low,150
b3c39,382,discharge-low,150
b3c39,383,discharge-low,151
b3c39,384,discharge-low,151
b3c39,385,discharge-low,150
b3c39,386,discharge-low,150
b3c39,387,discharge-low,150
b3c39,388,discharge-low,149
b3c39,389,discharge-low,150
b3c39,390,discharge-low,149
b3c39,392,discharge-low,151
b3c39,393,discharge-low,150
b3c39,394,discharge-low,151
b3c39,395,discharge-low,149
b3c39,396,discharge-low,150
b3c39,397,discharge-low,151
b3c39,398,discharge-low,149
b3c39,399,discharge-low,150
b3c39,400,discharge-low,150
b3c39,401,discharge-low,150
b3c39,402,discharge-low,148
b3c39,403,discharge-low,150
b3c39,404,discharge-low,151
b3c39,405,discharge-low,151
b3c39,406,discharge-low,150
b3c39,407,discharge-low,151
b3c39,408,discharge-low,151
b3c39,409,discharge-low,151
b3c39,410,discharge-low,150
b3c39,411,discharge-low,149
b3c39,412,discharge-low,151
b3c39,413,discharge-low,150
b3c39,414,discharge-low,148
b3c39,415,discharge-low,150
b3c39,416,discharge-low,149
b3c39,417,discharge-low,148
b3c39,418,discharge-low,151
b3c39,419,discharge-low,149
b3c39,420,discharge-low,150
b3c39,421,discharge-low,150
b3c39,422,discharge-low,150
b3c39,423,discharge-low,149
b3c39,424,discharge-low,149
b3c39,425,discharge-low,151
b3c39,426,discharge-low,150
b3c39,427,discharge-low,151
b3c39,428,discharge-low,151
b3c39,429,discharge-low,151
b3c39,430,discharge-low,151
b3c39,431,discharge-low,151
b3c39,432,discharge-low,149
b3c39,433,discharge-low,151
b3c39,434,discharge-low,151
b3c39,435,discharge-low,150
b3c39,436,discharge-low,149
b3c39,437,discharge-low,151
b3c39,438,discharge-low,149
b3c39,439,discharge-low,150
b3c39,440,discharge-low,149
b3c39,441,discharge-low,150
b3c39,442,discharge-low,150
b3c39,443,discharge-low,150
b3c39,444,discharge-low,150
b3c39,445,discharge-low,148
b3c39,446,discharge-low,149
b3c39,447,discharge-low,148
b3c39,450,discharge-low,150
b3c39,451,discharge-low,150
b3c39,452,discharge-low,150
b3c39,453,discharge-low,150
b3c39,454,discharge-low,149
b3c39,455,discharge-low,151
b3c39,456,discharge-low,149
b3c39,457,discharge-low,150
b3c39,458,discharge-low,150
b3c39,459,discharge-low,151
b3c39,460,discharge-low,148
b3c39,461,discharge-low,150
b3c39,462,discharge-low,149
b3c39,463,discharge-low,149
b3c39,464,discharge-low,150
b3c39,465,discharge-low,151
b3c39,466,discharge-low,149
b3c39,467,discharge-low,148
b3c39,468,discharge-low,150
b3c39,469,discharge-low,149
b3c39,470,discharge-low,149
b3c39,471,discharge-low,149
b3c39,472,discharge-low,151
b3c39,473,discharge-low,150
b3c39,474,discharge-low,149
b3c39,475,discharge-low,150
b3c39,476,discharge-low,145
b3c39,477,discharge-low,149
b3c39,478,discharge-low,149
b3c39,479,discharge-low,150
b3c39,480,discharge-low,151
b3c39,481,discharge-low,150
b3c39,482,discharge-low,150
b3c39,483,discharge-low,150
b3c39,484,discharge-low,151
b3c39,485,discharge-low,149
b3c39,486,discharge-low,150
b3c39,487,discharge-low,149
b3c39,488,discharge-low,149
b3c39,489,discharge-low,149
b3c39,490,discharge-low,149
b3c39,491,discharge-low,148
b3c39,492,discharge-low,150
b3c39,493,discharge-low,149
b3c39,494,discharge-low,149
b3c39,495,discharge-low,149
b3c39,496,discharge-low,148
b3c39,497,discharge-low,149
b3c39,498,discharge-low,150
b3c39,499,discharge-low,151
b3c39,500,discharge-low,150
b3c39,501,discharge-low,150
b3c39,502,discharge-low,148
b3c39,503,discharge-low,149
b3c39,504,discharge-low,149
b3c39,505,discharge-low,149
b3c39,506,discharge-low,150
b3c39,507,discharge-low,149
b3c39,508,discharge-low,149
b3c39,509,discharge-low,148
b3c39,513,discharge-low,150
b3c39,514,discharge-low,150
b3c39,515,discharge-low,148
b3c39,516,discharge-low,150
b3c39,517,discharge-low,149
b3c39,518,discharge-low,150
b3c39,519,discharge-low,149
b3c39,520,discharge-low,150
b3c39,521,discharge-low,149
b3c39,522,discharge-low,150
b3c39,523,discharge-low,148
b3c39,524,discharge-low,150
b3c39,525,discharge-low,149
b3c39,526,discharge-low,149
b3c39,527,discharge-low,150
b3c39,528,discharge-low,151
b3c39,529,discharge-low,148
b3c39,530,discharge-low,149
b3c39,531,discharge-low,147
b3c39,532,discharge-low,148
b3c39,533,discharge-low,148
b3c39,534,discharge-low,146
b3c39,536,discharge-low,149
b3c39,537,discharge-low,149
b3c39,538,discharge-low,150
b3c39,539,discharge-low,150
b3c39,540,discharge-low,150
b3c39,541,discharge-low,151
b3c39,542,discharge-low,151
b3c39,543,discharge-low,150
b3c39,544,discharge-low,149
b3c39,545,discharge-low,149
b3c39,546,discharge-low,150
b3c39,547,discharge-low,149
b3c39,548,discharge-low,150
b3c39,549,discharge-low,148
b3c39,550,discharge-low,150
b3c39,551,discharge-low,148
b3c39,552,discharge-low,149
b3c39,553,discharge-low,148
b3c39,554,discharge-low,148
b3c39,555,discharge-low,148
b3c39,556,discharge-low,149
b3c39,557,discharge-low,148
b3c39,558,discharge-low,149
b3c39,559,discharge-low,149
b3c39,560,discharge-low,149
b3c39,561,discharge-low,149
b3c39,562,discharge-low,149
b3c39,563,discharge-low,150
b3c39,564,discharge-low,148
b3c39,565,discharge-low,148
b3c39,566,discharge-low,149
b3c39,567,discharge-low,148
b3c39,568,discharge-low,149
b3c39,569,discharge-low,148
b3c39,570,discharge-low,148
b3c39,571,discharge-low,148
b3c39,572,discharge-low,150
b3c39,573,discharge-low,149
b3c39,574,discharge-low,149
b3c39,575,discharge-low,150
b3c39,576,discharge-low,149
b3c39,577,discharge-low,148
b3c39,578,discharge-low,147
b3c39,579,discharge-low,148
b3c39,580,discharge-low,149
b3c39,581,discharge-low,148
b3c39,582,discharge-low,148
b3c39,583,discharge-low,148
b3c39,584,discharge-low,149
b3c39,585,discharge-low,148
b3c39,586,discharge-low,149
b3c39,587,discharge-low,149
b3c39,588,discharge-low,149
b3c39,589,discharge-low,149
b3c39,590,discharge-low,148
b3c39,591,discharge-low,148
b3c39,592,discharge-low,151
b3c39,593,discharge-low,150
b3c39,594,discharge-low,148
b3c39,595,discharge-low,149
b3c39,596,discharge-low,149
b3c39,597,discharge-low,147
b3c39,598,discharge-low,146
b3c39,599,discharge-low,148
b3c39,601,discharge-low,148
b3c39,604,discharge-low,149
b3c39,605,discharge-low,150
b3c39,606,discharge-low,149
b3c39,607,discharge-low,149
b3c39,608,discharge-low,150
b3c39,609,discharge-low,149
b3c39,610,discharge-low,149
b3c39,611,discharge-low,149
b3c39,612,discharge-low,150
b3c39,613,discharge-low,148
b3c39,614,discharge-low,150
b3c39,615,discharge-low,150
b3c39,616,discharge-low,149
b3c39,617,discharge-low,150
b3c39,618,discharge-low,148
b3c39,619,discharge-low,148
b3c39,620,discharge-low,147
b3c39,621,discharge-low,149
b3c39,622,discharge-low,149
b3c39,623,discharge-low,149
b3c39,624,discharge-low,147
b3c39,625,discharge-low,150
b3c39,626,discharge-low,148
b3c39,627,discharge-low,149
b3c39,628,discharge-low,147
b3c39,629,discharge-low,150
b3c39,630,discharge-low,148
b3c39,631,discharge-low,151
b3c39,632,discharge-low,149
b3c39,633,discharge-low,149
b3c39,634,discharge-low,149
b3c39,635,discharge-low,148
b3c39,636,discharge-low,150
b3c39,637,discharge-low,149
b3c39,638,discharge-low,148
b3c39,639,discharge-low,148
b3c39,640,discharge-low,148
b3c39,641,discharge-low,149
b3c39,642,discharge-low,149
b3c39,643,discharge-low,147
b3c39,646,discharge-low,148
b3c39,648,discharge-low,150
b3c39,649,discharge-low,148
b3c39,650,discharge-low,148
b3c39,651,discharge-low,150
b3c39,652,discharge-low,149
b3c39,653,discharge-low,149
b3c39,654,discharge-low,149
b3c39,655,discharge-low,150
b3c39,656,discharge-low,151
b3c39,657,discharge-low,150
b3c39,658,discharge-low,150
b3c39,659,discharge-low,150
b3c39,660,discharge-low,149
b3c39,661,discharge-low,151
b3c39,662,discharge-low,150
b3c39,664,discharge-low,150
b3c39,665,discharge-low,149
b3c39,666,discharge-low,150
b3c39,667,discharge-low,147
b3c39,668,discharge-low,149
b3c39,669,discharge-low,150
b3c39,670,discharge-low,150
b3c39,671,discharge-low,149
b3c39,672,discharge-low,150
b3c39,673,discharge-low,150
b3c39,675,discharge-low,149
b3c39,676,discharge-low,149
b3c39,677,discharge-low,150
b3c39,678,discharge-low,150
b3c39,679,discharge-low,148
b3c39,680,discharge-low,149
b3c39,681,discharge-low,148
b3c39,682,discharge-low,148
b3c39,683,discharge-low,149
b3c39,684,discharge-low,148
b3c39,685,discharge-low,149
b3c39,686,discharge-low,151
b3c39,687,discharge-low,147
b3c39,688,discharge-low,149
b3c39,690,discharge-low,149
b3c39,691,discharge-low,149
b3c39,692,discharge-low,148
b3c39,693,discharge-low,150
b3c39,694,discharge-low,150
b3c39,695,discharge-low,149
b3c39,696,discharge-low,150
b3c39,697,discharge-low,148
b3c39,698,discharge-low,150
b3c39,699,discharge-low,150
b3c39,700,discharge-low,150
b3c39,701,discharge-low,149
b3c39,702,discharge-low,150
b3c39,703,discharge-low,149
b3c39,704,discharge-low,149
b3c39,705,discharge-low,149
b3c39,706,discharge-low,148
b3c39,707,discharge-low,149
b3c39,708,discharge-low,149
b3c39,709,discharge-low,148
b3c39,710,discharge-low,149
b3c39,711,discharge-low,148
b3c39,712,discharge-low,149
b3c39,713,discharge-low,149
b3c39,714,discharge-low,149
b3c39,715,discharge-low,149
b3c39,716,discharge-low,149
b3c39,717,discharge-low,148
b3c39,718,discharge-low,149
b3c39,719,discharge-low,149
b3c39,721,discharge-low,151
b3c39,723,discharge-low,149
b3c39,726,discharge-low,148
b3c39,727,discharge-low,148
b3c39,728,discharge-low,150
b3c39,729,discharge-low,149
b3c39,731,discharge-low,148
b3c39,736,discharge-low,147
b3c39,738,discharge-low,149
b3c39,739,discharge-low,149
b3c39,743,discharge-low,149
b3c39,747,discharge-low,147
b3c39,748,discharge-low,149
b3c39,908,discharge-low,149
b3c39,910,discharge-low,148
b3c39,913,discharge-low,149
b3c39,914,discharge-low,149
b3c39,915,discharge-low,149
b3c39,916,discharge-low,148
b3c39,917,discharge-low,148
b3c39,918,discharge-low,150
b3c39,919,discharge-low,148
b3c39,920,discharge-low,149
b3c39,921,discharge-low,147
b3c39,922,discharge-low,150
b3c39,924,discharge-low,146
b3c39,925,discharge-low,149
b3c39,926,discharge-low,149
b3c39,927,discharge-low,149
b3c39,928,discharge-low,149
b3c39,931,discharge-low,149
b3c39,933,discharge-low,150
b3c39,934,discharge-low,150
b3c39,935,discharge-low,149
b3c39,936,discharge-low,149
b3c39,937,discharge-low,150
b3c39,938,discharge-low,150
b3c39,939,discharge-low,147
b3c39,940,discharge-low,149
b3c39,941,discharge-low,148
b3c39,942,discharge-low,149
b3c39,943,discharge-low,149
b3c39,944,discharge-low,150
b3c39,945,discharge-low,149
b3c39,946,discharge-low,149
b3c39,947,discharge-low,150
b3c39,948,discharge-low,149
b3c39,949,discharge-low,149
b3c39,950,discharge-low,149
b3c39,951,discharge-low,147
b3c39,954,discharge-low,149
b3c39,955,discharge-low,149
b3c39,956,discharge-low,148
b3c39,957,discharge-low,148
b3c39,958,discharge-low,149
b3c39,959,discharge-low,149
b3c39,960,discharge-low,147
b3c39,961,discharge-low,148
b3c39,962,discharge-low,149
b3c39,963,discharge-low,148
b3c39,964,discharge-low,148
b3c39,965,discharge-low,149
b3c39,966,discharge-low,149
b3c39,967,discharge-low,150
b3c39,968,discharge-low,149
b3c39,969,discharge-low,149
b3c39,970,discharge-low,149
b3c39,971,discharge-low,149
b3c39,972,discharge-low,149
b3c39,973,discharge-low,148
b3c39,974,discharge-low,149
b3c39,976,discharge-low,149
b3c39,977,discharge-low,149
b3c39,978,discharge-low,149
b3c39,979,discharge-low,149
b3c39,980,discharge-low,149
b3c39,981,discharge-low,149
b3c39,982,discharge-low,148
b3c39,983,discharge-low,148
b3c39,984,discharge-low,149
b3c39,985,discharge-low,149
b3c39,989,discharge-low,148
b3c39,991,discharge-low,150
b3c39,992,discharge-low,150
b3c39,993,discharge-low,150
b3c39,994,discharge-low,150
b3c39,995,discharge-low,149
b3c39,996,discharge-low,149
b3c39,997,discharge-low,151
b3c39,999,discharge-low,151
b3c39,1000,discharge-low,151
b3c39,1001,discharge-low,151
b3c39,1002,discharge-low,150
b3c39,1003,discharge-low,151
b3c39,1004,discharge-low,149
b3c39,1005,discharge-low,150
b3c39,1006,discharge-low,150
b3c39,1007,discharge-low,151
b3c39,1008,discharge-low,149
b3c39,1009,discharge-low,150
b3c39,1010,discharge-low,149
b3c39,1011,discharge-low,149
b3c39,1012,discharge-low,150
b3c39,1013,discharge-low,150
b3c39,1014,discharge-low,150
b3c39,1015,discharge-low,149
b3c39,1016,discharge-low,149
b3c39,1017,discharge-low,149
b3c39,1018,discharge-low,150
b3c39,1019,discharge-low,150
b3c39,1020,discharge-low,150
b3c39,1021,discharge-low,151
b3c39,1022,discharge-low,150
b3c39,1023,discharge-low,151
b3c39,1025,discharge-low,150
b3c39,1028,discharge-low,151
b3c39,1029,discharge-low,150
b3c39,1033,discharge-low,150
b3c39,1034,discharge-low,151
b3c39,1037,discharge-low,151
b3c39,1040,discharge-low,151
b3c39,1042,discharge-low,151
b3c39,1043,discharge-low,151
b3c39,1044,discharge-low,150
b3c39,1045,discharge-low,150
b3c39,1047,discharge-low,151
b3c39,1049,discharge-low,151
b3c39,1051,discharge-low,151
b3c39,1054,discharge-low,151
b3c39,1055,discharge-low,151
b3c39,1056,discharge-low,151
b3c39,1068,discharge-low,151
b3c39,1070,discharge-low,151
b3c39,1072,discharge-low,151
b3c45,199,discharge-low,151
b3c45,217,discharge-low,146
b3c45,255,discharge-low,151
b3c45,273,discharge-low,151
b3c45,281,discharge-low,149
b3c45,298,discharge-low,150
b3c45,323,discharge-low,141
b3c45,354,discharge-low,147
b3c45,356,discharge-low,148
b3c45,363,discharge-low,148
b3c45,407,discharge-low,149
b3c45,414,discharge-low,149
b3c45,458,discharge-low,146
b3c45,509,discharge-low,148
b3c45,561,discharge-low,147
b3c45,564,discharge-low,146
b3c45,566,discharge-low,145
b3c45,575,discharge-low,146
b3c45,585,discharge-low,146
b3c45,609,discharge-low,149
b3c45,614,discharge-low,147
b3c45,649,discharge-low,145
b3c45,659,discharge-low,145
b3c45,673,discharge-low,148
b3c45,689,discharge-low,144
b3c45,701,discharge-low,145
b3c45,716,discharge-low,147
b3c45,734,discharge-low,144
b3c45,739,discharge-low,147
b3c45,777,discharge-low,146
b3c45,810,discharge-low,146
b3c45,891,discharge-low,145
b3c45,931,discharge-low,145
b3c45,1698,discharge-low,151
b3c45,1699,discharge-low,151
b3c45,1701,discharge-low,151
