cell_id,cycle,scenario,feature,V_std,count,I_std,V_min,V_max
1-2,1,charge-high,V_std,0.1381965580341358,,,,
1-3,2,charge-high,V_std,0.1690730885604279,,,,
1-3,19,charge-high,V_std,0.1689883331039583,,,,
1-3,20,charge-high,V_std,0.1689764264933226,,,,
1-3,33,charge-high,V_std,0.1690003977519965,,,,
1-4,2,charge-high,V_std,0.1701551598261391,,,,
1-4,3,charge-high,V_std,0.169359081689541,,,,
1-4,4,charge-high,V_std,0.1692219627053053,,,,
1-4,7,charge-high,V_std,0.1693737857649401,,,,
1-4,13,charge-high,V_std,0.16953519403549,,,,
1-4,20,charge-high,V_std,0.1696725217974289,,,,
1-4,23,charge-high,V_std,0.1690414405727108,,,,
1-4,25,charge-high,V_std,0.1693978641356732,,,,
1-4,26,charge-high,V_std,0.169177677975714,,,,
1-4,27,charge-high,V_std,0.1700920988756018,,,,
1-4,33,charge-high,V_std,0.1691941242039004,,,,
1-4,36,charge-high,V_std,0.1697544939180268,,,,
1-4,37,charge-high,V_std,0.1691053702953271,,,,
1-4,40,charge-high,V_std,0.1690902913342358,,,,
1-6,1,charge-high,V_std,0.1347969583568913,,,,
2-2,1,charge-high,V_std,0.1380215869737219,,,,
2-3,2,charge-high,V_std,0.1697264249564646,,,,
2-3,22,charge-high,V_std,0.1692392436496906,,,,
2-3,27,charge-high,V_std,0.1690335438194745,,,,
2-5,1,charge-high,V_std,0.1406690818530212,,,,
2-8,1,charge-high,V_std,0.1393420652794292,,,,
3-1,2,charge-high,V_std,0.1695794061380212,,,,
3-1,5,charge-high,V_std,0.1690806461510829,,,,
3-1,10,charge-high,V_std,0.1690043496585672,,,,
3-1,11,charge-high,V_std,0.1695248448332166,,,,
3-1,12,charge-high,V_std,0.1696131903709911,,,,
3-1,13,charge-high,V_std,0.1696636198048697,,,,
3-1,14,charge-high,V_std,0.1694458433808215,,,,
3-1,15,charge-high,V_std,0.1691253584845164,,,,
3-1,21,charge-high,V_std,0.1690729491304259,,,,
3-1,24,charge-high,V_std,0.1691684252432787,,,,
3-2,2,charge-high,V_std,0.1694300892776618,,,,
3-3,2,charge-high,V_std,0.1693519899321736,,,,
3-3,11,charge-high,V_std,0.1694490508731551,,,,
3-3,13,charge-high,V_std,0.1697359088169196,,,,
3-3,15,charge-high,V_std,0.1697930521945554,,,,
3-3,18,charge-high,V_std,0.1693072645893796,,,,
3-3,20,charge-high,V_std,0.1690482209010915,,,,
3-3,22,charge-high,V_std,0.1695073927804198,,,,
3-5,1,charge-high,V_std,0.1377461825217662,,,,
3-7,1,charge-high,V_std,0.1399308163602733,,,,
3-8,2,charge-high,V_std,0.1697190152708398,,,,
3-8,14,charge-high,V_std,0.1691359165882334,,,,
3-8,16,charge-high,V_std,0.1692924485042596,,,,
3-8,18,charge-high,V_std,0.1691929606657138,,,,
3-8,21,charge-high,V_std,0.169085419668591,,,,
4-1,1,charge-high,V_std,0.1408875882918367,,,,
4-2,2,charge-high,V_std,0.1691989557946447,,,,
4-2,14,charge-high,V_std,0.1690521442745146,,,,
4-3,1,charge-high,V_std,0.1405563105608669,,,,
4-6,1,charge-high,V_std,0.1408920533274366,,,,
4-7,1,charge-high,V_std,0.1374948595204847,,,,
4-8,2,charge-high,V_std,0.1696312007674901,,,,
4-8,13,charge-high,V_std,0.1693545235684568,,,,
4-8,14,charge-high,V_std,0.1690128114516252,,,,
4-8,15,charge-high,V_std,0.1689932435741974,,,,
4-8,26,charge-high,V_std,0.1692509791160381,,,,
5-1,1,charge-high,V_std,0.1396866624635751,,,,
5-2,2,charge-high,V_std,0.170388152910271,,,,
5-2,27,charge-high,V_std,0.1692818859757859,,,,
5-3,1,charge-high,V_std,0.1403575858198021,,,,
5-5,2,charge-high,V_std,0.169687167307349,,,,
6-3,2,charge-high,V_std,0.1701575214592589,,,,
6-3,12,charge-high,V_std,0.1690401738072256,,,,
6-3,15,charge-high,V_std,0.1693561758862761,,,,
6-3,19,charge-high,V_std,0.169285521744597,,,,
6-3,23,charge-high,V_std,0.1689742146250149,,,,
6-3,24,charge-high,V_std,0.1692374360188409,,,,
6-3,25,charge-high,V_std,0.1689696484576667,,,,
6-3,27,charge-high,V_std,0.1692658941797488,,,,
6-3,31,charge-high,V_std,0.169256096978742,,,,
6-6,1,charge-high,V_std,0.1312892986318578,,,,
6-6,2322,charge-high,V_std,0.1406291614128539,,,,
6-6,2325,charge-high,V_std,0.1404894515330723,,,,
6-6,2326,charge-high,V_std,0.14088842619222,,,,
6-6,2329,charge-high,V_std,0.1404709590954883,,,,
6-6,2332,charge-high,V_std,0.1405870597072961,,,,
6-6,2335,charge-high,V_std,0.1404157007455826,,,,
6-6,2338,charge-high,V_std,0.1405191527362526,,,,
6-6,2339,charge-high,V_std,0.1401504688845936,,,,
6-6,2341,charge-high,V_std,0.1405434044688064,,,,
6-6,2342,charge-high,V_std,0.1402039820098865,,,,
6-6,2344,charge-high,V_std,0.1403450747265467,,,,
6-6,2346,charge-high,V_std,0.1402416676923904,,,,
6-6,2347,charge-high,V_std,0.1407075633113439,,,,
6-6,2350,charge-high,V_std,0.1402511654027352,,,,
6-6,2351,charge-high,V_std,0.1400769705645424,,,,
6-6,2352,charge-high,V_std,0.140140012866951,,,,
6-6,2353,charge-high,V_std,0.1406788232165286,,,,
6-6,2355,charge-high,V_std,0.1401610117199116,,,,
6-6,2356,charge-high,V_std,0.1406259506634533,,,,
6-6,2358,charge-high,V_std,0.139692208910013,,,,
6-6,2359,charge-high,V_std,0.1406016124678925,,,,
6-6,2360,charge-high,V_std,0.1397107552585721,,,,
6-6,2361,charge-high,V_std,0.1403015130477646,,,,
6-6,2362,charge-high,V_std,0.1406424105412629,,,,
6-6,2363,charge-high,V_std,0.1396645937736843,,,,
6-6,2364,charge-high,V_std,0.140140858475627,,,,
6-6,2365,charge-high,V_std,0.1407053740470288,,,,
6-6,2366,charge-high,V_std,0.1397556582038809,,,,
6-6,2367,charge-high,V_std,0.1403846589490959,,,,
6-6,2368,charge-high,V_std,0.1406961980962178,,,,
6-6,2369,charge-high,V_std,0.1398683278761033,,,,
6-6,2370,charge-high,V_std,0.1402139324644411,,,,
6-6,2371,charge-high,V_std,0.1405768102757407,,,,
6-6,2372,charge-high,V_std,0.1397255053639325,,,,
6-6,2373,charge-high,V_std,0.1403173252944117,,,,
6-6,2374,charge-high,V_std,0.1406973704924582,,,,
6-6,2375,charge-high,V_std,0.1396412106589086,,,,
6-6,2376,charge-high,V_std,0.1403038246319365,,,,
6-6,2377,charge-high,V_std,0.1405762355167596,,,,
6-6,2378,charge-high,V_std,0.1397461620281119,,,,
6-6,2379,charge-high,V_std,0.1403210795181638,,,,
6-6,2380,charge-high,V_std,0.1407893176638553,,,,
6-6,2381,charge-high,V_std,0.1397590857994286,,,,
6-6,2382,charge-high,V_std,0.1404893475880441,,,,
6-6,2383,charge-high,V_std,0.1396397909134398,,,,
6-6,2384,charge-high,V_std,0.1401855327318107,,,,
6-6,2385,charge-high,V_std,0.1405914061814003,,,,
6-6,2386,charge-high,V_std,0.1395019930448739,,,,
6-6,2387,charge-high,V_std,0.1399407958717055,,,,
6-6,2388,charge-high,V_std,0.1405253235948189,,,,
6-6,2389,charge-high,V_std,0.1395015399300564,,,,
6-6,2390,charge-high,V_std,0.1402378515803526,,,,
6-6,2391,charge-high,V_std,0.1406274940660666,,,,
6-6,2392,charge-high,V_std,0.1395469610891127,,,,
6-6,2393,charge-high,V_std,0.1399872534730238,,,,
6-6,2394,charge-high,V_std,0.140675055126773,,,,
6-6,2395,charge-high,V_std,0.1397661539915415,,,,
6-6,2396,charge-high,V_std,0.1401479935186429,,,,
6-6,2397,charge-high,V_std,0.1392699690734305,,,,
6-6,2398,charge-high,V_std,0.1397524119109242,,,,
6-6,2399,charge-high,V_std,0.1401542337218492,,,,
6-6,2400,charge-high,V_std,0.1392754451118757,,,,
6-6,2401,charge-high,V_std,0.1400498831765946,,,,
6-6,2402,charge-high,V_std,0.1393784619044749,,,,
6-6,2403,charge-high,V_std,0.139855794098268,,,,
6-6,2404,charge-high,V_std,0.1403998336950129,,,,
6-6,2405,charge-high,V_std,0.1393676469481816,,,,
6-6,2406,charge-high,V_std,0.1398491023516827,,,,
6-6,2407,charge-high,V_std,0.1401639348581533,,,,
6-6,2408,charge-high,V_std,0.1395763899623451,,,,
6-6,2409,charge-high,V_std,0.1400649321927467,,,,
6-6,2410,charge-high,V_std,0.1389991060836849,,,,
6-6,2411,charge-high,V_std,0.1394122447709077,,,,
6-6,2413,charge-high,V_std,0.1402780148925157,,,,
6-6,2414,charge-high,V_std,0.1407790453634538,,,,
6-6,2416,charge-high,V_std,0.1400428555655659,,,,
6-6,2417,charge-high,V_std,0.1405343865931966,,,,
6-6,2419,charge-high,V_std,0.1400585266020944,,,,
6-6,2420,charge-high,V_std,0.1405328857712431,,,,
6-6,2422,charge-high,V_std,0.1400021413401664,,,,
6-6,2423,charge-high,V_std,0.1403805298453594,,,,
6-6,2424,charge-high,V_std,0.1408335552548265,,,,
6-6,2426,charge-high,V_std,0.1401403040653523,,,,
6-6,2427,charge-high,V_std,0.1407040935181813,,,,
6-6,2429,charge-high,V_std,0.1401177693132134,,,,
6-6,2430,charge-high,V_std,0.1408022194128936,,,,
6-6,2432,charge-high,V_std,0.1401190203560751,,,,
6-6,2433,charge-high,V_std,0.1407474105617291,,,,
6-6,2435,charge-high,V_std,0.1401280430070112,,,,
6-6,2436,charge-high,V_std,0.1406976694962665,,,,
6-6,2437,charge-high,V_std,0.1403191561399652,,,,
6-6,2439,charge-high,V_std,0.1400086163014814,,,,
6-6,2440,charge-high,V_std,0.1405645620376641,,,,
6-6,2441,charge-high,V_std,0.1408965919752926,,,,
6-6,2442,charge-high,V_std,0.1397514223556245,,,,
6-6,2443,charge-high,V_std,0.1402763461076419,,,,
6-6,2444,charge-high,V_std,0.1407737297637476,,,,
6-6,2446,charge-high,V_std,0.1402248836091272,,,,
6-6,2447,charge-high,V_std,0.1407070105102182,,,,
6-6,2449,charge-high,V_std,0.1400632982354943,,,,
6-6,2450,charge-high,V_std,0.1405080327259057,,,,
6-6,2452,charge-high,V_std,0.1399543267635264,,,,
6-6,2453,charge-high,V_std,0.1403943667020891,,,,
6-6,2454,charge-high,V_std,0.1409179742338956,,,,
6-6,2455,charge-high,V_std,0.1396668219114945,,,,
6-6,2456,charge-high,V_std,0.1401816913446092,,,,
6-6,2457,charge-high,V_std,0.1405566464951038,,,,
6-6,2458,charge-high,V_std,0.1409301604258189,,,,
6-6,2459,charge-high,V_std,0.1398414055488657,,,,
6-6,2460,charge-high,V_std,0.140487389726868,,,,
6-6,2461,charge-high,V_std,0.1408895426456156,,,,
6-6,2462,charge-high,V_std,0.1398695366307865,,,,
6-6,2463,charge-high,V_std,0.1404461981380363,,,,
6-6,2464,charge-high,V_std,0.1409003299910849,,,,
6-6,2465,charge-high,V_std,0.1398986371952051,,,,
6-6,2466,charge-high,V_std,0.1404405910463402,,,,
6-6,2467,charge-high,V_std,0.1397684533599118,,,,
6-6,2468,charge-high,V_std,0.1404323885886225,,,,
6-8,1,charge-high,V_std,0.1389693169231945,,,,
7-2,1,charge-high,V_std,0.1377667575359206,,,,
7-2,2,charge-high,V_std,0.1717108446009206,,,,
7-2,3,charge-high,V_std,0.1715053989219856,,,,
7-2,4,charge-high,V_std,0.1722427907458605,,,,
7-2,5,charge-high,V_std,0.1710426262120019,,,,
7-2,6,charge-high,V_std,0.1702574487986218,,,,
7-2,7,charge-high,V_std,0.1702396361573051,,,,
7-2,8,charge-high,V_std,0.1705793753183435,,,,
7-2,9,charge-high,V_std,0.1691762315929542,,,,
7-2,10,charge-high,V_std,0.1691585625700932,,,,
7-2,11,charge-high,V_std,0.1694604281172895,,,,
7-2,13,charge-high,V_std,0.1690201559594813,,,,
7-5,1,charge-high,V_std,0.1394829062567716,,,,
7-5,2,charge-high,V_std,0.0638900309955008,,,,
7-5,3,charge-high,V_std,0.1700769940734004,,,,
7-5,5,charge-high,V_std,0.1693564110368927,,,,
7-5,6,charge-high,V_std,0.1696637470086897,,,,
7-5,7,charge-high,V_std,0.1690710837210234,,,,
7-5,8,charge-high,V_std,0.1690183124531062,,,,
7-5,9,charge-high,V_std,0.1702737649290892,,,,
7-5,10,charge-high,V_std,0.1699334783872229,,,,
7-5,11,charge-high,V_std,0.1695073500762717,,,,
7-5,12,charge-high,V_std,0.1702084552067457,,,,
7-5,13,charge-high,V_std,0.1706651011030231,,,,
7-5,14,charge-high,V_std,0.1692884109373876,,,,
7-5,15,charge-high,V_std,0.1698312140548523,,,,
7-5,16,charge-high,V_std,0.1702558507595373,,,,
7-5,17,charge-high,V_std,0.1696023823641866,,,,
7-5,19,charge-high,V_std,0.1690304555078297,,,,
7-8,2,charge-high,V_std,0.1690888728435995,,,,
7-8,3,charge-high,V_std,0.169107177860877,,,,
7-8,13,charge-high,V_std,0.1698054145114631,,,,
7-8,15,charge-high,V_std,0.1694845493273194,,,,
8-2,1,charge-high,V_std,0.1364312654600676,,,,
8-3,1,charge-high,V_std,0.1403391285060023,,,,
8-3,2,charge-high,V_std,0.1697196458210224,,,,
8-6,1,charge-high,V_std,0.1379083382081751,,,,
8-8,2,charge-high,V_std,0.1690581433351765,,,,
9-1,2,charge-high,V_std,0.1716802473669959,,,,
9-1,3,charge-high,V_std,0.1694780555995,,,,
9-1,6,charge-high,V_std,0.1689989904996288,,,,
9-1,7,charge-high,V_std,0.1694921073394115,,,,
9-1,8,charge-high,V_std,0.1696167309586507,,,,
9-1,10,charge-high,V_std,0.1709343545842311,,,,
9-2,1,charge-high,V_std,0.1401197761055668,,,,
9-2,2,charge-high,V_std,0.1701790935611404,,,,
9-3,1,charge-high,V_std,0.1393035497840011,,,,
9-3,2,charge-high,V_std,0.1706295141009643,,,,
9-3,3,charge-high,V_std,0.1692029350195836,,,,
9-3,10,charge-high,V_std,0.1692800105390034,,,,
9-3,12,charge-high,V_std,0.1693795903698708,,,,
9-3,13,charge-high,V_std,0.1695315974544597,,,,
9-4,1,charge-high,V_std,0.1406782311112957,,,,
9-4,2,charge-high,V_std,0.1714989476831541,,,,
9-4,3,charge-high,V_std,0.170368040361707,,,,
9-4,4,charge-high,V_std,0.1703923087485642,,,,
9-4,8,charge-high,V_std,0.1690200670946316,,,,
9-4,9,charge-high,V_std,0.1691180149312626,,,,
9-4,12,charge-high,V_std,0.1696102185503637,,,,
9-4,13,charge-high,V_std,0.1697920950088144,,,,
9-4,15,charge-high,V_std,0.1695862844333462,,,,
9-4,17,charge-high,V_std,0.1690810143930757,,,,
9-4,18,charge-high,V_std,0.1695310501069187,,,,
9-4,21,charge-high,V_std,0.1698449583861246,,,,
9-4,22,charge-high,V_std,0.1690850670200784,,,,
9-4,24,charge-high,V_std,0.1692660937066942,,,,
9-5,1,charge-high,V_std,0.1384555052644002,,,,
9-5,2,charge-high,V_std,0.1697700995390599,,,,
9-5,6,charge-high,V_std,0.1690492670772412,,,,
9-5,7,charge-high,V_std,0.1693591134429971,,,,
9-5,9,charge-high,V_std,0.1690091292576614,,,,
9-5,10,charge-high,V_std,0.168996804019285,,,,
9-6,1,charge-high,V_std,0.1387790070019916,,,,
9-6,2,charge-high,V_std,0.1699463217207715,,,,
9-7,1,charge-high,V_std,0.1357893792023617,,,,
9-7,3,charge-high,V_std,0.1689770872424749,,,,
9-8,1,charge-high,V_std,0.1377699481804599,,,,
10-2,2,charge-high,V_std,0.1701732407809489,,,,
10-2,3,charge-high,V_std,0.169352563483866,,,,
10-2,4,charge-high,V_std,0.1696266124745008,,,,
10-2,5,charge-high,V_std,0.1693003421605791,,,,
10-2,6,charge-high,V_std,0.1700565734891304,,,,
10-2,8,charge-high,V_std,0.1698482725800512,,,,
10-2,9,charge-high,V_std,0.1703659666701215,,,,
10-2,14,charge-high,V_std,0.1694998366073817,,,,
10-4,2,charge-high,V_std,0.1698205235322455,,,,
10-4,8,charge-high,V_std,0.1691249749742391,,,,
10-4,11,charge-high,V_std,0.169163548339932,,,,
10-4,14,charge-high,V_std,0.1690868807928167,,,,
10-4,15,charge-high,V_std,0.1694399239438184,,,,
10-4,20,charge-high,V_std,0.1693508285659836,,,,
10-4,21,charge-high,V_std,0.1699077503147554,,,,
10-4,24,charge-high,V_std,0.1691091869038526,,,,
10-5,14,charge-high,V_std,0.1690379490916684,,,,
10-6,1,charge-high,V_std,0.1404817126840339,,,,
10-7,2,charge-high,V_std,0.1701814127541357,,,,
10-7,14,charge-high,V_std,0.1693702889060159,,,,
10-7,15,charge-high,V_std,0.1694683899423111,,,,
3-5,2,charge-high,count,,49.0,,,
3-5,3,charge-high,count,,49.0,,,
3-5,4,charge-high,count,,49.0,,,
3-5,5,charge-high,count,,49.0,,,
3-5,6,charge-high,count,,49.0,,,
3-5,7,charge-high,count,,49.0,,,
3-5,8,charge-high,count,,49.0,,,
3-5,9,charge-high,count,,49.0,,,
3-5,10,charge-high,count,,49.0,,,
3-5,11,charge-high,count,,49.0,,,
3-5,12,charge-high,count,,49.0,,,
3-5,13,charge-high,count,,49.0,,,
3-5,14,charge-high,count,,49.0,,,
3-5,15,charge-high,count,,49.0,,,
3-5,16,charge-high,count,,49.0,,,
3-5,17,charge-high,count,,49.0,,,
3-5,18,charge-high,count,,49.0,,,
4-7,2,charge-high,count,,49.0,,,
4-7,3,charge-high,count,,49.0,,,
4-7,4,charge-high,count,,49.0,,,
4-7,5,charge-high,count,,49.0,,,
4-7,6,charge-high,count,,49.0,,,
4-7,7,charge-high,count,,49.0,,,
4-7,8,charge-high,count,,49.0,,,
4-7,9,charge-high,count,,49.0,,,
4-7,10,charge-high,count,,49.0,,,
4-7,11,charge-high,count,,49.0,,,
4-7,12,charge-high,count,,49.0,,,
4-7,13,charge-high,count,,49.0,,,
4-7,14,charge-high,count,,49.0,,,
4-7,15,charge-high,count,,49.0,,,
4-7,16,charge-high,count,,49.0,,,
4-7,17,charge-high,count,,49.0,,,
4-7,18,charge-high,count,,49.0,,,
10-6,2,charge-high,count,,49.0,,,
10-6,3,charge-high,count,,49.0,,,
10-6,4,charge-high,count,,49.0,,,
10-6,5,charge-high,count,,49.0,,,
10-6,6,charge-high,count,,49.0,,,
10-6,7,charge-high,count,,49.0,,,
10-6,8,charge-high,count,,49.0,,,
10-6,9,charge-high,count,,49.0,,,
10-6,10,charge-high,count,,49.0,,,
10-6,11,charge-high,count,,49.0,,,
10-6,12,charge-high,count,,49.0,,,
10-6,13,charge-high,count,,49.0,,,
10-6,14,charge-high,count,,49.0,,,
10-6,15,charge-high,count,,49.0,,,
10-6,16,charge-high,count,,49.0,,,
10-6,17,charge-high,count,,49.0,,,
10-6,18,charge-high,count,,49.0,,,
10-6,19,charge-high,count,,49.0,,,
10-6,20,charge-high,count,,49.0,,,
10-6,21,charge-high,count,,49.0,,,
10-6,22,charge-high,count,,49.0,,,
10-6,23,charge-high,count,,49.0,,,
10-6,24,charge-high,count,,49.0,,,
10-6,25,charge-high,count,,49.0,,,
10-6,26,charge-high,count,,49.0,,,
10-6,27,charge-high,count,,49.0,,,
10-6,28,charge-high,count,,49.0,,,
10-6,29,charge-high,count,,49.0,,,
10-6,30,charge-high,count,,49.0,,,
10-6,31,charge-high,count,,49.0,,,
10-6,32,charge-high,count,,49.0,,,
10-6,33,charge-high,count,,49.0,,,
10-6,34,charge-high,count,,49.0,,,
10-6,35,charge-high,count,,49.0,,,
10-6,36,charge-high,count,,49.0,,,
10-6,37,charge-high,count,,49.0,,,
10-6,38,charge-high,count,,49.0,,,
10-6,39,charge-high,count,,49.0,,,
10-6,40,charge-high,count,,49.0,,,
10-6,41,charge-high,count,,49.0,,,
10-6,42,charge-high,count,,49.0,,,
10-6,43,charge-high,count,,49.0,,,
10-6,44,charge-high,count,,49.0,,,
10-6,45,charge-high,count,,49.0,,,
10-6,46,charge-high,count,,49.0,,,
1-5,358,charge-high,I_std,,,0.0009435979042106,,
1-5,990,charge-high,I_std,,,0.0009565812140364,,
4-1,421,charge-high,I_std,,,0.0009191018892529,,
4-1,640,charge-high,I_std,,,0.0009205981805876,,
4-1,696,charge-high,I_std,,,0.0009857982460009,,
4-1,701,charge-high,I_std,,,0.0009199438937657,,
4-1,727,charge-high,I_std,,,0.0009655273850665,,
4-1,786,charge-high,I_std,,,0.0009528973288024,,
4-1,853,charge-high,I_std,,,0.0009207591775281,,
4-1,874,charge-high,I_std,,,0.0009400813018686,,
4-1,942,charge-high,I_std,,,0.0009255979154348,,
4-1,949,charge-high,I_std,,,0.0009149014203068,,
4-1,970,charge-high,I_std,,,0.0009558713634297,,
4-1,996,charge-high,I_std,,,0.0009228073263267,,
4-1,1067,charge-high,I_std,,,0.0009310400952242,,
4-1,1159,charge-high,I_std,,,0.0009151454204893,,
4-1,1162,charge-high,I_std,,,0.0009724177264804,,
4-1,1166,charge-high,I_std,,,0.0009255255607906,,
4-1,1172,charge-high,I_std,,,0.0009195554200497,,
4-1,1241,charge-high,I_std,,,0.0009656247869829,,
4-1,1261,charge-high,I_std,,,0.0009362324062402,,
4-1,1564,charge-high,I_std,,,0.0009454850349,,
4-1,1894,charge-high,I_std,,,0.0009569995706049,,
4-1,1902,charge-high,I_std,,,0.0009138770459207,,
4-1,1941,charge-high,I_std,,,0.0009642777867768,,
4-1,2091,charge-high,I_std,,,0.0009347092496501,,
4-2,19,charge-high,I_std,,,0.0009221336317381,,
4-2,500,charge-high,I_std,,,0.0009171782235312,,
4-2,537,charge-high,I_std,,,0.0009139935199931,,
4-2,560,charge-high,I_std,,,0.0009150433848377,,
4-2,595,charge-high,I_std,,,0.0009525762931141,,
4-2,619,charge-high,I_std,,,0.0009294918875827,,
4-2,696,charge-high,I_std,,,0.000925688496158,,
4-2,700,charge-high,I_std,,,0.0009723726579139,,
4-2,790,charge-high,I_std,,,0.0009497877487507,,
4-2,1004,charge-high,I_std,,,0.0009139210820339,,
4-2,1029,charge-high,I_std,,,0.0009989284957067,,
4-2,1108,charge-high,I_std,,,0.0009233926803272,,
4-2,1119,charge-high,I_std,,,0.0009577219533757,,
4-3,28,charge-high,I_std,,,0.0009396545772983,,
4-3,419,charge-high,I_std,,,0.0009147374740681,,
4-3,486,charge-high,I_std,,,0.0009883437834799,,
4-3,533,charge-high,I_std,,,0.0009697385275626,,
4-3,579,charge-high,I_std,,,0.0009306639915222,,
4-3,842,charge-high,I_std,,,0.0009846355646237,,
4-3,899,charge-high,I_std,,,0.0009589467713363,,
4-3,977,charge-high,I_std,,,0.0009315592112702,,
4-7,68,charge-high,I_std,,,0.0009418474140848,,
4-7,218,charge-high,I_std,,,0.0009419143589382,,
4-8,232,charge-high,I_std,,,0.0009479670540769,,
7-1,179,charge-high,I_std,,,0.0009296281527661,,
7-1,346,charge-high,I_std,,,0.0009709953307648,,
7-1,707,charge-high,I_std,,,0.0009520475319915,,
7-1,1225,charge-high,I_std,,,0.0009166157265963,,
7-3,148,charge-high,I_std,,,0.0009749928279185,,
7-3,169,charge-high,I_std,,,0.0009560025721065,,
7-3,224,charge-high,I_std,,,0.0009288529105668,,
7-3,247,charge-high,I_std,,,0.000925245808833,,
7-3,312,charge-high,I_std,,,0.0009160882472597,,
7-3,348,charge-high,I_std,,,0.0009463263899752,,
7-3,469,charge-high,I_std,,,0.0009429947459604,,
7-3,530,charge-high,I_std,,,0.0009205800762387,,
7-5,116,charge-high,I_std,,,0.0009163722062305,,
7-5,158,charge-high,I_std,,,0.0009676635794326,,
7-5,322,charge-high,I_std,,,0.0009208895972505,,
7-5,834,charge-high,I_std,,,0.0009407117442971,,
7-5,860,charge-high,I_std,,,0.0009148684842284,,
7-5,1393,charge-high,I_std,,,0.000957319015807,,
7-5,1431,charge-high,I_std,,,0.0009389415421165,,
7-5,1467,charge-high,I_std,,,0.0009315495221379,,
7-5,1567,charge-high,I_std,,,0.000947881713923,,
7-5,1666,charge-high,I_std,,,0.0009662205114847,,
7-5,1748,charge-high,I_std,,,0.0009153299836556,,
7-6,661,charge-high,I_std,,,0.0009708605138848,,
7-8,144,charge-high,I_std,,,0.0009665536686855,,
7-8,1198,charge-high,I_std,,,0.0009141436334092,,
8-5,724,charge-high,I_std,,,0.0009278216491788,,
8-5,773,charge-high,I_std,,,0.0009161575954803,,
9-2,10,charge-high,I_std,,,0.0009151304987744,,
9-2,696,charge-high,I_std,,,0.0009413590750679,,
9-2,826,charge-high,I_std,,,0.0009946938516881,,
9-2,1213,charge-high,I_std,,,0.0009305290443214,,
9-2,1282,charge-high,I_std,,,0.0009598072780899,,
9-2,1443,charge-high,I_std,,,0.0009276781551713,,
9-2,1472,charge-high,I_std,,,0.0009363803340958,,
9-2,1542,charge-high,I_std,,,0.0009311754962832,,
9-2,1543,charge-high,I_std,,,0.0009546398248146,,
9-3,44,charge-high,I_std,,,0.0009194401385841,,
9-3,70,charge-high,I_std,,,0.0009276887078392,,
9-3,188,charge-high,I_std,,,0.0009206660602245,,
9-3,216,charge-high,I_std,,,0.0009216305483841,,
9-3,239,charge-high,I_std,,,0.0009536413489287,,
9-3,252,charge-high,I_std,,,0.0009281536484815,,
9-3,267,charge-high,I_std,,,0.0009513802719374,,
9-3,270,charge-high,I_std,,,0.0009142788061801,,
9-3,343,charge-high,I_std,,,0.0009321472629841,,
9-3,358,charge-high,I_std,,,0.0009264373286733,,
9-3,383,charge-high,I_std,,,0.0009592304867623,,
9-3,394,charge-high,I_std,,,0.0009239882082935,,
9-3,433,charge-high,I_std,,,0.0009510608031291,,
9-3,499,charge-high,I_std,,,0.0009149350178872,,
9-3,566,charge-high,I_std,,,0.0009795540984978,,
9-3,585,charge-high,I_std,,,0.0009514444650362,,
9-3,587,charge-high,I_std,,,0.0009248668006981,,
9-3,709,charge-high,I_std,,,0.000924413301338,,
9-3,750,charge-high,I_std,,,0.0009246019381124,,
9-3,794,charge-high,I_std,,,0.0009319455591677,,
9-3,837,charge-high,I_std,,,0.0009134736123194,,
9-3,870,charge-high,I_std,,,0.0009521231988868,,
9-3,946,charge-high,I_std,,,0.0009552367626547,,
9-3,1014,charge-high,I_std,,,0.0009219836540583,,
9-3,1071,charge-high,I_std,,,0.0009259132969147,,
9-3,1119,charge-high,I_std,,,0.0009196737115571,,
9-3,1334,charge-high,I_std,,,0.0009276026573351,,
9-3,1428,charge-high,I_std,,,0.0009438216940947,,
9-3,1552,charge-high,I_std,,,0.0009687819142798,,
9-3,1572,charge-high,I_std,,,0.0009349147774131,,
9-3,1666,charge-high,I_std,,,0.0009558952675282,,
9-4,346,charge-high,I_std,,,0.0009444531575903,,
9-6,159,charge-high,I_std,,,0.000963328478574,,
9-6,204,charge-high,I_std,,,0.0009362689944521,,
9-6,233,charge-high,I_std,,,0.0009134658157176,,
9-6,289,charge-high,I_std,,,0.0009978373005885,,
9-6,310,charge-high,I_std,,,0.0009433064253072,,
9-6,316,charge-high,I_std,,,0.0009312301752109,,
9-6,362,charge-high,I_std,,,0.0009325416932565,,
9-6,363,charge-high,I_std,,,0.0009484397816011,,
9-6,418,charge-high,I_std,,,0.0009914939930046,,
9-6,442,charge-high,I_std,,,0.0009147892764402,,
9-6,570,charge-high,I_std,,,0.0009325154801787,,
9-6,571,charge-high,I_std,,,0.0010099724012109,,
9-6,584,charge-high,I_std,,,0.000959995873582,,
9-6,963,charge-high,I_std,,,0.0009289764252831,,
9-6,995,charge-high,I_std,,,0.0009933985871972,,
9-6,1055,charge-high,I_std,,,0.0009473579861549,,
9-6,1089,charge-high,I_std,,,0.0009290392636958,,
9-6,1593,charge-high,I_std,,,0.0009154500525965,,
9-7,334,charge-high,I_std,,,0.000915299600132,,
9-8,628,charge-high,I_std,,,0.0009669733646397,,
9-8,1441,charge-high,I_std,,,0.000962728852717,,
9-8,1468,charge-high,I_std,,,0.000947770781425,,
9-8,1499,charge-high,I_std,,,0.0009779235628481,,
9-8,1540,charge-high,I_std,,,0.0009203524043538,,
9-8,1738,charge-high,I_std,,,0.000946781260956,,
9-8,1792,charge-high,I_std,,,0.0009347973865208,,
3-1,7,charge-high,V_min,,,,2.4776,
3-1,9,charge-high,V_min,,,,2.4786,
3-1,16,charge-high,V_min,,,,2.4748,
3-1,18,charge-high,V_min,,,,2.4792,
3-1,19,charge-high,V_min,,,,2.477,
3-3,3,charge-high,V_min,,,,2.4786,
3-3,5,charge-high,V_min,,,,2.4764,
3-3,6,charge-high,V_min,,,,2.4786,
3-3,9,charge-high,V_min,,,,2.4795,
3-3,10,charge-high,V_min,,,,2.4773,
3-3,17,charge-high,V_min,,,,2.477,
4-2,4,charge-high,V_min,,,,2.4786,
4-2,10,charge-high,V_min,,,,2.4786,
4-2,11,charge-high,V_min,,,,2.4755,
4-8,18,charge-high,V_min,,,,2.4789,
6-6,2308,charge-high,V_min,,,,2.8788,
6-6,2319,charge-high,V_min,,,,2.8785,
6-6,2321,charge-high,V_min,,,,2.8803,
6-6,2323,charge-high,V_min,,,,2.8803,
6-6,2324,charge-high,V_min,,,,2.8785,
6-6,2327,charge-high,V_min,,,,2.8794,
6-6,2330,charge-high,V_min,,,,2.8803,
6-6,2333,charge-high,V_min,,,,2.8791,
6-6,2336,charge-high,V_min,,,,2.8779,
6-6,2337,charge-high,V_min,,,,2.8791,
6-6,2345,charge-high,V_min,,,,2.8813,
6-6,2348,charge-high,V_min,,,,2.8791,
6-6,2349,charge-high,V_min,,,,2.8779,
6-6,2354,charge-high,V_min,,,,2.881,
6-6,2357,charge-high,V_min,,,,2.881,
6-6,2412,charge-high,V_min,,,,2.8884,
6-6,2415,charge-high,V_min,,,,2.8887,
6-6,2418,charge-high,V_min,,,,2.8878,
6-6,2421,charge-high,V_min,,,,2.8893,
6-6,2425,charge-high,V_min,,,,2.8878,
6-6,2428,charge-high,V_min,,,,2.8862,
6-6,2431,charge-high,V_min,,,,2.8872,
6-6,2434,charge-high,V_min,,,,2.8887,
6-6,2438,charge-high,V_min,,,,2.8884,
6-6,2445,charge-high,V_min,,,,2.8887,
6-6,2448,charge-high,V_min,,,,2.8862,
6-6,2451,charge-high,V_min,,,,2.8887,
7-2,12,charge-high,V_min,,,,2.4702,
7-2,17,charge-high,V_min,,,,2.4755,
7-2,18,charge-high,V_min,,,,2.4786,
7-5,4,charge-high,V_min,,,,2.4773,
9-1,4,charge-high,V_min,,,,2.4724,
9-1,5,charge-high,V_min,,,,2.4686,
9-1,9,charge-high,V_min,,,,2.4711,
9-1,11,charge-high,V_min,,,,2.4742,
9-1,12,charge-high,V_min,,,,2.472,
9-1,13,charge-high,V_min,,,,2.4786,
9-1,14,charge-high,V_min,,,,2.4792,
9-1,16,charge-high,V_min,,,,2.4773,
9-3,4,charge-high,V_min,,,,2.477,
9-3,5,charge-high,V_min,,,,2.472,
9-3,6,charge-high,V_min,,,,2.4702,
9-3,7,charge-high,V_min,,,,2.4693,
9-3,8,charge-high,V_min,,,,2.4693,
9-3,9,charge-high,V_min,,,,2.4689,
9-3,11,charge-high,V_min,,,,2.4708,
9-3,14,charge-high,V_min,,,,2.4779,
9-3,15,charge-high,V_min,,,,2.4773,
9-3,16,charge-high,V_min,,,,2.472,
9-3,17,charge-high,V_min,,,,2.4789,
9-3,18,charge-high,V_min,,,,2.4779,
9-3,21,charge-high,V_min,,,,2.4764,
9-4,5,charge-high,V_min,,,,2.4686,
9-4,6,charge-high,V_min,,,,2.4652,
9-4,7,charge-high,V_min,,,,2.4693,
9-4,10,charge-high,V_min,,,,2.4674,
9-4,11,charge-high,V_min,,,,2.4717,
9-4,14,charge-high,V_min,,,,2.4708,
9-4,16,charge-high,V_min,,,,2.4782,
9-4,19,charge-high,V_min,,,,2.4792,
9-4,20,charge-high,V_min,,,,2.4789,
9-7,10,charge-high,V_min,,,,2.4782,
10-2,7,charge-high,V_min,,,,2.4748,
10-2,10,charge-high,V_min,,,,2.4665,
10-2,11,charge-high,V_min,,,,2.4668,
10-2,12,charge-high,V_min,,,,2.4702,
10-2,13,charge-high,V_min,,,,2.472,
10-2,15,charge-high,V_min,,,,2.4792,
10-2,16,charge-high,V_min,,,,2.4786,
10-2,17,charge-high,V_min,,,,2.4792,
10-2,19,charge-high,V_min,,,,2.4789,
10-4,9,charge-high,V_min,,,,2.4795,
10-4,10,charge-high,V_min,,,,2.4782,
10-4,12,charge-high,V_min,,,,2.4792,
1-3,1,charge-high,V_max,,,,,3.5444
1-4,1,charge-high,V_max,,,,,3.541
1-5,1,charge-high,V_max,,,,,3.5618
1-5,2,charge-high,V_max,,,,,3.5391
1-5,3,charge-high,V_max,,,,,3.5382
1-5,4,charge-high,V_max,,,,,3.5357
2-3,1,charge-high,V_max,,,,,3.5416
2-5,2,charge-high,V_max,,,,,3.5354
2-6,1,charge-high,V_max,,,,,3.5385
2-7,1,charge-high,V_max,,,,,3.55
2-8,4,charge-high,V_max,,,,,3.4412
2-8,5,charge-high,V_max,,,,,3.4415
2-8,6,charge-high,V_max,,,,,3.4409
2-8,7,charge-high,V_max,,,,,3.4409
2-8,8,charge-high,V_max,,,,,3.4409
2-8,9,charge-high,V_max,,,,,3.4415
2-8,10,charge-high,V_max,,,,,3.4415
2-8,11,charge-high,V_max,,,,,3.4412
2-8,12,charge-high,V_max,,,,,3.4415
2-8,13,charge-high,V_max,,,,,3.4415
2-8,14,charge-high,V_max,,,,,3.4409
2-8,15,charge-high,V_max,,,,,3.4402
2-8,16,charge-high,V_max,,,,,3.4409
2-8,17,charge-high,V_max,,,,,3.4406
2-8,18,charge-high,V_max,,,,,3.4402
2-8,19,charge-high,V_max,,,,,3.4402
2-8,20,charge-high,V_max,,,,,3.4406
2-8,21,charge-high,V_max,,,,,3.4409
2-8,22,charge-high,V_max,,,,,3.4409
2-8,23,charge-high,V_max,,,,,3.4402
2-8,24,charge-high,V_max,,,,,3.4393
2-8,25,charge-high,V_max,,,,,3.4384
2-8,26,charge-high,V_max,,,,,3.4378
2-8,27,charge-high,V_max,,,,,3.439
2-8,28,charge-high,V_max,,,,,3.4381
2-8,29,charge-high,V_max,,,,,3.4393
2-8,30,charge-high,V_max,,,,,3.4393
2-8,31,charge-high,V_max,,,,,3.4399
2-8,32,charge-high,V_max,,,,,3.4415
2-8,35,charge-high,V_max,,,,,3.4409
2-8,36,charge-high,V_max,,,,,3.4409
2-8,37,charge-high,V_max,,,,,3.4412
2-8,38,charge-high,V_max,,,,,3.4409
2-8,39,charge-high,V_max,,,,,3.4406
2-8,40,charge-high,V_max,,,,,3.4406
2-8,41,charge-high,V_max,,,,,3.4406
2-8,42,charge-high,V_max,,,,,3.4406
2-8,43,charge-high,V_max,,,,,3.4406
2-8,44,charge-high,V_max,,,,,3.4406
2-8,45,charge-high,V_max,,,,,3.4406
2-8,46,charge-high,V_max,,,,,3.4409
2-8,47,charge-high,V_max,,,,,3.4409
2-8,48,charge-high,V_max,,,,,3.4412
2-8,49,charge-high,V_max,,,,,3.4406
2-8,50,charge-high,V_max,,,,,3.4409
2-8,51,charge-high,V_max,,,,,3.4412
2-8,52,charge-high,V_max,,,,,3.4412
2-8,53,charge-high,V_max,,,,,3.4409
2-8,54,charge-high,V_max,,,,,3.4409
2-8,55,charge-high,V_max,,,,,3.4412
2-8,57,charge-high,V_max,,,,,3.4415
2-8,58,charge-high,V_max,,,,,3.4415
2-8,59,charge-high,V_max,,,,,3.4415
2-8,60,charge-high,V_max,,,,,3.4412
3-2,1,charge-high,V_max,,,,,3.5435
3-6,1,charge-high,V_max,,,,,3.5398
3-8,1,charge-high,V_max,,,,,3.5404
4-1,30,charge-high,V_max,,,,,3.4415
4-1,63,charge-high,V_max,,,,,3.4406
4-1,64,charge-high,V_max,,,,,3.4406
4-1,65,charge-high,V_max,,,,,3.4415
4-1,66,charge-high,V_max,,,,,3.4415
4-1,67,charge-high,V_max,,,,,3.4412
4-1,68,charge-high,V_max,,,,,3.4409
4-1,69,charge-high,V_max,,,,,3.4409
4-1,70,charge-high,V_max,,,,,3.4415
4-1,71,charge-high,V_max,,,,,3.4415
4-1,72,charge-high,V_max,,,,,3.4415
4-1,73,charge-high,V_max,,,,,3.4406
4-1,74,charge-high,V_max,,,,,3.4412
4-1,75,charge-high,V_max,,,,,3.4415
4-1,76,charge-high,V_max,,,,,3.4415
4-1,77,charge-high,V_max,,,,,3.4412
4-1,78,charge-high,V_max,,,,,3.4409
4-1,79,charge-high,V_max,,,,,3.4412
4-1,80,charge-high,V_max,,,,,3.4415
4-1,81,charge-high,V_max,,,,,3.4412
4-1,82,charge-high,V_max,,,,,3.4412
4-1,83,charge-high,V_max,,,,,3.4412
4-1,84,charge-high,V_max,,,,,3.4412
4-1,86,charge-high,V_max,,,,,3.4415
4-1,87,charge-high,V_max,,,,,3.4415
4-1,88,charge-high,V_max,,,,,3.4412
4-1,89,charge-high,V_max,,,,,3.4415
4-1,90,charge-high,V_max,,,,,3.4415
4-1,91,charge-high,V_max,,,,,3.4412
4-1,93,charge-high,V_max,,,,,3.4412
4-1,94,charge-high,V_max,,,,,3.4415
4-1,95,charge-high,V_max,,,,,3.4415
4-1,96,charge-high,V_max,,,,,3.4415
4-1,98,charge-high,V_max,,,,,3.4415
4-1,99,charge-high,V_max,,,,,3.4415
4-1,104,charge-high,V_max,,,,,3.4412
4-1,105,charge-high,V_max,,,,,3.4415
4-1,108,charge-high,V_max,,,,,3.4415
4-1,109,charge-high,V_max,,,,,3.4412
4-1,113,charge-high,V_max,,,,,3.4415
4-1,114,charge-high,V_max,,,,,3.4412
4-1,117,charge-high,V_max,,,,,3.4415
4-1,122,charge-high,V_max,,,,,3.4415
4-1,123,charge-high,V_max,,,,,3.4415
4-1,127,charge-high,V_max,,,,,3.4415
4-1,129,charge-high,V_max,,,,,3.4415
4-1,132,charge-high,V_max,,,,,3.4412
4-1,135,charge-high,V_max,,,,,3.4415
4-1,138,charge-high,V_max,,,,,3.4415
4-1,141,charge-high,V_max,,,,,3.4415
4-1,144,charge-high,V_max,,,,,3.4412
4-1,147,charge-high,V_max,,,,,3.4415
4-1,150,charge-high,V_max,,,,,3.4415
4-1,153,charge-high,V_max,,,,,3.4415
4-1,156,charge-high,V_max,,,,,3.4415
4-1,162,charge-high,V_max,,,,,3.4415
4-1,215,charge-high,V_max,,,,,3.4415
4-1,224,charge-high,V_max,,,,,3.4415
4-8,1,charge-high,V_max,,,,,3.5404
5-5,1,charge-high,V_max,,,,,3.5509
6-2,1,charge-high,V_max,,,,,3.5491
6-3,1,charge-high,V_max,,,,,3.5388
6-6,2,charge-high,V_max,,,,,3.5354
10-3,57,charge-high,V_max,,,,,3.4412
10-3,58,charge-high,V_max,,,,,3.4409
10-3,59,charge-high,V_max,,,,,3.4406
10-3,60,charge-high,V_max,,,,,3.4415
10-3,61,charge-high,V_max,,,,,3.4409
10-3,62,charge-high,V_max,,,,,3.4412
10-3,63,charge-high,V_max,,,,,3.4415
10-3,64,charge-high,V_max,,,,,3.4412
10-3,65,charge-high,V_max,,,,,3.4412
10-3,69,charge-high,V_max,,,,,3.4409
10-3,70,charge-high,V_max,,,,,3.4415
10-3,71,charge-high,V_max,,,,,3.4415
10-3,72,charge-high,V_max,,,,,3.4415
10-3,73,charge-high,V_max,,,,,3.4406
10-3,75,charge-high,V_max,,,,,3.4412
10-3,76,charge-high,V_max,,,,,3.4415
10-3,77,charge-high,V_max,,,,,3.4409
10-3,80,charge-high,V_max,,,,,3.4412
10-3,81,charge-high,V_max,,,,,3.4415
10-3,84,charge-high,V_max,,,,,3.4409
10-3,85,charge-high,V_max,,,,,3.4412
10-3,96,charge-high,V_max,,,,,3.4412
10-3,111,charge-high,V_max,,,,,3.4412
10-4,1,charge-high,V_max,,,,,3.5466
10-5,1,charge-high,V_max,,,,,3.5494
10-7,1,charge-high,V_max,,,,,3.5497
2-8,2,charge-mid,V_std,0.0119460645827985,,,,
2-8,3,charge-mid,V_std,0.01243348269003,,,,
3-1,1,charge-mid,V_std,0.0088868468572967,,,,
3-3,1,charge-mid,V_std,0.0082899705682142,,,,
4-2,1,charge-mid,V_std,0.0088070468696222,,,,
4-2,3,charge-mid,V_std,0.0130061163051544,,,,
4-2,5,charge-mid,V_std,0.0128494727631467,,,,
4-7,2182,charge-mid,V_std,0.0357179117206909,,,,
4-7,2183,charge-mid,V_std,0.0357233753909079,,,,
4-7,2184,charge-mid,V_std,0.0419770697852423,,,,
4-7,2186,charge-mid,V_std,0.0357966069108027,,,,
4-7,2187,charge-mid,V_std,0.0358076632859504,,,,
4-7,2188,charge-mid,V_std,0.0358027372542653,,,,
4-7,2189,charge-mid,V_std,0.0358475498218677,,,,
4-7,2190,charge-mid,V_std,0.0417385019198941,,,,
4-7,2191,charge-mid,V_std,0.041804112148412,,,,
4-7,2192,charge-mid,V_std,0.0466824194063745,,,,
4-7,2193,charge-mid,V_std,0.0467663266699885,,,,
4-7,2194,charge-mid,V_std,0.0467563906359988,,,,
4-7,2195,charge-mid,V_std,0.0418943268933914,,,,
4-7,2196,charge-mid,V_std,0.0468414895892389,,,,
4-7,2197,charge-mid,V_std,0.0468981714538454,,,,
4-7,2198,charge-mid,V_std,0.0509001653373793,,,,
4-7,2199,charge-mid,V_std,0.050919604684016,,,,
4-7,2200,charge-mid,V_std,0.050953229842401,,,,
4-7,2201,charge-mid,V_std,0.0509915772360456,,,,
4-7,2202,charge-mid,V_std,0.0543993995550107,,,,
4-7,2203,charge-mid,V_std,0.0544537635799779,,,,
4-7,2204,charge-mid,V_std,0.0542720310014247,,,,
4-7,2205,charge-mid,V_std,0.0543030871183972,,,,
4-7,2206,charge-mid,V_std,0.0543359095503762,,,,
4-7,2207,charge-mid,V_std,0.0572605379988307,,,,
4-7,2208,charge-mid,V_std,0.0573338262457327,,,,
4-7,2209,charge-mid,V_std,0.0573253303128304,,,,
4-7,2210,charge-mid,V_std,0.059876974865244,,,,
4-7,2211,charge-mid,V_std,0.0573178821935646,,,,
4-7,2212,charge-mid,V_std,0.0574134011137729,,,,
4-7,2213,charge-mid,V_std,0.0574882874817708,,,,
4-7,2214,charge-mid,V_std,0.0574901947177758,,,,
4-7,2215,charge-mid,V_std,0.0574846999120801,,,,
4-7,2216,charge-mid,V_std,0.0600592817323525,,,,
5-2,1,charge-mid,V_std,0.0099020851146355,,,,
5-4,1926,charge-mid,V_std,0.0369544432490917,,,,
5-4,1927,charge-mid,V_std,0.0369043696599738,,,,
5-4,1934,charge-mid,V_std,0.0370681069022917,,,,
5-4,1944,charge-mid,V_std,0.0365841241291611,,,,
5-4,1945,charge-mid,V_std,0.0366150627358322,,,,
5-4,1948,charge-mid,V_std,0.0366822582098742,,,,
5-4,1949,charge-mid,V_std,0.036657710805843,,,,
5-4,1950,charge-mid,V_std,0.0366737310449709,,,,
5-4,1951,charge-mid,V_std,0.0367184350258106,,,,
5-4,1952,charge-mid,V_std,0.0424112888682882,,,,
5-4,1953,charge-mid,V_std,0.0468599633732991,,,,
5-4,1954,charge-mid,V_std,0.0423446765562456,,,,
5-4,1955,charge-mid,V_std,0.0423893262861442,,,,
5-4,1956,charge-mid,V_std,0.0368281843100425,,,,
5-4,1957,charge-mid,V_std,0.0425777142611093,,,,
5-4,1958,charge-mid,V_std,0.0425000530211754,,,,
5-4,1959,charge-mid,V_std,0.0426404993565289,,,,
5-4,1960,charge-mid,V_std,0.042677326142422,,,,
5-4,1961,charge-mid,V_std,0.0426073106011945,,,,
5-4,1962,charge-mid,V_std,0.0470620147100761,,,,
7-1,1,charge-mid,V_std,0.0122801276957619,,,,
7-2,14,charge-mid,V_std,0.0129734476425302,,,,
7-2,15,charge-mid,V_std,0.0128894749408856,,,,
7-2,29,charge-mid,V_std,0.0129816847143277,,,,
7-3,1,charge-mid,V_std,0.0124602827503604,,,,
7-4,1,charge-mid,V_std,0.0121887032262992,,,,
7-8,1,charge-mid,V_std,0.0093206577855177,,,,
8-5,1,charge-mid,V_std,0.0130196566397272,,,,
8-8,1,charge-mid,V_std,0.0084774058915614,,,,
9-1,1,charge-mid,V_std,0.006607217061096,,,,
9-2,5,charge-mid,V_std,0.0130850901889691,,,,
9-2,6,charge-mid,V_std,0.0130112570899167,,,,
9-2,8,charge-mid,V_std,0.0130645119604879,,,,
9-7,2,charge-mid,V_std,0.0103185724593643,,,,
9-7,4,charge-mid,V_std,0.0115199710479467,,,,
9-7,5,charge-mid,V_std,0.0116136461474272,,,,
9-7,6,charge-mid,V_std,0.0119001738317043,,,,
9-7,7,charge-mid,V_std,0.0121993786198181,,,,
9-7,8,charge-mid,V_std,0.0123066741807313,,,,
9-7,9,charge-mid,V_std,0.0121214503939016,,,,
9-7,11,charge-mid,V_std,0.0127508165657214,,,,
9-7,12,charge-mid,V_std,0.0126214337076928,,,,
9-7,13,charge-mid,V_std,0.0125033305980614,,,,
9-7,14,charge-mid,V_std,0.0122950459297903,,,,
9-7,15,charge-mid,V_std,0.0123316611936437,,,,
9-7,16,charge-mid,V_std,0.0126592664885252,,,,
9-7,17,charge-mid,V_std,0.0123968284825261,,,,
9-7,18,charge-mid,V_std,0.0123870994458396,,,,
9-7,19,charge-mid,V_std,0.0126083182064765,,,,
9-7,20,charge-mid,V_std,0.0127911533457023,,,,
9-7,21,charge-mid,V_std,0.0126263643492101,,,,
9-7,22,charge-mid,V_std,0.0126674699036514,,,,
9-7,23,charge-mid,V_std,0.0125063376847303,,,,
9-7,24,charge-mid,V_std,0.0125684469738184,,,,
9-7,25,charge-mid,V_std,0.012784194717888,,,,
9-7,26,charge-mid,V_std,0.0125970571467018,,,,
9-7,27,charge-mid,V_std,0.0128905405963582,,,,
9-7,28,charge-mid,V_std,0.0130203541079246,,,,
9-7,32,charge-mid,V_std,0.0127052811756156,,,,
9-7,33,charge-mid,V_std,0.0129786655850539,,,,
9-7,35,charge-mid,V_std,0.0130799825955717,,,,
9-7,44,charge-mid,V_std,0.0129442220591691,,,,
9-7,45,charge-mid,V_std,0.0127728522096492,,,,
9-7,50,charge-mid,V_std,0.0130936911835492,,,,
9-7,51,charge-mid,V_std,0.0130246185152175,,,,
9-7,52,charge-mid,V_std,0.0130934815710329,,,,
9-7,53,charge-mid,V_std,0.0131073168758836,,,,
9-7,54,charge-mid,V_std,0.0130570744028639,,,,
9-7,59,charge-mid,V_std,0.0130340433110517,,,,
9-7,60,charge-mid,V_std,0.0129910557849311,,,,
9-7,61,charge-mid,V_std,0.0130791129944393,,,,
9-7,63,charge-mid,V_std,0.0130914091950329,,,,
9-7,67,charge-mid,V_std,0.0130834198586726,,,,
9-7,72,charge-mid,V_std,0.0130651450155809,,,,
9-7,274,charge-mid,V_std,0.0130763483146443,,,,
9-7,291,charge-mid,V_std,0.0130563047182644,,,,
9-8,3,charge-mid,V_std,0.0126140913484265,,,,
9-8,4,charge-mid,V_std,0.0129329033504096,,,,
10-2,1,charge-mid,V_std,0.0076850160168519,,,,
7-7,2,charge-mid,count,,106.0,,,
1-5,5,charge-mid,V_min,,,,3.5351,
2-5,3,charge-mid,V_min,,,,3.5345,
6-6,3,charge-mid,V_min,,,,3.5351,
6-6,2224,charge-mid,V_min,,,,3.5336,
6-6,2227,charge-mid,V_min,,,,3.5336,
6-6,2230,charge-mid,V_min,,,,3.5339,
6-6,2233,charge-mid,V_min,,,,3.5339,
6-6,2236,charge-mid,V_min,,,,3.5339,
6-6,2238,charge-mid,V_min,,,,3.5336,
6-6,2239,charge-mid,V_min,,,,3.5339,
6-6,2242,charge-mid,V_min,,,,3.5336,
6-6,2244,charge-mid,V_min,,,,3.5336,
6-6,2245,charge-mid,V_min,,,,3.5339,
6-6,2248,charge-mid,V_min,,,,3.5339,
6-6,2259,charge-mid,V_min,,,,3.5336,
6-6,2260,charge-mid,V_min,,,,3.5336,
6-6,2261,charge-mid,V_min,,,,3.5339,
6-6,2262,charge-mid,V_min,,,,3.5336,
6-6,2263,charge-mid,V_min,,,,3.5336,
6-6,2265,charge-mid,V_min,,,,3.5336,
6-6,2266,charge-mid,V_min,,,,3.5339,
6-6,2268,charge-mid,V_min,,,,3.5342,
6-6,2269,charge-mid,V_min,,,,3.5339,
6-6,2270,charge-mid,V_min,,,,3.5336,
6-6,2271,charge-mid,V_min,,,,3.5339,
6-6,2272,charge-mid,V_min,,,,3.5342,
6-6,2273,charge-mid,V_min,,,,3.5336,
6-6,2274,charge-mid,V_min,,,,3.5342,
6-6,2275,charge-mid,V_min,,,,3.5345,
6-6,2276,charge-mid,V_min,,,,3.5336,
6-6,2277,charge-mid,V_min,,,,3.5345,
6-6,2278,charge-mid,V_min,,,,3.5345,
6-6,2279,charge-mid,V_min,,,,3.5345,
6-6,2280,charge-mid,V_min,,,,3.5348,
6-6,2281,charge-mid,V_min,,,,3.5351,
6-6,2282,charge-mid,V_min,,,,3.5345,
6-6,2283,charge-mid,V_min,,,,3.5354,
6-6,2284,charge-mid,V_min,,,,3.5354,
6-6,2285,charge-mid,V_min,,,,3.5348,
6-6,2286,charge-mid,V_min,,,,3.5354,
6-6,2287,charge-mid,V_min,,,,3.5354,
6-6,2288,charge-mid,V_min,,,,3.5357,
6-6,2289,charge-mid,V_min,,,,3.5357,
6-6,2290,charge-mid,V_min,,,,3.536,
6-6,2291,charge-mid,V_min,,,,3.5351,
6-6,2292,charge-mid,V_min,,,,3.5354,
6-6,2293,charge-mid,V_min,,,,3.5336,
6-6,2295,charge-mid,V_min,,,,3.5336,
6-6,2296,charge-mid,V_min,,,,3.5336,
6-6,2298,charge-mid,V_min,,,,3.5336,
6-6,2299,charge-mid,V_min,,,,3.5336,
6-6,2300,charge-mid,V_min,,,,3.5336,
6-6,2301,charge-mid,V_min,,,,3.5345,
6-6,2302,charge-mid,V_min,,,,3.5345,
6-6,2303,charge-mid,V_min,,,,3.5342,
6-6,2304,charge-mid,V_min,,,,3.5345,
6-6,2305,charge-mid,V_min,,,,3.5345,
6-6,2306,charge-mid,V_min,,,,3.5345,
6-6,2307,charge-mid,V_min,,,,3.5354,
6-6,2309,charge-mid,V_min,,,,3.5354,
6-6,2310,charge-mid,V_min,,,,3.5348,
6-6,2311,charge-mid,V_min,,,,3.5348,
6-6,2312,charge-mid,V_min,,,,3.5342,
6-6,2313,charge-mid,V_min,,,,3.5345,
6-6,2314,charge-mid,V_min,,,,3.5354,
6-6,2315,charge-mid,V_min,,,,3.5351,
6-6,2316,charge-mid,V_min,,,,3.5351,
6-6,2317,charge-mid,V_min,,,,3.5354,
6-6,2318,charge-mid,V_min,,,,3.5357,
6-6,2320,charge-mid,V_min,,,,3.5357,
6-6,2328,charge-mid,V_min,,,,3.5354,
6-6,2331,charge-mid,V_min,,,,3.5351,
6-6,2334,charge-mid,V_min,,,,3.5351,
6-6,2340,charge-mid,V_min,,,,3.5354,
6-6,2343,charge-mid,V_min,,,,3.536,
2-8,33,charge-mid,V_max,,,,,3.4923
2-8,34,charge-mid,V_max,,,,,3.4914
2-8,56,charge-mid,V_max,,,,,3.4933
2-8,61,charge-mid,V_max,,,,,3.4923
2-8,62,charge-mid,V_max,,,,,3.4929
2-8,63,charge-mid,V_max,,,,,3.4926
2-8,64,charge-mid,V_max,,,,,3.4926
2-8,65,charge-mid,V_max,,,,,3.4923
2-8,66,charge-mid,V_max,,,,,3.4926
2-8,67,charge-mid,V_max,,,,,3.4929
2-8,68,charge-mid,V_max,,,,,3.4933
2-8,69,charge-mid,V_max,,,,,3.4933
2-8,70,charge-mid,V_max,,,,,3.4939
2-8,71,charge-mid,V_max,,,,,3.4936
2-8,72,charge-mid,V_max,,,,,3.4939
2-8,73,charge-mid,V_max,,,,,3.4945
2-8,74,charge-mid,V_max,,,,,3.4936
2-8,75,charge-mid,V_max,,,,,3.4942
2-8,76,charge-mid,V_max,,,,,3.4945
2-8,77,charge-mid,V_max,,,,,3.4945
2-8,78,charge-mid,V_max,,,,,3.4942
2-8,79,charge-mid,V_max,,,,,3.4942
2-8,80,charge-mid,V_max,,,,,3.4939
2-8,81,charge-mid,V_max,,,,,3.4939
2-8,82,charge-mid,V_max,,,,,3.4936
2-8,83,charge-mid,V_max,,,,,3.4933
2-8,84,charge-mid,V_max,,,,,3.4929
2-8,85,charge-mid,V_max,,,,,3.4936
2-8,86,charge-mid,V_max,,,,,3.4939
2-8,87,charge-mid,V_max,,,,,3.4942
2-8,88,charge-mid,V_max,,,,,3.4942
2-8,89,charge-mid,V_max,,,,,3.4939
2-8,90,charge-mid,V_max,,,,,3.4942
2-8,91,charge-mid,V_max,,,,,3.4945
2-8,92,charge-mid,V_max,,,,,3.4948
2-8,93,charge-mid,V_max,,,,,3.4945
2-8,94,charge-mid,V_max,,,,,3.4945
2-8,95,charge-mid,V_max,,,,,3.4945
2-8,96,charge-mid,V_max,,,,,3.4945
2-8,99,charge-mid,V_max,,,,,3.4948
2-8,100,charge-mid,V_max,,,,,3.4948
2-8,101,charge-mid,V_max,,,,,3.4948
2-8,102,charge-mid,V_max,,,,,3.4948
2-8,103,charge-mid,V_max,,,,,3.4948
2-8,104,charge-mid,V_max,,,,,3.4948
2-8,105,charge-mid,V_max,,,,,3.4945
2-8,106,charge-mid,V_max,,,,,3.4942
2-8,107,charge-mid,V_max,,,,,3.4945
2-8,108,charge-mid,V_max,,,,,3.4945
2-8,109,charge-mid,V_max,,,,,3.4945
2-8,110,charge-mid,V_max,,,,,3.4945
2-8,111,charge-mid,V_max,,,,,3.4948
2-8,112,charge-mid,V_max,,,,,3.4945
2-8,113,charge-mid,V_max,,,,,3.4945
2-8,114,charge-mid,V_max,,,,,3.4945
2-8,115,charge-mid,V_max,,,,,3.4945
2-8,116,charge-mid,V_max,,,,,3.4948
2-8,117,charge-mid,V_max,,,,,3.4948
2-8,118,charge-mid,V_max,,,,,3.4948
2-8,119,charge-mid,V_max,,,,,3.4948
2-8,120,charge-mid,V_max,,,,,3.4948
2-8,121,charge-mid,V_max,,,,,3.4945
2-8,122,charge-mid,V_max,,,,,3.4942
2-8,123,charge-mid,V_max,,,,,3.4945
2-8,124,charge-mid,V_max,,,,,3.4948
2-8,132,charge-mid,V_max,,,,,3.4948
2-8,133,charge-mid,V_max,,,,,3.4945
2-8,134,charge-mid,V_max,,,,,3.4942
2-8,135,charge-mid,V_max,,,,,3.4945
2-8,136,charge-mid,V_max,,,,,3.4942
2-8,137,charge-mid,V_max,,,,,3.4939
2-8,138,charge-mid,V_max,,,,,3.4945
2-8,141,charge-mid,V_max,,,,,3.4948
2-8,142,charge-mid,V_max,,,,,3.4948
2-8,165,charge-mid,V_max,,,,,3.4948
2-8,186,charge-mid,V_max,,,,,3.4948
2-8,189,charge-mid,V_max,,,,,3.4948
2-8,190,charge-mid,V_max,,,,,3.4948
2-8,191,charge-mid,V_max,,,,,3.4948
2-8,192,charge-mid,V_max,,,,,3.4948
2-8,193,charge-mid,V_max,,,,,3.4948
2-8,194,charge-mid,V_max,,,,,3.4942
2-8,195,charge-mid,V_max,,,,,3.4942
2-8,198,charge-mid,V_max,,,,,3.4948
2-8,199,charge-mid,V_max,,,,,3.4948
2-8,203,charge-mid,V_max,,,,,3.4948
1-3,3,charge-low,V_std,0.0706090697709256,,,,
1-3,4,charge-low,V_std,0.0715800014926662,,,,
1-3,5,charge-low,V_std,0.0723645933562695,,,,
1-4,5,charge-low,V_std,0.0714053890400076,,,,
1-4,6,charge-low,V_std,0.0721937307022409,,,,
1-5,6,charge-low,V_std,0.0711158564131252,,,,
1-5,7,charge-low,V_std,0.0718186357196749,,,,
1-5,8,charge-low,V_std,0.0723358846451549,,,,
1-5,9,charge-low,V_std,0.0728150849907701,,,,
2-3,3,charge-low,V_std,0.0706111355739781,,,,
2-3,4,charge-low,V_std,0.0716071192863482,,,,
2-3,5,charge-low,V_std,0.0724390806658231,,,,
2-5,4,charge-low,V_std,0.0698214691445399,,,,
2-5,5,charge-low,V_std,0.0705391242664101,,,,
2-5,6,charge-low,V_std,0.0711193469368359,,,,
2-5,7,charge-low,V_std,0.0717836210098308,,,,
2-5,8,charge-low,V_std,0.0723182575762449,,,,
2-5,9,charge-low,V_std,0.0728996489293015,,,,
2-6,2,charge-low,V_std,0.070898739365577,,,,
2-6,3,charge-low,V_std,0.0721590055298428,,,,
2-6,4,charge-low,V_std,0.0728952672886708,,,,
2-7,2,charge-low,V_std,0.0700301307078221,,,,
2-7,3,charge-low,V_std,0.0717067842618857,,,,
2-7,4,charge-low,V_std,0.0726668523175054,,,,
2-8,1129,charge-low,V_std,0.0725209463684312,,,,
2-8,1132,charge-low,V_std,0.0728893354284222,,,,
2-8,1134,charge-low,V_std,0.0728122384325357,,,,
2-8,1136,charge-low,V_std,0.0728021526717964,,,,
2-8,1141,charge-low,V_std,0.0728946351641708,,,,
2-8,1146,charge-low,V_std,0.0729105565566338,,,,
2-8,1151,charge-low,V_std,0.0729713783206819,,,,
2-8,1153,charge-low,V_std,0.0729775762697659,,,,
2-8,1155,charge-low,V_std,0.0729819310754239,,,,
2-8,1158,charge-low,V_std,0.072875082069055,,,,
2-8,1164,charge-low,V_std,0.0728904068620435,,,,
2-8,1165,charge-low,V_std,0.0728324120258048,,,,
2-8,1166,charge-low,V_std,0.0727076526299009,,,,
2-8,1185,charge-low,V_std,0.0725903007844723,,,,
2-8,1186,charge-low,V_std,0.0729246866496432,,,,
2-8,1199,charge-low,V_std,0.072725616567599,,,,
2-8,1210,charge-low,V_std,0.0727374788267896,,,,
2-8,1212,charge-low,V_std,0.0724952038550035,,,,
2-8,1213,charge-low,V_std,0.0728936976249005,,,,
2-8,1214,charge-low,V_std,0.0728845212194269,,,,
2-8,1215,charge-low,V_std,0.0722422395516543,,,,
2-8,1216,charge-low,V_std,0.0726741591500924,,,,
2-8,1217,charge-low,V_std,0.0723772773911965,,,,
2-8,1218,charge-low,V_std,0.0726596518409129,,,,
2-8,1219,charge-low,V_std,0.0722317395737236,,,,
2-8,1220,charge-low,V_std,0.0724667525423219,,,,
3-6,2,charge-low,V_std,0.0678145431027324,,,,
3-6,3,charge-low,V_std,0.072889303399364,,,,
3-8,3,charge-low,V_std,0.0718608158239686,,,,
3-8,4,charge-low,V_std,0.0727539634878068,,,,
4-8,3,charge-low,V_std,0.0723985707047921,,,,
5-2,3,charge-low,V_std,0.0713580000009606,,,,
5-5,3,charge-low,V_std,0.069481137112689,,,,
5-5,4,charge-low,V_std,0.0706596429787796,,,,
5-5,5,charge-low,V_std,0.0717087159332037,,,,
5-5,6,charge-low,V_std,0.0725752956292899,,,,
6-2,2,charge-low,V_std,0.0647856535243364,,,,
6-2,3,charge-low,V_std,0.0700248863922877,,,,
6-2,4,charge-low,V_std,0.0708076654918821,,,,
6-2,5,charge-low,V_std,0.0717852733694683,,,,
6-2,6,charge-low,V_std,0.0726064890853336,,,,
6-3,3,charge-low,V_std,0.0713007360175772,,,,
6-3,4,charge-low,V_std,0.072101492119912,,,,
6-6,4,charge-low,V_std,0.0699944511631739,,,,
6-6,5,charge-low,V_std,0.070447381982094,,,,
6-6,6,charge-low,V_std,0.0712983437343753,,,,
6-6,7,charge-low,V_std,0.0716296047572831,,,,
6-6,8,charge-low,V_std,0.0720334127507957,,,,
6-6,9,charge-low,V_std,0.0727292437282788,,,,
7-7,1,charge-low,V_std,0.0579802185866932,,,,
9-2,219,charge-low,V_std,0.0865059268536162,,,,
9-2,220,charge-low,V_std,0.086608388036441,,,,
9-3,137,charge-low,V_std,0.0864441058543605,,,,
9-3,139,charge-low,V_std,0.0864291686327345,,,,
9-3,140,charge-low,V_std,0.0864270374202634,,,,
9-3,150,charge-low,V_std,0.0864185744622623,,,,
9-3,151,charge-low,V_std,0.0864676494309861,,,,
9-3,167,charge-low,V_std,0.0864137123916321,,,,
9-3,177,charge-low,V_std,0.0864581772250935,,,,
9-3,178,charge-low,V_std,0.0865199168208536,,,,
9-3,179,charge-low,V_std,0.0864938928936493,,,,
9-3,180,charge-low,V_std,0.08645979830362,,,,
9-3,195,charge-low,V_std,0.0864456506607464,,,,
9-3,197,charge-low,V_std,0.0864807158113253,,,,
9-3,203,charge-low,V_std,0.0864978192889971,,,,
9-3,204,charge-low,V_std,0.0865376174064992,,,,
9-3,205,charge-low,V_std,0.0864477135700833,,,,
9-3,231,charge-low,V_std,0.08643981518859,,,,
9-3,232,charge-low,V_std,0.0864511392872607,,,,
9-3,233,charge-low,V_std,0.086416502582736,,,,
9-3,234,charge-low,V_std,0.0864702761764402,,,,
9-3,235,charge-low,V_std,0.0865261934751488,,,,
9-3,236,charge-low,V_std,0.0864370557824761,,,,
9-3,245,charge-low,V_std,0.0865593273018061,,,,
9-3,247,charge-low,V_std,0.0864618892897995,,,,
9-3,251,charge-low,V_std,0.0864195307356514,,,,
9-3,257,charge-low,V_std,0.0864738582573592,,,,
9-3,258,charge-low,V_std,0.0864297610810361,,,,
9-3,259,charge-low,V_std,0.086495509127251,,,,
9-3,260,charge-low,V_std,0.0865116596977357,,,,
9-3,261,charge-low,V_std,0.0864365960070196,,,,
9-3,262,charge-low,V_std,0.0864718483191156,,,,
9-3,273,charge-low,V_std,0.0864705444417305,,,,
9-3,277,charge-low,V_std,0.0864370484580546,,,,
9-3,285,charge-low,V_std,0.0864177582851061,,,,
9-3,332,charge-low,V_std,0.0864215523659199,,,,
9-3,333,charge-low,V_std,0.0864376836971851,,,,
9-3,354,charge-low,V_std,0.0864150278313195,,,,
9-3,355,charge-low,V_std,0.0864194031600943,,,,
9-3,356,charge-low,V_std,0.0864393588984617,,,,
9-3,357,charge-low,V_std,0.0864775846238502,,,,
9-6,3,charge-low,V_std,0.072946958871672,,,,
10-4,102,charge-low,V_std,0.0864974015144186,,,,
10-4,111,charge-low,V_std,0.0864276222520937,,,,
10-4,112,charge-low,V_std,0.0864429407706658,,,,
10-4,117,charge-low,V_std,0.0864633814564892,,,,
10-4,121,charge-low,V_std,0.0864316575508003,,,,
10-4,122,charge-low,V_std,0.0866508804388332,,,,
10-4,123,charge-low,V_std,0.0864304193496896,,,,
10-4,141,charge-low,V_std,0.0864690730397569,,,,
10-4,142,charge-low,V_std,0.0865019908129531,,,,
10-4,148,charge-low,V_std,0.0864390768004524,,,,
10-4,158,charge-low,V_std,0.0864594683927374,,,,
10-4,161,charge-low,V_std,0.0864835283984608,,,,
10-4,162,charge-low,V_std,0.0864459948005637,,,,
10-4,168,charge-low,V_std,0.0864420086012335,,,,
10-4,169,charge-low,V_std,0.0864211121880158,,,,
10-4,170,charge-low,V_std,0.08660218673295,,,,
10-4,171,charge-low,V_std,0.0866541902178923,,,,
10-4,172,charge-low,V_std,0.0865640221445102,,,,
10-4,177,charge-low,V_std,0.0864862677668513,,,,
10-4,178,charge-low,V_std,0.0865451181621757,,,,
10-4,179,charge-low,V_std,0.0865216317238946,,,,
10-4,180,charge-low,V_std,0.0866856236710379,,,,
10-4,181,charge-low,V_std,0.0865899189057337,,,,
10-4,182,charge-low,V_std,0.0864726490149574,,,,
10-4,186,charge-low,V_std,0.0864945662847869,,,,
10-4,187,charge-low,V_std,0.086473418179213,,,,
10-4,188,charge-low,V_std,0.0864872673121495,,,,
10-4,189,charge-low,V_std,0.0865187656742161,,,,
10-4,190,charge-low,V_std,0.0866545298195663,,,,
10-4,191,charge-low,V_std,0.0865978600590783,,,,
10-4,192,charge-low,V_std,0.0864165238542529,,,,
10-4,195,charge-low,V_std,0.0864233640581674,,,,
10-4,196,charge-low,V_std,0.0864221153895302,,,,
10-4,197,charge-low,V_std,0.0865408563334889,,,,
10-4,198,charge-low,V_std,0.0865668101544461,,,,
10-4,199,charge-low,V_std,0.0866741310083271,,,,
10-4,200,charge-low,V_std,0.0869080644506099,,,,
10-4,201,charge-low,V_std,0.0866695278820642,,,,
10-4,202,charge-low,V_std,0.0865730088025491,,,,
10-4,203,charge-low,V_std,0.0866603442354121,,,,
10-4,205,charge-low,V_std,0.0867753244238227,,,,
10-4,206,charge-low,V_std,0.0867033444145299,,,,
10-4,207,charge-low,V_std,0.0866487442159857,,,,
10-4,208,charge-low,V_std,0.0868341275791281,,,,
10-4,209,charge-low,V_std,0.0868479552743185,,,,
10-4,210,charge-low,V_std,0.086908284447577,,,,
10-4,211,charge-low,V_std,0.0869014632939519,,,,
10-4,212,charge-low,V_std,0.0867006613996945,,,,
10-4,213,charge-low,V_std,0.0866673701551844,,,,
10-4,214,charge-low,V_std,0.0867103107020895,,,,
10-4,215,charge-low,V_std,0.0866413060621877,,,,
10-4,216,charge-low,V_std,0.0867296067588083,,,,
10-4,217,charge-low,V_std,0.0866599508655247,,,,
10-4,218,charge-low,V_std,0.0868200629487859,,,,
10-4,219,charge-low,V_std,0.0869423902096401,,,,
10-4,220,charge-low,V_std,0.0867822197782385,,,,
10-4,221,charge-low,V_std,0.0866481808248417,,,,
10-4,222,charge-low,V_std,0.0866658300269146,,,,
10-4,223,charge-low,V_std,0.0867417012689094,,,,
10-4,224,charge-low,V_std,0.0867845785099227,,,,
10-4,225,charge-low,V_std,0.0868445827493058,,,,
10-4,226,charge-low,V_std,0.0867103407446963,,,,
10-4,227,charge-low,V_std,0.0865945078784305,,,,
10-4,228,charge-low,V_std,0.0867761217851795,,,,
10-4,229,charge-low,V_std,0.0867305743916402,,,,
10-4,230,charge-low,V_std,0.0865483248652095,,,,
10-4,231,charge-low,V_std,0.0864877294319563,,,,
10-4,233,charge-low,V_std,0.0864837834233785,,,,
10-4,234,charge-low,V_std,0.0866203630159281,,,,
10-4,235,charge-low,V_std,0.0865391816801517,,,,
10-4,236,charge-low,V_std,0.0865798992729219,,,,
10-4,237,charge-low,V_std,0.0866382860409664,,,,
10-4,238,charge-low,V_std,0.0867648664266837,,,,
10-4,239,charge-low,V_std,0.0866678643907126,,,,
10-4,240,charge-low,V_std,0.0864638680317421,,,,
10-4,241,charge-low,V_std,0.0865180173271539,,,,
10-4,242,charge-low,V_std,0.0865297009569127,,,,
10-4,243,charge-low,V_std,0.0864938971461941,,,,
10-4,244,charge-low,V_std,0.0866617179553323,,,,
10-4,245,charge-low,V_std,0.0867506515868924,,,,
10-4,246,charge-low,V_std,0.0865744405879817,,,,
10-4,247,charge-low,V_std,0.0866368855496561,,,,
10-4,248,charge-low,V_std,0.0866441109737491,,,,
10-4,253,charge-low,V_std,0.0866016522035438,,,,
10-4,256,charge-low,V_std,0.0867474405892366,,,,
10-4,257,charge-low,V_std,0.0867334387645572,,,,
10-4,258,charge-low,V_std,0.0866209205557636,,,,
10-4,263,charge-low,V_std,0.0865019577342094,,,,
10-4,264,charge-low,V_std,0.0866180824291489,,,,
10-4,265,charge-low,V_std,0.0864578284585884,,,,
10-4,266,charge-low,V_std,0.0866292638656599,,,,
10-4,267,charge-low,V_std,0.086578435752939,,,,
10-4,275,charge-low,V_std,0.0865431551325769,,,,
10-4,276,charge-low,V_std,0.086454081067076,,,,
10-4,285,charge-low,V_std,0.0865937641519105,,,,
10-4,286,charge-low,V_std,0.0864301468101314,,,,
10-4,303,charge-low,V_std,0.0864875667058064,,,,
10-4,304,charge-low,V_std,0.0865612284766574,,,,
10-4,305,charge-low,V_std,0.0864355246405997,,,,
10-4,313,charge-low,V_std,0.0864177944312871,,,,
10-4,322,charge-low,V_std,0.0864707226123888,,,,
10-4,327,charge-low,V_std,0.0864147417491725,,,,
10-4,341,charge-low,V_std,0.086464303348586,,,,
10-4,349,charge-low,V_std,0.0864816306422378,,,,
10-4,386,charge-low,V_std,0.0864840610120851,,,,
10-5,2,charge-low,V_std,0.0688262657827019,,,,
10-7,3,charge-low,V_std,0.0721743809967542,,,,
1-6,2,charge-low,count,,333.0,,,
1-6,3,charge-low,count,,326.0,,,
1-6,4,charge-low,count,,335.0,,,
1-6,5,charge-low,count,,327.0,,,
1-6,6,charge-low,count,,333.0,,,
1-6,7,charge-low,count,,332.0,,,
1-6,8,charge-low,count,,330.0,,,
1-6,9,charge-low,count,,329.0,,,
1-6,10,charge-low,count,,329.0,,,
1-6,11,charge-low,count,,333.0,,,
1-6,12,charge-low,count,,329.0,,,
1-6,13,charge-low,count,,328.0,,,
1-6,14,charge-low,count,,332.0,,,
1-6,15,charge-low,count,,328.0,,,
1-6,16,charge-low,count,,332.0,,,
1-6,17,charge-low,count,,328.0,,,
1-6,18,charge-low,count,,327.0,,,
1-6,19,charge-low,count,,331.0,,,
1-6,20,charge-low,count,,327.0,,,
1-6,21,charge-low,count,,326.0,,,
1-6,22,charge-low,count,,330.0,,,
1-6,23,charge-low,count,,326.0,,,
1-6,24,charge-low,count,,330.0,,,
1-6,25,charge-low,count,,327.0,,,
1-6,26,charge-low,count,,330.0,,,
1-6,27,charge-low,count,,330.0,,,
1-6,28,charge-low,count,,327.0,,,
1-6,29,charge-low,count,,330.0,,,
1-6,30,charge-low,count,,327.0,,,
1-6,31,charge-low,count,,330.0,,,
1-6,32,charge-low,count,,326.0,,,
1-6,33,charge-low,count,,329.0,,,
1-6,34,charge-low,count,,329.0,,,
1-6,35,charge-low,count,,327.0,,,
1-6,36,charge-low,count,,328.0,,,
1-6,37,charge-low,count,,325.0,,,
1-6,38,charge-low,count,,328.0,,,
1-6,39,charge-low,count,,328.0,,,
1-6,40,charge-low,count,,325.0,,,
1-6,41,charge-low,count,,328.0,,,
1-6,42,charge-low,count,,325.0,,,
1-6,43,charge-low,count,,327.0,,,
1-6,44,charge-low,count,,324.0,,,
1-6,45,charge-low,count,,326.0,,,
1-6,46,charge-low,count,,326.0,,,
1-6,47,charge-low,count,,325.0,,,
1-6,48,charge-low,count,,327.0,,,
1-6,49,charge-low,count,,326.0,,,
1-6,50,charge-low,count,,325.0,,,
1-6,51,charge-low,count,,324.0,,,
1-6,52,charge-low,count,,326.0,,,
1-6,53,charge-low,count,,325.0,,,
1-6,54,charge-low,count,,323.0,,,
1-6,55,charge-low,count,,324.0,,,
1-6,56,charge-low,count,,324.0,,,
1-6,57,charge-low,count,,323.0,,,
1-6,58,charge-low,count,,324.0,,,
1-6,59,charge-low,count,,325.0,,,
1-6,60,charge-low,count,,322.0,,,
1-6,61,charge-low,count,,323.0,,,
1-6,62,charge-low,count,,324.0,,,
1-6,63,charge-low,count,,323.0,,,
1-6,64,charge-low,count,,324.0,,,
1-6,65,charge-low,count,,323.0,,,
1-6,66,charge-low,count,,322.0,,,
1-6,67,charge-low,count,,321.0,,,
1-6,68,charge-low,count,,323.0,,,
1-6,69,charge-low,count,,323.0,,,
1-6,70,charge-low,count,,321.0,,,
1-6,71,charge-low,count,,323.0,,,
1-6,72,charge-low,count,,323.0,,,
1-6,73,charge-low,count,,321.0,,,
1-6,74,charge-low,count,,323.0,,,
1-6,75,charge-low,count,,323.0,,,
1-6,76,charge-low,count,,324.0,,,
1-6,77,charge-low,count,,323.0,,,
1-6,78,charge-low,count,,321.0,,,
1-6,79,charge-low,count,,322.0,,,
1-6,80,charge-low,count,,321.0,,,
1-6,81,charge-low,count,,322.0,,,
1-6,82,charge-low,count,,322.0,,,
1-6,83,charge-low,count,,322.0,,,
1-6,84,charge-low,count,,321.0,,,
1-6,85,charge-low,count,,322.0,,,
1-6,86,charge-low,count,,320.0,,,
1-6,87,charge-low,count,,321.0,,,
1-6,88,charge-low,count,,321.0,,,
1-6,89,charge-low,count,,319.0,,,
1-6,90,charge-low,count,,320.0,,,
1-6,91,charge-low,count,,320.0,,,
1-6,92,charge-low,count,,321.0,,,
1-6,93,charge-low,count,,318.0,,,
1-6,94,charge-low,count,,320.0,,,
1-6,95,charge-low,count,,321.0,,,
1-6,96,charge-low,count,,320.0,,,
1-6,97,charge-low,count,,317.0,,,
1-6,98,charge-low,count,,320.0,,,
1-6,99,charge-low,count,,320.0,,,
1-6,100,charge-low,count,,317.0,,,
1-6,101,charge-low,count,,320.0,,,
1-6,102,charge-low,count,,318.0,,,
1-6,103,charge-low,count,,319.0,,,
1-6,104,charge-low,count,,319.0,,,
1-6,105,charge-low,count,,317.0,,,
1-6,106,charge-low,count,,319.0,,,
1-6,107,charge-low,count,,316.0,,,
1-6,108,charge-low,count,,318.0,,,
1-6,109,charge-low,count,,318.0,,,
1-6,110,charge-low,count,,318.0,,,
1-6,112,charge-low,count,,318.0,,,
1-6,113,charge-low,count,,318.0,,,
1-6,114,charge-low,count,,318.0,,,
1-6,116,charge-low,count,,316.0,,,
1-6,117,charge-low,count,,317.0,,,
1-6,118,charge-low,count,,317.0,,,
1-6,120,charge-low,count,,317.0,,,
1-6,121,charge-low,count,,316.0,,,
1-6,122,charge-low,count,,316.0,,,
1-6,124,charge-low,count,,316.0,,,
1-6,125,charge-low,count,,316.0,,,
1-6,126,charge-low,count,,317.0,,,
1-6,127,charge-low,count,,316.0,,,
1-6,136,charge-low,count,,316.0,,,
1-6,137,charge-low,count,,316.0,,,
4-8,79,charge-low,count,,316.0,,,
4-8,85,charge-low,count,,316.0,,,
4-8,86,charge-low,count,,316.0,,,
4-8,87,charge-low,count,,316.0,,,
6-2,107,charge-low,count,,316.0,,,
7-2,1822,charge-low,count,,114.0,,,
7-2,1826,charge-low,count,,114.0,,,
7-2,1828,charge-low,count,,114.0,,,
7-2,1830,charge-low,count,,114.0,,,
7-2,1831,charge-low,count,,113.0,,,
7-2,1832,charge-low,count,,114.0,,,
7-2,1834,charge-low,count,,114.0,,,
7-2,1836,charge-low,count,,112.0,,,
7-2,1838,charge-low,count,,112.0,,,
7-2,1840,charge-low,count,,112.0,,,
7-2,1841,charge-low,count,,112.0,,,
7-2,1843,charge-low,count,,111.0,,,
7-2,1845,charge-low,count,,111.0,,,
7-2,1847,charge-low,count,,111.0,,,
7-2,1848,charge-low,count,,113.0,,,
7-2,1850,charge-low,count,,113.0,,,
7-2,1852,charge-low,count,,113.0,,,
7-2,1854,charge-low,count,,111.0,,,
7-2,1855,charge-low,count,,113.0,,,
7-2,1857,charge-low,count,,113.0,,,
7-2,1859,charge-low,count,,112.0,,,
7-2,1860,charge-low,count,,112.0,,,
7-2,1862,charge-low,count,,112.0,,,
7-2,1864,charge-low,count,,112.0,,,
7-2,1866,charge-low,count,,113.0,,,
7-2,1868,charge-low,count,,112.0,,,
7-2,1869,charge-low,count,,110.0,,,
7-2,1870,charge-low,count,,112.0,,,
7-2,1872,charge-low,count,,110.0,,,
7-2,1874,charge-low,count,,110.0,,,
7-2,1875,charge-low,count,,112.0,,,
7-2,1877,charge-low,count,,111.0,,,
7-2,1879,charge-low,count,,111.0,,,
7-2,1880,charge-low,count,,111.0,,,
7-2,1882,charge-low,count,,110.0,,,
7-2,1884,charge-low,count,,112.0,,,
7-2,1885,charge-low,count,,110.0,,,
7-2,1887,charge-low,count,,111.0,,,
7-2,1888,charge-low,count,,112.0,,,
7-2,1890,charge-low,count,,112.0,,,
7-2,1891,charge-low,count,,112.0,,,
7-2,1893,charge-low,count,,112.0,,,
7-2,1895,charge-low,count,,111.0,,,
7-2,1897,charge-low,count,,111.0,,,
7-2,1898,charge-low,count,,111.0,,,
7-2,1899,charge-low,count,,111.0,,,
7-2,1901,charge-low,count,,111.0,,,
7-2,1903,charge-low,count,,111.0,,,
7-2,1905,charge-low,count,,110.0,,,
7-2,1907,charge-low,count,,111.0,,,
7-2,1909,charge-low,count,,111.0,,,
7-2,1910,charge-low,count,,110.0,,,
7-2,1912,charge-low,count,,110.0,,,
7-2,1913,charge-low,count,,111.0,,,
7-2,1915,charge-low,count,,112.0,,,
7-2,1917,charge-low,count,,111.0,,,
7-2,1918,charge-low,count,,110.0,,,
7-2,1920,charge-low,count,,110.0,,,
7-2,1921,charge-low,count,,112.0,,,
7-2,1923,charge-low,count,,112.0,,,
7-2,1924,charge-low,count,,111.0,,,
7-2,1926,charge-low,count,,112.0,,,
7-2,1928,charge-low,count,,111.0,,,
7-2,1929,charge-low,count,,111.0,,,
7-2,1930,charge-low,count,,112.0,,,
7-2,1932,charge-low,count,,111.0,,,
7-2,1934,charge-low,count,,112.0,,,
7-2,1935,charge-low,count,,110.0,,,
7-2,1937,charge-low,count,,111.0,,,
7-2,1938,charge-low,count,,110.0,,,
7-2,1940,charge-low,count,,109.0,,,
7-2,1942,charge-low,count,,109.0,,,
7-2,1943,charge-low,count,,111.0,,,
7-2,1945,charge-low,count,,110.0,,,
7-2,1946,charge-low,count,,113.0,,,
7-2,1948,charge-low,count,,112.0,,,
7-2,1950,charge-low,count,,112.0,,,
7-2,1951,charge-low,count,,109.0,,,
7-2,1953,charge-low,count,,110.0,,,
7-2,1954,charge-low,count,,112.0,,,
7-2,1956,charge-low,count,,110.0,,,
7-2,1957,charge-low,count,,110.0,,,
7-2,1959,charge-low,count,,111.0,,,
7-2,1961,charge-low,count,,110.0,,,
7-2,1962,charge-low,count,,109.0,,,
7-2,1963,charge-low,count,,110.0,,,
7-2,1965,charge-low,count,,111.0,,,
7-2,1966,charge-low,count,,114.0,,,
7-2,1967,charge-low,count,,111.0,,,
7-2,1969,charge-low,count,,109.0,,,
7-2,1970,charge-low,count,,108.0,,,
7-2,1972,charge-low,count,,109.0,,,
7-2,1973,charge-low,count,,111.0,,,
7-2,1975,charge-low,count,,109.0,,,
7-2,1976,charge-low,count,,110.0,,,
7-2,1978,charge-low,count,,109.0,,,
7-2,1979,charge-low,count,,111.0,,,
7-2,1981,charge-low,count,,110.0,,,
7-2,1982,charge-low,count,,110.0,,,
7-2,1984,charge-low,count,,111.0,,,
7-2,1985,charge-low,count,,110.0,,,
7-2,1986,charge-low,count,,110.0,,,
7-2,1988,charge-low,count,,110.0,,,
7-2,1990,charge-low,count,,109.0,,,
7-2,1992,charge-low,count,,109.0,,,
7-2,1993,charge-low,count,,109.0,,,
7-2,1995,charge-low,count,,109.0,,,
7-2,1996,charge-low,count,,109.0,,,
7-2,1997,charge-low,count,,112.0,,,
7-2,1999,charge-low,count,,111.0,,,
7-2,2000,charge-low,count,,111.0,,,
7-2,2001,charge-low,count,,111.0,,,
7-2,2003,charge-low,count,,111.0,,,
7-2,2005,charge-low,count,,110.0,,,
7-2,2006,charge-low,count,,110.0,,,
7-2,2007,charge-low,count,,110.0,,,
7-2,2009,charge-low,count,,110.0,,,
7-2,2010,charge-low,count,,110.0,,,
7-2,2012,charge-low,count,,111.0,,,
7-2,2013,charge-low,count,,110.0,,,
7-2,2014,charge-low,count,,111.0,,,
7-2,2016,charge-low,count,,111.0,,,
7-2,2017,charge-low,count,,111.0,,,
7-2,2018,charge-low,count,,111.0,,,
7-2,2020,charge-low,count,,110.0,,,
7-2,2022,charge-low,count,,110.0,,,
7-2,2023,charge-low,count,,110.0,,,
7-2,2025,charge-low,count,,111.0,,,
7-2,2026,charge-low,count,,110.0,,,
7-2,2028,charge-low,count,,111.0,,,
7-2,2029,charge-low,count,,111.0,,,
7-2,2030,charge-low,count,,112.0,,,
7-2,1798,charge-low,I_std,,,1.9346980744042783,,
7-2,1800,charge-low,I_std,,,1.9383117490633703,,
7-2,1803,charge-low,I_std,,,1.9418291471747615,,
7-2,1805,charge-low,I_std,,,1.945380554827044,,
7-2,1807,charge-low,I_std,,,1.9476697999025248,,
7-2,1808,charge-low,I_std,,,1.9358956872034816,,
7-2,1809,charge-low,I_std,,,1.949934641913981,,
7-2,1810,charge-low,I_std,,,1.937725594710729,,
7-2,1811,charge-low,I_std,,,1.953670785210719,,
7-2,1812,charge-low,I_std,,,1.9418425558056605,,
7-2,1813,charge-low,I_std,,,1.9562992722021453,,
7-2,1814,charge-low,I_std,,,1.9459455392979292,,
7-2,1815,charge-low,I_std,,,1.958590415275544,,
7-2,1816,charge-low,I_std,,,1.962197164757768,,
7-2,1817,charge-low,I_std,,,1.9520488472960205,,
7-2,1818,charge-low,I_std,,,1.964672390559855,,
7-2,1819,charge-low,I_std,,,1.956136268898002,,
7-2,1820,charge-low,I_std,,,1.9668486835064103,,
7-2,1821,charge-low,I_std,,,1.9581027478112651,,
7-2,1823,charge-low,I_std,,,1.9623240894971423,,
7-2,1824,charge-low,I_std,,,1.9937586748220548,,
7-2,1825,charge-low,I_std,,,1.9853057646091037,,
7-2,1827,charge-low,I_std,,,1.989595007638296,,
7-2,1829,charge-low,I_std,,,1.9917679531519688,,
7-2,1833,charge-low,I_std,,,2.001988671121321,,
7-2,1835,charge-low,I_std,,,1.9929856891887272,,
7-2,1837,charge-low,I_std,,,1.9990839226884327,,
7-2,1839,charge-low,I_std,,,1.972728872653152,,
7-2,1842,charge-low,I_std,,,1.973587260936478,,
7-2,1844,charge-low,I_std,,,1.9664925170425305,,
7-2,1846,charge-low,I_std,,,1.970652207007404,,
7-2,1849,charge-low,I_std,,,1.986459169972568,,
7-2,1851,charge-low,I_std,,,1.9812462458758129,,
7-2,1853,charge-low,I_std,,,1.9717228951430563,,
7-2,1856,charge-low,I_std,,,1.9956119675479933,,
7-2,1858,charge-low,I_std,,,1.997893678844711,,
7-2,1861,charge-low,I_std,,,1.9758298445782545,,
7-2,1863,charge-low,I_std,,,2.0083340056027077,,
7-2,1865,charge-low,I_std,,,1.9822993519666037,,
7-2,1867,charge-low,I_std,,,1.9864300183123715,,
7-2,1871,charge-low,I_std,,,1.980254408535885,,
7-2,1873,charge-low,I_std,,,1.9728206304980425,,
7-2,1876,charge-low,I_std,,,1.9737512674904656,,
7-2,1878,charge-low,I_std,,,1.9443927090082893,,
7-2,1881,charge-low,I_std,,,1.9545219275704708,,
7-2,1883,charge-low,I_std,,,1.9513841554394369,,
7-2,1886,charge-low,I_std,,,1.9684135128490925,,
7-2,1889,charge-low,I_std,,,1.969105236035472,,
7-2,1892,charge-low,I_std,,,1.9681940722294835,,
7-2,1894,charge-low,I_std,,,1.9703713290963505,,
7-2,1896,charge-low,I_std,,,1.972680676879062,,
7-2,1900,charge-low,I_std,,,1.9533857269137744,,
7-2,1902,charge-low,I_std,,,1.9500450630570616,,
7-2,1904,charge-low,I_std,,,1.950655483921444,,
7-2,1906,charge-low,I_std,,,1.9544941655305177,,
7-2,1908,charge-low,I_std,,,1.9512048020435613,,
7-2,1911,charge-low,I_std,,,1.9500956144953,,
7-2,1914,charge-low,I_std,,,1.9564823390899733,,
7-2,1916,charge-low,I_std,,,1.9732704509429055,,
7-2,1919,charge-low,I_std,,,1.9390124582415385,,
7-2,1922,charge-low,I_std,,,1.9545765285824372,,
7-2,1925,charge-low,I_std,,,1.946189895159763,,
7-2,1927,charge-low,I_std,,,1.9408392097811025,,
7-2,1931,charge-low,I_std,,,1.9420176839371976,,
7-2,1933,charge-low,I_std,,,1.9459699181927848,,
7-2,1944,charge-low,I_std,,,1.9375010135708997,,
7-2,1947,charge-low,I_std,,,1.9529751361865169,,
7-2,1949,charge-low,I_std,,,1.9552971874688,,
1-4,1081,charge-low,V_min,,,,3.3956,
1-4,1082,charge-low,V_min,,,,3.3956,
1-4,1083,charge-low,V_min,,,,3.3956,
1-4,1084,charge-low,V_min,,,,3.3956,
1-4,1086,charge-low,V_min,,,,3.3956,
1-4,1087,charge-low,V_min,,,,3.3956,
1-4,1088,charge-low,V_min,,,,3.3959,
1-4,1089,charge-low,V_min,,,,3.3959,
1-4,1090,charge-low,V_min,,,,3.3959,
1-4,1091,charge-low,V_min,,,,3.3959,
1-4,1092,charge-low,V_min,,,,3.3959,
1-4,1093,charge-low,V_min,,,,3.3962,
1-4,1094,charge-low,V_min,,,,3.3962,
1-4,1095,charge-low,V_min,,,,3.3959,
1-4,1096,charge-low,V_min,,,,3.3962,
1-4,1097,charge-low,V_min,,,,3.3962,
1-4,1098,charge-low,V_min,,,,3.3962,
1-4,1099,charge-low,V_min,,,,3.3959,
1-4,1100,charge-low,V_min,,,,3.3959,
1-4,1101,charge-low,V_min,,,,3.3959,
1-4,1102,charge-low,V_min,,,,3.3956,
1-4,1103,charge-low,V_min,,,,3.3959,
1-4,1104,charge-low,V_min,,,,3.3959,
1-4,1105,charge-low,V_min,,,,3.3959,
1-4,1106,charge-low,V_min,,,,3.3959,
1-4,1107,charge-low,V_min,,,,3.3959,
1-4,1108,charge-low,V_min,,,,3.3959,
1-4,1109,charge-low,V_min,,,,3.3959,
1-4,1110,charge-low,V_min,,,,3.3959,
1-4,1111,charge-low,V_min,,,,3.3956,
1-4,1112,charge-low,V_min,,,,3.3956,
1-4,1113,charge-low,V_min,,,,3.3959,
1-4,1114,charge-low,V_min,,,,3.3959,
1-4,1115,charge-low,V_min,,,,3.3956,
1-4,1116,charge-low,V_min,,,,3.3959,
1-4,1117,charge-low,V_min,,,,3.3959,
1-4,1118,charge-low,V_min,,,,3.3959,
1-4,1119,charge-low,V_min,,,,3.3956,
1-4,1120,charge-low,V_min,,,,3.3956,
1-4,1121,charge-low,V_min,,,,3.3959,
1-4,1122,charge-low,V_min,,,,3.3959,
1-4,1123,charge-low,V_min,,,,3.3959,
1-4,1124,charge-low,V_min,,,,3.3959,
1-4,1125,charge-low,V_min,,,,3.3956,
1-4,1126,charge-low,V_min,,,,3.3956,
1-4,1127,charge-low,V_min,,,,3.3956,
1-4,1128,charge-low,V_min,,,,3.3956,
1-4,1129,charge-low,V_min,,,,3.3956,
1-4,1130,charge-low,V_min,,,,3.3959,
1-4,1131,charge-low,V_min,,,,3.3959,
1-4,1132,charge-low,V_min,,,,3.3959,
1-4,1135,charge-low,V_min,,,,3.3956,
1-4,1136,charge-low,V_min,,,,3.3956,
1-4,1138,charge-low,V_min,,,,3.3956,
1-4,1142,charge-low,V_min,,,,3.3956,
1-4,1143,charge-low,V_min,,,,3.3956,
1-4,1144,charge-low,V_min,,,,3.3956,
1-4,1146,charge-low,V_min,,,,3.3956,
1-4,1159,charge-low,V_min,,,,3.3956,
4-1,289,charge-low,V_max,,,,,3.5965
4-1,291,charge-low,V_max,,,,,3.5965
4-1,292,charge-low,V_max,,,,,3.5965
4-1,293,charge-low,V_max,,,,,3.5965
4-1,294,charge-low,V_max,,,,,3.5962
4-1,295,charge-low,V_max,,,,,3.5965
4-1,296,charge-low,V_max,,,,,3.5965
4-1,297,charge-low,V_max,,,,,3.5965
4-1,298,charge-low,V_max,,,,,3.5962
4-1,299,charge-low,V_max,,,,,3.5962
4-1,300,charge-low,V_max,,,,,3.5962
4-1,301,charge-low,V_max,,,,,3.5965
4-1,302,charge-low,V_max,,,,,3.5965
4-1,303,charge-low,V_max,,,,,3.5962
4-1,304,charge-low,V_max,,,,,3.5965
4-1,305,charge-low,V_max,,,,,3.5965
4-1,306,charge-low,V_max,,,,,3.5965
4-1,307,charge-low,V_max,,,,,3.5965
4-1,308,charge-low,V_max,,,,,3.5965
4-1,309,charge-low,V_max,,,,,3.5965
4-1,310,charge-low,V_max,,,,,3.5965
4-1,311,charge-low,V_max,,,,,3.5965
4-1,312,charge-low,V_max,,,,,3.5965
4-1,313,charge-low,V_max,,,,,3.5965
4-1,314,charge-low,V_max,,,,,3.5965
4-1,315,charge-low,V_max,,,,,3.5965
4-1,316,charge-low,V_max,,,,,3.5965
4-1,317,charge-low,V_max,,,,,3.5965
4-1,318,charge-low,V_max,,,,,3.5962
4-1,319,charge-low,V_max,,,,,3.5965
4-1,320,charge-low,V_max,,,,,3.5965
4-1,321,charge-low,V_max,,,,,3.5962
4-1,322,charge-low,V_max,,,,,3.5962
4-1,323,charge-low,V_max,,,,,3.5962
4-1,324,charge-low,V_max,,,,,3.5962
4-1,325,charge-low,V_max,,,,,3.5965
4-1,326,charge-low,V_max,,,,,3.5965
4-1,327,charge-low,V_max,,,,,3.5965
4-1,328,charge-low,V_max,,,,,3.5965
4-1,329,charge-low,V_max,,,,,3.5965
4-1,336,charge-low,V_max,,,,,3.5965
4-1,338,charge-low,V_max,,,,,3.5965
4-1,339,charge-low,V_max,,,,,3.5965
4-1,340,charge-low,V_max,,,,,3.5965
4-1,341,charge-low,V_max,,,,,3.5965
4-1,342,charge-low,V_max,,,,,3.5965
4-1,343,charge-low,V_max,,,,,3.5965
4-1,344,charge-low,V_max,,,,,3.5965
4-1,345,charge-low,V_max,,,,,3.5965
4-1,346,charge-low,V_max,,,,,3.5965
4-1,347,charge-low,V_max,,,,,3.5965
4-1,348,charge-low,V_max,,,,,3.5965
4-1,349,charge-low,V_max,,,,,3.5965
4-1,350,charge-low,V_max,,,,,3.5965
4-1,351,charge-low,V_max,,,,,3.5965
4-1,352,charge-low,V_max,,,,,3.5965
4-1,353,charge-low,V_max,,,,,3.5965
4-1,354,charge-low,V_max,,,,,3.5965
4-1,355,charge-low,V_max,,,,,3.5965
4-1,368,charge-low,V_max,,,,,3.5965
4-1,369,charge-low,V_max,,,,,3.5965
4-1,370,charge-low,V_max,,,,,3.5965
4-1,371,charge-low,V_max,,,,,3.5965
4-1,372,charge-low,V_max,,,,,3.5965
4-1,373,charge-low,V_max,,,,,3.5965
4-1,374,charge-low,V_max,,,,,3.5965
4-1,375,charge-low,V_max,,,,,3.5965
4-1,376,charge-low,V_max,,,,,3.5965
4-1,377,charge-low,V_max,,,,,3.5965
4-1,378,charge-low,V_max,,,,,3.5965
4-1,379,charge-low,V_max,,,,,3.5965
4-1,380,charge-low,V_max,,,,,3.5965
4-1,381,charge-low,V_max,,,,,3.5965
4-1,382,charge-low,V_max,,,,,3.5965
4-1,383,charge-low,V_max,,,,,3.5965
4-1,384,charge-low,V_max,,,,,3.5965
4-1,385,charge-low,V_max,,,,,3.5965
4-1,407,charge-low,V_max,,,,,3.5965
4-1,408,charge-low,V_max,,,,,3.5965
4-1,411,charge-low,V_max,,,,,3.5965
4-1,412,charge-low,V_max,,,,,3.5965
4-1,413,charge-low,V_max,,,,,3.5965
4-1,442,charge-low,V_max,,,,,3.5965
4-1,1945,charge-low,V_max,,,,,3.6018
4-1,1946,charge-low,V_max,,,,,3.6018
4-1,1950,charge-low,V_max,,,,,3.6018
4-1,1963,charge-low,V_max,,,,,3.6018
4-1,1969,charge-low,V_max,,,,,3.6018
4-1,1983,charge-low,V_max,,,,,3.6018
4-1,1988,charge-low,V_max,,,,,3.6018
4-1,1996,charge-low,V_max,,,,,3.6018
4-1,1998,charge-low,V_max,,,,,3.6018
4-1,2006,charge-low,V_max,,,,,3.6018
4-1,2016,charge-low,V_max,,,,,3.6018
4-1,2017,charge-low,V_max,,,,,3.6018
4-1,2035,charge-low,V_max,,,,,3.6018
4-1,2041,charge-low,V_max,,,,,3.6018
4-1,2050,charge-low,V_max,,,,,3.6018
4-1,2054,charge-low,V_max,,,,,3.6018
4-1,2061,charge-low,V_max,,,,,3.6018
4-1,2067,charge-low,V_max,,,,,3.6018
4-1,2069,charge-low,V_max,,,,,3.6018
4-1,2071,charge-low,V_max,,,,,3.6018
4-1,2074,charge-low,V_max,,,,,3.6018
4-1,2090,charge-low,V_max,,,,,3.6018
4-1,2093,charge-low,V_max,,,,,3.6018
4-1,2098,charge-low,V_max,,,,,3.6018
4-1,2103,charge-low,V_max,,,,,3.6018
4-1,2104,charge-low,V_max,,,,,3.6018
4-1,2108,charge-low,V_max,,,,,3.6018
4-1,2110,charge-low,V_max,,,,,3.6018
4-1,2112,charge-low,V_max,,,,,3.6018
4-1,2119,charge-low,V_max,,,,,3.6018
4-1,2126,charge-low,V_max,,,,,3.6018
4-1,2127,charge-low,V_max,,,,,3.6018
4-1,2128,charge-low,V_max,,,,,3.6018
4-1,2151,charge-low,V_max,,,,,3.6018
4-1,2154,charge-low,V_max,,,,,3.6018
4-1,2155,charge-low,V_max,,,,,3.6018
4-1,2165,charge-low,V_max,,,,,3.6018
4-1,2181,charge-low,V_max,,,,,3.6018
4-1,2184,charge-low,V_max,,,,,3.6018
4-1,2185,charge-low,V_max,,,,,3.6018
4-1,2196,charge-low,V_max,,,,,3.6018
4-1,2208,charge-low,V_max,,,,,3.6018
4-1,2217,charge-low,V_max,,,,,3.6018
7-1,289,charge-low,V_max,,,,,3.5965
7-1,290,charge-low,V_max,,,,,3.5965
7-1,293,charge-low,V_max,,,,,3.5965
7-1,313,charge-low,V_max,,,,,3.5965
1-1,1410,discharge-high,V_std,0.0537673105384645,,,,
1-1,1423,discharge-high,V_std,0.0539116286746116,,,,
1-1,1427,discharge-high,V_std,0.0539643876544581,,,,
1-1,1428,discharge-high,V_std,0.0538287079687716,,,,
1-1,1429,discharge-high,V_std,0.0537973578008177,,,,
1-1,1434,discharge-high,V_std,0.0537721037607525,,,,
1-1,1435,discharge-high,V_std,0.0538839225661152,,,,
1-1,1436,discharge-high,V_std,0.0537829261276954,,,,
1-1,1438,discharge-high,V_std,0.0538146786932445,,,,
1-1,1439,discharge-high,V_std,0.0540338209049416,,,,
1-1,1440,discharge-high,V_std,0.0538114741850495,,,,
1-1,1441,discharge-high,V_std,0.0538249478947542,,,,
1-1,1442,discharge-high,V_std,0.0541438442762967,,,,
1-1,1443,discharge-high,V_std,0.0538682221457405,,,,
1-1,1446,discharge-high,V_std,0.0541373194491827,,,,
1-1,1447,discharge-high,V_std,0.0539664446008548,,,,
1-1,1450,discharge-high,V_std,0.0542036167012134,,,,
1-1,1451,discharge-high,V_std,0.0540861435178634,,,,
1-1,1454,discharge-high,V_std,0.0540090183533459,,,,
1-1,1455,discharge-high,V_std,0.0538974130633431,,,,
1-1,1457,discharge-high,V_std,0.0539353746155585,,,,
1-1,1458,discharge-high,V_std,0.0542840473950432,,,,
1-1,1459,discharge-high,V_std,0.0539760623016101,,,,
1-1,1460,discharge-high,V_std,0.0537881316938143,,,,
1-1,1461,discharge-high,V_std,0.0538604831287015,,,,
1-1,1462,discharge-high,V_std,0.0540532508603453,,,,
1-1,1463,discharge-high,V_std,0.0542343810446988,,,,
1-1,1464,discharge-high,V_std,0.0539905132025341,,,,
1-1,1465,discharge-high,V_std,0.054597998320771,,,,
1-1,1466,discharge-high,V_std,0.0537811463837394,,,,
1-1,1467,discharge-high,V_std,0.0539686946293867,,,,
1-1,1468,discharge-high,V_std,0.0541603535515177,,,,
1-1,1469,discharge-high,V_std,0.0542148180850955,,,,
1-1,1470,discharge-high,V_std,0.053930258535578,,,,
1-1,1471,discharge-high,V_std,0.0539348804151527,,,,
1-1,1472,discharge-high,V_std,0.0540176557703186,,,,
1-1,1473,discharge-high,V_std,0.0543691318672645,,,,
1-1,1474,discharge-high,V_std,0.0547780083763609,,,,
1-1,1475,discharge-high,V_std,0.0544587289574762,,,,
1-1,1476,discharge-high,V_std,0.0546309769916191,,,,
1-1,1477,discharge-high,V_std,0.0546374698283485,,,,
1-1,1478,discharge-high,V_std,0.0547199788380223,,,,
1-1,1479,discharge-high,V_std,0.0547727916568285,,,,
1-1,1480,discharge-high,V_std,0.0544720000543028,,,,
1-1,1481,discharge-high,V_std,0.0538512512436266,,,,
1-1,1482,discharge-high,V_std,0.0546208794380705,,,,
1-1,1483,discharge-high,V_std,0.0543378834684599,,,,
1-1,1484,discharge-high,V_std,0.054420661085117,,,,
1-1,1485,discharge-high,V_std,0.054422146227432,,,,
1-1,1486,discharge-high,V_std,0.0546559933899785,,,,
1-1,1487,discharge-high,V_std,0.054968294604842,,,,
1-1,1488,discharge-high,V_std,0.0546356830793412,,,,
1-1,1489,discharge-high,V_std,0.054607213178228,,,,
1-1,1490,discharge-high,V_std,0.0547988342512331,,,,
1-1,1491,discharge-high,V_std,0.0549138970027952,,,,
1-1,1492,discharge-high,V_std,0.0546650568185453,,,,
1-1,1493,discharge-high,V_std,0.0544346347667077,,,,
1-1,1494,discharge-high,V_std,0.0546226323641268,,,,
1-1,1495,discharge-high,V_std,0.0544191850129988,,,,
1-1,1496,discharge-high,V_std,0.0546848692452468,,,,
1-1,1497,discharge-high,V_std,0.0544771630512974,,,,
1-1,1498,discharge-high,V_std,0.0547989066320417,,,,
1-1,1499,discharge-high,V_std,0.0546760663846085,,,,
1-1,1500,discharge-high,V_std,0.0548784222339778,,,,
1-1,1501,discharge-high,V_std,0.0548511530562178,,,,
1-1,1502,discharge-high,V_std,0.0546303187899579,,,,
1-1,1503,discharge-high,V_std,0.0549012229892402,,,,
1-1,1504,discharge-high,V_std,0.05511736568451,,,,
1-6,1065,discharge-high,V_std,0.0538473677710713,,,,
1-6,1068,discharge-high,V_std,0.0541042634678343,,,,
1-6,1074,discharge-high,V_std,0.0538503081006941,,,,
1-6,1077,discharge-high,V_std,0.0539444554868967,,,,
1-6,1078,discharge-high,V_std,0.0539754412114274,,,,
1-6,1079,discharge-high,V_std,0.05377031723798,,,,
1-6,1080,discharge-high,V_std,0.0541987496927186,,,,
1-6,1081,discharge-high,V_std,0.0538044987645232,,,,
1-6,1083,discharge-high,V_std,0.0540007397803529,,,,
1-6,1084,discharge-high,V_std,0.0539267518351704,,,,
1-6,1085,discharge-high,V_std,0.0539213315859317,,,,
1-6,1086,discharge-high,V_std,0.054062050989052,,,,
1-6,1087,discharge-high,V_std,0.0542560826083122,,,,
1-6,1088,discharge-high,V_std,0.053921351603332,,,,
1-6,1089,discharge-high,V_std,0.0542330042867648,,,,
1-6,1090,discharge-high,V_std,0.0541621447929402,,,,
1-6,1091,discharge-high,V_std,0.0538809825242429,,,,
1-6,1092,discharge-high,V_std,0.0539361865011396,,,,
1-6,1094,discharge-high,V_std,0.053864137950429,,,,
1-6,1095,discharge-high,V_std,0.0539085097973541,,,,
1-6,1096,discharge-high,V_std,0.0543481623789457,,,,
1-6,1097,discharge-high,V_std,0.053909677768865,,,,
1-6,1098,discharge-high,V_std,0.0539883026719383,,,,
1-6,1099,discharge-high,V_std,0.0539549015088101,,,,
1-6,1100,discharge-high,V_std,0.0541035646362529,,,,
1-6,1101,discharge-high,V_std,0.0540463848401141,,,,
1-6,1102,discharge-high,V_std,0.0543699084461657,,,,
1-6,1103,discharge-high,V_std,0.054098625030205,,,,
1-6,1104,discharge-high,V_std,0.0543923418979442,,,,
1-6,1105,discharge-high,V_std,0.0541301995193071,,,,
1-6,1106,discharge-high,V_std,0.0540137439887528,,,,
1-6,1107,discharge-high,V_std,0.0541548170921638,,,,
1-6,1108,discharge-high,V_std,0.0541239256281067,,,,
1-6,1109,discharge-high,V_std,0.0543388015799286,,,,
1-6,1110,discharge-high,V_std,0.0541209492050642,,,,
1-6,1111,discharge-high,V_std,0.0541027402263508,,,,
1-6,1112,discharge-high,V_std,0.0543050998803599,,,,
1-6,1113,discharge-high,V_std,0.0542479728975384,,,,
1-6,1114,discharge-high,V_std,0.0546027027065249,,,,
1-6,1115,discharge-high,V_std,0.0545186442552322,,,,
1-6,1116,discharge-high,V_std,0.0542431375222153,,,,
1-6,1117,discharge-high,V_std,0.0542293515674728,,,,
1-6,1118,discharge-high,V_std,0.0548330647656743,,,,
1-6,1119,discharge-high,V_std,0.0546417841164485,,,,
1-6,1120,discharge-high,V_std,0.0547634043297302,,,,
1-6,1121,discharge-high,V_std,0.0547742269025598,,,,
1-6,1122,discharge-high,V_std,0.0548872661297069,,,,
1-6,1123,discharge-high,V_std,0.0546286505616317,,,,
1-6,1124,discharge-high,V_std,0.0546174331143454,,,,
1-6,1125,discharge-high,V_std,0.0546480577741551,,,,
1-6,1126,discharge-high,V_std,0.0550677303361029,,,,
1-6,1127,discharge-high,V_std,0.0547897322160139,,,,
1-6,1128,discharge-high,V_std,0.0548259982493124,,,,
1-6,1129,discharge-high,V_std,0.0547727401069503,,,,
1-6,1130,discharge-high,V_std,0.0546012192433204,,,,
1-6,1131,discharge-high,V_std,0.0548160854758049,,,,
1-6,1132,discharge-high,V_std,0.0552344898948978,,,,
1-6,1133,discharge-high,V_std,0.0550892801724253,,,,
1-6,1134,discharge-high,V_std,0.0552233032957171,,,,
1-6,1135,discharge-high,V_std,0.0548811270004573,,,,
1-6,1136,discharge-high,V_std,0.0547564704744884,,,,
1-6,1137,discharge-high,V_std,0.0552072212424328,,,,
1-6,1138,discharge-high,V_std,0.054874658093152,,,,
1-6,1139,discharge-high,V_std,0.054914817152178,,,,
1-6,1140,discharge-high,V_std,0.055176973945492,,,,
1-6,1141,discharge-high,V_std,0.0548042901467338,,,,
1-6,1142,discharge-high,V_std,0.0552899814651819,,,,
1-6,1143,discharge-high,V_std,0.0550637648702,,,,
1-7,1649,discharge-high,V_std,0.0538309050280083,,,,
1-7,1653,discharge-high,V_std,0.0537977124564438,,,,
1-7,1654,discharge-high,V_std,0.0537924220710399,,,,
1-7,1667,discharge-high,V_std,0.0538944567705087,,,,
1-7,1670,discharge-high,V_std,0.0540438286186749,,,,
1-7,1677,discharge-high,V_std,0.0539649629564475,,,,
1-7,1678,discharge-high,V_std,0.0539703229998291,,,,
2-4,1474,discharge-high,V_std,0.0538432680342217,,,,
2-4,1489,discharge-high,V_std,0.0539109128192836,,,,
2-4,1490,discharge-high,V_std,0.0538958274682502,,,,
2-4,1496,discharge-high,V_std,0.0538675715111067,,,,
10-4,67,discharge-high,V_std,0.0291377095715957,,,,
10-4,118,discharge-high,V_std,0.0292408758355259,,,,
10-5,29,discharge-high,V_std,0.0292320741987045,,,,
10-5,40,discharge-high,V_std,0.0292540710853858,,,,
10-5,41,discharge-high,V_std,0.029161397264114,,,,
10-5,42,discharge-high,V_std,0.0292069916681989,,,,
10-5,43,discharge-high,V_std,0.0292007307630633,,,,
10-5,47,discharge-high,V_std,0.0292251771719696,,,,
10-5,50,discharge-high,V_std,0.0292383051921853,,,,
10-5,51,discharge-high,V_std,0.0291960295483444,,,,
10-5,52,discharge-high,V_std,0.0292219105428247,,,,
10-5,55,discharge-high,V_std,0.0292145386979035,,,,
10-5,56,discharge-high,V_std,0.0292104151068943,,,,
10-5,58,discharge-high,V_std,0.0291446771021713,,,,
10-5,59,discharge-high,V_std,0.029182706696414,,,,
10-5,64,discharge-high,V_std,0.0291520073299108,,,,
10-5,66,discharge-high,V_std,0.0292245381414547,,,,
10-5,67,discharge-high,V_std,0.0292062885280591,,,,
10-5,68,discharge-high,V_std,0.0291630738955635,,,,
10-5,72,discharge-high,V_std,0.0292072654052969,,,,
10-5,73,discharge-high,V_std,0.029213857024903,,,,
10-5,76,discharge-high,V_std,0.0292142078675745,,,,
10-5,78,discharge-high,V_std,0.0291968215012234,,,,
10-5,83,discharge-high,V_std,0.0292135851967258,,,,
10-5,84,discharge-high,V_std,0.0291085171128047,,,,
10-5,85,discharge-high,V_std,0.0291356652402222,,,,
10-5,86,discharge-high,V_std,0.0291692463253567,,,,
10-5,91,discharge-high,V_std,0.0292540822891593,,,,
10-5,92,discharge-high,V_std,0.0292275555656975,,,,
10-5,95,discharge-high,V_std,0.0292266888825822,,,,
10-5,96,discharge-high,V_std,0.0292454412463805,,,,
10-5,98,discharge-high,V_std,0.0292402220823604,,,,
10-5,109,discharge-high,V_std,0.0291108211497204,,,,
10-5,112,discharge-high,V_std,0.0292430571243051,,,,
10-5,114,discharge-high,V_std,0.0291773080233806,,,,
10-5,117,discharge-high,V_std,0.0291637043010417,,,,
10-5,118,discharge-high,V_std,0.0291114474617108,,,,
10-5,119,discharge-high,V_std,0.0291988270324756,,,,
10-5,121,discharge-high,V_std,0.0291689004173502,,,,
10-5,123,discharge-high,V_std,0.0291337497372127,,,,
10-5,124,discharge-high,V_std,0.0291618165831466,,,,
10-5,126,discharge-high,V_std,0.0291742917083277,,,,
10-5,127,discharge-high,V_std,0.0292293016292907,,,,
10-5,128,discharge-high,V_std,0.0290391541468104,,,,
10-5,130,discharge-high,V_std,0.0290935188297422,,,,
10-5,131,discharge-high,V_std,0.0291134533882146,,,,
10-5,132,discharge-high,V_std,0.0291765789396339,,,,
10-5,135,discharge-high,V_std,0.0291885310494993,,,,
10-5,136,discharge-high,V_std,0.0291691961262651,,,,
10-5,139,discharge-high,V_std,0.0291891842344845,,,,
10-5,140,discharge-high,V_std,0.0292242166345235,,,,
10-5,142,discharge-high,V_std,0.0291641583107326,,,,
10-5,143,discharge-high,V_std,0.0291254697053713,,,,
10-5,144,discharge-high,V_std,0.0291835676433661,,,,
10-5,145,discharge-high,V_std,0.0292116428770378,,,,
10-5,146,discharge-high,V_std,0.0291691140567229,,,,
10-5,147,discharge-high,V_std,0.0291481084321001,,,,
10-5,148,discharge-high,V_std,0.0290995748746245,,,,
10-5,149,discharge-high,V_std,0.0290518222250301,,,,
10-5,150,discharge-high,V_std,0.0290338689079939,,,,
10-5,151,discharge-high,V_std,0.0291336366719868,,,,
10-5,152,discharge-high,V_std,0.0291139930331282,,,,
10-5,154,discharge-high,V_std,0.0292120610242382,,,,
10-5,156,discharge-high,V_std,0.0291732792554581,,,,
10-5,157,discharge-high,V_std,0.0290894299305951,,,,
10-5,159,discharge-high,V_std,0.0291865917289452,,,,
10-5,160,discharge-high,V_std,0.0291593626827819,,,,
10-5,161,discharge-high,V_std,0.0292209759875638,,,,
10-5,162,discharge-high,V_std,0.0292015950514938,,,,
10-5,165,discharge-high,V_std,0.0291233920472589,,,,
10-5,166,discharge-high,V_std,0.0291870686002345,,,,
10-5,167,discharge-high,V_std,0.029211653798681,,,,
10-5,169,discharge-high,V_std,0.0292314443726613,,,,
10-5,172,discharge-high,V_std,0.0291362874503535,,,,
10-5,173,discharge-high,V_std,0.0292489332922191,,,,
10-5,175,discharge-high,V_std,0.029237897080672,,,,
10-5,179,discharge-high,V_std,0.0292171897894451,,,,
10-5,180,discharge-high,V_std,0.0292335185857036,,,,
10-5,183,discharge-high,V_std,0.0291743907670469,,,,
10-5,187,discharge-high,V_std,0.0292328282815206,,,,
10-5,194,discharge-high,V_std,0.0292254040362932,,,,
10-5,229,discharge-high,V_std,0.0292215282191876,,,,
10-5,230,discharge-high,V_std,0.0292369617725064,,,,
10-5,235,discharge-high,V_std,0.0291600348403287,,,,
10-5,249,discharge-high,V_std,0.0292231131953388,,,,
10-5,256,discharge-high,V_std,0.0292267885588983,,,,
10-5,313,discharge-high,V_std,0.0291731142270267,,,,
10-7,31,discharge-high,V_std,0.0292012294995945,,,,
10-7,34,discharge-high,V_std,0.0291540010868369,,,,
10-7,38,discharge-high,V_std,0.0292278373378096,,,,
10-7,40,discharge-high,V_std,0.0291699234414422,,,,
10-7,42,discharge-high,V_std,0.0291386310157266,,,,
10-7,43,discharge-high,V_std,0.02915397102472,,,,
10-7,44,discharge-high,V_std,0.0292039042479459,,,,
10-7,47,discharge-high,V_std,0.029139200714037,,,,
10-7,48,discharge-high,V_std,0.0292047861037052,,,,
10-7,49,discharge-high,V_std,0.0291518527724009,,,,
10-7,58,discharge-high,V_std,0.0291940226340031,,,,
10-7,59,discharge-high,V_std,0.0291403974580932,,,,
10-7,60,discharge-high,V_std,0.0290914500801805,,,,
10-7,61,discharge-high,V_std,0.0291363168102105,,,,
10-7,62,discharge-high,V_std,0.0292501831168871,,,,
10-7,64,discharge-high,V_std,0.0292148360663829,,,,
10-7,66,discharge-high,V_std,0.0291767034323332,,,,
10-7,67,discharge-high,V_std,0.0290824929801921,,,,
10-7,68,discharge-high,V_std,0.0290772151241171,,,,
10-7,69,discharge-high,V_std,0.0291914282672533,,,,
10-7,70,discharge-high,V_std,0.0292038427754855,,,,
10-7,71,discharge-high,V_std,0.0292311344024781,,,,
10-7,72,discharge-high,V_std,0.0291747452026852,,,,
10-7,74,discharge-high,V_std,0.0291727011699898,,,,
10-7,76,discharge-high,V_std,0.0292002256802393,,,,
10-7,77,discharge-high,V_std,0.0290537184363051,,,,
10-7,78,discharge-high,V_std,0.0291191670711404,,,,
10-7,79,discharge-high,V_std,0.0290891600964202,,,,
10-7,80,discharge-high,V_std,0.0292108116534987,,,,
10-7,81,discharge-high,V_std,0.0292080435506123,,,,
10-7,83,discharge-high,V_std,0.0290967040950191,,,,
10-7,85,discharge-high,V_std,0.0291496814515466,,,,
10-7,93,discharge-high,V_std,0.0292503767135071,,,,
10-7,94,discharge-high,V_std,0.0291964124595304,,,,
10-7,95,discharge-high,V_std,0.029249503252758,,,,
10-7,96,discharge-high,V_std,0.0291975046510863,,,,
10-7,97,discharge-high,V_std,0.0291513965366115,,,,
10-7,103,discharge-high,V_std,0.029173933632485,,,,
10-7,105,discharge-high,V_std,0.029110412380077,,,,
10-7,107,discharge-high,V_std,0.0292358732791961,,,,
10-7,108,discharge-high,V_std,0.0291583789926459,,,,
10-7,124,discharge-high,V_std,0.0291821675116477,,,,
10-7,126,discharge-high,V_std,0.0291844361432142,,,,
10-7,127,discharge-high,V_std,0.0292147765653149,,,,
10-7,129,discharge-high,V_std,0.0291275896366834,,,,
10-7,130,discharge-high,V_std,0.0292226571084197,,,,
10-7,131,discharge-high,V_std,0.0291364131588876,,,,
10-7,132,discharge-high,V_std,0.0290958181067268,,,,
10-7,133,discharge-high,V_std,0.0292363748774375,,,,
10-7,134,discharge-high,V_std,0.0291703662173101,,,,
10-7,146,discharge-high,V_std,0.0292186954158414,,,,
10-7,150,discharge-high,V_std,0.0291728572942635,,,,
10-7,160,discharge-high,V_std,0.0292083918797996,,,,
10-7,169,discharge-high,V_std,0.0291788351779181,,,,
10-7,172,discharge-high,V_std,0.0292526832169377,,,,
10-7,176,discharge-high,V_std,0.0292370765392563,,,,
10-7,177,discharge-high,V_std,0.0292235042761979,,,,
10-7,196,discharge-high,V_std,0.0292491809946777,,,,
10-7,207,discharge-high,V_std,0.0291861722827762,,,,
10-7,223,discharge-high,V_std,0.0292303214943915,,,,
10-6,47,discharge-high,count,,120.0,,,
10-6,48,discharge-high,count,,120.0,,,
10-6,49,discharge-high,count,,120.0,,,
10-6,50,discharge-high,count,,120.0,,,
10-6,51,discharge-high,count,,120.0,,,
10-6,52,discharge-high,count,,120.0,,,
10-6,53,discharge-high,count,,120.0,,,
10-6,54,discharge-high,count,,120.0,,,
10-6,55,discharge-high,count,,120.0,,,
10-6,56,discharge-high,count,,120.0,,,
10-6,57,discharge-high,count,,120.0,,,
10-6,58,discharge-high,count,,120.0,,,
10-6,59,discharge-high,count,,120.0,,,
10-6,60,discharge-high,count,,120.0,,,
10-6,61,discharge-high,count,,120.0,,,
10-6,62,discharge-high,count,,120.0,,,
10-6,63,discharge-high,count,,120.0,,,
10-6,64,discharge-high,count,,120.0,,,
10-6,65,discharge-high,count,,120.0,,,
10-6,66,discharge-high,count,,120.0,,,
10-6,67,discharge-high,count,,120.0,,,
10-6,68,discharge-high,count,,120.0,,,
10-6,69,discharge-high,count,,120.0,,,
10-6,70,discharge-high,count,,120.0,,,
10-6,71,discharge-high,count,,120.0,,,
10-6,72,discharge-high,count,,120.0,,,
10-6,73,discharge-high,count,,120.0,,,
10-6,74,discharge-high,count,,120.0,,,
10-6,75,discharge-high,count,,120.0,,,
10-6,76,discharge-high,count,,120.0,,,
10-6,77,discharge-high,count,,120.0,,,
10-6,78,discharge-high,count,,120.0,,,
10-6,79,discharge-high,count,,120.0,,,
10-6,80,discharge-high,count,,120.0,,,
10-6,81,discharge-high,count,,120.0,,,
10-6,82,discharge-high,count,,120.0,,,
10-6,83,discharge-high,count,,120.0,,,
10-6,84,discharge-high,count,,120.0,,,
10-6,85,discharge-high,count,,120.0,,,
10-6,86,discharge-high,count,,120.0,,,
10-6,87,discharge-high,count,,120.0,,,
10-6,88,discharge-high,count,,120.0,,,
10-6,89,discharge-high,count,,120.0,,,
10-6,90,discharge-high,count,,120.0,,,
10-6,91,discharge-high,count,,120.0,,,
10-6,92,discharge-high,count,,120.0,,,
10-6,93,discharge-high,count,,120.0,,,
10-6,94,discharge-high,count,,120.0,,,
10-6,95,discharge-high,count,,120.0,,,
10-6,96,discharge-high,count,,120.0,,,
10-6,97,discharge-high,count,,120.0,,,
10-6,98,discharge-high,count,,120.0,,,
10-6,99,discharge-high,count,,120.0,,,
10-6,100,discharge-high,count,,120.0,,,
10-6,101,discharge-high,count,,120.0,,,
10-6,102,discharge-high,count,,120.0,,,
10-6,103,discharge-high,count,,120.0,,,
10-6,104,discharge-high,count,,120.0,,,
10-6,105,discharge-high,count,,120.0,,,
10-6,106,discharge-high,count,,120.0,,,
10-6,107,discharge-high,count,,120.0,,,
10-6,108,discharge-high,count,,120.0,,,
10-6,109,discharge-high,count,,120.0,,,
10-6,110,discharge-high,count,,120.0,,,
10-6,111,discharge-high,count,,120.0,,,
10-6,112,discharge-high,count,,120.0,,,
10-6,113,discharge-high,count,,120.0,,,
10-6,114,discharge-high,count,,120.0,,,
10-6,115,discharge-high,count,,120.0,,,
10-6,116,discharge-high,count,,120.0,,,
10-6,117,discharge-high,count,,120.0,,,
10-6,118,discharge-high,count,,120.0,,,
10-6,119,discharge-high,count,,120.0,,,
10-6,120,discharge-high,count,,120.0,,,
10-6,121,discharge-high,count,,120.0,,,
10-6,122,discharge-high,count,,120.0,,,
10-6,123,discharge-high,count,,120.0,,,
10-6,124,discharge-high,count,,120.0,,,
10-6,125,discharge-high,count,,120.0,,,
10-6,126,discharge-high,count,,120.0,,,
10-6,127,discharge-high,count,,120.0,,,
10-6,128,discharge-high,count,,120.0,,,
10-6,129,discharge-high,count,,120.0,,,
10-6,130,discharge-high,count,,120.0,,,
10-6,131,discharge-high,count,,120.0,,,
10-6,132,discharge-high,count,,120.0,,,
10-6,133,discharge-high,count,,120.0,,,
10-6,134,discharge-high,count,,120.0,,,
10-6,135,discharge-high,count,,120.0,,,
10-6,136,discharge-high,count,,120.0,,,
10-6,137,discharge-high,count,,120.0,,,
10-6,138,discharge-high,count,,120.0,,,
10-6,139,discharge-high,count,,120.0,,,
10-6,140,discharge-high,count,,120.0,,,
10-6,141,discharge-high,count,,120.0,,,
1-6,155,discharge-high,I_std,,,0.0008914911787219,,
4-1,61,discharge-high,I_std,,,0.0009150589270441,,
4-1,334,discharge-high,I_std,,,0.0009113399382732,,
4-1,659,discharge-high,I_std,,,0.0008741658072618,,
4-2,20,discharge-high,I_std,,,0.0008776168184085,,
4-2,156,discharge-high,I_std,,,0.0009085220913194,,
4-2,300,discharge-high,I_std,,,0.0008798022140655,,
4-2,356,discharge-high,I_std,,,0.0008852711739473,,
4-2,357,discharge-high,I_std,,,0.0008842784953569,,
4-2,396,discharge-high,I_std,,,0.0008770030913645,,
4-2,421,discharge-high,I_std,,,0.0008932107300905,,
4-2,457,discharge-high,I_std,,,0.0008789517993978,,
4-2,462,discharge-high,I_std,,,0.0008870459055747,,
4-2,469,discharge-high,I_std,,,0.0008820207418042,,
4-2,477,discharge-high,I_std,,,0.0008816568831747,,
4-2,519,discharge-high,I_std,,,0.0008977213565943,,
4-2,578,discharge-high,I_std,,,0.000949113786619,,
4-2,603,discharge-high,I_std,,,0.0008718974353931,,
4-2,1088,discharge-high,I_std,,,0.0009083757515149,,
4-2,1175,discharge-high,I_std,,,0.000884650267502,,
4-2,1223,discharge-high,I_std,,,0.0008889292085881,,
4-4,673,discharge-high,I_std,,,0.0008870388069964,,
4-4,1328,discharge-high,I_std,,,0.0008852326870763,,
4-4,1375,discharge-high,I_std,,,0.0009157258413003,,
4-4,1378,discharge-high,I_std,,,0.0008969710975045,,
4-4,1481,discharge-high,I_std,,,0.0008897431453478,,
4-5,212,discharge-high,I_std,,,0.0009200614803621,,
4-5,559,discharge-high,I_std,,,0.0008778547416104,,
4-5,717,discharge-high,I_std,,,0.0008765132925105,,
4-5,867,discharge-high,I_std,,,0.0008896080550343,,
4-5,939,discharge-high,I_std,,,0.000896745902993,,
4-5,943,discharge-high,I_std,,,0.0009005802151773,,
4-7,255,discharge-high,I_std,,,0.0008887515459028,,
4-7,258,discharge-high,I_std,,,0.0008782225287775,,
4-7,303,discharge-high,I_std,,,0.0008774717613649,,
4-8,23,discharge-high,I_std,,,0.0008723480476887,,
4-8,75,discharge-high,I_std,,,0.0009148194163781,,
4-8,191,discharge-high,I_std,,,0.0009198530490216,,
4-8,208,discharge-high,I_std,,,0.0008795930465436,,
4-8,325,discharge-high,I_std,,,0.0008748710042328,,
4-8,328,discharge-high,I_std,,,0.0008927331823033,,
4-8,542,discharge-high,I_std,,,0.0008770919496955,,
7-1,90,discharge-high,I_std,,,0.000873043573752,,
7-1,91,discharge-high,I_std,,,0.0009347178823909,,
7-1,227,discharge-high,I_std,,,0.0008719743966258,,
7-1,348,discharge-high,I_std,,,0.0008927245966779,,
7-1,410,discharge-high,I_std,,,0.0009523700156013,,
7-1,465,discharge-high,I_std,,,0.0008745366862427,,
7-1,924,discharge-high,I_std,,,0.0008721514279112,,
7-1,1092,discharge-high,I_std,,,0.0008948049325244,,
7-1,1192,discharge-high,I_std,,,0.0008892022862557,,
7-1,1651,discharge-high,I_std,,,0.0008795505050359,,
7-6,261,discharge-high,I_std,,,0.0009068624917523,,
7-8,439,discharge-high,I_std,,,0.0008829839346471,,
8-4,414,discharge-high,I_std,,,0.0009156377894142,,
8-7,54,discharge-high,I_std,,,0.0008852372042135,,
8-7,836,discharge-high,I_std,,,0.000880644905642,,
8-7,1947,discharge-high,I_std,,,0.0008727060325269,,
8-7,1987,discharge-high,I_std,,,0.0008880769089119,,
9-2,65,discharge-high,I_std,,,0.0008750030926823,,
9-2,265,discharge-high,I_std,,,0.0008875110182559,,
9-2,307,discharge-high,I_std,,,0.0008882893815124,,
9-2,325,discharge-high,I_std,,,0.000918369033478,,
9-2,326,discharge-high,I_std,,,0.0009759147113397,,
9-2,1299,discharge-high,I_std,,,0.0009397754597298,,
9-3,23,discharge-high,I_std,,,0.0008929839768957,,
9-3,25,discharge-high,I_std,,,0.000902614022715,,
9-3,49,discharge-high,I_std,,,0.0008829068311967,,
9-3,52,discharge-high,I_std,,,0.0008952692936104,,
9-3,76,discharge-high,I_std,,,0.0008831970891848,,
9-3,193,discharge-high,I_std,,,0.0008750371763188,,
9-3,217,discharge-high,I_std,,,0.0008823356318125,,
9-3,244,discharge-high,I_std,,,0.0009644414200702,,
9-3,250,discharge-high,I_std,,,0.000886091553824,,
9-3,334,discharge-high,I_std,,,0.0009082539703878,,
9-3,346,discharge-high,I_std,,,0.0008974833741782,,
9-3,468,discharge-high,I_std,,,0.000879316265635,,
9-3,484,discharge-high,I_std,,,0.0008811292504399,,
9-3,509,discharge-high,I_std,,,0.0008880764809144,,
9-3,695,discharge-high,I_std,,,0.000900093357731,,
9-3,713,discharge-high,I_std,,,0.0008866396546471,,
9-3,714,discharge-high,I_std,,,0.0008909746585089,,
9-3,733,discharge-high,I_std,,,0.00090741568648,,
9-3,866,discharge-high,I_std,,,0.0008846086323524,,
9-3,888,discharge-high,I_std,,,0.0008759363998467,,
9-3,941,discharge-high,I_std,,,0.0009389985074343,,
9-3,1028,discharge-high,I_std,,,0.0008972040538,,
9-3,1048,discharge-high,I_std,,,0.0009009362414239,,
9-3,1453,discharge-high,I_std,,,0.0008780582076257,,
9-3,1456,discharge-high,I_std,,,0.0008888517787773,,
9-3,1553,discharge-high,I_std,,,0.0009061172706435,,
9-3,1726,discharge-high,I_std,,,0.0008922903820277,,
9-3,1798,discharge-high,I_std,,,0.0008961929193169,,
9-3,1824,discharge-high,I_std,,,0.0008839941457484,,
9-5,735,discharge-high,I_std,,,0.0009038420893732,,
9-5,747,discharge-high,I_std,,,0.0008795459106885,,
9-6,51,discharge-high,I_std,,,0.0009151457211883,,
9-6,57,discharge-high,I_std,,,0.0009198014617209,,
9-6,254,discharge-high,I_std,,,0.0008728081629109,,
9-6,260,discharge-high,I_std,,,0.0008940808144851,,
9-6,1057,discharge-high,I_std,,,0.0008752023738375,,
9-7,198,discharge-high,I_std,,,0.000885078171668,,
9-7,203,discharge-high,I_std,,,0.0009019499079015,,
9-7,313,discharge-high,I_std,,,0.000881476771504,,
9-7,320,discharge-high,I_std,,,0.0008920119225622,,
9-7,323,discharge-high,I_std,,,0.0008924910992661,,
9-7,615,discharge-high,I_std,,,0.0008855120829908,,
9-7,627,discharge-high,I_std,,,0.0009435529996549,,
9-7,632,discharge-high,I_std,,,0.0009388775960426,,
9-7,681,discharge-high,I_std,,,0.0009069663623619,,
9-7,708,discharge-high,I_std,,,0.0009129513351492,,
9-7,777,discharge-high,I_std,,,0.0008784229931843,,
9-7,840,discharge-high,I_std,,,0.0008769054516714,,
9-7,1317,discharge-high,I_std,,,0.0009134610591809,,
9-7,1349,discharge-high,I_std,,,0.0008865941532328,,
9-7,1457,discharge-high,I_std,,,0.0008975242304503,,
9-7,1496,discharge-high,I_std,,,0.0008853359555391,,
9-7,1544,discharge-high,I_std,,,0.0008804090930941,,
9-7,1569,discharge-high,I_std,,,0.0008926828031639,,
9-7,1600,discharge-high,I_std,,,0.0009259939346852,,
9-7,1659,discharge-high,I_std,,,0.0009184209109645,,
9-8,76,discharge-high,I_std,,,0.0008855267598201,,
9-8,300,discharge-high,I_std,,,0.0008762845468065,,
9-8,421,discharge-high,I_std,,,0.0008898711573546,,
9-8,663,discharge-high,I_std,,,0.0009032036839699,,
9-8,703,discharge-high,I_std,,,0.0009126637608401,,
9-8,798,discharge-high,I_std,,,0.0008771603035923,,
9-8,816,discharge-high,I_std,,,0.000878599581849,,
9-8,938,discharge-high,I_std,,,0.0009053307511481,,
9-8,943,discharge-high,I_std,,,0.0008965730964566,,
9-8,992,discharge-high,I_std,,,0.0008778018661709,,
9-8,1044,discharge-high,I_std,,,0.0008959855033503,,
9-8,1058,discharge-high,I_std,,,0.0008966523366445,,
9-8,1378,discharge-high,I_std,,,0.0008770844559431,,
9-8,1454,discharge-high,I_std,,,0.0009025876281887,,
9-8,1462,discharge-high,I_std,,,0.0009541046120662,,
9-8,1501,discharge-high,I_std,,,0.0009145552834354,,
9-8,1566,discharge-high,I_std,,,0.0009201325935808,,
9-8,1696,discharge-high,I_std,,,0.0008774787666677,,
9-8,1724,discharge-high,I_std,,,0.0009492526518345,,
9-8,1785,discharge-high,I_std,,,0.0009138185349344,,
2-3,1714,discharge-high,V_min,,,,3.053,
2-3,1739,discharge-high,V_min,,,,3.053,
2-3,1740,discharge-high,V_min,,,,3.053,
2-3,1741,discharge-high,V_min,,,,3.0527,
2-3,1742,discharge-high,V_min,,,,3.0527,
2-3,1743,discharge-high,V_min,,,,3.0524,
2-3,1744,discharge-high,V_min,,,,3.0527,
2-3,1745,discharge-high,V_min,,,,3.0521,
2-3,1746,discharge-high,V_min,,,,3.0524,
2-3,1747,discharge-high,V_min,,,,3.0521,
2-3,1748,discharge-high,V_min,,,,3.0521,
2-3,1749,discharge-high,V_min,,,,3.0518,
2-3,1750,discharge-high,V_min,,,,3.0521,
2-3,1751,discharge-high,V_min,,,,3.0518,
2-5,1254,discharge-high,V_min,,,,3.053,
2-5,1256,discharge-high,V_min,,,,3.053,
2-5,1257,discharge-high,V_min,,,,3.0524,
2-5,1258,discharge-high,V_min,,,,3.053,
2-5,1261,discharge-high,V_min,,,,3.0524,
2-5,1262,discharge-high,V_min,,,,3.053,
2-5,1263,discharge-high,V_min,,,,3.0521,
2-5,1264,discharge-high,V_min,,,,3.0521,
2-5,1265,discharge-high,V_min,,,,3.053,
2-5,1266,discharge-high,V_min,,,,3.053,
2-5,1267,discharge-high,V_min,,,,3.0524,
2-5,1268,discharge-high,V_min,,,,3.0524,
2-5,1269,discharge-high,V_min,,,,3.0521,
2-5,1270,discharge-high,V_min,,,,3.0518,
2-5,1271,discharge-high,V_min,,,,3.0518,
2-5,1272,discharge-high,V_min,,,,3.0527,
2-5,1273,discharge-high,V_min,,,,3.0524,
2-5,1274,discharge-high,V_min,,,,3.0521,
2-5,1275,discharge-high,V_min,,,,3.0527,
2-5,1276,discharge-high,V_min,,,,3.0515,
2-5,1277,discharge-high,V_min,,,,3.0518,
2-5,1278,discharge-high,V_min,,,,3.053,
2-5,1279,discharge-high,V_min,,,,3.053,
2-5,1280,discharge-high,V_min,,,,3.0524,
2-5,1281,discharge-high,V_min,,,,3.0524,
2-5,1282,discharge-high,V_min,,,,3.0521,
2-5,1283,discharge-high,V_min,,,,3.0518,
2-5,1284,discharge-high,V_min,,,,3.053,
2-5,1285,discharge-high,V_min,,,,3.053,
2-5,1287,discharge-high,V_min,,,,3.053,
2-5,1289,discharge-high,V_min,,,,3.0518,
2-5,1290,discharge-high,V_min,,,,3.0524,
2-5,1291,discharge-high,V_min,,,,3.053,
2-5,1292,discharge-high,V_min,,,,3.0524,
2-5,1293,discharge-high,V_min,,,,3.0521,
2-5,1294,discharge-high,V_min,,,,3.0527,
2-5,1295,discharge-high,V_min,,,,3.0515,
2-5,1296,discharge-high,V_min,,,,3.0515,
2-5,1297,discharge-high,V_min,,,,3.0521,
2-5,1298,discharge-high,V_min,,,,3.0527,
2-5,1299,discharge-high,V_min,,,,3.0515,
2-5,1300,discharge-high,V_min,,,,3.0518,
2-5,1301,discharge-high,V_min,,,,3.0518,
2-5,1302,discharge-high,V_min,,,,3.0512,
2-5,1303,discharge-high,V_min,,,,3.0515,
2-5,1304,discharge-high,V_min,,,,3.0527,
2-5,1305,discharge-high,V_min,,,,3.0518,
2-5,1306,discharge-high,V_min,,,,3.0518,
2-5,1307,discharge-high,V_min,,,,3.0512,
2-5,1308,discharge-high,V_min,,,,3.0509,
2-5,1309,discharge-high,V_min,,,,3.0515,
2-5,1310,discharge-high,V_min,,,,3.0527,
2-5,1311,discharge-high,V_min,,,,3.0518,
2-5,1312,discharge-high,V_min,,,,3.0524,
2-5,1313,discharge-high,V_min,,,,3.0521,
2-5,1314,discharge-high,V_min,,,,3.0515,
2-5,1315,discharge-high,V_min,,,,3.0515,
2-5,1316,discharge-high,V_min,,,,3.0521,
2-5,1317,discharge-high,V_min,,,,3.0521,
2-5,1318,discharge-high,V_min,,,,3.0515,
2-5,1319,discharge-high,V_min,,,,3.0518,
2-5,1320,discharge-high,V_min,,,,3.0512,
2-5,1321,discharge-high,V_min,,,,3.0512,
2-5,1322,discharge-high,V_min,,,,3.0518,
2-5,1323,discharge-high,V_min,,,,3.0518,
2-5,1324,discharge-high,V_min,,,,3.0509,
2-5,1325,discharge-high,V_min,,,,3.0515,
2-5,1326,discharge-high,V_min,,,,3.0509,
2-5,1327,discharge-high,V_min,,,,3.0509,
2-5,1328,discharge-high,V_min,,,,3.0515,
2-5,1329,discharge-high,V_min,,,,3.0515,
2-5,1330,discharge-high,V_min,,,,3.0509,
2-5,1331,discharge-high,V_min,,,,3.0512,
2-5,1332,discharge-high,V_min,,,,3.0502,
2-5,1333,discharge-high,V_min,,,,3.0509,
2-5,1334,discharge-high,V_min,,,,3.0505,
2-5,1335,discharge-high,V_min,,,,3.0509,
2-5,1336,discharge-high,V_min,,,,3.0509,
2-5,1337,discharge-high,V_min,,,,3.0505,
2-5,1338,discharge-high,V_min,,,,3.0496,
2-5,1339,discharge-high,V_min,,,,3.0502,
2-5,1340,discharge-high,V_min,,,,3.0502,
2-5,1341,discharge-high,V_min,,,,3.0509,
2-5,1342,discharge-high,V_min,,,,3.0499,
2-5,1343,discharge-high,V_min,,,,3.0502,
2-5,1344,discharge-high,V_min,,,,3.0496,
2-5,1345,discharge-high,V_min,,,,3.0496,
2-5,1346,discharge-high,V_min,,,,3.0502,
2-5,1347,discharge-high,V_min,,,,3.0505,
2-5,1348,discharge-high,V_min,,,,3.0493,
2-5,1349,discharge-high,V_min,,,,3.0496,
2-5,1350,discharge-high,V_min,,,,3.0493,
2-5,1351,discharge-high,V_min,,,,3.0493,
2-5,1352,discharge-high,V_min,,,,3.0496,
2-5,1353,discharge-high,V_min,,,,3.0502,
2-5,1354,discharge-high,V_min,,,,3.0493,
2-5,1355,discharge-high,V_min,,,,3.0499,
2-5,1356,discharge-high,V_min,,,,3.0496,
2-5,1357,discharge-high,V_min,,,,3.0499,
2-5,1358,discharge-high,V_min,,,,3.0505,
2-5,1359,discharge-high,V_min,,,,3.0509,
2-5,1360,discharge-high,V_min,,,,3.0496,
2-5,1361,discharge-high,V_min,,,,3.0502,
2-5,1362,discharge-high,V_min,,,,3.0493,
2-5,1363,discharge-high,V_min,,,,3.0493,
2-5,1364,discharge-high,V_min,,,,3.0502,
2-5,1365,discharge-high,V_min,,,,3.0502,
2-5,1366,discharge-high,V_min,,,,3.0496,
2-5,1367,discharge-high,V_min,,,,3.0496,
2-5,1368,discharge-high,V_min,,,,3.049,
2-5,1369,discharge-high,V_min,,,,3.0493,
2-5,1370,discharge-high,V_min,,,,3.0496,
2-5,1371,discharge-high,V_min,,,,3.0502,
2-5,1372,discharge-high,V_min,,,,3.0496,
2-5,1373,discharge-high,V_min,,,,3.0496,
2-5,1374,discharge-high,V_min,,,,3.049,
2-5,1375,discharge-high,V_min,,,,3.049,
2-5,1376,discharge-high,V_min,,,,3.0496,
2-5,1377,discharge-high,V_min,,,,3.0499,
2-5,1378,discharge-high,V_min,,,,3.049,
2-5,1379,discharge-high,V_min,,,,3.0493,
2-5,1380,discharge-high,V_min,,,,3.049,
2-5,1381,discharge-high,V_min,,,,3.049,
2-5,1382,discharge-high,V_min,,,,3.049,
2-5,1383,discharge-high,V_min,,,,3.0499,
2-5,1384,discharge-high,V_min,,,,3.0487,
2-5,1385,discharge-high,V_min,,,,3.0487,
2-5,1386,discharge-high,V_min,,,,3.0484,
10-8,6,discharge-high,V_min,,,,3.2201,
10-8,7,discharge-high,V_min,,,,3.2201,
10-8,8,discharge-high,V_min,,,,3.2204,
10-8,9,discharge-high,V_min,,,,3.2204,
10-8,10,discharge-high,V_min,,,,3.2201,
10-8,11,discharge-high,V_min,,,,3.2201,
10-8,12,discharge-high,V_min,,,,3.2201,
10-8,13,discharge-high,V_min,,,,3.2204,
10-8,14,discharge-high,V_min,,,,3.2201,
10-8,15,discharge-high,V_min,,,,3.2207,
10-8,16,discharge-high,V_min,,,,3.2207,
10-8,17,discharge-high,V_min,,,,3.2207,
10-8,18,discharge-high,V_min,,,,3.2211,
10-8,19,discharge-high,V_min,,,,3.2211,
10-8,20,discharge-high,V_min,,,,3.2211,
10-8,21,discharge-high,V_min,,,,3.2214,
10-8,22,discharge-high,V_min,,,,3.2217,
10-8,23,discharge-high,V_min,,,,3.2211,
10-8,24,discharge-high,V_min,,,,3.2207,
10-8,25,discharge-high,V_min,,,,3.2207,
10-8,26,discharge-high,V_min,,,,3.2207,
10-8,27,discharge-high,V_min,,,,3.2207,
10-8,28,discharge-high,V_min,,,,3.2211,
10-8,29,discharge-high,V_min,,,,3.2211,
10-8,30,discharge-high,V_min,,,,3.2211,
10-8,31,discharge-high,V_min,,,,3.2207,
10-8,32,discharge-high,V_min,,,,3.2211,
10-8,33,discharge-high,V_min,,,,3.2207,
10-8,34,discharge-high,V_min,,,,3.2207,
10-8,35,discharge-high,V_min,,,,3.2211,
10-8,36,discharge-high,V_min,,,,3.2207,
10-8,37,discharge-high,V_min,,,,3.2207,
10-8,38,discharge-high,V_min,,,,3.2207,
10-8,39,discharge-high,V_min,,,,3.2207,
10-8,40,discharge-high,V_min,,,,3.2207,
10-8,41,discharge-high,V_min,,,,3.2207,
10-8,42,discharge-high,V_min,,,,3.2207,
10-8,43,discharge-high,V_min,,,,3.2207,
10-8,44,discharge-high,V_min,,,,3.2204,
10-8,45,discharge-high,V_min,,,,3.2204,
10-8,46,discharge-high,V_min,,,,3.2204,
10-8,47,discharge-high,V_min,,,,3.2204,
10-8,48,discharge-high,V_min,,,,3.2204,
10-8,49,discharge-high,V_min,,,,3.2204,
10-8,50,discharge-high,V_min,,,,3.2204,
10-8,51,discharge-high,V_min,,,,3.2204,
10-8,52,discharge-high,V_min,,,,3.2204,
10-8,53,discharge-high,V_min,,,,3.2204,
10-8,54,discharge-high,V_min,,,,3.2201,
10-8,55,discharge-high,V_min,,,,3.2207,
10-8,56,discharge-high,V_min,,,,3.2207,
10-8,57,discharge-high,V_min,,,,3.2207,
10-8,58,discharge-high,V_min,,,,3.2207,
10-8,59,discharge-high,V_min,,,,3.2207,
10-8,60,discharge-high,V_min,,,,3.2204,
10-8,61,discharge-high,V_min,,,,3.2207,
10-8,62,discharge-high,V_min,,,,3.2204,
10-8,63,discharge-high,V_min,,,,3.2204,
10-8,64,discharge-high,V_min,,,,3.2204,
10-8,65,discharge-high,V_min,,,,3.2204,
10-8,66,discharge-high,V_min,,,,3.2204,
10-8,67,discharge-high,V_min,,,,3.2201,
10-8,68,discharge-high,V_min,,,,3.2204,
10-8,69,discharge-high,V_min,,,,3.2204,
10-8,70,discharge-high,V_min,,,,3.2204,
10-8,71,discharge-high,V_min,,,,3.2204,
10-8,72,discharge-high,V_min,,,,3.2207,
10-8,73,discharge-high,V_min,,,,3.2207,
10-8,74,discharge-high,V_min,,,,3.2207,
10-8,75,discharge-high,V_min,,,,3.2207,
10-8,76,discharge-high,V_min,,,,3.2207,
10-8,77,discharge-high,V_min,,,,3.2204,
10-8,78,discharge-high,V_min,,,,3.2204,
10-8,79,discharge-high,V_min,,,,3.2207,
10-8,80,discharge-high,V_min,,,,3.2207,
10-8,81,discharge-high,V_min,,,,3.2207,
10-8,82,discharge-high,V_min,,,,3.2207,
10-8,83,discharge-high,V_min,,,,3.2204,
10-8,84,discharge-high,V_min,,,,3.2207,
10-8,85,discharge-high,V_min,,,,3.2204,
10-8,86,discharge-high,V_min,,,,3.2204,
10-8,87,discharge-high,V_min,,,,3.2201,
10-8,88,discharge-high,V_min,,,,3.2204,
10-8,89,discharge-high,V_min,,,,3.2204,
10-8,90,discharge-high,V_min,,,,3.2204,
10-8,91,discharge-high,V_min,,,,3.2204,
10-8,92,discharge-high,V_min,,,,3.2201,
10-8,93,discharge-high,V_min,,,,3.2201,
10-8,94,discharge-high,V_min,,,,3.2201,
10-8,96,discharge-high,V_min,,,,3.2201,
10-8,97,discharge-high,V_min,,,,3.2201,
10-8,98,discharge-high,V_min,,,,3.2201,
10-8,105,discharge-high,V_min,,,,3.2201,
10-8,112,discharge-high,V_min,,,,3.2201,
10-8,113,discharge-high,V_min,,,,3.2201,
10-8,114,discharge-high,V_min,,,,3.2201,
10-8,115,discharge-high,V_min,,,,3.2201,
10-8,116,discharge-high,V_min,,,,3.2201,
10-8,120,discharge-high,V_min,,,,3.2204,
10-8,121,discharge-high,V_min,,,,3.2201,
10-8,122,discharge-high,V_min,,,,3.2204,
10-8,123,discharge-high,V_min,,,,3.2204,
10-8,124,discharge-high,V_min,,,,3.2204,
10-8,125,discharge-high,V_min,,,,3.2201,
10-8,126,discharge-high,V_min,,,,3.2201,
10-8,127,discharge-high,V_min,,,,3.2204,
10-8,128,discharge-high,V_min,,,,3.2201,
10-8,131,discharge-high,V_min,,,,3.2201,
10-8,156,discharge-high,V_min,,,,3.2201,
10-8,159,discharge-high,V_min,,,,3.2204,
10-8,163,discharge-high,V_min,,,,3.2201,
10-8,164,discharge-high,V_min,,,,3.2201,
10-8,165,discharge-high,V_min,,,,3.2201,
2-5,114,discharge-high,V_max,,,,,3.3041
2-5,1128,discharge-high,V_max,,,,,3.3032
2-5,1230,discharge-high,V_max,,,,,3.3041
2-5,1238,discharge-high,V_max,,,,,3.3038
2-5,1240,discharge-high,V_max,,,,,3.3041
2-5,1241,discharge-high,V_max,,,,,3.3041
2-5,1245,discharge-high,V_max,,,,,3.3029
2-5,1250,discharge-high,V_max,,,,,3.3038
2-5,1255,discharge-high,V_max,,,,,3.3035
2-5,1288,discharge-high,V_max,,,,,3.3026
2-7,2122,discharge-high,V_max,,,,,3.3035
2-7,2123,discharge-high,V_max,,,,,3.3041
2-7,2124,discharge-high,V_max,,,,,3.3041
2-7,2132,discharge-high,V_max,,,,,3.3038
2-7,2133,discharge-high,V_max,,,,,3.3041
2-7,2134,discharge-high,V_max,,,,,3.3035
2-7,2137,discharge-high,V_max,,,,,3.3004
2-7,2138,discharge-high,V_max,,,,,3.3038
2-7,2139,discharge-high,V_max,,,,,3.3041
2-7,2140,discharge-high,V_max,,,,,3.3041
2-7,2142,discharge-high,V_max,,,,,3.302
2-7,2143,discharge-high,V_max,,,,,3.3041
2-7,2144,discharge-high,V_max,,,,,3.3038
2-7,2145,discharge-high,V_max,,,,,3.3038
2-7,2146,discharge-high,V_max,,,,,3.3041
2-7,2147,discharge-high,V_max,,,,,3.3041
2-7,2148,discharge-high,V_max,,,,,3.3035
2-7,2151,discharge-high,V_max,,,,,3.3017
2-7,2152,discharge-high,V_max,,,,,3.3007
2-7,2153,discharge-high,V_max,,,,,3.3017
2-7,2155,discharge-high,V_max,,,,,3.3035
2-7,2156,discharge-high,V_max,,,,,3.3026
2-7,2157,discharge-high,V_max,,,,,3.3041
2-7,2158,discharge-high,V_max,,,,,3.3017
2-7,2159,discharge-high,V_max,,,,,3.3026
2-7,2160,discharge-high,V_max,,,,,3.3038
2-7,2161,discharge-high,V_max,,,,,3.301
2-7,2162,discharge-high,V_max,,,,,3.3035
2-7,2163,discharge-high,V_max,,,,,3.3038
2-7,2164,discharge-high,V_max,,,,,3.3029
2-7,2165,discharge-high,V_max,,,,,3.3007
2-7,2166,discharge-high,V_max,,,,,3.3017
2-7,2167,discharge-high,V_max,,,,,3.3041
2-7,2168,discharge-high,V_max,,,,,3.3026
2-7,2169,discharge-high,V_max,,,,,3.3029
2-7,2170,discharge-high,V_max,,,,,3.3026
2-7,2171,discharge-high,V_max,,,,,3.3038
2-7,2172,discharge-high,V_max,,,,,3.3035
2-7,2173,discharge-high,V_max,,,,,3.3035
2-7,2174,discharge-high,V_max,,,,,3.3023
2-7,2175,discharge-high,V_max,,,,,3.302
2-7,2176,discharge-high,V_max,,,,,3.3023
2-7,2177,discharge-high,V_max,,,,,3.3029
2-7,2178,discharge-high,V_max,,,,,3.3023
2-7,2179,discharge-high,V_max,,,,,3.3017
2-7,2180,discharge-high,V_max,,,,,3.3001
2-7,2181,discharge-high,V_max,,,,,3.3035
2-7,2182,discharge-high,V_max,,,,,3.3014
2-7,2183,discharge-high,V_max,,,,,3.2998
2-7,2184,discharge-high,V_max,,,,,3.3023
2-7,2185,discharge-high,V_max,,,,,3.3017
2-7,2186,discharge-high,V_max,,,,,3.3017
2-7,2187,discharge-high,V_max,,,,,3.2995
2-7,2188,discharge-high,V_max,,,,,3.3023
2-7,2189,discharge-high,V_max,,,,,3.3014
2-7,2190,discharge-high,V_max,,,,,3.3017
2-7,2191,discharge-high,V_max,,,,,3.301
2-7,2192,discharge-high,V_max,,,,,3.3017
2-7,2193,discharge-high,V_max,,,,,3.301
2-7,2194,discharge-high,V_max,,,,,3.301
2-7,2195,discharge-high,V_max,,,,,3.2998
2-7,2196,discharge-high,V_max,,,,,3.301
2-7,2197,discharge-high,V_max,,,,,3.3007
2-7,2198,discharge-high,V_max,,,,,3.3001
2-7,2199,discharge-high,V_max,,,,,3.3001
2-7,2200,discharge-high,V_max,,,,,3.3004
2-7,2201,discharge-high,V_max,,,,,3.301
2-7,2202,discharge-high,V_max,,,,,3.301
10-8,5,discharge-high,V_max,,,,,3.519
10-8,99,discharge-high,V_max,,,,,3.519
10-8,101,discharge-high,V_max,,,,,3.5181
10-8,132,discharge-high,V_max,,,,,3.519
10-8,136,discharge-high,V_max,,,,,3.519
10-8,137,discharge-high,V_max,,,,,3.5181
10-8,138,discharge-high,V_max,,,,,3.519
10-8,142,discharge-high,V_max,,,,,3.5187
10-8,143,discharge-high,V_max,,,,,3.5187
10-8,144,discharge-high,V_max,,,,,3.5187
10-8,147,discharge-high,V_max,,,,,3.5181
10-8,150,discharge-high,V_max,,,,,3.519
10-8,151,discharge-high,V_max,,,,,3.5187
10-8,153,discharge-high,V_max,,,,,3.5181
10-8,155,discharge-high,V_max,,,,,3.5187
10-8,157,discharge-high,V_max,,,,,3.519
10-8,160,discharge-high,V_max,,,,,3.5181
10-8,168,discharge-high,V_max,,,,,3.5181
10-8,170,discharge-high,V_max,,,,,3.5187
10-8,171,discharge-high,V_max,,,,,3.519
10-8,172,discharge-high,V_max,,,,,3.5193
10-8,173,discharge-high,V_max,,,,,3.5181
10-8,174,discharge-high,V_max,,,,,3.519
10-8,176,discharge-high,V_max,,,,,3.5193
10-8,178,discharge-high,V_max,,,,,3.5187
10-8,185,discharge-high,V_max,,,,,3.519
10-8,190,discharge-high,V_max,,,,,3.519
10-8,192,discharge-high,V_max,,,,,3.5181
10-8,193,discharge-high,V_max,,,,,3.5181
10-8,195,discharge-high,V_max,,,,,3.5181
10-8,196,discharge-high,V_max,,,,,3.519
10-8,199,discharge-high,V_max,,,,,3.5181
10-8,200,discharge-high,V_max,,,,,3.5187
10-8,201,discharge-high,V_max,,,,,3.519
10-8,203,discharge-high,V_max,,,,,3.5181
10-8,204,discharge-high,V_max,,,,,3.5181
10-8,205,discharge-high,V_max,,,,,3.5196
10-8,206,discharge-high,V_max,,,,,3.5181
10-8,208,discharge-high,V_max,,,,,3.5181
10-8,210,discharge-high,V_max,,,,,3.5187
10-8,211,discharge-high,V_max,,,,,3.519
10-8,216,discharge-high,V_max,,,,,3.5187
10-8,218,discharge-high,V_max,,,,,3.5181
10-8,221,discharge-high,V_max,,,,,3.5181
10-8,223,discharge-high,V_max,,,,,3.5181
10-8,231,discharge-high,V_max,,,,,3.5181
10-8,233,discharge-high,V_max,,,,,3.5187
10-8,236,discharge-high,V_max,,,,,3.519
10-8,238,discharge-high,V_max,,,,,3.519
10-8,239,discharge-high,V_max,,,,,3.519
10-8,241,discharge-high,V_max,,,,,3.5181
10-8,244,discharge-high,V_max,,,,,3.5181
10-8,245,discharge-high,V_max,,,,,3.5181
10-8,251,discharge-high,V_max,,,,,3.5181
10-8,252,discharge-high,V_max,,,,,3.5181
10-8,261,discharge-high,V_max,,,,,3.5181
10-8,266,discharge-high,V_max,,,,,3.5181
10-8,271,discharge-high,V_max,,,,,3.5181
10-8,273,discharge-high,V_max,,,,,3.5181
10-8,324,discharge-high,V_max,,,,,3.5181
10-8,354,discharge-high,V_max,,,,,3.5181
10-8,356,discharge-high,V_max,,,,,3.5181
10-8,403,discharge-high,V_max,,,,,3.5181
3-8,5,discharge-mid,V_std,0.0131756581545986,,,,
8-6,2,discharge-mid,V_std,0.0129399806721239,,,,
8-6,3,discharge-mid,V_std,0.0126899613268919,,,,
8-6,4,discharge-mid,V_std,0.0127855801826143,,,,
8-6,5,discharge-mid,V_std,0.0129676956356159,,,,
8-6,6,discharge-mid,V_std,0.0128932235756537,,,,
8-6,7,discharge-mid,V_std,0.0128994129835476,,,,
8-6,8,discharge-mid,V_std,0.0126294114395802,,,,
8-6,9,discharge-mid,V_std,0.0126319282709975,,,,
8-6,10,discharge-mid,V_std,0.0126659594138841,,,,
8-6,11,discharge-mid,V_std,0.0126441521969283,,,,
8-6,12,discharge-mid,V_std,0.0125526015829434,,,,
8-6,13,discharge-mid,V_std,0.0127442364724706,,,,
8-6,14,discharge-mid,V_std,0.0128133974892018,,,,
8-6,15,discharge-mid,V_std,0.0128135863903594,,,,
8-6,16,discharge-mid,V_std,0.0127929518097819,,,,
8-6,17,discharge-mid,V_std,0.0127825074882352,,,,
8-6,18,discharge-mid,V_std,0.0128103051710356,,,,
8-6,19,discharge-mid,V_std,0.0128575602573526,,,,
8-6,20,discharge-mid,V_std,0.012748225691041,,,,
8-6,21,discharge-mid,V_std,0.012740201679674,,,,
8-6,22,discharge-mid,V_std,0.0128722166904548,,,,
8-6,23,discharge-mid,V_std,0.0129086267277826,,,,
8-6,24,discharge-mid,V_std,0.012845522756682,,,,
8-6,25,discharge-mid,V_std,0.0129016115914352,,,,
8-6,26,discharge-mid,V_std,0.0128878806038261,,,,
8-6,27,discharge-mid,V_std,0.0128785629315919,,,,
8-6,28,discharge-mid,V_std,0.0127381081751789,,,,
8-6,29,discharge-mid,V_std,0.0126651452300932,,,,
8-6,30,discharge-mid,V_std,0.0128941337310462,,,,
8-6,31,discharge-mid,V_std,0.0127869280543199,,,,
8-6,32,discharge-mid,V_std,0.0128111539408647,,,,
8-6,33,discharge-mid,V_std,0.0127967700894046,,,,
8-6,34,discharge-mid,V_std,0.0126942081567983,,,,
8-6,35,discharge-mid,V_std,0.012749116419017,,,,
8-6,36,discharge-mid,V_std,0.0127125630826039,,,,
8-6,37,discharge-mid,V_std,0.0127606674658885,,,,
8-6,38,discharge-mid,V_std,0.0127187361389566,,,,
8-6,39,discharge-mid,V_std,0.0126808108644856,,,,
8-6,40,discharge-mid,V_std,0.0127250128889551,,,,
8-6,41,discharge-mid,V_std,0.0126575547986999,,,,
8-6,42,discharge-mid,V_std,0.0127534421913277,,,,
8-6,43,discharge-mid,V_std,0.0127988008191203,,,,
8-6,44,discharge-mid,V_std,0.0128136319988883,,,,
8-6,45,discharge-mid,V_std,0.0127716299665449,,,,
8-6,46,discharge-mid,V_std,0.012930344537338,,,,
8-6,47,discharge-mid,V_std,0.012825294800873,,,,
8-6,48,discharge-mid,V_std,0.0128127096691665,,,,
8-6,49,discharge-mid,V_std,0.0129374499525301,,,,
8-6,50,discharge-mid,V_std,0.0128918733363682,,,,
8-6,51,discharge-mid,V_std,0.0129233304437845,,,,
8-6,52,discharge-mid,V_std,0.0129081843697261,,,,
8-6,53,discharge-mid,V_std,0.0129152001832014,,,,
8-6,54,discharge-mid,V_std,0.012948614464838,,,,
8-6,55,discharge-mid,V_std,0.012893410125423,,,,
8-6,56,discharge-mid,V_std,0.0127468944386253,,,,
8-6,57,discharge-mid,V_std,0.012906449383998,,,,
8-6,58,discharge-mid,V_std,0.0129513442419963,,,,
8-6,59,discharge-mid,V_std,0.0129882804574937,,,,
8-6,60,discharge-mid,V_std,0.0129418786102035,,,,
8-6,61,discharge-mid,V_std,0.0128948530610791,,,,
8-6,62,discharge-mid,V_std,0.0129561676695368,,,,
8-6,63,discharge-mid,V_std,0.0128118239077258,,,,
8-6,64,discharge-mid,V_std,0.0127902052612973,,,,
8-6,65,discharge-mid,V_std,0.0128811288224919,,,,
8-6,66,discharge-mid,V_std,0.012960221040502,,,,
8-6,67,discharge-mid,V_std,0.0129630345305247,,,,
8-6,68,discharge-mid,V_std,0.0130372802552264,,,,
8-6,69,discharge-mid,V_std,0.0129261432103537,,,,
8-6,71,discharge-mid,V_std,0.0130742269093719,,,,
8-6,72,discharge-mid,V_std,0.0130151380762053,,,,
8-6,73,discharge-mid,V_std,0.0130504572985663,,,,
8-6,74,discharge-mid,V_std,0.0129106035978688,,,,
8-6,75,discharge-mid,V_std,0.0129188501567166,,,,
8-6,76,discharge-mid,V_std,0.0130561915352287,,,,
8-6,78,discharge-mid,V_std,0.0130704667250653,,,,
8-6,79,discharge-mid,V_std,0.0130221189036143,,,,
8-6,80,discharge-mid,V_std,0.0129704920992433,,,,
8-6,81,discharge-mid,V_std,0.0129498291556869,,,,
8-6,82,discharge-mid,V_std,0.0129757198165,,,,
8-6,83,discharge-mid,V_std,0.0129545325817371,,,,
8-6,84,discharge-mid,V_std,0.0127964480538572,,,,
8-6,85,discharge-mid,V_std,0.0128769493219582,,,,
8-6,86,discharge-mid,V_std,0.0128815116023956,,,,
8-6,87,discharge-mid,V_std,0.0129423004722875,,,,
8-6,88,discharge-mid,V_std,0.012938999299686,,,,
8-6,89,discharge-mid,V_std,0.0129999934504703,,,,
8-6,90,discharge-mid,V_std,0.0129683575790121,,,,
8-6,91,discharge-mid,V_std,0.0130218591235006,,,,
8-6,92,discharge-mid,V_std,0.0130977537037675,,,,
8-6,93,discharge-mid,V_std,0.0129096817592312,,,,
8-6,94,discharge-mid,V_std,0.0129069877714877,,,,
8-6,95,discharge-mid,V_std,0.0131490337987798,,,,
8-6,97,discharge-mid,V_std,0.0131674206037194,,,,
8-6,98,discharge-mid,V_std,0.0130987155399391,,,,
8-6,99,discharge-mid,V_std,0.0131084937478806,,,,
8-6,100,discharge-mid,V_std,0.0129693632160632,,,,
8-6,101,discharge-mid,V_std,0.0130401701281379,,,,
8-6,102,discharge-mid,V_std,0.0129689883765477,,,,
8-6,103,discharge-mid,V_std,0.0129319165982923,,,,
8-6,104,discharge-mid,V_std,0.0130979079932044,,,,
8-6,105,discharge-mid,V_std,0.0130894004330633,,,,
8-6,106,discharge-mid,V_std,0.0129810179520772,,,,
8-6,107,discharge-mid,V_std,0.0130210650166627,,,,
8-6,108,discharge-mid,V_std,0.0130914507555925,,,,
8-6,109,discharge-mid,V_std,0.0131469063361904,,,,
8-6,110,discharge-mid,V_std,0.0130488198722961,,,,
8-6,111,discharge-mid,V_std,0.0130112452379622,,,,
8-6,112,discharge-mid,V_std,0.0129507004297815,,,,
8-6,113,discharge-mid,V_std,0.0130160064754009,,,,
8-6,114,discharge-mid,V_std,0.0131019488779614,,,,
8-6,116,discharge-mid,V_std,0.0131543772572342,,,,
8-6,117,discharge-mid,V_std,0.013083810021359,,,,
8-6,118,discharge-mid,V_std,0.0130798510875419,,,,
8-6,119,discharge-mid,V_std,0.0131119109479138,,,,
8-6,120,discharge-mid,V_std,0.0131750730469054,,,,
8-6,121,discharge-mid,V_std,0.0130634021316588,,,,
8-6,122,discharge-mid,V_std,0.0130943181859051,,,,
8-6,123,discharge-mid,V_std,0.0131222465607166,,,,
8-6,124,discharge-mid,V_std,0.01311267352286,,,,
8-6,125,discharge-mid,V_std,0.0130812164196336,,,,
8-6,126,discharge-mid,V_std,0.0130588115361175,,,,
8-6,127,discharge-mid,V_std,0.0130781226781497,,,,
8-6,128,discharge-mid,V_std,0.0130292626022907,,,,
8-6,129,discharge-mid,V_std,0.0130120008137069,,,,
8-6,130,discharge-mid,V_std,0.013021039897944,,,,
8-6,131,discharge-mid,V_std,0.0130671979130929,,,,
8-6,132,discharge-mid,V_std,0.0130857917732454,,,,
8-6,135,discharge-mid,V_std,0.0131155772547874,,,,
8-6,137,discharge-mid,V_std,0.0131497826197141,,,,
8-6,140,discharge-mid,V_std,0.0131135284990686,,,,
8-6,141,discharge-mid,V_std,0.0131256467370545,,,,
8-6,142,discharge-mid,V_std,0.0131658193231417,,,,
8-6,151,discharge-mid,V_std,0.0131648007629966,,,,
8-6,164,discharge-mid,V_std,0.0131614164417033,,,,
8-6,165,discharge-mid,V_std,0.0131212828808003,,,,
8-6,166,discharge-mid,V_std,0.0131413328608807,,,,
8-6,167,discharge-mid,V_std,0.0130997506762917,,,,
8-6,168,discharge-mid,V_std,0.0130257107299133,,,,
8-6,169,discharge-mid,V_std,0.0130996976949704,,,,
8-6,170,discharge-mid,V_std,0.0130346531931723,,,,
8-6,171,discharge-mid,V_std,0.0130208728526532,,,,
8-6,172,discharge-mid,V_std,0.0131718844226703,,,,
8-6,174,discharge-mid,V_std,0.0131476260310345,,,,
8-6,175,discharge-mid,V_std,0.0131018604162263,,,,
8-6,177,discharge-mid,V_std,0.0131716025270217,,,,
10-5,1883,discharge-mid,V_std,0.0881356545673353,,,,
10-5,1884,discharge-mid,V_std,0.0883598582896216,,,,
10-5,1885,discharge-mid,V_std,0.0883228727973519,,,,
10-5,1886,discharge-mid,V_std,0.0881728736020353,,,,
10-5,1889,discharge-mid,V_std,0.088446065056907,,,,
10-5,1890,discharge-mid,V_std,0.0884388658815665,,,,
10-5,1891,discharge-mid,V_std,0.0883619941999236,,,,
10-5,1892,discharge-mid,V_std,0.0882667328329309,,,,
10-5,1895,discharge-mid,V_std,0.0884581646720747,,,,
10-5,1896,discharge-mid,V_std,0.0890679382502368,,,,
10-5,1897,discharge-mid,V_std,0.0894178344287315,,,,
10-5,1898,discharge-mid,V_std,0.0892826955943588,,,,
10-5,1899,discharge-mid,V_std,0.0890474729028272,,,,
10-5,1900,discharge-mid,V_std,0.0888192232799332,,,,
10-5,1901,discharge-mid,V_std,0.089343387823525,,,,
10-5,1902,discharge-mid,V_std,0.0893799825998918,,,,
10-5,1903,discharge-mid,V_std,0.089845457953496,,,,
10-5,1904,discharge-mid,V_std,0.089690730147363,,,,
10-5,1905,discharge-mid,V_std,0.0894091369612295,,,,
10-5,1906,discharge-mid,V_std,0.0891971569621284,,,,
10-5,1907,discharge-mid,V_std,0.0892411314513745,,,,
10-5,1908,discharge-mid,V_std,0.0901083335873491,,,,
10-5,1909,discharge-mid,V_std,0.0903283012092603,,,,
10-5,1910,discharge-mid,V_std,0.090401860782709,,,,
10-5,1911,discharge-mid,V_std,0.0903768605331653,,,,
10-5,1912,discharge-mid,V_std,0.0901928684809924,,,,
10-5,1913,discharge-mid,V_std,0.090249838717364,,,,
10-5,1914,discharge-mid,V_std,0.0901094599427728,,,,
10-5,1915,discharge-mid,V_std,0.0903883739396827,,,,
10-5,1916,discharge-mid,V_std,0.0903299115886919,,,,
10-5,1917,discharge-mid,V_std,0.0904300122267352,,,,
10-5,1918,discharge-mid,V_std,0.0905009541230159,,,,
10-5,1919,discharge-mid,V_std,0.0904119645295224,,,,
10-5,1920,discharge-mid,V_std,0.0901830266873938,,,,
10-5,1921,discharge-mid,V_std,0.0914501032182106,,,,
10-5,1922,discharge-mid,V_std,0.0914348199194721,,,,
10-5,1923,discharge-mid,V_std,0.0913793084637765,,,,
10-5,1924,discharge-mid,V_std,0.0914805564466691,,,,
10-5,1925,discharge-mid,V_std,0.0914325878186662,,,,
10-5,1926,discharge-mid,V_std,0.091002044571631,,,,
10-5,1927,discharge-mid,V_std,0.0913630417324499,,,,
10-5,1928,discharge-mid,V_std,0.0913732879318927,,,,
10-5,1929,discharge-mid,V_std,0.0913101771712609,,,,
10-5,1930,discharge-mid,V_std,0.0918071059859197,,,,
10-5,1931,discharge-mid,V_std,0.0918492398768362,,,,
10-5,1932,discharge-mid,V_std,0.0915789775380072,,,,
10-5,1933,discharge-mid,V_std,0.0912999662809803,,,,
10-5,1934,discharge-mid,V_std,0.091033103200606,,,,
10-5,1935,discharge-mid,V_std,0.0909171363955237,,,,
10-5,1936,discharge-mid,V_std,0.0915609061883777,,,,
10-5,1937,discharge-mid,V_std,0.09148917851139,,,,
10-5,1938,discharge-mid,V_std,0.0915793793594119,,,,
10-5,1939,discharge-mid,V_std,0.0908966318000318,,,,
10-5,1940,discharge-mid,V_std,0.0911065631984128,,,,
10-5,1941,discharge-mid,V_std,0.0911540597431376,,,,
10-5,1942,discharge-mid,V_std,0.0916442850159057,,,,
10-5,1943,discharge-mid,V_std,0.0916571761652285,,,,
10-5,1944,discharge-mid,V_std,0.091790625037851,,,,
10-5,1945,discharge-mid,V_std,0.0916316621434809,,,,
10-5,1946,discharge-mid,V_std,0.0911338104550974,,,,
10-5,1947,discharge-mid,V_std,0.0915232671581688,,,,
10-5,1948,discharge-mid,V_std,0.0917782060249708,,,,
10-5,1949,discharge-mid,V_std,0.0918320644557278,,,,
10-5,1950,discharge-mid,V_std,0.0919688436686121,,,,
10-5,1951,discharge-mid,V_std,0.0920045136749752,,,,
10-5,1952,discharge-mid,V_std,0.0912706382807021,,,,
10-5,1953,discharge-mid,V_std,0.0918485939124331,,,,
10-5,1954,discharge-mid,V_std,0.092077372550943,,,,
10-5,1955,discharge-mid,V_std,0.0921334081507405,,,,
10-5,1956,discharge-mid,V_std,0.0923073783531299,,,,
10-5,1957,discharge-mid,V_std,0.0924687504251831,,,,
10-5,1958,discharge-mid,V_std,0.0915308868365659,,,,
10-5,1959,discharge-mid,V_std,0.0918827792527529,,,,
10-5,1960,discharge-mid,V_std,0.0922804887272147,,,,
10-5,1961,discharge-mid,V_std,0.0924057364824562,,,,
10-5,1962,discharge-mid,V_std,0.0926158054864688,,,,
10-5,1963,discharge-mid,V_std,0.09234407239933,,,,
10-5,1964,discharge-mid,V_std,0.0908713163847101,,,,
10-5,1965,discharge-mid,V_std,0.0904328417976461,,,,
10-5,1966,discharge-mid,V_std,0.0911453763737527,,,,
10-5,1967,discharge-mid,V_std,0.0912984286979067,,,,
10-5,1968,discharge-mid,V_std,0.0915879425289052,,,,
10-5,1969,discharge-mid,V_std,0.0915347758580724,,,,
10-5,1970,discharge-mid,V_std,0.0915110638403619,,,,
10-5,1971,discharge-mid,V_std,0.0910214529706518,,,,
10-5,1972,discharge-mid,V_std,0.0913152836347262,,,,
10-5,1973,discharge-mid,V_std,0.0917812862989827,,,,
10-5,1974,discharge-mid,V_std,0.091715553541638,,,,
10-5,1975,discharge-mid,V_std,0.0916909018192007,,,,
10-5,1976,discharge-mid,V_std,0.0917005662187501,,,,
10-5,1977,discharge-mid,V_std,0.0913181222417585,,,,
10-5,1978,discharge-mid,V_std,0.0912267397670793,,,,
10-5,1979,discharge-mid,V_std,0.0917440782580563,,,,
10-5,1980,discharge-mid,V_std,0.091800755934563,,,,
10-5,1981,discharge-mid,V_std,0.0919237522085325,,,,
10-5,1982,discharge-mid,V_std,0.0921065989347528,,,,
10-5,1983,discharge-mid,V_std,0.0919979467771419,,,,
10-5,1984,discharge-mid,V_std,0.0917946133811582,,,,
10-5,1985,discharge-mid,V_std,0.0920298505022074,,,,
10-5,1986,discharge-mid,V_std,0.0920692157718338,,,,
10-5,1987,discharge-mid,V_std,0.0920629317184902,,,,
10-5,1988,discharge-mid,V_std,0.0923214632723755,,,,
10-5,1989,discharge-mid,V_std,0.0920997844986366,,,,
10-5,1990,discharge-mid,V_std,0.091550880878033,,,,
10-5,1991,discharge-mid,V_std,0.0920623861866666,,,,
10-5,1992,discharge-mid,V_std,0.0922567446481119,,,,
10-5,1993,discharge-mid,V_std,0.0924776506646923,,,,
10-5,1994,discharge-mid,V_std,0.0926736339575741,,,,
10-5,1995,discharge-mid,V_std,0.0913784683825304,,,,
10-5,1996,discharge-mid,V_std,0.0906440555425164,,,,
10-5,1997,discharge-mid,V_std,0.0909712152614866,,,,
10-5,1998,discharge-mid,V_std,0.09137626795015,,,,
10-5,1999,discharge-mid,V_std,0.0916707979764573,,,,
10-5,2000,discharge-mid,V_std,0.0918834138623171,,,,
10-5,2001,discharge-mid,V_std,0.0917268556410624,,,,
10-5,2002,discharge-mid,V_std,0.091189987016434,,,,
10-5,2003,discharge-mid,V_std,0.0912823635807519,,,,
10-5,2004,discharge-mid,V_std,0.0918343812987094,,,,
10-5,2005,discharge-mid,V_std,0.0918219385207672,,,,
10-5,2006,discharge-mid,V_std,0.0921465985930163,,,,
10-5,2007,discharge-mid,V_std,0.092047656922421,,,,
10-5,2008,discharge-mid,V_std,0.0916216183929197,,,,
10-5,2009,discharge-mid,V_std,0.0916734803863786,,,,
10-5,2010,discharge-mid,V_std,0.0921050667364373,,,,
10-5,2011,discharge-mid,V_std,0.0924773657072239,,,,
10-5,2012,discharge-mid,V_std,0.0923732170063146,,,,
10-5,2013,discharge-mid,V_std,0.0924258375733096,,,,
10-5,2014,discharge-mid,V_std,0.0918697163934328,,,,
10-5,2015,discharge-mid,V_std,0.0918477108660961,,,,
10-5,2016,discharge-mid,V_std,0.0921166786789585,,,,
10-5,2017,discharge-mid,V_std,0.0925551000941955,,,,
10-5,2018,discharge-mid,V_std,0.0926175504032073,,,,
10-5,2019,discharge-mid,V_std,0.0923974016328642,,,,
10-5,2020,discharge-mid,V_std,0.0924523507426509,,,,
10-5,2021,discharge-mid,V_std,0.0918994327653372,,,,
10-5,2022,discharge-mid,V_std,0.0924608867454535,,,,
10-5,2023,discharge-mid,V_std,0.092586888792944,,,,
10-5,2024,discharge-mid,V_std,0.0926102426100754,,,,
10-5,2025,discharge-mid,V_std,0.0926313140789082,,,,
10-5,2026,discharge-mid,V_std,0.0923894095229967,,,,
10-5,2027,discharge-mid,V_std,0.090457077222011,,,,
10-5,2028,discharge-mid,V_std,0.0909342945923833,,,,
10-5,2029,discharge-mid,V_std,0.0910945645977196,,,,
10-5,2030,discharge-mid,V_std,0.0911296806825234,,,,
3-5,2590,discharge-mid,count,,47.0,,,
3-5,2591,discharge-mid,count,,47.0,,,
3-5,2592,discharge-mid,count,,47.0,,,
3-5,2593,discharge-mid,count,,47.0,,,
3-5,2594,discharge-mid,count,,47.0,,,
3-5,2595,discharge-mid,count,,47.0,,,
3-5,2596,discharge-mid,count,,47.0,,,
3-5,2653,discharge-mid,count,,47.0,,,
3-5,2654,discharge-mid,count,,47.0,,,
3-5,2655,discharge-mid,count,,47.0,,,
3-5,2656,discharge-mid,count,,47.0,,,
3-5,2657,discharge-mid,count,,47.0,,,
3-6,2439,discharge-mid,count,,47.0,,,
3-6,2440,discharge-mid,count,,47.0,,,
3-6,2441,discharge-mid,count,,47.0,,,
3-6,2442,discharge-mid,count,,47.0,,,
3-6,2443,discharge-mid,count,,47.0,,,
3-6,2444,discharge-mid,count,,47.0,,,
3-6,2445,discharge-mid,count,,47.0,,,
3-6,2446,discharge-mid,count,,47.0,,,
3-6,2484,discharge-mid,count,,47.0,,,
3-6,2485,discharge-mid,count,,47.0,,,
3-6,2486,discharge-mid,count,,47.0,,,
3-6,2487,discharge-mid,count,,47.0,,,
3-6,2488,discharge-mid,count,,47.0,,,
3-6,2489,discharge-mid,count,,47.0,,,
3-6,2490,discharge-mid,count,,47.0,,,
3-6,2491,discharge-mid,count,,47.0,,,
3-7,2408,discharge-mid,count,,47.0,,,
3-7,2409,discharge-mid,count,,47.0,,,
3-7,2410,discharge-mid,count,,47.0,,,
3-7,2411,discharge-mid,count,,47.0,,,
3-7,2412,discharge-mid,count,,47.0,,,
3-7,2413,discharge-mid,count,,47.0,,,
3-7,2414,discharge-mid,count,,47.0,,,
3-7,2472,discharge-mid,count,,47.0,,,
3-7,2473,discharge-mid,count,,47.0,,,
3-7,2474,discharge-mid,count,,47.0,,,
3-7,2475,discharge-mid,count,,47.0,,,
3-7,2476,discharge-mid,count,,47.0,,,
3-7,2477,discharge-mid,count,,47.0,,,
3-7,2478,discharge-mid,count,,47.0,,,
3-7,2479,discharge-mid,count,,47.0,,,
3-8,2306,discharge-mid,count,,47.0,,,
3-8,2307,discharge-mid,count,,47.0,,,
3-8,2308,discharge-mid,count,,47.0,,,
3-8,2309,discharge-mid,count,,47.0,,,
3-8,2310,discharge-mid,count,,47.0,,,
3-8,2338,discharge-mid,count,,47.0,,,
3-8,2339,discharge-mid,count,,47.0,,,
3-8,2340,discharge-mid,count,,47.0,,,
3-8,2341,discharge-mid,count,,47.0,,,
3-8,2342,discharge-mid,count,,47.0,,,
4-1,2186,discharge-mid,count,,47.0,,,
4-1,2187,discharge-mid,count,,47.0,,,
4-1,2188,discharge-mid,count,,47.0,,,
4-1,2189,discharge-mid,count,,47.0,,,
4-1,2215,discharge-mid,count,,47.0,,,
4-1,2216,discharge-mid,count,,47.0,,,
4-2,8,discharge-mid,count,,283.0,,,
4-2,9,discharge-mid,count,,284.0,,,
4-2,12,discharge-mid,count,,285.0,,,
4-2,13,discharge-mid,count,,285.0,,,
4-2,15,discharge-mid,count,,286.0,,,
4-2,16,discharge-mid,count,,286.0,,,
4-2,17,discharge-mid,count,,286.0,,,
4-2,18,discharge-mid,count,,287.0,,,
4-2,21,discharge-mid,count,,287.0,,,
4-2,22,discharge-mid,count,,287.0,,,
4-2,23,discharge-mid,count,,287.0,,,
4-2,24,discharge-mid,count,,287.0,,,
4-2,25,discharge-mid,count,,288.0,,,
4-2,26,discharge-mid,count,,287.0,,,
4-2,27,discharge-mid,count,,287.0,,,
4-2,28,discharge-mid,count,,287.0,,,
4-2,29,discharge-mid,count,,287.0,,,
4-2,30,discharge-mid,count,,287.0,,,
4-2,31,discharge-mid,count,,288.0,,,
4-2,32,discharge-mid,count,,287.0,,,
4-2,33,discharge-mid,count,,288.0,,,
4-2,34,discharge-mid,count,,288.0,,,
4-2,35,discharge-mid,count,,288.0,,,
4-2,36,discharge-mid,count,,287.0,,,
4-2,37,discharge-mid,count,,288.0,,,
4-2,38,discharge-mid,count,,288.0,,,
4-2,39,discharge-mid,count,,288.0,,,
4-2,40,discharge-mid,count,,288.0,,,
4-2,41,discharge-mid,count,,288.0,,,
4-2,42,discharge-mid,count,,287.0,,,
4-2,43,discharge-mid,count,,288.0,,,
4-2,44,discharge-mid,count,,288.0,,,
4-2,45,discharge-mid,count,,288.0,,,
4-2,46,discharge-mid,count,,287.0,,,
4-2,47,discharge-mid,count,,287.0,,,
4-2,48,discharge-mid,count,,287.0,,,
4-2,49,discharge-mid,count,,288.0,,,
4-2,50,discharge-mid,count,,287.0,,,
4-2,51,discharge-mid,count,,287.0,,,
4-2,52,discharge-mid,count,,287.0,,,
4-2,53,discharge-mid,count,,287.0,,,
4-2,54,discharge-mid,count,,287.0,,,
4-2,55,discharge-mid,count,,287.0,,,
4-2,56,discharge-mid,count,,287.0,,,
4-2,57,discharge-mid,count,,287.0,,,
4-2,58,discharge-mid,count,,287.0,,,
4-2,59,discharge-mid,count,,287.0,,,
4-2,60,discharge-mid,count,,287.0,,,
4-2,61,discharge-mid,count,,287.0,,,
4-2,62,discharge-mid,count,,287.0,,,
4-2,63,discharge-mid,count,,287.0,,,
4-2,64,discharge-mid,count,,287.0,,,
4-2,65,discharge-mid,count,,287.0,,,
4-2,66,discharge-mid,count,,287.0,,,
4-2,67,discharge-mid,count,,287.0,,,
4-2,68,discharge-mid,count,,287.0,,,
4-2,69,discharge-mid,count,,287.0,,,
4-2,70,discharge-mid,count,,286.0,,,
4-2,71,discharge-mid,count,,286.0,,,
4-2,72,discharge-mid,count,,286.0,,,
4-2,73,discharge-mid,count,,287.0,,,
4-2,74,discharge-mid,count,,286.0,,,
4-2,75,discharge-mid,count,,286.0,,,
4-2,76,discharge-mid,count,,286.0,,,
4-2,77,discharge-mid,count,,286.0,,,
4-2,78,discharge-mid,count,,286.0,,,
4-2,79,discharge-mid,count,,286.0,,,
4-2,80,discharge-mid,count,,286.0,,,
4-2,81,discharge-mid,count,,286.0,,,
4-2,82,discharge-mid,count,,286.0,,,
4-2,83,discharge-mid,count,,286.0,,,
4-2,84,discharge-mid,count,,285.0,,,
4-2,85,discharge-mid,count,,286.0,,,
4-2,86,discharge-mid,count,,285.0,,,
4-2,87,discharge-mid,count,,285.0,,,
4-2,88,discharge-mid,count,,285.0,,,
4-2,89,discharge-mid,count,,285.0,,,
4-2,90,discharge-mid,count,,285.0,,,
4-2,91,discharge-mid,count,,285.0,,,
4-2,92,discharge-mid,count,,285.0,,,
4-2,93,discharge-mid,count,,285.0,,,
4-2,94,discharge-mid,count,,285.0,,,
4-2,95,discharge-mid,count,,285.0,,,
4-2,96,discharge-mid,count,,285.0,,,
4-2,97,discharge-mid,count,,285.0,,,
4-2,98,discharge-mid,count,,285.0,,,
4-2,99,discharge-mid,count,,285.0,,,
4-2,100,discharge-mid,count,,285.0,,,
4-2,101,discharge-mid,count,,285.0,,,
4-2,102,discharge-mid,count,,285.0,,,
4-2,103,discharge-mid,count,,285.0,,,
4-2,104,discharge-mid,count,,285.0,,,
4-2,105,discharge-mid,count,,285.0,,,
4-2,106,discharge-mid,count,,285.0,,,
4-2,107,discharge-mid,count,,284.0,,,
4-2,108,discharge-mid,count,,284.0,,,
4-2,109,discharge-mid,count,,284.0,,,
4-2,110,discharge-mid,count,,284.0,,,
4-2,111,discharge-mid,count,,284.0,,,
4-2,112,discharge-mid,count,,284.0,,,
4-2,113,discharge-mid,count,,284.0,,,
4-2,114,discharge-mid,count,,284.0,,,
4-2,115,discharge-mid,count,,284.0,,,
4-2,116,discharge-mid,count,,284.0,,,
4-2,117,discharge-mid,count,,284.0,,,
4-2,118,discharge-mid,count,,284.0,,,
4-2,119,discharge-mid,count,,284.0,,,
4-2,120,discharge-mid,count,,284.0,,,
4-2,121,discharge-mid,count,,284.0,,,
4-2,122,discharge-mid,count,,283.0,,,
4-2,123,discharge-mid,count,,283.0,,,
4-2,124,discharge-mid,count,,283.0,,,
4-2,125,discharge-mid,count,,283.0,,,
4-2,126,discharge-mid,count,,283.0,,,
4-2,127,discharge-mid,count,,284.0,,,
4-2,128,discharge-mid,count,,283.0,,,
4-2,129,discharge-mid,count,,283.0,,,
4-2,130,discharge-mid,count,,283.0,,,
4-2,131,discharge-mid,count,,283.0,,,
4-2,132,discharge-mid,count,,283.0,,,
4-2,133,discharge-mid,count,,283.0,,,
4-2,134,discharge-mid,count,,283.0,,,
4-2,135,discharge-mid,count,,283.0,,,
4-2,136,discharge-mid,count,,283.0,,,
4-2,137,discharge-mid,count,,283.0,,,
4-2,138,discharge-mid,count,,283.0,,,
4-2,139,discharge-mid,count,,283.0,,,
4-2,140,discharge-mid,count,,283.0,,,
4-2,141,discharge-mid,count,,283.0,,,
4-2,142,discharge-mid,count,,283.0,,,
4-2,143,discharge-mid,count,,283.0,,,
4-2,144,discharge-mid,count,,283.0,,,
4-2,145,discharge-mid,count,,283.0,,,
4-2,146,discharge-mid,count,,283.0,,,
4-2,147,discharge-mid,count,,283.0,,,
3-5,1929,discharge-mid,I_std,,,2.202866088614448,,
3-5,1930,discharge-mid,I_std,,,2.2028462133214246,,
3-5,1931,discharge-mid,I_std,,,2.2028651031869875,,
3-5,1932,discharge-mid,I_std,,,2.2028402995096354,,
3-5,1933,discharge-mid,I_std,,,2.2028454974703147,,
3-5,1938,discharge-mid,I_std,,,2.2044874972040835,,
3-5,1939,discharge-mid,I_std,,,2.204593795304545,,
3-5,1940,discharge-mid,I_std,,,2.2044946577785245,,
3-5,1941,discharge-mid,I_std,,,2.204585552335137,,
3-5,1942,discharge-mid,I_std,,,2.2046045454347807,,
3-5,1943,discharge-mid,I_std,,,2.2046018218825685,,
3-5,1944,discharge-mid,I_std,,,2.2045977011525157,,
3-5,1945,discharge-mid,I_std,,,2.2046018218825685,,
3-5,1946,discharge-mid,I_std,,,2.2045976042663087,,
3-5,1947,discharge-mid,I_std,,,2.204613872657124,,
3-5,1948,discharge-mid,I_std,,,2.204605292472366,,
3-5,1949,discharge-mid,I_std,,,2.206075507661789,,
3-5,1950,discharge-mid,I_std,,,2.206157977204502,,
3-5,1951,discharge-mid,I_std,,,2.2061697669548868,,
3-5,1952,discharge-mid,I_std,,,2.206133230967562,,
3-5,1953,discharge-mid,I_std,,,2.206093756640072,,
3-5,1954,discharge-mid,I_std,,,2.2061085045023283,,
3-5,1955,discharge-mid,I_std,,,2.2061279602227253,,
3-5,1956,discharge-mid,I_std,,,2.206125022763476,,
3-5,1957,discharge-mid,I_std,,,2.206079028836776,,
3-5,1958,discharge-mid,I_std,,,2.2061279602227253,,
3-5,1959,discharge-mid,I_std,,,2.206079048740204,,
3-5,1960,discharge-mid,I_std,,,2.206071403267761,,
3-5,1961,discharge-mid,I_std,,,2.2074691866524634,,
3-5,1962,discharge-mid,I_std,,,2.207505549918121,,
3-5,1963,discharge-mid,I_std,,,2.207466353348765,,
3-5,1964,discharge-mid,I_std,,,2.207489554478486,,
3-5,1965,discharge-mid,I_std,,,2.2074689187352643,,
3-5,1966,discharge-mid,I_std,,,2.207461958363164,,
3-5,1967,discharge-mid,I_std,,,2.207494194491025,,
3-5,1968,discharge-mid,I_std,,,2.207532363771465,,
3-5,1969,discharge-mid,I_std,,,2.208735993408541,,
3-5,1970,discharge-mid,I_std,,,2.208730019353605,,
3-5,1971,discharge-mid,I_std,,,2.2087382781459017,,
3-5,1972,discharge-mid,I_std,,,2.208730019353605,,
3-5,1973,discharge-mid,I_std,,,2.2087341484239262,,
3-5,1974,discharge-mid,I_std,,,2.208727734586624,,
3-5,1975,discharge-mid,I_std,,,2.2087382781459017,,
3-5,1976,discharge-mid,I_std,,,2.2087299163590197,,
3-5,1977,discharge-mid,I_std,,,2.208732303436093,,
3-5,1978,discharge-mid,I_std,,,2.2087300186871395,,
3-5,1979,discharge-mid,I_std,,,2.2087176313873176,,
3-5,1980,discharge-mid,I_std,,,2.2097075089209706,,
3-5,1981,discharge-mid,I_std,,,2.209691347575181,,
3-5,1982,discharge-mid,I_std,,,2.209698884593716,,
3-5,1983,discharge-mid,I_std,,,2.210225884418028,,
3-5,1984,discharge-mid,I_std,,,2.2102393499500232,,
3-5,1985,discharge-mid,I_std,,,2.210221296870773,,
3-5,1986,discharge-mid,I_std,,,2.210237192554185,,
3-5,1987,discharge-mid,I_std,,,2.210239077232051,,
3-5,1988,discharge-mid,I_std,,,2.2102293810971365,,
3-5,1989,discharge-mid,I_std,,,2.210723523839702,,
3-5,1990,discharge-mid,I_std,,,2.210668844635441,,
3-5,1991,discharge-mid,I_std,,,2.2106723091977245,,
3-5,1992,discharge-mid,I_std,,,2.2106748131009177,,
3-5,1993,discharge-mid,I_std,,,2.2107015758188786,,
3-5,1994,discharge-mid,I_std,,,2.210700804791476,,
3-5,1995,discharge-mid,I_std,,,2.2106112716149613,,
3-5,1996,discharge-mid,I_std,,,2.210616273912782,,
3-5,1997,discharge-mid,I_std,,,2.210601838912842,,
3-5,1998,discharge-mid,I_std,,,2.210665187074536,,
3-5,1999,discharge-mid,I_std,,,2.210641308149184,,
3-5,2000,discharge-mid,I_std,,,2.210915309579659,,
3-5,2001,discharge-mid,I_std,,,2.2109238341337747,,
3-5,2002,discharge-mid,I_std,,,2.210996945760499,,
3-5,2003,discharge-mid,I_std,,,2.2109786957027966,,
3-5,2004,discharge-mid,I_std,,,2.2109786957027966,,
3-5,2005,discharge-mid,I_std,,,2.210972684649912,,
3-5,2006,discharge-mid,I_std,,,2.2109949784497487,,
3-5,2007,discharge-mid,I_std,,,2.2109889676920886,,
3-5,2008,discharge-mid,I_std,,,2.2109969464409143,,
3-5,2009,discharge-mid,I_std,,,2.2109870227070254,,
3-5,2010,discharge-mid,I_std,,,2.210991087535081,,
3-5,2011,discharge-mid,I_std,,,2.2109890551303404,,
3-5,2012,discharge-mid,I_std,,,2.2109830006407045,,
3-5,2013,discharge-mid,I_std,,,2.210997142682783,,
3-5,2014,discharge-mid,I_std,,,2.210991087535081,,
3-5,2015,discharge-mid,I_std,,,2.2110010531948405,,
3-5,2016,discharge-mid,I_std,,,2.210993099258028,,
3-5,2017,discharge-mid,I_std,,,2.2109890558183185,,
3-5,2018,discharge-mid,I_std,,,2.210997142682783,,
3-5,2019,discharge-mid,I_std,,,2.210995131647813,,
3-5,2020,discharge-mid,I_std,,,2.2107231743598037,,
3-5,2021,discharge-mid,I_std,,,2.21070090182686,,
3-5,2022,discharge-mid,I_std,,,2.210714789645109,,
3-5,2023,discharge-mid,I_std,,,2.210715087151565,,
3-5,2024,discharge-mid,I_std,,,2.2107170742769613,,
3-5,2025,discharge-mid,I_std,,,2.2107170742769613,,
3-5,2026,discharge-mid,I_std,,,2.2107251614549464,,
3-5,2027,discharge-mid,I_std,,,2.210721117873518,,
3-5,2028,discharge-mid,I_std,,,2.210715087151565,,
3-5,2029,discharge-mid,I_std,,,2.210693025655236,,
3-5,2030,discharge-mid,I_std,,,2.2107170742769613,,
3-5,2031,discharge-mid,I_std,,,2.2101824340330305,,
3-5,2032,discharge-mid,I_std,,,2.2101441120721224,,
3-5,2033,discharge-mid,I_std,,,2.210146051580224,,
3-5,2034,discharge-mid,I_std,,,2.210166263503156,,
3-5,2035,discharge-mid,I_std,,,2.210200424800892,,
3-5,2036,discharge-mid,I_std,,,2.2101743484467637,,
3-5,2037,discharge-mid,I_std,,,2.210165865045347,,
3-5,2038,discharge-mid,I_std,,,2.2101441120721224,,
3-5,2039,discharge-mid,I_std,,,2.2092920149575197,,
3-5,2040,discharge-mid,I_std,,,2.209263728819651,,
3-5,2041,discharge-mid,I_std,,,2.2092577999185834,,
3-5,2042,discharge-mid,I_std,,,2.2092618408728453,,
3-5,2043,discharge-mid,I_std,,,2.2092618408728453,,
3-5,2044,discharge-mid,I_std,,,2.2092537596610957,,
3-5,2045,discharge-mid,I_std,,,2.209251872376084,,
3-5,2046,discharge-mid,I_std,,,2.2092642595826746,,
3-5,2047,discharge-mid,I_std,,,2.2092723407634547,,
3-5,2048,discharge-mid,I_std,,,2.2092580656329988,,
3-5,2049,discharge-mid,I_std,,,2.209237864113318,,
3-5,2050,discharge-mid,I_std,,,2.2092577999185834,,
3-5,2051,discharge-mid,I_std,,,2.2080300654310743,,
3-5,2052,discharge-mid,I_std,,,2.2080342257212355,,
3-5,2053,discharge-mid,I_std,,,2.2080342257212355,,
3-5,2054,discharge-mid,I_std,,,2.2080296948789133,,
3-5,2055,discharge-mid,I_std,,,2.2080239453935504,,
3-5,2056,discharge-mid,I_std,,,2.208034226442176,,
3-5,2057,discharge-mid,I_std,,,2.2080404687190565,,
3-5,2058,discharge-mid,I_std,,,2.208042303146694,,
3-5,2059,discharge-mid,I_std,,,2.20648877861234,,
3-5,2060,discharge-mid,I_std,,,2.2064717135185745,,
3-5,2061,discharge-mid,I_std,,,2.2064820427322456,,
3-5,2062,discharge-mid,I_std,,,2.2065304700850583,,
3-5,2063,discharge-mid,I_std,,,2.206503998928248,,
3-5,2064,discharge-mid,I_std,,,2.206443463681925,,
3-5,2065,discharge-mid,I_std,,,2.206449756560858,,
3-5,2066,discharge-mid,I_std,,,2.206449756560858,,
3-5,2067,discharge-mid,I_std,,,2.206460085960645,,
3-5,2068,discharge-mid,I_std,,,2.20645749056058,,
3-5,2069,discharge-mid,I_std,,,2.2064471625196527,,
3-5,2070,discharge-mid,I_std,,,2.206444568069076,,
3-5,2071,discharge-mid,I_std,,,2.204444459952544,,
3-5,2072,discharge-mid,I_std,,,2.2044393051840308,,
3-5,2073,discharge-mid,I_std,,,2.2044042084212827,,
3-5,2074,discharge-mid,I_std,,,2.204375984183477,,
3-5,2075,discharge-mid,I_std,,,2.204373736589053,,
3-5,2076,discharge-mid,I_std,,,2.2043570131060832,,
3-5,2077,discharge-mid,I_std,,,2.2043535100332057,,
3-5,2078,discharge-mid,I_std,,,2.204348948668453,,
3-5,2079,discharge-mid,I_std,,,2.2043552943710885,,
3-5,2491,discharge-mid,I_std,,,8.973825869789965e-16,,
3-5,2492,discharge-mid,I_std,,,8.973825869789965e-16,,
3-5,2537,discharge-mid,I_std,,,0.0,,
3-5,2564,discharge-mid,I_std,,,0.0,,
3-5,2603,discharge-mid,I_std,,,0.0,,
3-5,2611,discharge-mid,I_std,,,0.0,,
3-5,2621,discharge-mid,I_std,,,0.0,,
3-5,2630,discharge-mid,I_std,,,0.0,,
3-6,2369,discharge-mid,I_std,,,0.0,,
3-6,2379,discharge-mid,I_std,,,0.0,,
3-6,2383,discharge-mid,I_std,,,0.0,,
3-6,2385,discharge-mid,I_std,,,0.0,,
3-6,2386,discharge-mid,I_std,,,0.0,,
3-6,2387,discharge-mid,I_std,,,0.0,,
3-6,2393,discharge-mid,I_std,,,0.0,,
3-6,2395,discharge-mid,I_std,,,0.0,,
3-6,2415,discharge-mid,I_std,,,0.0,,
3-6,2423,discharge-mid,I_std,,,0.0,,
3-6,2424,discharge-mid,I_std,,,0.0,,
3-6,2430,discharge-mid,I_std,,,0.0,,
3-6,2431,discharge-mid,I_std,,,0.0,,
3-6,2482,discharge-mid,I_std,,,0.0,,
3-7,2337,discharge-mid,I_std,,,0.0,,
3-7,2341,discharge-mid,I_std,,,0.0,,
3-7,2347,discharge-mid,I_std,,,0.0,,
3-7,2348,discharge-mid,I_std,,,0.0,,
3-7,2407,discharge-mid,I_std,,,0.0,,
3-7,2454,discharge-mid,I_std,,,0.0,,
3-7,2459,discharge-mid,I_std,,,0.0,,
3-7,2463,discharge-mid,I_std,,,0.0,,
3-8,2243,discharge-mid,I_std,,,8.973825869789965e-16,,
3-8,2311,discharge-mid,I_std,,,0.0,,
3-8,2313,discharge-mid,I_std,,,0.0,,
4-1,2146,discharge-mid,I_std,,,0.0,,
4-1,2176,discharge-mid,I_std,,,0.0,,
4-1,2193,discharge-mid,I_std,,,0.0,,
4-1,2198,discharge-mid,I_std,,,0.0,,
6-1,1566,discharge-mid,I_std,,,4.9057789051938014e-05,,
6-1,1571,discharge-mid,I_std,,,4.9057789051938014e-05,,
6-1,1576,discharge-mid,I_std,,,4.905778905193802e-05,,
6-1,1577,discharge-mid,I_std,,,4.776679460325107e-05,,
6-1,1578,discharge-mid,I_std,,,8.956737291214457e-16,,
6-1,1579,discharge-mid,I_std,,,4.9057789051938014e-05,,
6-1,1581,discharge-mid,I_std,,,8.956737291214457e-16,,
6-1,1582,discharge-mid,I_std,,,4.9057789051938014e-05,,
6-1,1585,discharge-mid,I_std,,,4.9057789051938014e-05,,
6-1,1587,discharge-mid,I_std,,,4.776679460325107e-05,,
6-1,1588,discharge-mid,I_std,,,4.776679460325107e-05,,
6-1,1589,discharge-mid,I_std,,,8.956737291214457e-16,,
6-1,1590,discharge-mid,I_std,,,4.905778905193802e-05,,
6-1,1591,discharge-mid,I_std,,,8.958024086320762e-16,,
6-1,1592,discharge-mid,I_std,,,8.958024086320762e-16,,
6-1,1593,discharge-mid,I_std,,,4.816989706293133e-05,,
6-1,1597,discharge-mid,I_std,,,4.947178617269028e-05,,
6-1,1598,discharge-mid,I_std,,,4.816989706293133e-05,,
6-1,1601,discharge-mid,I_std,,,8.958024086320762e-16,,
6-1,1602,discharge-mid,I_std,,,8.958024086320762e-16,,
6-2,1825,discharge-mid,I_std,,,4.737364557519756e-05,,
6-4,4,discharge-mid,I_std,,,4.136725758366954e-05,,
6-4,5,discharge-mid,I_std,,,4.136725758366955e-05,,
6-4,82,discharge-mid,I_std,,,8.93853738913699e-16,,
6-4,197,discharge-mid,I_std,,,4.1628252334285806e-05,,
6-4,200,discharge-mid,I_std,,,4.1628252334285806e-05,,
6-4,291,discharge-mid,I_std,,,4.1894250263373104e-05,,
6-4,292,discharge-mid,I_std,,,4.18942502633731e-05,,
6-4,311,discharge-mid,I_std,,,0.0,,
6-4,332,discharge-mid,I_std,,,4.189425026337311e-05,,
6-4,442,discharge-mid,I_std,,,4.189425026337309e-05,,
6-4,471,discharge-mid,I_std,,,4.302652729747483e-05,,
6-4,479,discharge-mid,I_std,,,4.189425026337309e-05,,
6-4,515,discharge-mid,I_std,,,4.2165413290089225e-05,,
6-4,516,discharge-mid,I_std,,,4.216541329008921e-05,,
6-4,517,discharge-mid,I_std,,,1.788005205779804e-15,,
6-4,518,discharge-mid,I_std,,,1.788005205779804e-15,,
6-4,519,discharge-mid,I_std,,,1.788005205779804e-15,,
6-4,645,discharge-mid,I_std,,,4.244191076607727e-05,,
6-4,693,discharge-mid,I_std,,,4.2165413290089225e-05,,
6-4,710,discharge-mid,I_std,,,1.7881600047243628e-15,,
6-4,836,discharge-mid,I_std,,,0.0,,
6-4,841,discharge-mid,I_std,,,4.27239199200558e-05,,
6-4,967,discharge-mid,I_std,,,8.942411414105049e-16,,
6-4,972,discharge-mid,I_std,,,8.942411414105049e-16,,
6-4,973,discharge-mid,I_std,,,4.301162633513354e-05,,
6-4,979,discharge-mid,I_std,,,4.3011626335236793e-05,,
6-4,991,discharge-mid,I_std,,,4.3011626335236793e-05,,
6-4,995,discharge-mid,I_std,,,4.301162633513354e-05,,
6-4,1000,discharge-mid,I_std,,,4.330522446248816e-05,,
6-4,1005,discharge-mid,I_std,,,4.330522446259214e-05,,
6-4,1008,discharge-mid,I_std,,,4.330522446259214e-05,,
6-4,1015,discharge-mid,I_std,,,4.330522446248816e-05,,
6-4,1028,discharge-mid,I_std,,,4.330522446248817e-05,,
6-4,1093,discharge-mid,I_std,,,0.0,,
6-4,1165,discharge-mid,I_std,,,4.36049181731944e-05,,
6-4,1229,discharge-mid,I_std,,,4.422345854539687e-05,,
6-4,1423,discharge-mid,I_std,,,8.948817481538585e-16,,
6-4,1426,discharge-mid,I_std,,,4.5202694411857774e-05,,
6-4,1428,discharge-mid,I_std,,,8.948817481538585e-16,,
6-4,1430,discharge-mid,I_std,,,8.948817481538585e-16,,
6-4,1447,discharge-mid,I_std,,,4.554385166237816e-05,,
6-4,1452,discharge-mid,I_std,,,4.5543851662268826e-05,,
6-4,1455,discharge-mid,I_std,,,4.5543851662268826e-05,,
6-4,1457,discharge-mid,I_std,,,8.949844841335499e-16,,
6-4,1461,discharge-mid,I_std,,,4.554385166237815e-05,,
6-4,1463,discharge-mid,I_std,,,8.949844841335499e-16,,
6-4,1465,discharge-mid,I_std,,,8.949844841335499e-16,,
6-4,1467,discharge-mid,I_std,,,0.0,,
6-4,1470,discharge-mid,I_std,,,4.589285179803237e-05,,
6-4,1486,discharge-mid,I_std,,,4.554385166237816e-05,,
6-4,1532,discharge-mid,I_std,,,0.0,,
6-4,1587,discharge-mid,I_std,,,4.661561833783032e-05,,
6-4,1596,discharge-mid,I_std,,,4.661561833783032e-05,,
6-4,1597,discharge-mid,I_std,,,4.661561833783032e-05,,
6-4,1660,discharge-mid,I_std,,,4.776679460325107e-05,,
6-4,1670,discharge-mid,I_std,,,4.737364557519756e-05,,
6-4,1673,discharge-mid,I_std,,,4.776679460313641e-05,,
6-4,1675,discharge-mid,I_std,,,4.776679460325107e-05,,
6-4,1703,discharge-mid,I_std,,,0.0,,
8-6,2251,discharge-mid,I_std,,,4.1111111111084383e-05,,
8-6,2252,discharge-mid,I_std,,,4.468561475845091e-16,,
8-6,2255,discharge-mid,I_std,,,4.468561475845091e-16,,
8-6,2257,discharge-mid,I_std,,,4.136725758376887e-05,,
8-6,2259,discharge-mid,I_std,,,4.468910623126623e-16,,
8-6,2261,discharge-mid,I_std,,,4.136725758371922e-05,,
8-6,2264,discharge-mid,I_std,,,4.136725758376887e-05,,
8-6,2266,discharge-mid,I_std,,,4.468910623126623e-16,,
8-6,2267,discharge-mid,I_std,,,4.1367257583719225e-05,,
8-6,2268,discharge-mid,I_std,,,4.136725758376888e-05,,
8-6,2270,discharge-mid,I_std,,,4.111111111113373e-05,,
8-6,2271,discharge-mid,I_std,,,4.468561475845091e-16,,
8-6,2275,discharge-mid,I_std,,,4.468561475845091e-16,,
8-6,2282,discharge-mid,I_std,,,4.468910623126623e-16,,
8-6,2283,discharge-mid,I_std,,,4.468910623126623e-16,,
8-6,2293,discharge-mid,I_std,,,4.136725758371922e-05,,
8-6,2303,discharge-mid,I_std,,,4.136725758371922e-05,,
8-6,2304,discharge-mid,I_std,,,4.136725758371922e-05,,
8-6,2322,discharge-mid,I_std,,,4.162825233423581e-05,,
8-6,2356,discharge-mid,I_std,,,4.162825233423581e-05,,
8-6,2363,discharge-mid,I_std,,,4.162825233423581e-05,,
9-1,2054,discharge-mid,I_std,,,4.162825233428578e-05,,
9-1,2055,discharge-mid,I_std,,,4.275334023516922e-05,,
9-1,2057,discharge-mid,I_std,,,4.275334023516924e-05,,
7-3,2,discharge-mid,V_min,,,,3.1835,
7-3,3,discharge-mid,V_min,,,,3.1848,
7-3,4,discharge-mid,V_min,,,,3.1848,
7-3,5,discharge-mid,V_min,,,,3.1851,
7-3,6,discharge-mid,V_min,,,,3.1854,
7-3,7,discharge-mid,V_min,,,,3.1863,
7-3,8,discharge-mid,V_min,,,,3.1866,
7-3,9,discharge-mid,V_min,,,,3.1863,
7-3,10,discharge-mid,V_min,,,,3.1863,
7-3,11,discharge-mid,V_min,,,,3.1863,
7-3,12,discharge-mid,V_min,,,,3.186,
7-3,13,discharge-mid,V_min,,,,3.1866,
7-3,14,discharge-mid,V_min,,,,3.1866,
7-3,15,discharge-mid,V_min,,,,3.1866,
7-3,16,discharge-mid,V_min,,,,3.1866,
7-3,17,discharge-mid,V_min,,,,3.1866,
7-3,18,discharge-mid,V_min,,,,3.1866,
7-3,19,discharge-mid,V_min,,,,3.1876,
7-3,20,discharge-mid,V_min,,,,3.187,
7-3,21,discharge-mid,V_min,,,,3.186,
7-3,22,discharge-mid,V_min,,,,3.1863,
7-3,23,discharge-mid,V_min,,,,3.1857,
7-3,24,discharge-mid,V_min,,,,3.186,
7-3,25,discharge-mid,V_min,,,,3.1857,
7-3,26,discharge-mid,V_min,,,,3.1857,
7-3,27,discharge-mid,V_min,,,,3.1857,
7-3,28,discharge-mid,V_min,,,,3.1857,
7-3,29,discharge-mid,V_min,,,,3.1863,
7-3,30,discharge-mid,V_min,,,,3.1873,
7-3,31,discharge-mid,V_min,,,,3.1879,
7-3,32,discharge-mid,V_min,,,,3.1876,
7-3,33,discharge-mid,V_min,,,,3.187,
7-3,34,discharge-mid,V_min,,,,3.1863,
7-3,35,discharge-mid,V_min,,,,3.1863,
7-3,36,discharge-mid,V_min,,,,3.1863,
7-3,37,discharge-mid,V_min,,,,3.186,
7-3,38,discharge-mid,V_min,,,,3.1863,
7-3,39,discharge-mid,V_min,,,,3.1866,
7-3,40,discharge-mid,V_min,,,,3.1866,
7-3,41,discharge-mid,V_min,,,,3.187,
7-3,42,discharge-mid,V_min,,,,3.1866,
7-3,43,discharge-mid,V_min,,,,3.1863,
7-3,44,discharge-mid,V_min,,,,3.1866,
7-3,45,discharge-mid,V_min,,,,3.1863,
7-3,46,discharge-mid,V_min,,,,3.1863,
7-3,47,discharge-mid,V_min,,,,3.186,
7-3,48,discharge-mid,V_min,,,,3.186,
7-3,49,discharge-mid,V_min,,,,3.1857,
7-3,50,discharge-mid,V_min,,,,3.1857,
7-3,51,discharge-mid,V_min,,,,3.1866,
7-3,52,discharge-mid,V_min,,,,3.1879,
7-3,53,discharge-mid,V_min,,,,3.1876,
7-3,54,discharge-mid,V_min,,,,3.187,
7-3,55,discharge-mid,V_min,,,,3.1866,
7-3,56,discharge-mid,V_min,,,,3.186,
7-3,57,discharge-mid,V_min,,,,3.186,
7-3,58,discharge-mid,V_min,,,,3.186,
7-3,59,discharge-mid,V_min,,,,3.1863,
7-3,60,discharge-mid,V_min,,,,3.1857,
7-3,61,discharge-mid,V_min,,,,3.1854,
7-3,62,discharge-mid,V_min,,,,3.1857,
7-3,63,discharge-mid,V_min,,,,3.186,
7-3,64,discharge-mid,V_min,,,,3.1863,
7-3,65,discharge-mid,V_min,,,,3.1857,
7-3,66,discharge-mid,V_min,,,,3.1857,
7-3,67,discharge-mid,V_min,,,,3.1854,
7-3,68,discharge-mid,V_min,,,,3.1851,
7-3,69,discharge-mid,V_min,,,,3.1848,
7-3,70,discharge-mid,V_min,,,,3.1851,
7-3,71,discharge-mid,V_min,,,,3.1851,
7-3,72,discharge-mid,V_min,,,,3.1854,
7-3,73,discharge-mid,V_min,,,,3.1863,
7-3,74,discharge-mid,V_min,,,,3.1863,
7-3,75,discharge-mid,V_min,,,,3.1863,
7-3,76,discharge-mid,V_min,,,,3.186,
7-3,77,discharge-mid,V_min,,,,3.1854,
7-3,78,discharge-mid,V_min,,,,3.1854,
7-3,79,discharge-mid,V_min,,,,3.1854,
7-3,80,discharge-mid,V_min,,,,3.1854,
7-3,81,discharge-mid,V_min,,,,3.1851,
7-3,82,discharge-mid,V_min,,,,3.1845,
7-3,83,discharge-mid,V_min,,,,3.1842,
7-3,84,discharge-mid,V_min,,,,3.1848,
7-3,85,discharge-mid,V_min,,,,3.1854,
7-3,86,discharge-mid,V_min,,,,3.1857,
7-3,87,discharge-mid,V_min,,,,3.1854,
7-3,88,discharge-mid,V_min,,,,3.1854,
7-3,89,discharge-mid,V_min,,,,3.1845,
7-3,90,discharge-mid,V_min,,,,3.1845,
7-3,91,discharge-mid,V_min,,,,3.1848,
7-3,92,discharge-mid,V_min,,,,3.1848,
7-3,93,discharge-mid,V_min,,,,3.1848,
7-3,94,discharge-mid,V_min,,,,3.1854,
7-3,95,discharge-mid,V_min,,,,3.1851,
7-3,96,discharge-mid,V_min,,,,3.1854,
7-3,97,discharge-mid,V_min,,,,3.1857,
7-3,98,discharge-mid,V_min,,,,3.1854,
7-3,99,discharge-mid,V_min,,,,3.1848,
7-3,100,discharge-mid,V_min,,,,3.1845,
7-3,101,discharge-mid,V_min,,,,3.1845,
7-3,102,discharge-mid,V_min,,,,3.1842,
7-3,103,discharge-mid,V_min,,,,3.1842,
7-3,104,discharge-mid,V_min,,,,3.1842,
7-3,105,discharge-mid,V_min,,,,3.1842,
7-3,106,discharge-mid,V_min,,,,3.1842,
7-3,107,discharge-mid,V_min,,,,3.1842,
7-3,108,discharge-mid,V_min,,,,3.1851,
7-3,109,discharge-mid,V_min,,,,3.1848,
7-3,110,discharge-mid,V_min,,,,3.1842,
7-3,111,discharge-mid,V_min,,,,3.1845,
7-3,112,discharge-mid,V_min,,,,3.1842,
7-3,113,discharge-mid,V_min,,,,3.1845,
7-3,114,discharge-mid,V_min,,,,3.1845,
7-3,115,discharge-mid,V_min,,,,3.1842,
7-3,116,discharge-mid,V_min,,,,3.1839,
7-3,117,discharge-mid,V_min,,,,3.1842,
7-3,118,discharge-mid,V_min,,,,3.1842,
7-3,119,discharge-mid,V_min,,,,3.1848,
7-3,120,discharge-mid,V_min,,,,3.1842,
7-3,121,discharge-mid,V_min,,,,3.1839,
7-3,122,discharge-mid,V_min,,,,3.1839,
7-3,123,discharge-mid,V_min,,,,3.1835,
7-3,124,discharge-mid,V_min,,,,3.1835,
7-3,128,discharge-mid,V_min,,,,3.1835,
7-3,129,discharge-mid,V_min,,,,3.1842,
7-3,130,discharge-mid,V_min,,,,3.1845,
7-3,131,discharge-mid,V_min,,,,3.1845,
7-3,132,discharge-mid,V_min,,,,3.1839,
7-3,133,discharge-mid,V_min,,,,3.1835,
7-3,134,discharge-mid,V_min,,,,3.1835,
7-3,135,discharge-mid,V_min,,,,3.1835,
7-3,136,discharge-mid,V_min,,,,3.1835,
7-3,141,discharge-mid,V_min,,,,3.1839,
7-3,142,discharge-mid,V_min,,,,3.1839,
7-3,143,discharge-mid,V_min,,,,3.1835,
7-3,149,discharge-mid,V_min,,,,3.1835,
7-3,150,discharge-mid,V_min,,,,3.1842,
7-3,152,discharge-mid,V_min,,,,3.1839,
7-3,153,discharge-mid,V_min,,,,3.1835,
7-3,163,discharge-mid,V_min,,,,3.1839,
7-3,185,discharge-mid,V_min,,,,3.1835,
1-1,14,discharge-mid,V_max,,,,,3.2567
1-1,17,discharge-mid,V_max,,,,,3.2567
1-1,18,discharge-mid,V_max,,,,,3.2567
1-1,19,discharge-mid,V_max,,,,,3.2567
1-1,20,discharge-mid,V_max,,,,,3.2567
1-1,21,discharge-mid,V_max,,,,,3.2567
1-1,22,discharge-mid,V_max,,,,,3.2567
1-1,23,discharge-mid,V_max,,,,,3.2567
3-6,2352,discharge-mid,V_max,,,,,3.0812
3-6,2353,discharge-mid,V_max,,,,,3.0815
3-6,2354,discharge-mid,V_max,,,,,3.0812
3-6,2355,discharge-mid,V_max,,,,,3.0815
3-6,2356,discharge-mid,V_max,,,,,3.0819
3-6,2357,discharge-mid,V_max,,,,,3.0812
3-6,2358,discharge-mid,V_max,,,,,3.0806
3-6,2359,discharge-mid,V_max,,,,,3.0806
3-6,2360,discharge-mid,V_max,,,,,3.0806
3-6,2361,discharge-mid,V_max,,,,,3.0812
3-6,2362,discharge-mid,V_max,,,,,3.0815
3-6,2363,discharge-mid,V_max,,,,,3.0815
3-6,2364,discharge-mid,V_max,,,,,3.0803
3-6,2365,discharge-mid,V_max,,,,,3.0803
3-6,2366,discharge-mid,V_max,,,,,3.0803
3-6,2367,discharge-mid,V_max,,,,,3.0806
3-6,2368,discharge-mid,V_max,,,,,3.0806
3-6,2370,discharge-mid,V_max,,,,,3.0812
3-6,2371,discharge-mid,V_max,,,,,3.08
3-6,2372,discharge-mid,V_max,,,,,3.0803
3-6,2373,discharge-mid,V_max,,,,,3.0806
3-6,2374,discharge-mid,V_max,,,,,3.08
3-6,2375,discharge-mid,V_max,,,,,3.0797
3-6,2376,discharge-mid,V_max,,,,,3.0797
3-6,2377,discharge-mid,V_max,,,,,3.08
3-6,2378,discharge-mid,V_max,,,,,3.0794
3-6,2380,discharge-mid,V_max,,,,,3.0797
3-6,2381,discharge-mid,V_max,,,,,3.0794
3-6,2382,discharge-mid,V_max,,,,,3.0797
3-6,2384,discharge-mid,V_max,,,,,3.08
3-6,2388,discharge-mid,V_max,,,,,3.0791
3-6,2389,discharge-mid,V_max,,,,,3.0791
3-6,2390,discharge-mid,V_max,,,,,3.0797
3-6,2391,discharge-mid,V_max,,,,,3.0791
3-6,2392,discharge-mid,V_max,,,,,3.0791
3-6,2394,discharge-mid,V_max,,,,,3.0791
3-6,2396,discharge-mid,V_max,,,,,3.0791
3-6,2397,discharge-mid,V_max,,,,,3.0788
3-6,2398,discharge-mid,V_max,,,,,3.0788
3-6,2399,discharge-mid,V_max,,,,,3.0791
3-6,2400,discharge-mid,V_max,,,,,3.0791
3-6,2401,discharge-mid,V_max,,,,,3.0788
3-6,2402,discharge-mid,V_max,,,,,3.0791
3-6,2403,discharge-mid,V_max,,,,,3.0791
3-6,2404,discharge-mid,V_max,,,,,3.0784
3-6,2405,discharge-mid,V_max,,,,,3.0781
3-6,2406,discharge-mid,V_max,,,,,3.0784
3-6,2407,discharge-mid,V_max,,,,,3.0791
3-6,2408,discharge-mid,V_max,,,,,3.0784
3-6,2409,discharge-mid,V_max,,,,,3.0784
3-6,2410,discharge-mid,V_max,,,,,3.0781
3-6,2411,discharge-mid,V_max,,,,,3.0778
3-6,2412,discharge-mid,V_max,,,,,3.0788
3-6,2413,discharge-mid,V_max,,,,,3.0781
3-6,2414,discharge-mid,V_max,,,,,3.0784
3-6,2416,discharge-mid,V_max,,,,,3.0775
3-6,2417,discharge-mid,V_max,,,,,3.0778
3-6,2418,discharge-mid,V_max,,,,,3.0778
3-6,2419,discharge-mid,V_max,,,,,3.0778
3-6,2420,discharge-mid,V_max,,,,,3.0781
3-6,2421,discharge-mid,V_max,,,,,3.0778
3-6,2422,discharge-mid,V_max,,,,,3.0775
3-6,2425,discharge-mid,V_max,,,,,3.0775
3-6,2426,discharge-mid,V_max,,,,,3.0775
3-6,2427,discharge-mid,V_max,,,,,3.0778
3-6,2428,discharge-mid,V_max,,,,,3.0775
3-6,2429,discharge-mid,V_max,,,,,3.0778
3-6,2432,discharge-mid,V_max,,,,,3.0775
3-6,2433,discharge-mid,V_max,,,,,3.0778
3-6,2434,discharge-mid,V_max,,,,,3.0778
3-6,2435,discharge-mid,V_max,,,,,3.0772
3-6,2436,discharge-mid,V_max,,,,,3.0772
3-6,2437,discharge-mid,V_max,,,,,3.0775
3-6,2438,discharge-mid,V_max,,,,,3.0772
3-6,2447,discharge-mid,V_max,,,,,3.0769
3-6,2448,discharge-mid,V_max,,,,,3.0763
3-6,2449,discharge-mid,V_max,,,,,3.0766
3-6,2450,discharge-mid,V_max,,,,,3.0769
3-6,2451,discharge-mid,V_max,,,,,3.0766
3-6,2452,discharge-mid,V_max,,,,,3.076
3-6,2453,discharge-mid,V_max,,,,,3.076
3-6,2454,discharge-mid,V_max,,,,,3.0766
3-6,2455,discharge-mid,V_max,,,,,3.0766
3-6,2456,discharge-mid,V_max,,,,,3.076
3-6,2457,discharge-mid,V_max,,,,,3.0763
3-6,2458,discharge-mid,V_max,,,,,3.076
3-6,2459,discharge-mid,V_max,,,,,3.076
3-6,2460,discharge-mid,V_max,,,,,3.0757
3-6,2461,discharge-mid,V_max,,,,,3.0763
3-6,2462,discharge-mid,V_max,,,,,3.0757
3-6,2463,discharge-mid,V_max,,,,,3.076
3-6,2464,discharge-mid,V_max,,,,,3.076
3-6,2465,discharge-mid,V_max,,,,,3.0753
3-6,2466,discharge-mid,V_max,,,,,3.0753
3-6,2467,discharge-mid,V_max,,,,,3.0757
3-6,2468,discharge-mid,V_max,,,,,3.075
3-6,2469,discharge-mid,V_max,,,,,3.0757
3-6,2470,discharge-mid,V_max,,,,,3.0757
3-6,2471,discharge-mid,V_max,,,,,3.0747
3-6,2472,discharge-mid,V_max,,,,,3.0747
3-6,2473,discharge-mid,V_max,,,,,3.075
3-6,2474,discharge-mid,V_max,,,,,3.075
3-6,2475,discharge-mid,V_max,,,,,3.075
3-6,2476,discharge-mid,V_max,,,,,3.0757
3-6,2477,discharge-mid,V_max,,,,,3.0753
3-6,2478,discharge-mid,V_max,,,,,3.0747
3-6,2479,discharge-mid,V_max,,,,,3.0744
3-6,2480,discharge-mid,V_max,,,,,3.075
3-6,2481,discharge-mid,V_max,,,,,3.075
3-6,2483,discharge-mid,V_max,,,,,3.0753
3-8,2336,discharge-mid,V_max,,,,,3.084
3-8,2337,discharge-mid,V_max,,,,,3.084
4-3,2,discharge-mid,V_max,,,,,3.257
4-3,3,discharge-mid,V_max,,,,,3.2573
4-3,4,discharge-mid,V_max,,,,,3.257
4-3,5,discharge-mid,V_max,,,,,3.2573
4-3,6,discharge-mid,V_max,,,,,3.2573
4-3,7,discharge-mid,V_max,,,,,3.257
4-3,8,discharge-mid,V_max,,,,,3.257
4-3,9,discharge-mid,V_max,,,,,3.2573
4-3,10,discharge-mid,V_max,,,,,3.2576
4-3,11,discharge-mid,V_max,,,,,3.2573
4-3,12,discharge-mid,V_max,,,,,3.2573
4-3,13,discharge-mid,V_max,,,,,3.2573
4-3,14,discharge-mid,V_max,,,,,3.2576
4-3,15,discharge-mid,V_max,,,,,3.2576
4-3,16,discharge-mid,V_max,,,,,3.2579
4-3,17,discharge-mid,V_max,,,,,3.2579
4-3,18,discharge-mid,V_max,,,,,3.2576
4-3,19,discharge-mid,V_max,,,,,3.2576
4-3,20,discharge-mid,V_max,,,,,3.2573
4-3,21,discharge-mid,V_max,,,,,3.2576
4-3,22,discharge-mid,V_max,,,,,3.2576
4-3,23,discharge-mid,V_max,,,,,3.2576
4-3,24,discharge-mid,V_max,,,,,3.2576
4-3,25,discharge-mid,V_max,,,,,3.257
4-3,26,discharge-mid,V_max,,,,,3.257
4-3,27,discharge-mid,V_max,,,,,3.257
4-3,29,discharge-mid,V_max,,,,,3.257
4-3,30,discharge-mid,V_max,,,,,3.257
4-3,31,discharge-mid,V_max,,,,,3.2567
4-3,32,discharge-mid,V_max,,,,,3.2567
4-3,33,discharge-mid,V_max,,,,,3.2567
4-3,37,discharge-mid,V_max,,,,,3.2567
4-3,38,discharge-mid,V_max,,,,,3.2567
4-3,41,discharge-mid,V_max,,,,,3.2567
4-3,42,discharge-mid,V_max,,,,,3.2567
4-3,43,discharge-mid,V_max,,,,,3.2567
4-3,44,discharge-mid,V_max,,,,,3.2567
4-3,45,discharge-mid,V_max,,,,,3.2567
4-3,48,discharge-mid,V_max,,,,,3.2567
4-3,72,discharge-mid,V_max,,,,,3.2567
4-3,73,discharge-mid,V_max,,,,,3.2567
4-4,10,discharge-mid,V_max,,,,,3.2567
4-4,11,discharge-mid,V_max,,,,,3.2567
4-4,12,discharge-mid,V_max,,,,,3.2567
4-4,13,discharge-mid,V_max,,,,,3.2567
4-4,14,discharge-mid,V_max,,,,,3.2567
4-4,15,discharge-mid,V_max,,,,,3.2567
4-4,16,discharge-mid,V_max,,,,,3.2567
4-4,17,discharge-mid,V_max,,,,,3.2567
4-4,18,discharge-mid,V_max,,,,,3.2567
4-4,20,discharge-mid,V_max,,,,,3.2567
4-4,21,discharge-mid,V_max,,,,,3.2567
4-4,22,discharge-mid,V_max,,,,,3.2567
4-4,23,discharge-mid,V_max,,,,,3.2567
4-4,24,discharge-mid,V_max,,,,,3.257
4-4,25,discharge-mid,V_max,,,,,3.2567
4-5,2,discharge-mid,V_max,,,,,3.2567
4-5,3,discharge-mid,V_max,,,,,3.2567
4-5,4,discharge-mid,V_max,,,,,3.257
4-5,5,discharge-mid,V_max,,,,,3.257
4-5,6,discharge-mid,V_max,,,,,3.2573
4-5,7,discharge-mid,V_max,,,,,3.2573
4-5,8,discharge-mid,V_max,,,,,3.2573
4-5,9,discharge-mid,V_max,,,,,3.2573
4-5,10,discharge-mid,V_max,,,,,3.2576
4-5,11,discharge-mid,V_max,,,,,3.2576
4-5,12,discharge-mid,V_max,,,,,3.2576
4-5,13,discharge-mid,V_max,,,,,3.2579
4-5,14,discharge-mid,V_max,,,,,3.2576
4-5,15,discharge-mid,V_max,,,,,3.2579
4-5,16,discharge-mid,V_max,,,,,3.2576
4-5,17,discharge-mid,V_max,,,,,3.2576
4-5,18,discharge-mid,V_max,,,,,3.2576
4-5,19,discharge-mid,V_max,,,,,3.2576
4-5,20,discharge-mid,V_max,,,,,3.2576
4-5,21,discharge-mid,V_max,,,,,3.2576
4-5,22,discharge-mid,V_max,,,,,3.2576
4-5,23,discharge-mid,V_max,,,,,3.2576
4-5,24,discharge-mid,V_max,,,,,3.2579
4-5,25,discharge-mid,V_max,,,,,3.2576
4-5,26,discharge-mid,V_max,,,,,3.2576
4-5,27,discharge-mid,V_max,,,,,3.2576
4-5,28,discharge-mid,V_max,,,,,3.2573
4-5,29,discharge-mid,V_max,,,,,3.2573
4-5,30,discharge-mid,V_max,,,,,3.2573
4-5,31,discharge-mid,V_max,,,,,3.2573
4-5,32,discharge-mid,V_max,,,,,3.2573
4-5,33,discharge-mid,V_max,,,,,3.2573
4-5,34,discharge-mid,V_max,,,,,3.2573
4-5,35,discharge-mid,V_max,,,,,3.2573
4-5,36,discharge-mid,V_max,,,,,3.2573
4-5,37,discharge-mid,V_max,,,,,3.2573
4-5,38,discharge-mid,V_max,,,,,3.2573
4-5,39,discharge-mid,V_max,,,,,3.2573
4-5,40,discharge-mid,V_max,,,,,3.257
4-5,41,discharge-mid,V_max,,,,,3.257
4-5,42,discharge-mid,V_max,,,,,3.257
4-5,43,discharge-mid,V_max,,,,,3.257
4-5,44,discharge-mid,V_max,,,,,3.257
4-5,45,discharge-mid,V_max,,,,,3.257
4-5,46,discharge-mid,V_max,,,,,3.257
4-5,47,discharge-mid,V_max,,,,,3.257
4-5,48,discharge-mid,V_max,,,,,3.257
4-5,49,discharge-mid,V_max,,,,,3.2567
4-5,50,discharge-mid,V_max,,,,,3.2567
4-5,51,discharge-mid,V_max,,,,,3.257
4-5,52,discharge-mid,V_max,,,,,3.2567
4-5,53,discharge-mid,V_max,,,,,3.2567
4-5,54,discharge-mid,V_max,,,,,3.2567
4-5,55,discharge-mid,V_max,,,,,3.2567
4-5,56,discharge-mid,V_max,,,,,3.2567
4-5,57,discharge-mid,V_max,,,,,3.2567
4-5,58,discharge-mid,V_max,,,,,3.2567
4-5,59,discharge-mid,V_max,,,,,3.2567
4-5,60,discharge-mid,V_max,,,,,3.2567
4-5,61,discharge-mid,V_max,,,,,3.2567
4-5,62,discharge-mid,V_max,,,,,3.2567
4-5,63,discharge-mid,V_max,,,,,3.2567
4-5,64,discharge-mid,V_max,,,,,3.2567
4-5,65,discharge-mid,V_max,,,,,3.2567
4-5,66,discharge-mid,V_max,,,,,3.2567
4-5,73,discharge-mid,V_max,,,,,3.2567
4-5,74,discharge-mid,V_max,,,,,3.2567
4-5,75,discharge-mid,V_max,,,,,3.2567
4-5,76,discharge-mid,V_max,,,,,3.2567
4-5,85,discharge-mid,V_max,,,,,3.2567
4-5,87,discharge-mid,V_max,,,,,3.2567
1-1,1445,discharge-low,V_std,0.1736627904082591,,,,
1-1,1453,discharge-low,V_std,0.1728449101191349,,,,
1-4,1496,discharge-low,V_std,0.2874116013318118,,,,
1-5,1945,discharge-low,V_std,0.286120837421318,,,,
1-5,1953,discharge-low,V_std,0.2859737405733831,,,,
1-5,1954,discharge-low,V_std,0.2883457655673392,,,,
1-5,1955,discharge-low,V_std,0.2924051113207239,,,,
1-5,1960,discharge-low,V_std,0.2842510552687248,,,,
1-5,1961,discharge-low,V_std,0.2884553993746204,,,,
1-5,1962,discharge-low,V_std,0.2898219228184636,,,,
1-5,1963,discharge-low,V_std,0.2935918548770975,,,,
1-5,1964,discharge-low,V_std,0.2949263490952206,,,,
1-5,1965,discharge-low,V_std,0.2997248715810963,,,,
1-5,1967,discharge-low,V_std,0.2870350379132143,,,,
1-5,1968,discharge-low,V_std,0.2886307320727566,,,,
1-5,1969,discharge-low,V_std,0.2927519197663856,,,,
1-5,1970,discharge-low,V_std,0.2936652873703143,,,,
1-5,1971,discharge-low,V_std,0.2981974959189413,,,,
2-2,2642,discharge-low,V_std,0.2858439360104243,,,,
2-2,2643,discharge-low,V_std,0.2880077010032679,,,,
2-2,2644,discharge-low,V_std,0.2930867179941285,,,,
2-2,2648,discharge-low,V_std,0.2860271166220228,,,,
2-2,2649,discharge-low,V_std,0.2902772448391629,,,,
2-2,2650,discharge-low,V_std,0.2928170552962044,,,,
2-2,2651,discharge-low,V_std,0.2978160853820751,,,,
2-3,1687,discharge-low,V_std,0.174210754710292,,,,
2-3,1697,discharge-low,V_std,0.17307329696649,,,,
2-3,1707,discharge-low,V_std,0.1725969007851739,,,,
2-3,1717,discharge-low,V_std,0.17146929609439,,,,
2-3,1718,discharge-low,V_std,0.1728363156046642,,,,
2-3,1719,discharge-low,V_std,0.1739263884019539,,,,
2-3,1727,discharge-low,V_std,0.1704318891228074,,,,
2-3,1728,discharge-low,V_std,0.1723367372777143,,,,
2-3,1729,discharge-low,V_std,0.1733829948583652,,,,
2-3,1737,discharge-low,V_std,0.1695466177625507,,,,
2-3,1738,discharge-low,V_std,0.1716637228825065,,,,
2-8,1461,discharge-low,V_std,0.1726303201831615,,,,
2-8,1469,discharge-low,V_std,0.1717235429886887,,,,
2-8,1478,discharge-low,V_std,0.1734647164861367,,,,
3-5,2531,discharge-low,V_std,0.174099015703141,,,,
3-5,2548,discharge-low,V_std,0.1736284450576401,,,,
3-5,2562,discharge-low,V_std,0.1723158071428862,,,,
3-5,2563,discharge-low,V_std,0.1739395215337719,,,,
3-5,2581,discharge-low,V_std,0.1724983045035625,,,,
3-5,2582,discharge-low,V_std,0.1741983157775433,,,,
3-5,2597,discharge-low,V_std,0.1714627960716663,,,,
3-5,2598,discharge-low,V_std,0.1722101496460541,,,,
3-5,2599,discharge-low,V_std,0.1735789537018788,,,,
3-5,2601,discharge-low,V_std,0.1735473313540885,,,,
3-5,2615,discharge-low,V_std,0.1711713930460026,,,,
3-5,2616,discharge-low,V_std,0.1728886657394955,,,,
3-5,2618,discharge-low,V_std,0.1734004264535584,,,,
3-5,2631,discharge-low,V_std,0.1719357181657315,,,,
3-5,2632,discharge-low,V_std,0.1732412766039732,,,,
3-5,2634,discharge-low,V_std,0.1733218024051981,,,,
3-5,2649,discharge-low,V_std,0.1699336787584619,,,,
3-5,2650,discharge-low,V_std,0.1721961140325126,,,,
3-5,2651,discharge-low,V_std,0.1725111792693131,,,,
4-5,1547,discharge-low,V_std,0.2870741258238264,,,,
4-5,1553,discharge-low,V_std,0.2860641295244214,,,,
4-5,1554,discharge-low,V_std,0.2914241474668425,,,,
4-5,1558,discharge-low,V_std,0.2846050984521742,,,,
4-5,1559,discharge-low,V_std,0.2879756997660353,,,,
4-5,1560,discharge-low,V_std,0.2933130512113788,,,,
4-5,1561,discharge-low,V_std,0.2949308774533616,,,,
4-6,1353,discharge-low,V_std,0.2849317555091616,,,,
4-6,1354,discharge-low,V_std,0.2857759937847828,,,,
4-6,1358,discharge-low,V_std,0.286094761773225,,,,
4-6,1359,discharge-low,V_std,0.2884017881369333,,,,
4-6,1360,discharge-low,V_std,0.2934372827298484,,,,
4-6,1361,discharge-low,V_std,0.2986211239996461,,,,
4-6,1363,discharge-low,V_std,0.2853616026119895,,,,
4-6,1364,discharge-low,V_std,0.2896355341360113,,,,
4-6,1365,discharge-low,V_std,0.2918530271733475,,,,
4-6,1366,discharge-low,V_std,0.296713956987431,,,,
4-6,1367,discharge-low,V_std,0.3011217868232894,,,,
4-6,1368,discharge-low,V_std,0.3068075868454232,,,,
4-6,1369,discharge-low,V_std,0.2910544866794797,,,,
4-6,1370,discharge-low,V_std,0.2944099845428966,,,,
4-6,1371,discharge-low,V_std,0.2981215200196256,,,,
4-6,1372,discharge-low,V_std,0.3037204942834756,,,,
4-6,1373,discharge-low,V_std,0.3067406252764191,,,,
4-6,1374,discharge-low,V_std,0.3102853240544096,,,,
4-6,1375,discharge-low,V_std,0.296767845259109,,,,
4-6,1376,discharge-low,V_std,0.3025867479384259,,,,
4-6,1377,discharge-low,V_std,0.3055982492147667,,,,
4-6,1378,discharge-low,V_std,0.3087728298227639,,,,
4-6,1379,discharge-low,V_std,0.312137830989118,,,,
4-6,1380,discharge-low,V_std,0.3176463980810052,,,,
5-3,2671,discharge-low,V_std,0.2850467441758425,,,,
5-3,2672,discharge-low,V_std,0.2852399745489291,,,,
5-3,2680,discharge-low,V_std,0.2964699548294207,,,,
5-3,2682,discharge-low,V_std,0.286303625858045,,,,
5-3,2683,discharge-low,V_std,0.286796433364441,,,,
5-3,2684,discharge-low,V_std,0.2894963924306177,,,,
5-3,2685,discharge-low,V_std,0.2922231865205912,,,,
5-3,2686,discharge-low,V_std,0.2963450604884221,,,,
5-3,2687,discharge-low,V_std,0.2983602135360487,,,,
5-3,2689,discharge-low,V_std,0.2843924125083543,,,,
5-4,1925,discharge-low,V_std,0.1734872152640156,,,,
5-4,1939,discharge-low,V_std,0.1739854754156239,,,,
7-6,1395,discharge-low,V_std,0.2860666804743181,,,,
7-6,1400,discharge-low,V_std,0.2847221173326031,,,,
7-6,1401,discharge-low,V_std,0.2894444647318971,,,,
7-6,1402,discharge-low,V_std,0.2932196483188545,,,,
7-6,1405,discharge-low,V_std,0.2882176601605379,,,,
7-6,1406,discharge-low,V_std,0.2914578920837854,,,,
7-6,1407,discharge-low,V_std,0.2955560879266802,,,,
7-6,1408,discharge-low,V_std,0.2999904538230866,,,,
7-6,1409,discharge-low,V_std,0.2852997935831346,,,,
7-6,1410,discharge-low,V_std,0.289382359460996,,,,
7-6,1411,discharge-low,V_std,0.2926943270328412,,,,
7-6,1412,discharge-low,V_std,0.294935333284556,,,,
7-6,1413,discharge-low,V_std,0.3010687478742838,,,,
7-6,1414,discharge-low,V_std,0.3039106950196545,,,,
7-6,1415,discharge-low,V_std,0.3085340181776049,,,,
7-6,1416,discharge-low,V_std,0.2962294178254297,,,,
7-6,1417,discharge-low,V_std,0.2989409901860768,,,,
7-6,1418,discharge-low,V_std,0.3038808642743586,,,,
7-6,1419,discharge-low,V_std,0.3061982078114578,,,,
7-7,1647,discharge-low,V_std,0.2841665697974005,,,,
7-7,1654,discharge-low,V_std,0.2875225563436476,,,,
7-7,1655,discharge-low,V_std,0.2907461347204157,,,,
7-7,1660,discharge-low,V_std,0.2890764994472156,,,,
7-7,1661,discharge-low,V_std,0.2910340875251497,,,,
7-7,1662,discharge-low,V_std,0.2928567057232645,,,,
7-7,1663,discharge-low,V_std,0.2984053946518551,,,,
7-7,1666,discharge-low,V_std,0.2882554858638845,,,,
7-7,1667,discharge-low,V_std,0.2897292533624993,,,,
7-7,1668,discharge-low,V_std,0.2951846705318233,,,,
7-7,1669,discharge-low,V_std,0.2981785503864287,,,,
7-7,1670,discharge-low,V_std,0.3028871253838143,,,,
7-7,1671,discharge-low,V_std,0.3065190758231306,,,,
7-7,1672,discharge-low,V_std,0.2892971889746272,,,,
7-7,1673,discharge-low,V_std,0.2933354245552078,,,,
7-7,1674,discharge-low,V_std,0.2955655494354211,,,,
7-7,1675,discharge-low,V_std,0.2995427311324442,,,,
7-7,1676,discharge-low,V_std,0.3029622603073031,,,,
7-7,1677,discharge-low,V_std,0.3065396841055272,,,,
7-7,1678,discharge-low,V_std,0.3079181427612043,,,,
7-7,1679,discharge-low,V_std,0.3155249189072593,,,,
7-7,1680,discharge-low,V_std,0.2984366112529415,,,,
7-7,1681,discharge-low,V_std,0.2995590994679916,,,,
7-7,1682,discharge-low,V_std,0.3052135556046091,,,,
7-7,1683,discharge-low,V_std,0.3064473498417264,,,,
7-7,1684,discharge-low,V_std,0.3105562338756407,,,,
7-7,1685,discharge-low,V_std,0.3148081360158073,,,,
7-8,1900,discharge-low,V_std,0.1740471704141682,,,,
7-8,1909,discharge-low,V_std,0.1737765176822962,,,,
7-8,1917,discharge-low,V_std,0.1715675985818202,,,,
7-8,1918,discharge-low,V_std,0.1742174214012916,,,,
7-8,1926,discharge-low,V_std,0.1711152695340095,,,,
7-8,1927,discharge-low,V_std,0.1739467033934523,,,,
7-8,1935,discharge-low,V_std,0.170542089143727,,,,
7-8,1936,discharge-low,V_std,0.1724921078888846,,,,
7-8,1937,discharge-low,V_std,0.1735950640840101,,,,
8-4,1868,discharge-low,V_std,0.2864447893329409,,,,
8-4,1875,discharge-low,V_std,0.2849954048512168,,,,
8-4,1876,discharge-low,V_std,0.2893441780907378,,,,
8-4,1877,discharge-low,V_std,0.2907316572244729,,,,
8-4,1881,discharge-low,V_std,0.2857671710824306,,,,
8-4,1882,discharge-low,V_std,0.2868291244983666,,,,
8-4,1883,discharge-low,V_std,0.2902158383844922,,,,
8-4,1884,discharge-low,V_std,0.2943098639409678,,,,
8-4,1885,discharge-low,V_std,0.2968764674086135,,,,
9-2,2078,discharge-low,V_std,0.1733123894894026,,,,
9-2,2089,discharge-low,V_std,0.174115928627656,,,,
9-2,2098,discharge-low,V_std,0.1709354304920882,,,,
9-2,2099,discharge-low,V_std,0.1733132833701634,,,,
9-2,2108,discharge-low,V_std,0.1701503676693425,,,,
9-2,2109,discharge-low,V_std,0.1735554976036403,,,,
9-2,2110,discharge-low,V_std,0.1740769655624804,,,,
9-2,2118,discharge-low,V_std,0.1691823165658888,,,,
9-2,2119,discharge-low,V_std,0.1707164028281274,,,,
9-2,2120,discharge-low,V_std,0.1733628933505682,,,,
9-2,2128,discharge-low,V_std,0.1693903535348931,,,,
9-2,2129,discharge-low,V_std,0.1721965581535737,,,,
9-2,2130,discharge-low,V_std,0.1721487147377205,,,,
9-2,2138,discharge-low,V_std,0.1700450159728559,,,,
9-2,2139,discharge-low,V_std,0.1726645655543528,,,,
9-2,2140,discharge-low,V_std,0.1730840902451624,,,,
9-7,1997,discharge-low,V_std,0.173587093039867,,,,
9-7,2006,discharge-low,V_std,0.1728476612518719,,,,
10-4,1798,discharge-low,V_std,0.1736937483260326,,,,
10-4,1801,discharge-low,V_std,0.1734735147325645,,,,
10-8,1373,discharge-low,V_std,0.2868291674734245,,,,
10-8,1378,discharge-low,V_std,0.287982982496444,,,,
10-8,1379,discharge-low,V_std,0.2941568962690515,,,,
10-8,1380,discharge-low,V_std,0.3003363803864723,,,,
10-8,1382,discharge-low,V_std,0.2874489774754279,,,,
10-8,1383,discharge-low,V_std,0.2892163657902659,,,,
10-8,1384,discharge-low,V_std,0.2943959915370647,,,,
10-8,1385,discharge-low,V_std,0.2989930604122828,,,,
10-8,1386,discharge-low,V_std,0.3024955874665902,,,,
10-8,1387,discharge-low,V_std,0.3088751084112908,,,,
10-8,1388,discharge-low,V_std,0.2929943603483455,,,,
10-8,1389,discharge-low,V_std,0.2971843931862155,,,,
10-8,1390,discharge-low,V_std,0.2993717624381981,,,,
10-8,1391,discharge-low,V_std,0.305019549802476,,,,
10-8,1392,discharge-low,V_std,0.3079096573387392,,,,
10-8,1393,discharge-low,V_std,0.3107784929562162,,,,
10-8,1394,discharge-low,V_std,0.2978270836006451,,,,
10-8,1395,discharge-low,V_std,0.302995141395525,,,,
10-8,1396,discharge-low,V_std,0.3055792353164785,,,,
10-8,1397,discharge-low,V_std,0.309185091671558,,,,
10-8,1398,discharge-low,V_std,0.313545314795913,,,,
10-8,1399,discharge-low,V_std,0.3175418611074067,,,,
10-8,1400,discharge-low,V_std,0.3236795405485138,,,,
3-4,1761,discharge-low,count,,43.0,,,
3-4,1762,discharge-low,count,,43.0,,,
3-4,1763,discharge-low,count,,43.0,,,
3-4,1764,discharge-low,count,,43.0,,,
3-4,1765,discharge-low,count,,43.0,,,
3-4,1766,discharge-low,count,,43.0,,,
4-1,2195,discharge-low,count,,43.0,,,
4-1,2197,discharge-low,count,,43.0,,,
4-1,2199,discharge-low,count,,43.0,,,
4-1,2200,discharge-low,count,,43.0,,,
4-1,2201,discharge-low,count,,43.0,,,
4-1,2202,discharge-low,count,,43.0,,,
4-1,2203,discharge-low,count,,42.0,,,
4-1,2204,discharge-low,count,,42.0,,,
4-1,2205,discharge-low,count,,42.0,,,
4-1,2206,discharge-low,count,,42.0,,,
4-1,2207,discharge-low,count,,42.0,,,
4-1,2209,discharge-low,count,,42.0,,,
4-1,2210,discharge-low,count,,42.0,,,
4-1,2211,discharge-low,count,,41.0,,,
4-1,2212,discharge-low,count,,41.0,,,
4-1,2213,discharge-low,count,,41.0,,,
4-1,2214,discharge-low,count,,41.0,,,
4-2,1737,discharge-low,count,,169.0,,,
4-2,1738,discharge-low,count,,169.0,,,
4-2,1739,discharge-low,count,,169.0,,,
4-2,1743,discharge-low,count,,169.0,,,
4-2,1744,discharge-low,count,,169.0,,,
4-2,1745,discharge-low,count,,169.0,,,
4-2,1746,discharge-low,count,,169.0,,,
4-2,1747,discharge-low,count,,169.0,,,
4-2,1748,discharge-low,count,,169.0,,,
4-2,1749,discharge-low,count,,169.0,,,
4-2,1750,discharge-low,count,,169.0,,,
4-2,1751,discharge-low,count,,169.0,,,
4-2,1752,discharge-low,count,,169.0,,,
4-2,1753,discharge-low,count,,169.0,,,
4-2,1754,discharge-low,count,,170.0,,,
4-2,1755,discharge-low,count,,170.0,,,
4-2,1756,discharge-low,count,,169.0,,,
4-2,1757,discharge-low,count,,169.0,,,
4-2,1758,discharge-low,count,,169.0,,,
4-2,1759,discharge-low,count,,169.0,,,
4-2,1760,discharge-low,count,,170.0,,,
4-2,1761,discharge-low,count,,170.0,,,
4-2,1762,discharge-low,count,,170.0,,,
4-2,1763,discharge-low,count,,170.0,,,
4-2,1764,discharge-low,count,,169.0,,,
4-2,1765,discharge-low,count,,170.0,,,
4-2,1766,discharge-low,count,,170.0,,,
4-2,1767,discharge-low,count,,170.0,,,
4-2,1768,discharge-low,count,,170.0,,,
4-2,1769,discharge-low,count,,170.0,,,
4-2,1770,discharge-low,count,,170.0,,,
4-2,1771,discharge-low,count,,170.0,,,
4-2,1772,discharge-low,count,,170.0,,,
4-2,1773,discharge-low,count,,170.0,,,
4-2,1774,discharge-low,count,,170.0,,,
4-2,1775,discharge-low,count,,170.0,,,
4-2,1776,discharge-low,count,,170.0,,,
4-2,1777,discharge-low,count,,171.0,,,
4-2,1778,discharge-low,count,,171.0,,,
4-2,1779,discharge-low,count,,171.0,,,
4-2,1780,discharge-low,count,,170.0,,,
4-2,1781,discharge-low,count,,170.0,,,
4-2,1782,discharge-low,count,,170.0,,,
6-5,2171,discharge-low,count,,43.0,,,
6-5,2172,discharge-low,count,,43.0,,,
6-5,2173,discharge-low,count,,43.0,,,
6-5,2174,discharge-low,count,,43.0,,,
6-5,2175,discharge-low,count,,43.0,,,
6-5,2176,discharge-low,count,,42.0,,,
6-5,2177,discharge-low,count,,42.0,,,
6-5,2178,discharge-low,count,,43.0,,,
7-2,2011,discharge-low,count,,43.0,,,
7-2,2015,discharge-low,count,,43.0,,,
7-2,2019,discharge-low,count,,42.0,,,
7-2,2021,discharge-low,count,,42.0,,,
7-2,2024,discharge-low,count,,41.0,,,
7-2,2027,discharge-low,count,,42.0,,,
7-3,1259,discharge-low,count,,169.0,,,
7-3,1260,discharge-low,count,,169.0,,,
7-3,1265,discharge-low,count,,169.0,,,
7-3,1266,discharge-low,count,,169.0,,,
7-3,1267,discharge-low,count,,169.0,,,
7-3,1269,discharge-low,count,,169.0,,,
7-3,1270,discharge-low,count,,169.0,,,
7-3,1271,discharge-low,count,,169.0,,,
7-3,1272,discharge-low,count,,169.0,,,
7-3,1273,discharge-low,count,,169.0,,,
7-3,1274,discharge-low,count,,169.0,,,
7-3,1275,discharge-low,count,,169.0,,,
7-3,1276,discharge-low,count,,169.0,,,
7-3,1277,discharge-low,count,,169.0,,,
7-3,1278,discharge-low,count,,170.0,,,
7-3,1279,discharge-low,count,,170.0,,,
7-3,1280,discharge-low,count,,170.0,,,
7-3,1281,discharge-low,count,,169.0,,,
7-3,1282,discharge-low,count,,169.0,,,
7-3,1283,discharge-low,count,,170.0,,,
7-3,1284,discharge-low,count,,170.0,,,
7-3,1285,discharge-low,count,,170.0,,,
7-3,1286,discharge-low,count,,170.0,,,
7-3,1287,discharge-low,count,,170.0,,,
7-3,1288,discharge-low,count,,170.0,,,
7-3,1289,discharge-low,count,,170.0,,,
7-3,1290,discharge-low,count,,170.0,,,
7-3,1291,discharge-low,count,,170.0,,,
7-3,1292,discharge-low,count,,170.0,,,
7-3,1293,discharge-low,count,,171.0,,,
7-3,1294,discharge-low,count,,171.0,,,
7-3,1295,discharge-low,count,,170.0,,,
9-6,1735,discharge-low,count,,43.0,,,
9-6,1736,discharge-low,count,,43.0,,,
9-6,1737,discharge-low,count,,43.0,,,
9-6,1738,discharge-low,count,,43.0,,,
9-6,1739,discharge-low,count,,43.0,,,
9-6,1740,discharge-low,count,,43.0,,,
9-6,1741,discharge-low,count,,43.0,,,
9-6,1742,discharge-low,count,,43.0,,,
10-3,1825,discharge-low,count,,43.0,,,
10-3,1826,discharge-low,count,,43.0,,,
10-3,1827,discharge-low,count,,43.0,,,
10-3,1828,discharge-low,count,,43.0,,,
10-3,1829,discharge-low,count,,43.0,,,
10-3,1830,discharge-low,count,,43.0,,,
10-3,1831,discharge-low,count,,43.0,,,
10-3,1832,discharge-low,count,,43.0,,,
10-3,1833,discharge-low,count,,42.0,,,
10-3,1834,discharge-low,count,,42.0,,,
10-3,1835,discharge-low,count,,42.0,,,
10-3,1836,discharge-low,count,,42.0,,,
10-3,1837,discharge-low,count,,42.0,,,
10-3,1838,discharge-low,count,,42.0,,,
10-3,1839,discharge-low,count,,42.0,,,
10-3,1840,discharge-low,count,,41.0,,,
10-3,1841,discharge-low,count,,41.0,,,
10-3,1842,discharge-low,count,,41.0,,,
10-3,1843,discharge-low,count,,42.0,,,
10-3,1844,discharge-low,count,,42.0,,,
10-3,1845,discharge-low,count,,42.0,,,
10-3,1846,discharge-low,count,,42.0,,,
10-3,1847,discharge-low,count,,41.0,,,
10-3,1848,discharge-low,count,,41.0,,,
1-2,1217,discharge-low,I_std,,,1.795331246797198e-05,,
1-2,1220,discharge-low,I_std,,,1.7953312467930022e-05,,
1-2,1229,discharge-low,I_std,,,1.803400191928918e-05,,
1-2,1230,discharge-low,I_std,,,1.803400191928918e-05,,
1-2,1238,discharge-low,I_std,,,1.803400191928918e-05,,
1-2,1266,discharge-low,I_std,,,1.708484392353045e-05,,
1-2,1337,discharge-low,I_std,,,1.803400191928918e-05,,
1-2,1338,discharge-low,I_std,,,1.8034001919289177e-05,,
1-2,1343,discharge-low,I_std,,,1.8034001919289177e-05,,
1-2,1657,discharge-low,I_std,,,0.0,,
1-2,1687,discharge-low,I_std,,,0.0,,
1-2,1830,discharge-low,I_std,,,0.0,,
1-2,1831,discharge-low,I_std,,,0.0,,
1-2,1832,discharge-low,I_std,,,0.0,,
1-2,1851,discharge-low,I_std,,,0.0,,
1-2,1897,discharge-low,I_std,,,0.0,,
1-2,2041,discharge-low,I_std,,,1.7910669423764583e-05,,
1-2,2042,discharge-low,I_std,,,1.7910669423764583e-05,,
1-2,2054,discharge-low,I_std,,,0.0,,
1-2,2055,discharge-low,I_std,,,1.791066942376458e-05,,
1-2,2056,discharge-low,I_std,,,1.7910669423764583e-05,,
1-2,2059,discharge-low,I_std,,,1.7910669423764576e-05,,
1-2,2060,discharge-low,I_std,,,0.0,,
1-2,2061,discharge-low,I_std,,,0.0,,
1-2,2062,discharge-low,I_std,,,0.0,,
1-2,2066,discharge-low,I_std,,,0.0,,
1-2,2088,discharge-low,I_std,,,0.0,,
1-2,2090,discharge-low,I_std,,,0.0,,
1-2,2100,discharge-low,I_std,,,4.463041323674983e-16,,
1-2,2101,discharge-low,I_std,,,1.7999999999984686e-05,,
1-2,2117,discharge-low,I_std,,,1.799999999998469e-05,,
1-2,2378,discharge-low,I_std,,,0.0,,
1-2,2381,discharge-low,I_std,,,0.0,,
1-2,2389,discharge-low,I_std,,,0.0,,
1-2,2397,discharge-low,I_std,,,0.0,,
1-2,2398,discharge-low,I_std,,,0.0,,
1-2,2411,discharge-low,I_std,,,0.0,,
1-2,2452,discharge-low,I_std,,,0.0,,
1-2,2454,discharge-low,I_std,,,0.0,,
1-5,1924,discharge-low,I_std,,,1.9292489227625325,,
1-5,1925,discharge-low,I_std,,,1.9291976217876496,,
1-5,1926,discharge-low,I_std,,,1.929213469405644,,
1-5,1927,discharge-low,I_std,,,1.9292239255503327,,
1-5,1928,discharge-low,I_std,,,1.929234872760579,,
1-5,1929,discharge-low,I_std,,,1.9292152668021765,,
1-5,1930,discharge-low,I_std,,,1.9292647699649872,,
1-5,1931,discharge-low,I_std,,,1.9487157163852653,,
1-5,1932,discharge-low,I_std,,,1.9487791087668849,,
1-5,1933,discharge-low,I_std,,,1.948780407921408,,
1-5,1934,discharge-low,I_std,,,1.9487606262150847,,
1-5,1935,discharge-low,I_std,,,1.9541057052487387,,
1-5,1936,discharge-low,I_std,,,1.9541238436684296,,
1-5,1937,discharge-low,I_std,,,1.9723128463063744,,
1-5,1938,discharge-low,I_std,,,1.972315687043601,,
1-5,1939,discharge-low,I_std,,,1.972315042089288,,
1-5,1940,discharge-low,I_std,,,1.972318909957344,,
1-5,1941,discharge-low,I_std,,,1.9723136326000448,,
1-5,1942,discharge-low,I_std,,,1.972307568819176,,
1-5,1943,discharge-low,I_std,,,1.972323705518939,,
1-5,1944,discharge-low,I_std,,,1.972281358902247,,
1-5,1946,discharge-low,I_std,,,1.9952885464914447,,
1-5,1947,discharge-low,I_std,,,1.995249422900496,,
1-5,1948,discharge-low,I_std,,,1.9952775348908376,,
1-5,1949,discharge-low,I_std,,,1.9952674121806,,
1-5,1950,discharge-low,I_std,,,1.9952453944989763,,
1-5,1951,discharge-low,I_std,,,1.995217307863619,,
1-5,1952,discharge-low,I_std,,,1.99526271393161,,
1-5,1956,discharge-low,I_std,,,2.0177536309770616,,
1-5,1957,discharge-low,I_std,,,2.017775375410106,,
1-5,1958,discharge-low,I_std,,,2.017747959789536,,
1-5,1959,discharge-low,I_std,,,2.0177730214326406,,
1-5,1966,discharge-low,I_std,,,2.0398338538362344,,
1-7,1623,discharge-low,I_std,,,0.0,,
1-7,1628,discharge-low,I_std,,,0.0,,
1-7,1632,discharge-low,I_std,,,0.0,,
1-7,1665,discharge-low,I_std,,,0.0,,
1-7,1673,discharge-low,I_std,,,0.0,,
2-4,82,discharge-low,I_std,,,1.6570343122155724e-05,,
2-4,109,discharge-low,I_std,,,1.6641005886742725e-05,,
2-4,130,discharge-low,I_std,,,0.0,,
2-4,131,discharge-low,I_std,,,1.7565506213790827e-05,,
2-4,134,discharge-low,I_std,,,1.756550621379083e-05,,
2-4,135,discharge-low,I_std,,,0.0,,
2-4,155,discharge-low,I_std,,,1.764105712681179e-05,,
2-4,156,discharge-low,I_std,,,1.764105712681179e-05,,
2-4,284,discharge-low,I_std,,,1.7641057126811798e-05,,
2-4,376,discharge-low,I_std,,,1.7717591356557808e-05,,
2-4,396,discharge-low,I_std,,,1.77175913565578e-05,,
2-4,398,discharge-low,I_std,,,0.0,,
2-4,421,discharge-low,I_std,,,0.0,,
2-4,517,discharge-low,I_std,,,1.6858544608456165e-05,,
2-4,520,discharge-low,I_std,,,1.685854460845617e-05,,
2-4,521,discharge-low,I_std,,,0.0,,
2-4,527,discharge-low,I_std,,,0.0,,
2-4,577,discharge-low,I_std,,,1.787369649928012e-05,,
2-4,578,discharge-low,I_std,,,1.7873696499280122e-05,,
2-4,579,discharge-low,I_std,,,1.6932975630890356e-05,,
2-4,614,discharge-low,I_std,,,1.6932975630890353e-05,,
2-4,617,discharge-low,I_std,,,1.693297563089035e-05,,
2-4,618,discharge-low,I_std,,,1.7873696499280115e-05,,
2-4,623,discharge-low,I_std,,,1.787369649928012e-05,,
2-4,624,discharge-low,I_std,,,1.7873696499280115e-05,,
2-4,630,discharge-low,I_std,,,1.7873696499280115e-05,,
2-4,864,discharge-low,I_std,,,1.7240873133966062e-05,,
2-4,865,discharge-low,I_std,,,4.461404411342765e-16,,
2-4,881,discharge-low,I_std,,,1.7320508075674042e-05,,
2-4,897,discharge-low,I_std,,,1.7320508075674042e-05,,
2-4,921,discharge-low,I_std,,,4.461595670400633e-16,,
2-4,976,discharge-low,I_std,,,4.461790529687972e-16,,
2-4,978,discharge-low,I_std,,,1.748314552241589e-05,,
2-4,999,discharge-low,I_std,,,4.461989091826415e-16,,
2-4,1003,discharge-low,I_std,,,4.462191463375235e-16,,
2-4,1004,discharge-low,I_std,,,1.7566201313058665e-05,,
2-4,1041,discharge-low,I_std,,,1.7566201313058662e-05,,
2-4,1042,discharge-low,I_std,,,4.462191463375235e-16,,
2-4,1055,discharge-low,I_std,,,4.462397755022017e-16,,
2-4,1058,discharge-low,I_std,,,1.7566201313058665e-05,,
2-4,1170,discharge-low,I_std,,,1.7910669423764573e-05,,
2-4,1171,discharge-low,I_std,,,1.799999999998469e-05,,
2-4,1172,discharge-low,I_std,,,1.7999999999984693e-05,,
2-4,1197,discharge-low,I_std,,,4.463264492478967e-16,,
2-4,1204,discharge-low,I_std,,,4.463264492478967e-16,,
2-4,1229,discharge-low,I_std,,,4.463492204246288e-16,,
2-4,1266,discharge-low,I_std,,,4.463724599123401e-16,,
3-1,753,discharge-low,I_std,,,1.779513042008558e-05,,
3-1,1777,discharge-low,I_std,,,0.0,,
3-1,1808,discharge-low,I_std,,,0.0,,
3-6,1667,discharge-low,I_std,,,4.461989091826415e-16,,
3-6,1700,discharge-low,I_std,,,1.7566201313058665e-05,,
3-6,1728,discharge-low,I_std,,,1.7566201313058665e-05,,
3-6,1741,discharge-low,I_std,,,4.462191463375235e-16,,
3-6,1742,discharge-low,I_std,,,1.7566201313058662e-05,,
3-6,1757,discharge-low,I_std,,,4.462191463375235e-16,,
3-6,1901,discharge-low,I_std,,,0.0,,
3-6,1921,discharge-low,I_std,,,0.0,,
3-6,1942,discharge-low,I_std,,,1.7822655773564984e-05,,
3-6,1959,discharge-low,I_std,,,4.463041323674983e-16,,
3-6,2057,discharge-low,I_std,,,4.463264492478967e-16,,
3-6,2146,discharge-low,I_std,,,4.463961823081219e-16,,
3-6,2223,discharge-low,I_std,,,0.0,,
3-6,2261,discharge-low,I_std,,,0.0,,
3-6,2266,discharge-low,I_std,,,0.0,,
4-6,1347,discharge-low,I_std,,,1.9293287372507857,,
4-6,1350,discharge-low,I_std,,,1.9487476610871213,,
4-6,1351,discharge-low,I_std,,,1.9485171302177915,,
4-6,1352,discharge-low,I_std,,,1.9486523906355784,,
4-6,1355,discharge-low,I_std,,,1.9539996817893115,,
4-6,1356,discharge-low,I_std,,,1.9538313022080225,,
4-6,1357,discharge-low,I_std,,,1.9721215947078568,,
4-6,1362,discharge-low,I_std,,,1.9951277836777348,,
4-8,1689,discharge-low,I_std,,,4.465225935989372e-16,,
4-8,1703,discharge-low,I_std,,,4.465495567095924e-16,,
5-5,394,discharge-low,I_std,,,1.6712580435920446e-05,,
5-5,404,discharge-low,I_std,,,4.460158532121958e-16,,
5-5,841,discharge-low,I_std,,,1.7162326606406067e-05,,
5-5,842,discharge-low,I_std,,,1.7162326606406067e-05,,
5-5,846,discharge-low,I_std,,,1.8034001919289164e-05,,
5-5,850,discharge-low,I_std,,,1.7162326606406067e-05,,
5-5,852,discharge-low,I_std,,,4.46121665365014e-16,,
5-5,855,discharge-low,I_std,,,1.7162326606406064e-05,,
5-5,856,discharge-low,I_std,,,4.46121665365014e-16,,
5-5,867,discharge-low,I_std,,,1.7162326606406067e-05,,
5-5,870,discharge-low,I_std,,,4.46121665365014e-16,,
5-5,876,discharge-low,I_std,,,1.7162326606406067e-05,,
5-5,882,discharge-low,I_std,,,1.7240873133966062e-05,,
5-5,954,discharge-low,I_std,,,4.461595670400633e-16,,
5-5,1125,discharge-low,I_std,,,1.7735927006942202e-05,,
5-5,1131,discharge-low,I_std,,,1.765045216242156e-05,,
5-5,1430,discharge-low,I_std,,,4.464704023073559e-16,,
5-5,1438,discharge-low,I_std,,,4.464704023073559e-16,,
5-5,1439,discharge-low,I_std,,,4.464704023073559e-16,,
5-5,1446,discharge-low,I_std,,,4.464962150673178e-16,,
5-5,1452,discharge-low,I_std,,,4.464704023073559e-16,,
5-5,1454,discharge-low,I_std,,,4.464962150673178e-16,,
5-5,1456,discharge-low,I_std,,,4.464962150673178e-16,,
5-5,1459,discharge-low,I_std,,,4.464962150673178e-16,,
6-2,30,discharge-low,I_std,,,1.7272727272759688e-05,,
6-2,64,discharge-low,I_std,,,1.7272727272759688e-05,,
6-2,173,discharge-low,I_std,,,1.7344547654322274e-05,,
6-2,250,discharge-low,I_std,,,1.7417271443568695e-05,,
6-2,452,discharge-low,I_std,,,1.7565506213831885e-05,,
6-2,1026,discharge-low,I_std,,,1.7084843923530448e-05,,
6-2,1474,discharge-low,I_std,,,1.7910669423764576e-05,,
7-7,1648,discharge-low,I_std,,,1.9293022203763543,,
7-7,1649,discharge-low,I_std,,,1.929411551802615,,
7-7,1650,discharge-low,I_std,,,1.9293201163616909,,
7-7,1651,discharge-low,I_std,,,1.9292427334456368,,
7-7,1652,discharge-low,I_std,,,1.9292372642557925,,
7-7,1653,discharge-low,I_std,,,1.948758258953854,,
7-7,1656,discharge-low,I_std,,,1.9540767025982415,,
7-7,1657,discharge-low,I_std,,,1.9540254724231576,,
7-7,1658,discharge-low,I_std,,,1.9723568413854384,,
7-7,1659,discharge-low,I_std,,,1.972261813175719,,
7-7,1664,discharge-low,I_std,,,1.9953185594724967,,
7-7,1665,discharge-low,I_std,,,1.9953005961697965,,
9-8,1897,discharge-low,I_std,,,1.799999999998469e-05,,
9-8,1899,discharge-low,I_std,,,1.7999999999984696e-05,,
10-8,1370,discharge-low,I_std,,,1.9251307214136455,,
10-8,1374,discharge-low,I_std,,,1.9296679222950128,,
10-8,1375,discharge-low,I_std,,,1.9296988419829504,,
10-8,1376,discharge-low,I_std,,,1.949181226084585,,
10-8,1377,discharge-low,I_std,,,1.9491998601836005,,
10-8,1381,discharge-low,I_std,,,1.972657810075597,,
4-1,46,discharge-low,V_min,,,,1.8433,
4-1,97,discharge-low,V_min,,,,1.8427,
4-1,146,discharge-low,V_min,,,,1.8433,
4-1,161,discharge-low,V_min,,,,1.8467,
4-1,170,discharge-low,V_min,,,,1.8467,
6-4,69,discharge-low,V_min,,,,1.847,
7-1,48,discharge-low,V_min,,,,1.8461,
7-1,58,discharge-low,V_min,,,,1.8455,
7-1,63,discharge-low,V_min,,,,1.847,
7-1,85,discharge-low,V_min,,,,1.8439,
7-1,104,discharge-low,V_min,,,,1.8439,
7-1,131,discharge-low,V_min,,,,1.839,
7-1,139,discharge-low,V_min,,,,1.8421,
7-1,146,discharge-low,V_min,,,,1.8393,
7-1,162,discharge-low,V_min,,,,1.8408,
7-1,185,discharge-low,V_min,,,,1.8455,
7-3,126,discharge-low,V_min,,,,1.8455,
7-3,144,discharge-low,V_min,,,,1.8359,
7-3,164,discharge-low,V_min,,,,1.8356,
7-3,174,discharge-low,V_min,,,,1.8412,
7-3,175,discharge-low,V_min,,,,1.8424,
7-3,183,discharge-low,V_min,,,,1.8443,
7-3,195,discharge-low,V_min,,,,1.8443,
7-3,209,discharge-low,V_min,,,,1.8436,
7-4,76,discharge-low,V_min,,,,1.8443,
7-4,84,discharge-low,V_min,,,,1.8439,
7-4,85,discharge-low,V_min,,,,1.8408,
7-4,95,discharge-low,V_min,,,,1.8449,
7-4,115,discharge-low,V_min,,,,1.8433,
7-4,128,discharge-low,V_min,,,,1.847,
7-4,129,discharge-low,V_min,,,,1.8402,
7-4,133,discharge-low,V_min,,,,1.8374,
7-4,140,discharge-low,V_min,,,,1.8424,
7-4,157,discharge-low,V_min,,,,1.8443,
7-6,109,discharge-low,V_min,,,,1.8467,
7-7,52,discharge-low,V_min,,,,1.8467,
7-7,69,discharge-low,V_min,,,,1.8452,
7-7,81,discharge-low,V_min,,,,1.8424,
7-7,89,discharge-low,V_min,,,,1.8396,
7-7,109,discharge-low,V_min,,,,1.8412,
7-7,124,discharge-low,V_min,,,,1.8405,
7-7,134,discharge-low,V_min,,,,1.8402,
7-7,141,discharge-low,V_min,,,,1.8421,
7-7,149,discharge-low,V_min,,,,1.8408,
7-7,159,discharge-low,V_min,,,,1.8461,
7-7,167,discharge-low,V_min,,,,1.8461,
7-7,188,discharge-low,V_min,,,,1.8439,
8-1,70,discharge-low,V_min,,,,1.8455,
8-1,80,discharge-low,V_min,,,,1.8427,
8-1,88,discharge-low,V_min,,,,1.8415,
8-1,115,discharge-low,V_min,,,,1.8458,
8-1,153,discharge-low,V_min,,,,1.8436,
8-1,163,discharge-low,V_min,,,,1.8443,
8-1,171,discharge-low,V_min,,,,1.8443,
8-1,211,discharge-low,V_min,,,,1.8458,
8-4,151,discharge-low,V_min,,,,1.8467,
8-5,62,discharge-low,V_min,,,,1.8427,
8-5,79,discharge-low,V_min,,,,1.8443,
8-5,87,discharge-low,V_min,,,,1.8446,
8-5,99,discharge-low,V_min,,,,1.8461,
8-5,108,discharge-low,V_min,,,,1.8408,
8-5,114,discharge-low,V_min,,,,1.8464,
8-5,123,discharge-low,V_min,,,,1.843,
8-5,132,discharge-low,V_min,,,,1.8408,
8-7,71,discharge-low,V_min,,,,1.8415,
8-7,72,discharge-low,V_min,,,,1.8328,
8-7,78,discharge-low,V_min,,,,1.8458,
8-7,86,discharge-low,V_min,,,,1.8337,
8-7,97,discharge-low,V_min,,,,1.8439,
8-7,98,discharge-low,V_min,,,,1.8306,
8-7,105,discharge-low,V_min,,,,1.8371,
8-7,116,discharge-low,V_min,,,,1.8387,
8-7,127,discharge-low,V_min,,,,1.8449,
8-7,137,discharge-low,V_min,,,,1.8315,
8-7,159,discharge-low,V_min,,,,1.8356,
8-7,171,discharge-low,V_min,,,,1.8418,
8-7,172,discharge-low,V_min,,,,1.8427,
8-7,173,discharge-low,V_min,,,,1.8346,
8-7,184,discharge-low,V_min,,,,1.8436,
10-1,39,discharge-low,V_min,,,,1.8464,
10-1,51,discharge-low,V_min,,,,1.8452,
10-1,56,discharge-low,V_min,,,,1.8449,
10-1,57,discharge-low,V_min,,,,1.8443,
10-1,69,discharge-low,V_min,,,,1.834,
10-1,75,discharge-low,V_min,,,,1.843,
10-1,94,discharge-low,V_min,,,,1.8418,
10-1,102,discharge-low,V_min,,,,1.8346,
10-1,108,discharge-low,V_min,,,,1.8402,
10-1,115,discharge-low,V_min,,,,1.8377,
10-1,123,discharge-low,V_min,,,,1.8464,
10-1,139,discharge-low,V_min,,,,1.8331,
10-1,149,discharge-low,V_min,,,,1.8424,
10-1,158,discharge-low,V_min,,,,1.8393,
10-1,175,discharge-low,V_min,,,,1.8405,
10-1,183,discharge-low,V_min,,,,1.8464,
10-1,191,discharge-low,V_min,,,,1.8443,
10-1,202,discharge-low,V_min,,,,1.8446,
10-1,214,discharge-low,V_min,,,,1.8399,
10-3,35,discharge-low,V_min,,,,1.8424,
10-3,46,discharge-low,V_min,,,,1.834,
10-3,52,discharge-low,V_min,,,,1.8334,
10-3,68,discharge-low,V_min,,,,1.83,
10-3,91,discharge-low,V_min,,,,1.8427,
10-3,97,discharge-low,V_min,,,,1.8452,
10-3,98,discharge-low,V_min,,,,1.8405,
10-3,99,discharge-low,V_min,,,,1.834,
10-3,106,discharge-low,V_min,,,,1.8362,
10-3,112,discharge-low,V_min,,,,1.8374,
10-3,119,discharge-low,V_min,,,,1.8291,
10-3,125,discharge-low,V_min,,,,1.8377,
10-3,127,discharge-low,V_min,,,,1.8408,
10-3,135,discharge-low,V_min,,,,1.8436,
10-3,140,discharge-low,V_min,,,,1.8436,
10-3,159,discharge-low,V_min,,,,1.8334,
10-3,160,discharge-low,V_min,,,,1.835,
10-3,181,discharge-low,V_min,,,,1.8343,
10-3,183,discharge-low,V_min,,,,1.8365,
10-3,184,discharge-low,V_min,,,,1.8334,
10-3,219,discharge-low,V_min,,,,1.8443,
10-3,220,discharge-low,V_min,,,,1.8458,
10-3,230,discharge-low,V_min,,,,1.8443,
10-8,111,discharge-low,V_min,,,,1.8452,
1-5,1598,discharge-low,V_max,,,,,2.9554
1-5,1600,discharge-low,V_max,,,,,2.9551
1-5,1601,discharge-low,V_max,,,,,2.9541
1-5,1602,discharge-low,V_max,,,,,2.9551
1-5,1603,discharge-low,V_max,,,,,2.9547
1-5,1604,discharge-low,V_max,,,,,2.9547
1-5,1605,discharge-low,V_max,,,,,2.9538
1-5,1606,discharge-low,V_max,,,,,2.9535
1-5,1607,discharge-low,V_max,,,,,2.9535
1-5,1608,discharge-low,V_max,,,,,2.9535
1-5,1609,discharge-low,V_max,,,,,2.9538
1-5,1610,discharge-low,V_max,,,,,2.9526
1-5,1611,discharge-low,V_max,,,,,2.9526
1-5,1612,discharge-low,V_max,,,,,2.9513
1-5,1613,discharge-low,V_max,,,,,2.952
1-5,1614,discharge-low,V_max,,,,,2.9516
1-5,1615,discharge-low,V_max,,,,,2.9513
1-5,1616,discharge-low,V_max,,,,,2.9513
1-5,1617,discharge-low,V_max,,,,,2.9504
1-5,1618,discharge-low,V_max,,,,,2.9507
1-5,1619,discharge-low,V_max,,,,,2.9498
1-5,1620,discharge-low,V_max,,,,,2.9495
1-5,1621,discharge-low,V_max,,,,,2.9495
1-5,1622,discharge-low,V_max,,,,,2.9492
1-5,1623,discharge-low,V_max,,,,,2.9492
1-5,1624,discharge-low,V_max,,,,,2.9482
1-5,1625,discharge-low,V_max,,,,,2.9485
1-5,1626,discharge-low,V_max,,,,,2.9479
1-5,1627,discharge-low,V_max,,,,,2.9479
1-5,1628,discharge-low,V_max,,,,,2.9476
1-5,1629,discharge-low,V_max,,,,,2.947
1-5,1630,discharge-low,V_max,,,,,2.9467
1-5,1631,discharge-low,V_max,,,,,2.9461
1-5,1632,discharge-low,V_max,,,,,2.9464
1-5,1633,discharge-low,V_max,,,,,2.9461
1-5,1634,discharge-low,V_max,,,,,2.9461
1-5,1635,discharge-low,V_max,,,,,2.9458
1-5,1636,discharge-low,V_max,,,,,2.9451
1-5,1637,discharge-low,V_max,,,,,2.9454
1-5,1638,discharge-low,V_max,,,,,2.9451
1-5,1639,discharge-low,V_max,,,,,2.9454
1-5,1640,discharge-low,V_max,,,,,2.9454
1-5,1641,discharge-low,V_max,,,,,2.9458
1-5,1642,discharge-low,V_max,,,,,2.9458
1-5,1643,discharge-low,V_max,,,,,2.9451
1-5,1644,discharge-low,V_max,,,,,2.9454
1-5,1645,discharge-low,V_max,,,,,2.9451
1-5,1646,discharge-low,V_max,,,,,2.9458
1-5,1647,discharge-low,V_max,,,,,2.9442
1-5,1648,discharge-low,V_max,,,,,2.9445
1-5,1649,discharge-low,V_max,,,,,2.9445
1-5,1650,discharge-low,V_max,,,,,2.9442
1-5,1651,discharge-low,V_max,,,,,2.9445
1-5,1652,discharge-low,V_max,,,,,2.9442
1-5,1653,discharge-low,V_max,,,,,2.943
1-5,1654,discharge-low,V_max,,,,,2.9427
1-5,1655,discharge-low,V_max,,,,,2.9423
1-5,1656,discharge-low,V_max,,,,,2.9427
1-5,1657,discharge-low,V_max,,,,,2.9423
1-5,1658,discharge-low,V_max,,,,,2.9423
1-5,1659,discharge-low,V_max,,,,,2.9423
1-5,1660,discharge-low,V_max,,,,,2.9427
1-5,1661,discharge-low,V_max,,,,,2.9423
1-5,1662,discharge-low,V_max,,,,,2.9423
1-5,1663,discharge-low,V_max,,,,,2.9498
1-5,1664,discharge-low,V_max,,,,,2.9501
1-5,1665,discharge-low,V_max,,,,,2.9498
1-5,1666,discharge-low,V_max,,,,,2.9498
1-5,1667,discharge-low,V_max,,,,,2.9495
1-5,1668,discharge-low,V_max,,,,,2.9495
1-5,1669,discharge-low,V_max,,,,,2.9501
1-5,1670,discharge-low,V_max,,,,,2.9495
1-5,1671,discharge-low,V_max,,,,,2.9495
1-5,1672,discharge-low,V_max,,,,,2.9492
1-5,1673,discharge-low,V_max,,,,,2.9492
1-5,1674,discharge-low,V_max,,,,,2.9495
1-5,1675,discharge-low,V_max,,,,,2.9489
1-5,1676,discharge-low,V_max,,,,,2.9492
1-5,1677,discharge-low,V_max,,,,,2.9485
1-5,1678,discharge-low,V_max,,,,,2.9492
1-5,1679,discharge-low,V_max,,,,,2.9489
1-5,1680,discharge-low,V_max,,,,,2.9485
1-5,1681,discharge-low,V_max,,,,,2.9485
1-5,1682,discharge-low,V_max,,,,,2.9489
1-5,1683,discharge-low,V_max,,,,,2.9485
1-5,1684,discharge-low,V_max,,,,,2.9485
1-5,1685,discharge-low,V_max,,,,,2.9485
1-5,1686,discharge-low,V_max,,,,,2.9482
1-5,1687,discharge-low,V_max,,,,,2.9485
1-5,1688,discharge-low,V_max,,,,,2.9485
1-5,1689,discharge-low,V_max,,,,,2.9482
1-5,1690,discharge-low,V_max,,,,,2.9479
1-5,1691,discharge-low,V_max,,,,,2.9482
1-5,1692,discharge-low,V_max,,,,,2.9476
1-5,1693,discharge-low,V_max,,,,,2.9476
1-5,1694,discharge-low,V_max,,,,,2.9476
1-5,1695,discharge-low,V_max,,,,,2.9476
1-5,1696,discharge-low,V_max,,,,,2.9476
1-5,1697,discharge-low,V_max,,,,,2.9476
1-5,1698,discharge-low,V_max,,,,,2.9473
1-5,1699,discharge-low,V_max,,,,,2.9473
1-5,1700,discharge-low,V_max,,,,,2.9476
1-5,1701,discharge-low,V_max,,,,,2.947
1-5,1702,discharge-low,V_max,,,,,2.9473
1-5,1703,discharge-low,V_max,,,,,2.9473
1-5,1704,discharge-low,V_max,,,,,2.9473
1-5,1705,discharge-low,V_max,,,,,2.947
1-5,1706,discharge-low,V_max,,,,,2.9467
1-5,1707,discharge-low,V_max,,,,,2.9461
1-5,1708,discharge-low,V_max,,,,,2.9467
1-5,1709,discharge-low,V_max,,,,,2.9473
1-5,1726,discharge-low,V_max,,,,,2.9554
1-5,1727,discharge-low,V_max,,,,,2.9554
1-5,1728,discharge-low,V_max,,,,,2.9554
1-5,1729,discharge-low,V_max,,,,,2.9554
1-5,1730,discharge-low,V_max,,,,,2.9551
1-5,1731,discharge-low,V_max,,,,,2.9554
1-5,1732,discharge-low,V_max,,,,,2.9547
1-5,1733,discharge-low,V_max,,,,,2.9554
1-5,1734,discharge-low,V_max,,,,,2.9547
1-5,1735,discharge-low,V_max,,,,,2.9554
1-5,1736,discharge-low,V_max,,,,,2.9551
1-5,1737,discharge-low,V_max,,,,,2.9547
1-5,1738,discharge-low,V_max,,,,,2.9541
1-5,1739,discharge-low,V_max,,,,,2.9547
1-5,1740,discharge-low,V_max,,,,,2.9544
1-5,1741,discharge-low,V_max,,,,,2.9547
1-5,1742,discharge-low,V_max,,,,,2.9544
1-5,1743,discharge-low,V_max,,,,,2.9544
1-5,1744,discharge-low,V_max,,,,,2.9544
1-5,1745,discharge-low,V_max,,,,,2.9541
1-5,1746,discharge-low,V_max,,,,,2.9544
1-5,1747,discharge-low,V_max,,,,,2.9541
1-5,1748,discharge-low,V_max,,,,,2.9544
1-5,1749,discharge-low,V_max,,,,,2.9541
1-5,1750,discharge-low,V_max,,,,,2.9541
1-5,1751,discharge-low,V_max,,,,,2.9535
1-5,1752,discharge-low,V_max,,,,,2.9541
1-5,1753,discharge-low,V_max,,,,,2.9538
1-5,1754,discharge-low,V_max,,,,,2.9535
1-5,1755,discharge-low,V_max,,,,,2.9538
1-5,1756,discharge-low,V_max,,,,,2.9532
1-5,1757,discharge-low,V_max,,,,,2.9535
1-5,1758,discharge-low,V_max,,,,,2.9532
1-5,1759,discharge-low,V_max,,,,,2.9529
1-5,1760,discharge-low,V_max,,,,,2.9529
5-3,2277,discharge-low,V_max,,,,,2.9554
5-4,23,discharge-low,V_max,,,,,3.1947
5-4,36,discharge-low,V_max,,,,,3.1947
5-4,37,discharge-low,V_max,,,,,3.1947
5-4,40,discharge-low,V_max,,,,,3.1947
5-4,41,discharge-low,V_max,,,,,3.1953
5-4,42,discharge-low,V_max,,,,,3.195
5-4,43,discharge-low,V_max,,,,,3.195
5-4,44,discharge-low,V_max,,,,,3.1953
5-4,45,discharge-low,V_max,,,,,3.1953
5-4,46,discharge-low,V_max,,,,,3.195
5-4,47,discharge-low,V_max,,,,,3.195
5-4,48,discharge-low,V_max,,,,,3.1953
5-4,49,discharge-low,V_max,,,,,3.195
5-4,50,discharge-low,V_max,,,,,3.1947
5-4,51,discharge-low,V_max,,,,,3.195
5-4,52,discharge-low,V_max,,,,,3.1947
5-4,53,discharge-low,V_max,,,,,3.195
5-4,54,discharge-low,V_max,,,,,3.1947
5-4,55,discharge-low,V_max,,,,,3.1953
5-4,56,discharge-low,V_max,,,,,3.1947
5-4,60,discharge-low,V_max,,,,,3.195
5-4,63,discharge-low,V_max,,,,,3.1947
5-4,64,discharge-low,V_max,,,,,3.1947
5-4,66,discharge-low,V_max,,,,,3.1947
5-4,67,discharge-low,V_max,,,,,3.195
5-4,68,discharge-low,V_max,,,,,3.1953
5-4,69,discharge-low,V_max,,,,,3.1947
5-4,70,discharge-low,V_max,,,,,3.195
5-4,71,discharge-low,V_max,,,,,3.1947
5-4,72,discharge-low,V_max,,,,,3.1947
5-4,73,discharge-low,V_max,,,,,3.1947
5-4,77,discharge-low,V_max,,,,,3.1947
5-4,78,discharge-low,V_max,,,,,3.195
5-4,79,discharge-low,V_max,,,,,3.1947
5-4,81,discharge-low,V_max,,,,,3.1947
5-4,88,discharge-low,V_max,,,,,3.1947
5-4,89,discharge-low,V_max,,,,,3.195
5-4,90,discharge-low,V_max,,,,,3.1947
5-4,91,discharge-low,V_max,,,,,3.1947
