cell_id,cycle,scenario,feature,V_std,count,I_std,T_std,V_min,V_max
b1c0,149,charge-high,V_std,0.0854485907253537,,,,,
b1c2,152,charge-high,V_std,0.0892263107115432,,,,,
b1c9,143,charge-high,V_std,0.0671710815510849,,,,,
b1c9,961,charge-high,V_std,0.4744044542361467,,,,,
b1c9,965,charge-high,V_std,0.4748280206982789,,,,,
b1c9,976,charge-high,V_std,0.471307520119077,,,,,
b1c9,980,charge-high,V_std,0.470330181556216,,,,,
b1c9,985,charge-high,V_std,0.4774274643580279,,,,,
b1c9,989,charge-high,V_std,0.472397479446528,,,,,
b1c9,990,charge-high,V_std,0.4700304042335537,,,,,
b1c9,993,charge-high,V_std,0.4708423316066075,,,,,
b1c9,1003,charge-high,V_std,0.4706999930533114,,,,,
b1c9,1004,charge-high,V_std,0.4745000175362523,,,,,
b1c9,1007,charge-high,V_std,0.471323792902683,,,,,
b1c9,1010,charge-high,V_std,0.4701913826712432,,,,,
b1c9,1011,charge-high,V_std,0.4720613282407502,,,,,
b1c9,1023,charge-high,V_std,0.4743304396601021,,,,,
b1c9,1032,charge-high,V_std,0.4716011797274974,,,,,
b1c9,1038,charge-high,V_std,0.4725710683637661,,,,,
b1c9,1046,charge-high,V_std,0.469914106142068,,,,,
b1c15,701,charge-high,V_std,0.4700267512511885,,,,,
b1c20,165,charge-high,V_std,0.1789835036336094,,,,,
b1c22,142,charge-high,V_std,0.0958809600400469,,,,,
b1c23,894,charge-high,V_std,0.4702620341084142,,,,,
b1c23,930,charge-high,V_std,0.4702927739467532,,,,,
b1c23,935,charge-high,V_std,0.4718992208429456,,,,,
b1c23,945,charge-high,V_std,0.4699868752937432,,,,,
b1c23,957,charge-high,V_std,0.4698085723601192,,,,,
b1c23,958,charge-high,V_std,0.4698049439899828,,,,,
b1c23,960,charge-high,V_std,0.4716772632363974,,,,,
b1c23,962,charge-high,V_std,0.4718625904499055,,,,,
b1c23,963,charge-high,V_std,0.4703018668538624,,,,,
b1c23,967,charge-high,V_std,0.4758685143936924,,,,,
b1c23,969,charge-high,V_std,0.472017969703136,,,,,
b1c23,970,charge-high,V_std,0.4703832101925211,,,,,
b1c23,974,charge-high,V_std,0.4727467421719128,,,,,
b1c23,976,charge-high,V_std,0.4716332861571382,,,,,
b1c23,977,charge-high,V_std,0.4727440706066908,,,,,
b1c23,979,charge-high,V_std,0.4757002605117605,,,,,
b1c23,981,charge-high,V_std,0.4739468998363086,,,,,
b1c23,983,charge-high,V_std,0.4701626401895588,,,,,
b1c23,984,charge-high,V_std,0.4733564749145676,,,,,
b1c23,985,charge-high,V_std,0.4738185167069074,,,,,
b1c23,987,charge-high,V_std,0.4708489780592979,,,,,
b1c23,988,charge-high,V_std,0.4732701821851464,,,,,
b1c23,989,charge-high,V_std,0.4764611909517604,,,,,
b1c23,990,charge-high,V_std,0.4700414383254081,,,,,
b1c23,991,charge-high,V_std,0.4699183511891031,,,,,
b1c23,992,charge-high,V_std,0.4789289846350603,,,,,
b1c23,994,charge-high,V_std,0.4711184831711147,,,,,
b1c23,995,charge-high,V_std,0.4747802793664557,,,,,
b1c23,996,charge-high,V_std,0.4712344913408136,,,,,
b1c23,997,charge-high,V_std,0.4773763982846774,,,,,
b1c23,998,charge-high,V_std,0.4727517497469274,,,,,
b1c23,999,charge-high,V_std,0.478390831434806,,,,,
b1c23,1000,charge-high,V_std,0.4765270428016746,,,,,
b1c23,1002,charge-high,V_std,0.4736769672198287,,,,,
b1c23,1003,charge-high,V_std,0.4709103063976895,,,,,
b1c23,1004,charge-high,V_std,0.4725498639533378,,,,,
b1c23,1006,charge-high,V_std,0.4710929790084608,,,,,
b1c23,1007,charge-high,V_std,0.4706687299006463,,,,,
b1c23,1008,charge-high,V_std,0.472071839211744,,,,,
b1c23,1009,charge-high,V_std,0.478095474452537,,,,,
b1c23,1010,charge-high,V_std,0.4747517747467809,,,,,
b1c24,976,charge-high,V_std,0.4706916169124626,,,,,
b1c24,978,charge-high,V_std,0.4708049322061928,,,,,
b1c24,980,charge-high,V_std,0.474844911396853,,,,,
b1c24,982,charge-high,V_std,0.4737851160182751,,,,,
b1c24,984,charge-high,V_std,0.4701250777403783,,,,,
b1c24,986,charge-high,V_std,0.4720438090451866,,,,,
b1c24,990,charge-high,V_std,0.471745039904899,,,,,
b1c24,998,charge-high,V_std,0.4712569078267252,,,,,
b1c24,1001,charge-high,V_std,0.475840784151453,,,,,
b1c24,1002,charge-high,V_std,0.4726489624454199,,,,,
b1c24,1003,charge-high,V_std,0.4709021666135796,,,,,
b1c24,1006,charge-high,V_std,0.4709904674724302,,,,,
b1c26,823,charge-high,V_std,0.4699748214344589,,,,,
b1c26,857,charge-high,V_std,0.4702749648092687,,,,,
b1c26,864,charge-high,V_std,0.4725863197713429,,,,,
b1c26,867,charge-high,V_std,0.4709841667971496,,,,,
b1c27,759,charge-high,V_std,0.4700217327206079,,,,,
b1c27,826,charge-high,V_std,0.4697954080888589,,,,,
b1c27,830,charge-high,V_std,0.4712660397982449,,,,,
b1c27,831,charge-high,V_std,0.4713775474011049,,,,,
b1c30,695,charge-high,V_std,0.0509549507581567,,,,,
b1c31,831,charge-high,V_std,0.4700987993366483,,,,,
b1c31,834,charge-high,V_std,0.4725284458991993,,,,,
b1c31,846,charge-high,V_std,0.4721307714751196,,,,,
b1c31,853,charge-high,V_std,0.4700231730266638,,,,,
b1c31,858,charge-high,V_std,0.4720637514600647,,,,,
b1c31,866,charge-high,V_std,0.4704229481684417,,,,,
b1c34,708,charge-high,V_std,0.4720174409519654,,,,,
b1c34,716,charge-high,V_std,0.4699198748036743,,,,,
b1c34,719,charge-high,V_std,0.4714032178024815,,,,,
b1c35,144,charge-high,V_std,0.0478590035427219,,,,,
b1c37,141,charge-high,V_std,0.0775275306510442,,,,,
b1c40,891,charge-high,V_std,0.470951942694624,,,,,
b1c40,904,charge-high,V_std,0.4698922445652203,,,,,
b1c40,908,charge-high,V_std,0.4707962985161341,,,,,
b1c40,915,charge-high,V_std,0.4699864902619999,,,,,
b1c40,923,charge-high,V_std,0.47108601161974,,,,,
b1c40,924,charge-high,V_std,0.471242162598922,,,,,
b1c40,926,charge-high,V_std,0.4711920579877304,,,,,
b1c40,946,charge-high,V_std,0.4717591232160312,,,,,
b1c40,950,charge-high,V_std,0.471141682161109,,,,,
b1c41,963,charge-high,V_std,0.4698901739758086,,,,,
b1c41,966,charge-high,V_std,0.4745157128369021,,,,,
b1c41,967,charge-high,V_std,0.4701172579876223,,,,,
b1c41,968,charge-high,V_std,0.4727835439934008,,,,,
b1c41,975,charge-high,V_std,0.4733274420652315,,,,,
b1c41,989,charge-high,V_std,0.4700837733989541,,,,,
b1c41,1035,charge-high,V_std,0.4703569880538863,,,,,
b1c44,145,charge-high,V_std,0.0491980239580491,,,,,
b1c44,227,charge-high,V_std,0.4705204752113066,,,,,
b1c44,228,charge-high,V_std,0.4699044775188782,,,,,
b1c44,286,charge-high,V_std,0.4698946602761356,,,,,
b1c44,289,charge-high,V_std,0.4712069148694183,,,,,
b1c44,294,charge-high,V_std,0.4721662159257668,,,,,
b1c45,118,charge-high,V_std,0.471463844625221,,,,,
b1c45,120,charge-high,V_std,0.4747264875544665,,,,,
b1c45,121,charge-high,V_std,0.4698433898165491,,,,,
b1c45,147,charge-high,V_std,0.5219979802470686,,,,,
b1c45,152,charge-high,V_std,0.4751964996186897,,,,,
b1c45,155,charge-high,V_std,0.4718770986100024,,,,,
b2c3,27,charge-high,V_std,0.2015261395004892,,,,,
b2c6,3,charge-high,V_std,0.1863857649397022,,,,,
b2c6,109,charge-high,V_std,0.2279299767393255,,,,,
b2c6,117,charge-high,V_std,0.2026584969097675,,,,,
b2c6,122,charge-high,V_std,0.2202197995207504,,,,,
b2c6,143,charge-high,V_std,0.2283706518834004,,,,,
b2c6,160,charge-high,V_std,0.1816019969395199,,,,,
b2c6,161,charge-high,V_std,0.1949531740967358,,,,,
b2c6,163,charge-high,V_std,0.191064616113412,,,,,
b2c6,164,charge-high,V_std,0.2172921508477643,,,,,
b2c6,168,charge-high,V_std,0.219659919667077,,,,,
b2c6,170,charge-high,V_std,0.2151118524256117,,,,,
b2c6,171,charge-high,V_std,0.2152275427972298,,,,,
b2c6,172,charge-high,V_std,0.2087084537591435,,,,,
b2c6,173,charge-high,V_std,0.2274361571212488,,,,,
b2c6,175,charge-high,V_std,0.2233692944217977,,,,,
b2c6,176,charge-high,V_std,0.2242284757672146,,,,,
b2c6,177,charge-high,V_std,0.2112544598510263,,,,,
b2c6,178,charge-high,V_std,0.2014870244086819,,,,,
b2c6,179,charge-high,V_std,0.1980143673391535,,,,,
b2c6,180,charge-high,V_std,0.1853639671344848,,,,,
b2c6,181,charge-high,V_std,0.1933203753918872,,,,,
b2c6,182,charge-high,V_std,0.2296033390551708,,,,,
b2c6,184,charge-high,V_std,0.2169773249845819,,,,,
b2c6,185,charge-high,V_std,0.2199600207768209,,,,,
b2c6,186,charge-high,V_std,0.2252638834217358,,,,,
b2c6,187,charge-high,V_std,0.2232339422083049,,,,,
b2c6,190,charge-high,V_std,0.2088871487533353,,,,,
b2c6,198,charge-high,V_std,0.2167632790289165,,,,,
b2c6,294,charge-high,V_std,0.2190458495243738,,,,,
b2c6,295,charge-high,V_std,0.2105165110294676,,,,,
b2c6,296,charge-high,V_std,0.1820206240075113,,,,,
b2c6,297,charge-high,V_std,0.1736101757065793,,,,,
b2c6,298,charge-high,V_std,0.1889086035955337,,,,,
b2c6,299,charge-high,V_std,0.2063536460407793,,,,,
b2c6,300,charge-high,V_std,0.2248245007880268,,,,,
b2c6,301,charge-high,V_std,0.2133088949050815,,,,,
b2c6,302,charge-high,V_std,0.2081046575023478,,,,,
b2c6,303,charge-high,V_std,0.2079916181482629,,,,,
b2c6,304,charge-high,V_std,0.2237928778250645,,,,,
b2c6,305,charge-high,V_std,0.2271020188916257,,,,,
b2c6,306,charge-high,V_std,0.2108894434391827,,,,,
b2c44,403,charge-high,V_std,0.2296315018501665,,,,,
b2c44,404,charge-high,V_std,0.212945375881861,,,,,
b2c44,414,charge-high,V_std,0.2297724282236617,,,,,
b2c44,415,charge-high,V_std,0.2270953249924202,,,,,
b2c44,418,charge-high,V_std,0.2278800760664147,,,,,
b2c44,419,charge-high,V_std,0.2249988069718593,,,,,
b2c44,422,charge-high,V_std,0.2147036830123037,,,,,
b2c46,247,charge-high,V_std,0.2166206813243968,,,,,
b2c46,342,charge-high,V_std,0.2275371892901682,,,,,
b2c46,343,charge-high,V_std,0.2264311096178258,,,,,
b2c46,347,charge-high,V_std,0.2272424944680859,,,,,
b2c46,351,charge-high,V_std,0.2141560496681074,,,,,
b2c46,352,charge-high,V_std,0.2237021265443569,,,,,
b2c46,364,charge-high,V_std,0.2249058288421092,,,,,
b2c46,365,charge-high,V_std,0.215366077834068,,,,,
b2c46,367,charge-high,V_std,0.2125901204710658,,,,,
b2c46,368,charge-high,V_std,0.2239723571285671,,,,,
b2c46,373,charge-high,V_std,0.2169519684629443,,,,,
b2c46,389,charge-high,V_std,0.2156076940243248,,,,,
b2c46,390,charge-high,V_std,0.2272980192379194,,,,,
b2c46,392,charge-high,V_std,0.2212088999180708,,,,,
b2c46,393,charge-high,V_std,0.2269767545284098,,,,,
b2c46,394,charge-high,V_std,0.2121590148487368,,,,,
b2c46,395,charge-high,V_std,0.2222667854788748,,,,,
b2c46,396,charge-high,V_std,0.2206558074166623,,,,,
b2c46,397,charge-high,V_std,0.2208252416405713,,,,,
b2c46,398,charge-high,V_std,0.2261089027696873,,,,,
b2c46,399,charge-high,V_std,0.2170912099457963,,,,,
b2c46,401,charge-high,V_std,0.2297717102773218,,,,,
b2c46,402,charge-high,V_std,0.2231157488182194,,,,,
b2c46,413,charge-high,V_std,0.2287192618730474,,,,,
b2c46,415,charge-high,V_std,0.2181694846242286,,,,,
b2c46,417,charge-high,V_std,0.2227452973166251,,,,,
b2c46,418,charge-high,V_std,0.2295949145077264,,,,,
b2c46,421,charge-high,V_std,0.2275301325503818,,,,,
b2c46,428,charge-high,V_std,0.2287932275753583,,,,,
b2c46,446,charge-high,V_std,0.2264117895499849,,,,,
b2c46,447,charge-high,V_std,0.229107858188094,,,,,
b2c47,3,charge-high,V_std,0.2267134328927254,,,,,
b3c37,1,charge-high,V_std,0.1858493396253521,,,,,
b3c37,13,charge-high,V_std,0.1462088416910572,,,,,
b3c37,16,charge-high,V_std,0.1558231769940271,,,,,
b3c37,61,charge-high,V_std,0.1516791804969088,,,,,
b3c37,357,charge-high,V_std,0.1547956006107251,,,,,
b3c37,367,charge-high,V_std,0.1549550855644187,,,,,
b3c37,594,charge-high,V_std,0.1518116831673127,,,,,
b3c37,597,charge-high,V_std,0.1464977987400443,,,,,
b3c37,598,charge-high,V_std,0.1301861276028392,,,,,
b3c37,619,charge-high,V_std,0.1553329897785803,,,,,
b3c37,620,charge-high,V_std,0.1600240023471375,,,,,
b3c37,621,charge-high,V_std,0.1605584665077923,,,,,
b3c37,630,charge-high,V_std,0.1543991826039133,,,,,
b3c37,631,charge-high,V_std,0.1518481858888477,,,,,
b3c37,845,charge-high,V_std,0.1388241328496121,,,,,
b3c37,848,charge-high,V_std,0.1651176519752437,,,,,
b3c37,1059,charge-high,V_std,0.1494061165610554,,,,,
b3c37,1060,charge-high,V_std,0.1442302521412696,,,,,
b3c37,1061,charge-high,V_std,0.1562203335684167,,,,,
b3c37,1062,charge-high,V_std,0.1854346807273006,,,,,
b3c37,1063,charge-high,V_std,0.2249392127456282,,,,,
b3c37,1064,charge-high,V_std,0.1994489775553802,,,,,
b3c37,1171,charge-high,V_std,0.1530716438997826,,,,,
b3c37,1183,charge-high,V_std,0.1902997420570559,,,,,
b3c43,244,charge-high,V_std,0.2188551350236008,,,,,
b1c18,40,charge-high,count,,512.0,,,,
b2c3,13,charge-high,count,,491.0,,,,
b2c3,28,charge-high,count,,633.0,,,,
b2c3,93,charge-high,count,,523.0,,,,
b2c3,101,charge-high,count,,485.0,,,,
b2c3,102,charge-high,count,,538.0,,,,
b2c3,108,charge-high,count,,490.0,,,,
b2c3,109,charge-high,count,,485.0,,,,
b2c6,51,charge-high,count,,480.0,,,,
b2c6,115,charge-high,count,,503.0,,,,
b2c6,116,charge-high,count,,484.0,,,,
b2c6,148,charge-high,count,,517.0,,,,
b2c6,162,charge-high,count,,511.0,,,,
b2c6,169,charge-high,count,,561.0,,,,
b2c6,174,charge-high,count,,533.0,,,,
b2c6,183,charge-high,count,,532.0,,,,
b2c6,189,charge-high,count,,507.0,,,,
b2c6,192,charge-high,count,,503.0,,,,
b2c6,195,charge-high,count,,532.0,,,,
b2c6,196,charge-high,count,,557.0,,,,
b2c6,197,charge-high,count,,522.0,,,,
b2c6,199,charge-high,count,,615.0,,,,
b2c6,229,charge-high,count,,538.0,,,,
b2c6,231,charge-high,count,,505.0,,,,
b2c6,247,charge-high,count,,496.0,,,,
b2c6,251,charge-high,count,,514.0,,,,
b2c6,252,charge-high,count,,490.0,,,,
b2c6,286,charge-high,count,,527.0,,,,
b2c6,288,charge-high,count,,496.0,,,,
b2c6,289,charge-high,count,,516.0,,,,
b2c6,291,charge-high,count,,498.0,,,,
b2c6,293,charge-high,count,,528.0,,,,
b2c6,307,charge-high,count,,561.0,,,,
b2c6,308,charge-high,count,,563.0,,,,
b2c6,309,charge-high,count,,590.0,,,,
b2c12,252,charge-high,count,,103.0,,,,
b2c31,504,charge-high,count,,104.0,,,,
b2c31,509,charge-high,count,,106.0,,,,
b2c37,456,charge-high,count,,106.0,,,,
b2c44,247,charge-high,count,,94.0,,,,
b2c47,559,charge-high,count,,478.0,,,,
b2c47,571,charge-high,count,,481.0,,,,
b2c47,585,charge-high,count,,509.0,,,,
b2c47,710,charge-high,count,,483.0,,,,
b2c47,735,charge-high,count,,481.0,,,,
b3c5,139,charge-high,count,,106.0,,,,
b3c5,702,charge-high,count,,105.0,,,,
b3c5,820,charge-high,count,,105.0,,,,
b3c22,728,charge-high,count,,106.0,,,,
b3c24,821,charge-high,count,,647.0,,,,
b3c31,3,charge-high,count,,106.0,,,,
b3c31,325,charge-high,count,,106.0,,,,
b3c31,444,charge-high,count,,106.0,,,,
b3c31,723,charge-high,count,,105.0,,,,
b3c31,724,charge-high,count,,106.0,,,,
b3c31,725,charge-high,count,,106.0,,,,
b3c31,726,charge-high,count,,106.0,,,,
b3c36,836,charge-high,count,,106.0,,,,
b3c36,837,charge-high,count,,106.0,,,,
b3c36,838,charge-high,count,,106.0,,,,
b3c36,839,charge-high,count,,106.0,,,,
b3c36,854,charge-high,count,,106.0,,,,
b3c36,866,charge-high,count,,106.0,,,,
b3c36,867,charge-high,count,,105.0,,,,
b3c36,868,charge-high,count,,106.0,,,,
b3c36,870,charge-high,count,,106.0,,,,
b3c36,871,charge-high,count,,106.0,,,,
b3c36,874,charge-high,count,,105.0,,,,
b3c36,880,charge-high,count,,104.0,,,,
b3c36,890,charge-high,count,,106.0,,,,
b3c36,893,charge-high,count,,104.0,,,,
b3c36,902,charge-high,count,,102.0,,,,
b3c36,903,charge-high,count,,104.0,,,,
b3c36,904,charge-high,count,,105.0,,,,
b3c36,906,charge-high,count,,106.0,,,,
b3c36,907,charge-high,count,,106.0,,,,
b3c36,910,charge-high,count,,106.0,,,,
b3c36,911,charge-high,count,,105.0,,,,
b3c36,912,charge-high,count,,106.0,,,,
b3c36,913,charge-high,count,,105.0,,,,
b3c36,915,charge-high,count,,106.0,,,,
b3c36,917,charge-high,count,,105.0,,,,
b3c36,918,charge-high,count,,105.0,,,,
b3c36,919,charge-high,count,,105.0,,,,
b3c37,599,charge-high,count,,535.0,,,,
b3c41,529,charge-high,count,,104.0,,,,
b3c41,547,charge-high,count,,106.0,,,,
b3c41,721,charge-high,count,,106.0,,,,
b3c41,730,charge-high,count,,105.0,,,,
b3c41,739,charge-high,count,,104.0,,,,
b3c41,740,charge-high,count,,106.0,,,,
b3c41,746,charge-high,count,,106.0,,,,
b3c41,747,charge-high,count,,106.0,,,,
b3c41,748,charge-high,count,,106.0,,,,
b3c41,756,charge-high,count,,106.0,,,,
b3c41,762,charge-high,count,,106.0,,,,
b3c41,769,charge-high,count,,105.0,,,,
b3c41,776,charge-high,count,,104.0,,,,
b3c41,777,charge-high,count,,106.0,,,,
b3c41,780,charge-high,count,,106.0,,,,
b3c41,782,charge-high,count,,104.0,,,,
b3c41,783,charge-high,count,,105.0,,,,
b3c41,784,charge-high,count,,104.0,,,,
b3c42,1294,charge-high,count,,654.0,,,,
b3c42,1303,charge-high,count,,619.0,,,,
b3c42,1310,charge-high,count,,743.0,,,,
b3c42,1418,charge-high,count,,691.0,,,,
b3c43,245,charge-high,count,,518.0,,,,
b1c40,917,charge-high,I_std,,,2.680715846277019,,,
b1c40,921,charge-high,I_std,,,2.644111642844672,,,
b1c40,934,charge-high,I_std,,,2.6359582335165306,,,
b1c40,936,charge-high,I_std,,,2.6548121773604936,,,
b1c40,937,charge-high,I_std,,,2.6531790208799064,,,
b1c40,938,charge-high,I_std,,,2.6387464260491598,,,
b1c40,939,charge-high,I_std,,,2.6506778826477264,,,
b1c40,941,charge-high,I_std,,,2.658697295231845,,,
b1c40,942,charge-high,I_std,,,2.642445620047791,,,
b1c40,944,charge-high,I_std,,,2.6600083319291343,,,
b1c40,947,charge-high,I_std,,,2.635256400004344,,,
b1c40,948,charge-high,I_std,,,2.6430459209606254,,,
b1c40,949,charge-high,I_std,,,2.651484447787194,,,
b1c40,951,charge-high,I_std,,,2.658436818218686,,,
b1c40,952,charge-high,I_std,,,2.682202277928317,,,
b1c40,953,charge-high,I_std,,,2.641636378518293,,,
b1c40,954,charge-high,I_std,,,2.650243017992014,,,
b1c40,955,charge-high,I_std,,,2.6575271009211128,,,
b1c40,956,charge-high,I_std,,,2.647617742004093,,,
b1c40,958,charge-high,I_std,,,2.6638526646122824,,,
b1c40,959,charge-high,I_std,,,2.653183495989613,,,
b1c40,960,charge-high,I_std,,,2.647757915825684,,,
b1c40,961,charge-high,I_std,,,2.663112313219445,,,
b1c40,962,charge-high,I_std,,,2.657710434348626,,,
b1c40,963,charge-high,I_std,,,2.6381007155817637,,,
b1c40,964,charge-high,I_std,,,2.67197748233495,,,
b1c41,969,charge-high,I_std,,,2.641978281455186,,,
b1c41,978,charge-high,I_std,,,2.6323590857385417,,,
b1c41,981,charge-high,I_std,,,2.666439251008488,,,
b1c41,985,charge-high,I_std,,,2.637898993393262,,,
b1c41,986,charge-high,I_std,,,2.65562678458596,,,
b1c41,988,charge-high,I_std,,,2.6858718610169108,,,
b1c41,990,charge-high,I_std,,,2.6837534055974657,,,
b1c41,996,charge-high,I_std,,,2.6330984861223885,,,
b1c41,1001,charge-high,I_std,,,2.660216660406967,,,
b1c41,1003,charge-high,I_std,,,2.635182233869372,,,
b1c41,1006,charge-high,I_std,,,2.6665911026439018,,,
b1c41,1007,charge-high,I_std,,,2.678907778083108,,,
b1c41,1008,charge-high,I_std,,,2.6539306033915206,,,
b1c41,1009,charge-high,I_std,,,2.654173445306224,,,
b1c41,1012,charge-high,I_std,,,2.6567165353739117,,,
b1c41,1014,charge-high,I_std,,,2.6521690440733745,,,
b1c41,1015,charge-high,I_std,,,2.636940816381294,,,
b1c41,1016,charge-high,I_std,,,2.6376122497433947,,,
b1c41,1017,charge-high,I_std,,,2.652916870172322,,,
b1c41,1018,charge-high,I_std,,,2.6304165987727264,,,
b1c41,1019,charge-high,I_std,,,2.673534230595595,,,
b1c41,1020,charge-high,I_std,,,2.667381245767705,,,
b1c41,1022,charge-high,I_std,,,2.643410231760919,,,
b1c41,1023,charge-high,I_std,,,2.6321748346066887,,,
b1c41,1025,charge-high,I_std,,,2.6458206356079845,,,
b1c41,1026,charge-high,I_std,,,2.6537496618799303,,,
b1c41,1027,charge-high,I_std,,,2.6555951585288016,,,
b1c41,1029,charge-high,I_std,,,2.6609321936958508,,,
b1c41,1030,charge-high,I_std,,,2.6872916834954688,,,
b1c41,1031,charge-high,I_std,,,2.6381742086671847,,,
b1c41,1033,charge-high,I_std,,,2.6403875048738,,,
b1c41,1034,charge-high,I_std,,,2.6354692158754576,,,
b1c41,1038,charge-high,I_std,,,2.668377781446325,,,
b1c41,1039,charge-high,I_std,,,2.6330912190589757,,,
b1c41,1040,charge-high,I_std,,,2.65043516398753,,,
b1c41,1041,charge-high,I_std,,,2.6443644610140344,,,
b1c41,1042,charge-high,I_std,,,2.6572540168959526,,,
b1c41,1043,charge-high,I_std,,,2.6588294017523006,,,
b1c41,1044,charge-high,I_std,,,2.6666509296235428,,,
b1c41,1045,charge-high,I_std,,,2.6577469836640364,,,
b1c41,1047,charge-high,I_std,,,2.6571971729528965,,,
b1c41,1048,charge-high,I_std,,,2.6339947702938886,,,
b1c41,1049,charge-high,I_std,,,2.651430126195534,,,
b1c42,372,charge-high,I_std,,,2.636637670252015,,,
b1c42,606,charge-high,I_std,,,2.64798974333392,,,
b1c42,621,charge-high,I_std,,,2.6511005210061405,,,
b1c42,622,charge-high,I_std,,,2.656139616932676,,,
b1c42,631,charge-high,I_std,,,2.687758687554501,,,
b1c42,633,charge-high,I_std,,,2.711806174837936,,,
b1c42,642,charge-high,I_std,,,2.634092667151364,,,
b1c42,647,charge-high,I_std,,,2.709337045910056,,,
b1c42,648,charge-high,I_std,,,2.652555488120885,,,
b1c42,657,charge-high,I_std,,,2.677141465460926,,,
b1c42,658,charge-high,I_std,,,2.637368068418822,,,
b1c42,660,charge-high,I_std,,,2.67445921611826,,,
b1c42,661,charge-high,I_std,,,2.633679196136557,,,
b1c42,664,charge-high,I_std,,,2.65028140460416,,,
b1c42,667,charge-high,I_std,,,2.633146472445381,,,
b1c42,668,charge-high,I_std,,,2.6575373083139797,,,
b1c42,670,charge-high,I_std,,,2.651905805636304,,,
b1c42,672,charge-high,I_std,,,2.6929751454014563,,,
b1c42,676,charge-high,I_std,,,2.6817455896795748,,,
b1c42,677,charge-high,I_std,,,2.6599461263822626,,,
b1c42,678,charge-high,I_std,,,2.646740359455007,,,
b1c42,679,charge-high,I_std,,,2.6650191882595613,,,
b1c42,683,charge-high,I_std,,,2.643136466377196,,,
b1c42,695,charge-high,I_std,,,2.631430796359332,,,
b1c42,696,charge-high,I_std,,,2.7086343580165133,,,
b1c42,699,charge-high,I_std,,,2.6554489179013734,,,
b1c43,602,charge-high,I_std,,,2.632332059506565,,,
b1c43,610,charge-high,I_std,,,2.6639651713048904,,,
b1c43,619,charge-high,I_std,,,2.6318304145982263,,,
b1c43,626,charge-high,I_std,,,2.6335709532370606,,,
b1c43,627,charge-high,I_std,,,2.6314297190721256,,,
b1c43,633,charge-high,I_std,,,2.633181617703203,,,
b1c43,639,charge-high,I_std,,,2.669668441668876,,,
b1c43,642,charge-high,I_std,,,2.7041086050719527,,,
b1c43,643,charge-high,I_std,,,2.6506686161962474,,,
b1c43,644,charge-high,I_std,,,2.648391106908824,,,
b1c43,645,charge-high,I_std,,,2.684946434190097,,,
b1c44,588,charge-high,I_std,,,2.646844369525716,,,
b1c44,605,charge-high,I_std,,,2.63206276010353,,,
b2c6,4,charge-high,I_std,,,0.4688475906246026,,,
b2c6,53,charge-high,I_std,,,0.4593166973140002,,,
b2c6,67,charge-high,I_std,,,0.4608986567120307,,,
b2c6,102,charge-high,I_std,,,0.4637191655997742,,,
b2c6,119,charge-high,I_std,,,0.4504834564993876,,,
b2c6,121,charge-high,I_std,,,0.4545121065231858,,,
b2c6,123,charge-high,I_std,,,0.4668692083385512,,,
b2c6,136,charge-high,I_std,,,0.4584064903520872,,,
b2c6,138,charge-high,I_std,,,0.4677832053973035,,,
b2c6,145,charge-high,I_std,,,0.4666195633046803,,,
b2c6,150,charge-high,I_std,,,0.4272844157080778,,,
b2c6,165,charge-high,I_std,,,0.4729448094667112,,,
b2c6,166,charge-high,I_std,,,0.4456300186704935,,,
b2c6,188,charge-high,I_std,,,0.4697237512293372,,,
b2c6,191,charge-high,I_std,,,0.4616055489755591,,,
b2c6,200,charge-high,I_std,,,0.4516646412676072,,,
b2c6,240,charge-high,I_std,,,0.4640270246148505,,,
b2c6,246,charge-high,I_std,,,0.4704391592607366,,,
b2c6,310,charge-high,I_std,,,0.4727756212691553,,,
b2c6,311,charge-high,I_std,,,0.4679491792702997,,,
b2c28,192,charge-high,I_std,,,0.2244411495886088,,,
b1c3,1024,charge-high,T_std,,,,1.6208075106802378,,
b1c3,1368,charge-high,T_std,,,,1.423371454282763,,
b1c13,641,charge-high,T_std,,,,1.1861710119982134,,
b1c14,725,charge-high,T_std,,,,0.017252581643257,,
b1c14,726,charge-high,T_std,,,,0.0192236474424777,,
b1c14,731,charge-high,T_std,,,,0.0165011907656908,,
b1c14,736,charge-high,T_std,,,,0.0194852178035812,,
b1c14,741,charge-high,T_std,,,,0.0172463224894473,,
b1c14,749,charge-high,T_std,,,,0.0141155515869269,,
b1c14,764,charge-high,T_std,,,,0.0168914296106127,,
b1c14,765,charge-high,T_std,,,,0.0175362219853623,,
b1c14,766,charge-high,T_std,,,,0.0187166853870357,,
b1c14,775,charge-high,T_std,,,,0.0176670864027571,,
b1c14,779,charge-high,T_std,,,,0.0191163839883106,,
b1c14,781,charge-high,T_std,,,,0.0183530977846262,,
b1c14,803,charge-high,T_std,,,,0.0181234911034799,,
b1c14,811,charge-high,T_std,,,,0.0190709068969059,,
b1c14,815,charge-high,T_std,,,,0.0176340544521375,,
b1c14,826,charge-high,T_std,,,,0.0194365648903083,,
b1c14,849,charge-high,T_std,,,,0.018885195808783,,
b1c14,855,charge-high,T_std,,,,0.0192065432778567,,
b1c14,871,charge-high,T_std,,,,0.0162115565938729,,
b1c31,14,charge-high,T_std,,,,0.0195490645276173,,
b1c31,27,charge-high,T_std,,,,0.0195276152423612,,
b1c31,38,charge-high,T_std,,,,0.0193594611004726,,
b1c31,43,charge-high,T_std,,,,0.0192911898111374,,
b1c31,46,charge-high,T_std,,,,0.018207656775221,,
b1c31,50,charge-high,T_std,,,,0.0177379731351713,,
b1c31,109,charge-high,T_std,,,,0.0195604658349363,,
b1c31,117,charge-high,T_std,,,,0.0176391235074131,,
b1c31,118,charge-high,T_std,,,,0.0176890324665601,,
b1c31,125,charge-high,T_std,,,,0.0193088800856171,,
b1c31,133,charge-high,T_std,,,,0.0179975352147104,,
b1c31,159,charge-high,T_std,,,,0.0185286822004011,,
b1c31,169,charge-high,T_std,,,,0.0169854958375254,,
b1c31,174,charge-high,T_std,,,,0.0183992401314833,,
b1c31,183,charge-high,T_std,,,,0.0162357317047086,,
b1c31,184,charge-high,T_std,,,,0.0170888191160152,,
b1c31,214,charge-high,T_std,,,,0.0186606065741197,,
b1c31,219,charge-high,T_std,,,,0.0193352013200933,,
b1c31,231,charge-high,T_std,,,,0.0186713230371229,,
b1c31,248,charge-high,T_std,,,,0.0188310478562915,,
b1c31,275,charge-high,T_std,,,,0.0195027374035579,,
b1c31,276,charge-high,T_std,,,,0.0151070070194808,,
b1c31,342,charge-high,T_std,,,,0.0189830545137031,,
b1c31,390,charge-high,T_std,,,,0.015935625583601,,
b1c31,395,charge-high,T_std,,,,0.0185765891674606,,
b1c31,400,charge-high,T_std,,,,0.0193313266955209,,
b1c31,426,charge-high,T_std,,,,0.0192020184758588,,
b1c31,502,charge-high,T_std,,,,0.0192789546272989,,
b1c31,517,charge-high,T_std,,,,0.0195040842204455,,
b1c31,532,charge-high,T_std,,,,0.0187920998523239,,
b1c31,643,charge-high,T_std,,,,0.0165433464274651,,
b1c31,648,charge-high,T_std,,,,0.016370418742605,,
b1c31,722,charge-high,T_std,,,,0.0196309676159019,,
b1c31,741,charge-high,T_std,,,,0.0190537670267183,,
b1c31,746,charge-high,T_std,,,,0.0194607783729066,,
b1c31,749,charge-high,T_std,,,,0.0186176074365887,,
b1c31,750,charge-high,T_std,,,,0.0155900813541833,,
b1c31,766,charge-high,T_std,,,,0.0165651521010049,,
b1c31,768,charge-high,T_std,,,,0.0184766967350454,,
b1c31,775,charge-high,T_std,,,,0.0194216412086497,,
b1c31,813,charge-high,T_std,,,,0.0150250314302366,,
b1c31,868,charge-high,T_std,,,,0.0188218621517172,,
b2c6,48,charge-high,T_std,,,,1.3203149643121728,,
b2c6,49,charge-high,T_std,,,,1.395137007978967,,
b2c6,50,charge-high,T_std,,,,1.26329705395124,,
b2c6,52,charge-high,T_std,,,,1.3231678128428983,,
b2c6,54,charge-high,T_std,,,,1.455838954096972,,
b2c6,55,charge-high,T_std,,,,1.4073780260554285,,
b2c6,56,charge-high,T_std,,,,1.2955252131948989,,
b2c6,131,charge-high,T_std,,,,1.3572885228219886,,
b2c6,132,charge-high,T_std,,,,1.3407851201663543,,
b2c6,144,charge-high,T_std,,,,1.3619081023207438,,
b2c6,147,charge-high,T_std,,,,1.3009741613349235,,
b2c6,193,charge-high,T_std,,,,1.2790649865922064,,
b2c6,210,charge-high,T_std,,,,1.2808474781061634,,
b2c6,212,charge-high,T_std,,,,1.346588480835361,,
b2c6,227,charge-high,T_std,,,,1.4339502134662905,,
b2c6,238,charge-high,T_std,,,,1.2110740607030428,,
b2c6,243,charge-high,T_std,,,,1.4659949457296135,,
b2c6,244,charge-high,T_std,,,,1.39547058106195,,
b2c6,259,charge-high,T_std,,,,1.6069150401946015,,
b2c6,271,charge-high,T_std,,,,1.2717089652039362,,
b2c6,285,charge-high,T_std,,,,1.453722341329143,,
b2c6,334,charge-high,T_std,,,,1.3401963577909102,,
b2c6,343,charge-high,T_std,,,,1.2337712583376077,,
b2c6,347,charge-high,T_std,,,,1.2108087257536189,,
b2c6,359,charge-high,T_std,,,,1.3686731038795783,,
b2c6,360,charge-high,T_std,,,,1.521679312150278,,
b2c6,371,charge-high,T_std,,,,1.1858796472661244,,
b2c6,372,charge-high,T_std,,,,1.3035338862786008,,
b2c6,384,charge-high,T_std,,,,1.2547799206796175,,
b2c6,385,charge-high,T_std,,,,1.265798945016425,,
b2c6,395,charge-high,T_std,,,,1.517669805082477,,
b2c6,396,charge-high,T_std,,,,1.4680023196107732,,
b2c6,404,charge-high,T_std,,,,1.271523047162939,,
b2c6,421,charge-high,T_std,,,,1.2730142788740129,,
b2c6,435,charge-high,T_std,,,,1.3639183961959482,,
b2c6,448,charge-high,T_std,,,,1.297610366380623,,
b2c6,450,charge-high,T_std,,,,1.3224547935644977,,
b2c6,464,charge-high,T_std,,,,1.448586271573746,,
b2c6,465,charge-high,T_std,,,,1.5389574020639991,,
b2c6,480,charge-high,T_std,,,,1.348244709309726,,
b2c6,494,charge-high,T_std,,,,1.2633157425280557,,
b2c6,495,charge-high,T_std,,,,1.2482825740451542,,
b2c6,544,charge-high,T_std,,,,1.1938376786678158,,
b2c10,36,charge-high,T_std,,,,1.196550590520008,,
b2c10,37,charge-high,T_std,,,,1.2537291247274085,,
b2c10,38,charge-high,T_std,,,,1.3912986192581105,,
b2c10,39,charge-high,T_std,,,,1.367692841447929,,
b2c10,40,charge-high,T_std,,,,1.4499926561428749,,
b2c10,41,charge-high,T_std,,,,1.5091740969910352,,
b2c10,42,charge-high,T_std,,,,1.5580672325655458,,
b2c10,43,charge-high,T_std,,,,1.5189371861500518,,
b2c10,44,charge-high,T_std,,,,1.4432530342676937,,
b2c10,45,charge-high,T_std,,,,1.4112160557380045,,
b2c10,46,charge-high,T_std,,,,1.302775604570672,,
b2c10,47,charge-high,T_std,,,,1.2662048250175584,,
b2c10,48,charge-high,T_std,,,,1.2014786599130138,,
b2c10,132,charge-high,T_std,,,,1.1708368264219386,,
b2c10,142,charge-high,T_std,,,,1.4750707697129168,,
b2c10,163,charge-high,T_std,,,,1.2244072354259987,,
b2c10,169,charge-high,T_std,,,,1.176687189336438,,
b2c10,183,charge-high,T_std,,,,1.2733946977253727,,
b2c10,187,charge-high,T_std,,,,1.2512857057892386,,
b2c10,188,charge-high,T_std,,,,1.193915527469836,,
b2c10,201,charge-high,T_std,,,,1.291062546329383,,
b2c10,217,charge-high,T_std,,,,1.2926948053596714,,
b2c10,218,charge-high,T_std,,,,1.2692500938114353,,
b2c10,232,charge-high,T_std,,,,1.4097627921895657,,
b2c10,236,charge-high,T_std,,,,1.3302919702228453,,
b2c10,246,charge-high,T_std,,,,1.320558483446594,,
b2c10,259,charge-high,T_std,,,,1.461094763684104,,
b2c10,260,charge-high,T_std,,,,1.266144246535447,,
b2c10,263,charge-high,T_std,,,,1.4758114249202805,,
b2c10,271,charge-high,T_std,,,,1.323399336057096,,
b2c10,283,charge-high,T_std,,,,1.3893113611367058,,
b2c10,284,charge-high,T_std,,,,1.2214427182347956,,
b2c10,294,charge-high,T_std,,,,1.4330605907724077,,
b2c10,295,charge-high,T_std,,,,1.3859430241573962,,
b2c10,298,charge-high,T_std,,,,1.4864282117891778,,
b2c10,306,charge-high,T_std,,,,1.2676070345245112,,
b2c10,310,charge-high,T_std,,,,1.51083074131209,,
b2c10,318,charge-high,T_std,,,,1.221446868171487,,
b2c10,321,charge-high,T_std,,,,1.1784291117985437,,
b2c10,333,charge-high,T_std,,,,1.4671810369026483,,
b2c10,340,charge-high,T_std,,,,1.4211088617681853,,
b2c10,341,charge-high,T_std,,,,1.1816699970569569,,
b2c10,366,charge-high,T_std,,,,1.4274710838691884,,
b2c10,373,charge-high,T_std,,,,1.3813322025007924,,
b2c10,374,charge-high,T_std,,,,1.1735258981544736,,
b2c10,388,charge-high,T_std,,,,1.3561357745812512,,
b2c10,396,charge-high,T_std,,,,1.3814986419544388,,
b2c10,409,charge-high,T_std,,,,1.3110785089827817,,
b2c10,435,charge-high,T_std,,,,1.451868485351693,,
b2c10,440,charge-high,T_std,,,,1.1792815022637653,,
b2c10,448,charge-high,T_std,,,,1.386893921611598,,
b2c10,463,charge-high,T_std,,,,1.3297485933557505,,
b2c10,508,charge-high,T_std,,,,1.3230361014975585,,
b2c10,537,charge-high,T_std,,,,0.0176600283178634,,
b2c10,565,charge-high,T_std,,,,0.0194708179469432,,
b2c24,47,charge-high,T_std,,,,1.8238580140455591,,
b2c24,124,charge-high,T_std,,,,1.8417705632888344,,
b2c24,321,charge-high,T_std,,,,1.370195423766156,,
b2c24,411,charge-high,T_std,,,,1.3870258656474392,,
b2c25,443,charge-high,T_std,,,,0.0183392818466939,,
b2c39,247,charge-high,T_std,,,,1.291721818000911,,
b2c44,248,charge-high,T_std,,,,1.5060046163897716,,
b3c5,493,charge-high,T_std,,,,1.1831950921658017,,
b3c5,517,charge-high,T_std,,,,0.0192403871706974,,
b3c5,523,charge-high,T_std,,,,0.0137034942303955,,
b3c5,525,charge-high,T_std,,,,0.017668521415008,,
b3c5,528,charge-high,T_std,,,,0.019550614925169,,
b3c5,541,charge-high,T_std,,,,0.0195755751802061,,
b3c5,544,charge-high,T_std,,,,0.018776102641902,,
b3c5,549,charge-high,T_std,,,,0.0168223315629907,,
b3c5,560,charge-high,T_std,,,,0.0180217320224581,,
b3c5,566,charge-high,T_std,,,,0.0176599150007946,,
b3c5,571,charge-high,T_std,,,,0.0189654028439671,,
b3c5,575,charge-high,T_std,,,,0.0191653826101823,,
b3c5,584,charge-high,T_std,,,,0.0163744400594111,,
b3c5,703,charge-high,T_std,,,,0.0158719892466311,,
b3c5,704,charge-high,T_std,,,,0.017418964300839,,
b3c5,713,charge-high,T_std,,,,0.0190461003013329,,
b3c5,714,charge-high,T_std,,,,0.0192420852149398,,
b3c5,721,charge-high,T_std,,,,0.0161604419724479,,
b3c5,725,charge-high,T_std,,,,0.0188023905522246,,
b3c5,729,charge-high,T_std,,,,0.0160982696292157,,
b3c5,730,charge-high,T_std,,,,0.0177590072993924,,
b3c5,733,charge-high,T_std,,,,0.0176706244885538,,
b3c5,737,charge-high,T_std,,,,0.0156610102468068,,
b3c5,742,charge-high,T_std,,,,0.0183872471925493,,
b3c5,743,charge-high,T_std,,,,0.0170544707804157,,
b3c5,748,charge-high,T_std,,,,0.0156149892310848,,
b3c5,764,charge-high,T_std,,,,0.0156824140763577,,
b3c5,783,charge-high,T_std,,,,0.0190160137647337,,
b3c5,787,charge-high,T_std,,,,0.0172345754676771,,
b3c5,788,charge-high,T_std,,,,0.017277685228204,,
b3c5,793,charge-high,T_std,,,,0.0182841568051705,,
b3c5,799,charge-high,T_std,,,,0.0148621238615643,,
b3c5,809,charge-high,T_std,,,,0.0177370503073611,,
b3c5,818,charge-high,T_std,,,,0.0166636689459972,,
b3c5,819,charge-high,T_std,,,,0.018086663053382,,
b3c5,821,charge-high,T_std,,,,0.0144433103493627,,
b3c5,822,charge-high,T_std,,,,0.0180639115324106,,
b3c29,12,charge-high,T_std,,,,0.0184593467890574,,
b3c29,42,charge-high,T_std,,,,0.0158338751128373,,
b3c29,76,charge-high,T_std,,,,0.0195570240698277,,
b3c29,109,charge-high,T_std,,,,0.0183904355586602,,
b3c29,112,charge-high,T_std,,,,0.0174876119589049,,
b3c29,235,charge-high,T_std,,,,0.0175023921080859,,
b3c29,359,charge-high,T_std,,,,0.0190505103156028,,
b3c29,363,charge-high,T_std,,,,0.0173792685173281,,
b3c29,588,charge-high,T_std,,,,0.0194099357055654,,
b3c29,660,charge-high,T_std,,,,0.0196169485539615,,
b3c29,665,charge-high,T_std,,,,0.0182203584992822,,
b3c29,787,charge-high,T_std,,,,0.0166429650451539,,
b3c29,828,charge-high,T_std,,,,0.0186896971343721,,
b1c4,278,charge-high,V_min,,,,,2.0259738,
b1c4,1063,charge-high,V_min,,,,,2.0257068,
b1c4,1111,charge-high,V_min,,,,,2.0259175,
b1c5,267,charge-high,V_min,,,,,2.0261035,
b1c5,371,charge-high,V_min,,,,,2.0260272,
b1c5,504,charge-high,V_min,,,,,2.0260949,
b1c5,708,charge-high,V_min,,,,,2.0257459,
b1c5,763,charge-high,V_min,,,,,2.0260987,
b1c5,791,charge-high,V_min,,,,,2.0260129,
b1c5,798,charge-high,V_min,,,,,2.0259442,
b1c5,812,charge-high,V_min,,,,,2.0258565,
b1c5,817,charge-high,V_min,,,,,2.0257173,
b1c9,323,charge-high,V_min,,,,,2.0260234,
b1c9,470,charge-high,V_min,,,,,2.0260701,
b1c10,12,charge-high,V_min,,,,,2.0256023,
b1c10,354,charge-high,V_min,,,,,2.0259428,
b1c10,376,charge-high,V_min,,,,,2.0260315,
b1c10,423,charge-high,V_min,,,,,2.0260296,
b1c10,621,charge-high,V_min,,,,,2.0260534,
b1c10,654,charge-high,V_min,,,,,2.0260525,
b1c10,668,charge-high,V_min,,,,,2.0261002,
b1c10,681,charge-high,V_min,,,,,2.0260401,
b1c10,710,charge-high,V_min,,,,,2.0259142,
b1c10,726,charge-high,V_min,,,,,2.0257902,
b1c10,728,charge-high,V_min,,,,,2.0260897,
b1c11,12,charge-high,V_min,,,,,2.0258656,
b1c13,563,charge-high,V_min,,,,,2.0260863,
b1c13,624,charge-high,V_min,,,,,2.0260158,
b1c16,322,charge-high,V_min,,,,,2.0260615,
b1c16,425,charge-high,V_min,,,,,2.0252547,
b1c16,449,charge-high,V_min,,,,,2.0260644,
b1c16,619,charge-high,V_min,,,,,2.0260701,
b1c17,217,charge-high,V_min,,,,,2.0258589,
b1c17,489,charge-high,V_min,,,,,2.0260725,
b1c20,194,charge-high,V_min,,,,,2.0260806,
b1c20,296,charge-high,V_min,,,,,2.0255971,
b1c20,314,charge-high,V_min,,,,,2.0258927,
b1c20,315,charge-high,V_min,,,,,2.0257106,
b1c20,322,charge-high,V_min,,,,,2.0259633,
b1c20,326,charge-high,V_min,,,,,2.0257211,
b1c20,327,charge-high,V_min,,,,,2.0257859,
b1c20,331,charge-high,V_min,,,,,2.0258937,
b1c20,332,charge-high,V_min,,,,,2.0260501,
b1c20,333,charge-high,V_min,,,,,2.0256953,
b1c20,343,charge-high,V_min,,,,,2.0253901,
b1c20,357,charge-high,V_min,,,,,2.0257564,
b1c20,361,charge-high,V_min,,,,,2.0256019,
b1c20,362,charge-high,V_min,,,,,2.026031,
b1c20,364,charge-high,V_min,,,,,2.0258861,
b1c20,376,charge-high,V_min,,,,,2.0256715,
b1c20,378,charge-high,V_min,,,,,2.0260453,
b1c20,385,charge-high,V_min,,,,,2.0258937,
b1c20,386,charge-high,V_min,,,,,2.0254369,
b1c20,388,charge-high,V_min,,,,,2.0257878,
b1c20,399,charge-high,V_min,,,,,2.0252271,
b1c20,413,charge-high,V_min,,,,,2.0260968,
b1c21,315,charge-high,V_min,,,,,2.0256681,
b1c21,351,charge-high,V_min,,,,,2.0257349,
b1c21,368,charge-high,V_min,,,,,2.0260715,
b1c21,395,charge-high,V_min,,,,,2.0257683,
b1c21,415,charge-high,V_min,,,,,2.0260067,
b1c24,254,charge-high,V_min,,,,,2.0259542,
b1c24,392,charge-high,V_min,,,,,2.0260592,
b1c24,444,charge-high,V_min,,,,,2.0257978,
b1c24,482,charge-high,V_min,,,,,2.0259724,
b1c24,500,charge-high,V_min,,,,,2.026103,
b1c24,534,charge-high,V_min,,,,,2.0260782,
b1c24,567,charge-high,V_min,,,,,2.0259371,
b1c26,319,charge-high,V_min,,,,,2.026031,
b1c26,444,charge-high,V_min,,,,,2.02564,
b1c26,458,charge-high,V_min,,,,,2.0257955,
b1c29,219,charge-high,V_min,,,,,2.0259223,
b1c29,342,charge-high,V_min,,,,,2.0259547,
b1c29,484,charge-high,V_min,,,,,2.0260472,
b1c29,500,charge-high,V_min,,,,,2.026031,
b1c29,546,charge-high,V_min,,,,,2.0261045,
b1c29,553,charge-high,V_min,,,,,2.0257173,
b1c29,589,charge-high,V_min,,,,,2.025928,
b1c31,2,charge-high,V_min,,,,,2.0260649,
b1c31,21,charge-high,V_min,,,,,2.0256729,
b1c31,34,charge-high,V_min,,,,,2.0260439,
b1c31,48,charge-high,V_min,,,,,2.0259447,
b1c31,72,charge-high,V_min,,,,,2.0258989,
b1c31,77,charge-high,V_min,,,,,2.025713,
b1c31,91,charge-high,V_min,,,,,2.0254927,
b1c31,160,charge-high,V_min,,,,,2.0258837,
b1c31,196,charge-high,V_min,,,,,2.0258675,
b1c31,224,charge-high,V_min,,,,,2.0260916,
b1c31,315,charge-high,V_min,,,,,2.0260382,
b1c31,317,charge-high,V_min,,,,,2.0256538,
b1c31,333,charge-high,V_min,,,,,2.0250292,
b1c31,353,charge-high,V_min,,,,,2.0254307,
b1c31,354,charge-high,V_min,,,,,2.0258512,
b1c31,410,charge-high,V_min,,,,,2.0259953,
b1c31,413,charge-high,V_min,,,,,2.0260468,
b1c31,429,charge-high,V_min,,,,,2.0259552,
b1c31,449,charge-high,V_min,,,,,2.0259428,
b1c31,452,charge-high,V_min,,,,,2.0260868,
b1c31,487,charge-high,V_min,,,,,2.0259027,
b1c31,490,charge-high,V_min,,,,,2.02598,
b1c31,493,charge-high,V_min,,,,,2.0250206,
b1c31,545,charge-high,V_min,,,,,2.0256138,
b1c31,554,charge-high,V_min,,,,,2.0259409,
b1c31,582,charge-high,V_min,,,,,2.0258427,
b1c31,584,charge-high,V_min,,,,,2.0254173,
b1c31,601,charge-high,V_min,,,,,2.0260258,
b1c31,615,charge-high,V_min,,,,,2.0258856,
b1c31,629,charge-high,V_min,,,,,2.025568,
b1c32,391,charge-high,V_min,,,,,2.0260959,
b1c41,731,charge-high,V_min,,,,,2.0260544,
b1c45,24,charge-high,V_min,,,,,2.0260444,
b2c44,430,charge-high,V_min,,,,,2.6912341,
b2c44,431,charge-high,V_min,,,,,2.6922975,
b2c44,432,charge-high,V_min,,,,,2.6967053,
b2c44,433,charge-high,V_min,,,,,2.6964746,
b2c44,434,charge-high,V_min,,,,,2.691649,
b2c44,435,charge-high,V_min,,,,,2.7023721,
b2c44,436,charge-high,V_min,,,,,2.6952634,
b2c44,437,charge-high,V_min,,,,,2.6956325,
b2c44,438,charge-high,V_min,,,,,2.6939044,
b2c44,439,charge-high,V_min,,,,,2.6960692,
b2c44,440,charge-high,V_min,,,,,2.695128,
b2c44,441,charge-high,V_min,,,,,2.6924195,
b2c44,442,charge-high,V_min,,,,,2.6931109,
b2c44,443,charge-high,V_min,,,,,2.6971097,
b2c44,444,charge-high,V_min,,,,,2.6913686,
b2c44,446,charge-high,V_min,,,,,2.6961551,
b2c44,447,charge-high,V_min,,,,,2.6960368,
b2c44,449,charge-high,V_min,,,,,2.6982369,
b2c44,450,charge-high,V_min,,,,,2.6935639,
b2c44,451,charge-high,V_min,,,,,2.6934524,
b2c44,453,charge-high,V_min,,,,,2.6927629,
b2c44,455,charge-high,V_min,,,,,2.6951385,
b2c44,456,charge-high,V_min,,,,,2.6939006,
b2c44,458,charge-high,V_min,,,,,2.6977944,
b2c44,459,charge-high,V_min,,,,,2.6967273,
b2c44,460,charge-high,V_min,,,,,2.692102,
b2c44,461,charge-high,V_min,,,,,2.6971803,
b2c44,462,charge-high,V_min,,,,,2.6973166,
b2c44,463,charge-high,V_min,,,,,2.6953673,
b2c44,464,charge-high,V_min,,,,,2.6984382,
b2c44,465,charge-high,V_min,,,,,2.6934295,
b2c44,466,charge-high,V_min,,,,,2.691958,
b2c44,467,charge-high,V_min,,,,,2.6992316,
b2c44,468,charge-high,V_min,,,,,2.6976972,
b2c44,469,charge-high,V_min,,,,,2.6974292,
b2c44,470,charge-high,V_min,,,,,2.7019973,
b2c44,471,charge-high,V_min,,,,,2.6965423,
b2c44,472,charge-high,V_min,,,,,2.6989884,
b2c44,473,charge-high,V_min,,,,,2.7013955,
b2c44,474,charge-high,V_min,,,,,2.7030234,
b2c44,475,charge-high,V_min,,,,,2.7019372,
b2c44,476,charge-high,V_min,,,,,2.7010531,
b2c44,477,charge-high,V_min,,,,,2.7057643,
b2c44,478,charge-high,V_min,,,,,2.7069049,
b2c46,388,charge-high,V_min,,,,,2.6937399,
b2c46,391,charge-high,V_min,,,,,2.6978979,
b2c46,400,charge-high,V_min,,,,,2.7083235,
b2c46,403,charge-high,V_min,,,,,2.7107134,
b2c46,404,charge-high,V_min,,,,,2.70924,
b2c46,405,charge-high,V_min,,,,,2.7100115,
b2c46,406,charge-high,V_min,,,,,2.710825,
b2c46,407,charge-high,V_min,,,,,2.710001,
b2c46,408,charge-high,V_min,,,,,2.7114096,
b2c46,409,charge-high,V_min,,,,,2.7100105,
b2c46,410,charge-high,V_min,,,,,2.7121878,
b2c46,411,charge-high,V_min,,,,,2.7162848,
b2c46,412,charge-high,V_min,,,,,2.7113571,
b2c46,414,charge-high,V_min,,,,,2.7096376,
b2c46,416,charge-high,V_min,,,,,2.7139769,
b2c46,419,charge-high,V_min,,,,,2.7093992,
b2c46,420,charge-high,V_min,,,,,2.713625,
b2c46,422,charge-high,V_min,,,,,2.7088461,
b2c46,423,charge-high,V_min,,,,,2.7153234,
b2c46,424,charge-high,V_min,,,,,2.7122412,
b2c46,425,charge-high,V_min,,,,,2.7113609,
b2c46,426,charge-high,V_min,,,,,2.7115326,
b2c46,427,charge-high,V_min,,,,,2.7115993,
b2c46,429,charge-high,V_min,,,,,2.7054443,
b2c46,430,charge-high,V_min,,,,,2.7106562,
b2c46,431,charge-high,V_min,,,,,2.7116127,
b2c46,432,charge-high,V_min,,,,,2.7145739,
b2c46,433,charge-high,V_min,,,,,2.7125902,
b2c46,434,charge-high,V_min,,,,,2.7122707,
b2c46,435,charge-high,V_min,,,,,2.7155561,
b2c46,436,charge-high,V_min,,,,,2.7191334,
b2c46,437,charge-high,V_min,,,,,2.7177763,
b2c46,438,charge-high,V_min,,,,,2.718339,
b2c46,439,charge-high,V_min,,,,,2.7158146,
b2c46,440,charge-high,V_min,,,,,2.7176867,
b2c46,441,charge-high,V_min,,,,,2.7120295,
b2c46,442,charge-high,V_min,,,,,2.7093906,
b2c46,443,charge-high,V_min,,,,,2.7116346,
b2c46,444,charge-high,V_min,,,,,2.712678,
b2c46,445,charge-high,V_min,,,,,2.7172575,
b2c46,448,charge-high,V_min,,,,,2.7132711,
b1c0,334,charge-high,V_max,,,,,,3.4321537
b1c0,335,charge-high,V_max,,,,,,3.4319
b1c0,336,charge-high,V_max,,,,,,3.4303799
b1c0,337,charge-high,V_max,,,,,,3.4302759
b1c0,338,charge-high,V_max,,,,,,3.4304247
b1c0,339,charge-high,V_max,,,,,,3.4296303
b1c0,340,charge-high,V_max,,,,,,3.4296207
b1c0,341,charge-high,V_max,,,,,,3.4318523
b1c0,361,charge-high,V_max,,,,,,3.4321785
b1c0,362,charge-high,V_max,,,,,,3.4315634
b1c0,363,charge-high,V_max,,,,,,3.4312782
b1c0,364,charge-high,V_max,,,,,,3.4317894
b1c0,365,charge-high,V_max,,,,,,3.4309044
b1c0,366,charge-high,V_max,,,,,,3.4310017
b1c0,367,charge-high,V_max,,,,,,3.4313555
b1c0,388,charge-high,V_max,,,,,,3.4316244
b1c0,389,charge-high,V_max,,,,,,3.4305735
b1c0,390,charge-high,V_max,,,,,,3.430027
b1c0,391,charge-high,V_max,,,,,,3.4290686
b1c0,392,charge-high,V_max,,,,,,3.4299173
b1c0,393,charge-high,V_max,,,,,,3.4307194
b1c0,394,charge-high,V_max,,,,,,3.4311953
b1c0,405,charge-high,V_max,,,,,,3.432188
b1c0,407,charge-high,V_max,,,,,,3.431838
b1c0,408,charge-high,V_max,,,,,,3.4314585
b1c0,414,charge-high,V_max,,,,,,3.431613
b1c0,415,charge-high,V_max,,,,,,3.4316349
b1c0,416,charge-high,V_max,,,,,,3.4313898
b1c0,417,charge-high,V_max,,,,,,3.4296837
b1c0,418,charge-high,V_max,,,,,,3.4298172
b1c0,419,charge-high,V_max,,,,,,3.4310532
b1c0,420,charge-high,V_max,,,,,,3.4315205
b1c0,433,charge-high,V_max,,,,,,3.4322052
b1c0,434,charge-high,V_max,,,,,,3.4320087
b1c0,442,charge-high,V_max,,,,,,3.4322214
b1c0,445,charge-high,V_max,,,,,,3.4313526
b1c0,446,charge-high,V_max,,,,,,3.4318552
b1c0,447,charge-high,V_max,,,,,,3.4314051
b1c0,467,charge-high,V_max,,,,,,3.432148
b1c0,468,charge-high,V_max,,,,,,3.4318323
b1c0,469,charge-high,V_max,,,,,,3.4303474
b1c0,470,charge-high,V_max,,,,,,3.4300156
b1c0,471,charge-high,V_max,,,,,,3.4297113
b1c0,472,charge-high,V_max,,,,,,3.4290295
b1c0,473,charge-high,V_max,,,,,,3.4299955
b1c0,474,charge-high,V_max,,,,,,3.4313383
b1c0,710,charge-high,V_max,,,,,,3.4320498
b1c0,711,charge-high,V_max,,,,,,3.4315472
b1c0,712,charge-high,V_max,,,,,,3.4321909
b1c0,713,charge-high,V_max,,,,,,3.4318552
b1c0,714,charge-high,V_max,,,,,,3.4304218
b1c0,715,charge-high,V_max,,,,,,3.4308987
b1c0,716,charge-high,V_max,,,,,,3.4304972
b1c1,340,charge-high,V_max,,,,,,3.4320021
b1c1,341,charge-high,V_max,,,,,,3.4316006
b1c1,342,charge-high,V_max,,,,,,3.4322109
b1c1,343,charge-high,V_max,,,,,,3.4314661
b1c1,473,charge-high,V_max,,,,,,3.4322252
b1c1,474,charge-high,V_max,,,,,,3.4319754
b1c1,475,charge-high,V_max,,,,,,3.4316368
b1c2,338,charge-high,V_max,,,,,,3.4321222
b1c2,339,charge-high,V_max,,,,,,3.4315691
b1c2,340,charge-high,V_max,,,,,,3.4315634
b1c2,341,charge-high,V_max,,,,,,3.4303818
b1c2,342,charge-high,V_max,,,,,,3.4310141
b1c2,343,charge-high,V_max,,,,,,3.4301577
b1c2,344,charge-high,V_max,,,,,,3.4316006
b1c2,368,charge-high,V_max,,,,,,3.4318562
b1c2,369,charge-high,V_max,,,,,,3.4320698
b1c2,370,charge-high,V_max,,,,,,3.4323368
b1c2,392,charge-high,V_max,,,,,,3.432272
b1c2,393,charge-high,V_max,,,,,,3.4322233
b1c2,394,charge-high,V_max,,,,,,3.4323044
b1c2,395,charge-high,V_max,,,,,,3.4320555
b1c2,396,charge-high,V_max,,,,,,3.4321117
b1c2,419,charge-high,V_max,,,,,,3.4320583
b1c2,420,charge-high,V_max,,,,,,3.4323006
b1c2,421,charge-high,V_max,,,,,,3.4318638
b1c2,422,charge-high,V_max,,,,,,3.4319677
b1c2,423,charge-high,V_max,,,,,,3.4322281
b1c2,471,charge-high,V_max,,,,,,3.4322615
b1c2,472,charge-high,V_max,,,,,,3.4313316
b1c2,473,charge-high,V_max,,,,,,3.4313288
b1c2,474,charge-high,V_max,,,,,,3.4303761
b1c2,475,charge-high,V_max,,,,,,3.4309483
b1c2,476,charge-high,V_max,,,,,,3.4309969
b1c2,712,charge-high,V_max,,,,,,3.432354
b1c2,713,charge-high,V_max,,,,,,3.4320517
b1c2,714,charge-high,V_max,,,,,,3.4317045
b1c2,715,charge-high,V_max,,,,,,3.4322348
b1c2,1487,charge-high,V_max,,,,,,3.4298782
b1c38,595,charge-high,V_max,,,,,,3.600626
b1c38,604,charge-high,V_max,,,,,,3.6005793
b1c38,605,charge-high,V_max,,,,,,3.6005697
b1c38,608,charge-high,V_max,,,,,,3.6006222
b1c38,610,charge-high,V_max,,,,,,3.6004705
b1c38,612,charge-high,V_max,,,,,,3.6005907
b1c39,569,charge-high,V_max,,,,,,3.6008267
b1c39,571,charge-high,V_max,,,,,,3.6006913
b1c39,594,charge-high,V_max,,,,,,3.6004252
b1c39,596,charge-high,V_max,,,,,,3.6005759
b1c40,918,charge-high,V_max,,,,,,3.6006351
b1c41,973,charge-high,V_max,,,,,,3.6004953
b1c41,984,charge-high,V_max,,,,,,3.6005507
b1c41,987,charge-high,V_max,,,,,,3.6004944
b1c41,999,charge-high,V_max,,,,,,3.6006784
b1c41,1002,charge-high,V_max,,,,,,3.6007414
b1c41,1032,charge-high,V_max,,,,,,3.6006718
b1c41,1036,charge-high,V_max,,,,,,3.6004257
b1c42,548,charge-high,V_max,,,,,,3.6006007
b1c42,569,charge-high,V_max,,,,,,3.6005378
b1c42,575,charge-high,V_max,,,,,,3.6005149
b1c42,581,charge-high,V_max,,,,,,3.6004777
b1c42,597,charge-high,V_max,,,,,,3.6004891
b1c42,604,charge-high,V_max,,,,,,3.6006675
b1c42,615,charge-high,V_max,,,,,,3.600842
b1c42,624,charge-high,V_max,,,,,,3.6006474
b1c42,636,charge-high,V_max,,,,,,3.6006474
b1c42,640,charge-high,V_max,,,,,,3.6004481
b1c42,651,charge-high,V_max,,,,,,3.6004624
b1c42,654,charge-high,V_max,,,,,,3.6005416
b1c42,666,charge-high,V_max,,,,,,3.6009049
b1c42,673,charge-high,V_max,,,,,,3.6004529
b1c42,685,charge-high,V_max,,,,,,3.6006417
b1c42,690,charge-high,V_max,,,,,,3.600492
b1c42,694,charge-high,V_max,,,,,,3.6004729
b1c43,595,charge-high,V_max,,,,,,3.6004372
b1c43,601,charge-high,V_max,,,,,,3.6004534
b1c43,606,charge-high,V_max,,,,,,3.6008453
b1c43,611,charge-high,V_max,,,,,,3.6005468
b1c43,631,charge-high,V_max,,,,,,3.6009302
b1c43,649,charge-high,V_max,,,,,,3.6005945
b1c44,442,charge-high,V_max,,,,,,3.6005039
b1c44,451,charge-high,V_max,,,,,,3.60042
b1c44,460,charge-high,V_max,,,,,,3.6005249
b1c44,468,charge-high,V_max,,,,,,3.6005373
b1c44,523,charge-high,V_max,,,,,,3.6005163
b1c44,537,charge-high,V_max,,,,,,3.6006527
b1c44,564,charge-high,V_max,,,,,,3.6007357
b1c44,566,charge-high,V_max,,,,,,3.6004887
b1c44,582,charge-high,V_max,,,,,,3.6007338
b1c44,592,charge-high,V_max,,,,,,3.6005611
b1c44,594,charge-high,V_max,,,,,,3.6005135
b1c44,602,charge-high,V_max,,,,,,3.6004333
b1c44,614,charge-high,V_max,,,,,,3.6004667
b1c45,457,charge-high,V_max,,,,,,3.6005626
b1c45,458,charge-high,V_max,,,,,,3.6004243
b1c45,464,charge-high,V_max,,,,,,3.600842
b1c45,467,charge-high,V_max,,,,,,3.6005902
b1c45,473,charge-high,V_max,,,,,,3.6006808
b1c45,487,charge-high,V_max,,,,,,3.6004777
b1c45,492,charge-high,V_max,,,,,,3.600636
b1c45,511,charge-high,V_max,,,,,,3.6005044
b1c45,520,charge-high,V_max,,,,,,3.6006207
b1c45,531,charge-high,V_max,,,,,,3.6006694
b1c45,534,charge-high,V_max,,,,,,3.6009336
b1c45,552,charge-high,V_max,,,,,,3.6004424
b1c45,556,charge-high,V_max,,,,,,3.6010623
b1c45,567,charge-high,V_max,,,,,,3.6006351
b1c45,573,charge-high,V_max,,,,,,3.600596
b1c45,597,charge-high,V_max,,,,,,3.6007133
b2c1,154,charge-high,V_max,,,,,,3.6004357
b2c1,161,charge-high,V_max,,,,,,3.6004291
b2c3,355,charge-high,V_max,,,,,,3.6004295
b2c36,540,charge-high,V_max,,,,,,3.6004343
b2c36,542,charge-high,V_max,,,,,,3.600421
b2c36,543,charge-high,V_max,,,,,,3.6004295
b2c36,547,charge-high,V_max,,,,,,3.6004276
b2c36,549,charge-high,V_max,,,,,,3.600421
b2c36,550,charge-high,V_max,,,,,,3.6004324
b2c36,552,charge-high,V_max,,,,,,3.6004238
b2c36,557,charge-high,V_max,,,,,,3.6004314
b2c37,499,charge-high,V_max,,,,,,3.6004372
b2c38,475,charge-high,V_max,,,,,,3.6004233
b2c38,480,charge-high,V_max,,,,,,3.6004214
b2c38,481,charge-high,V_max,,,,,,3.6004338
b2c38,484,charge-high,V_max,,,,,,3.6004205
b2c38,486,charge-high,V_max,,,,,,3.6004233
b2c39,461,charge-high,V_max,,,,,,3.6004272
b2c39,464,charge-high,V_max,,,,,,3.60043
b2c39,467,charge-high,V_max,,,,,,3.6004252
b2c39,470,charge-high,V_max,,,,,,3.6004252
b2c39,473,charge-high,V_max,,,,,,3.6004376
b2c39,474,charge-high,V_max,,,,,,3.6004205
b2c39,478,charge-high,V_max,,,,,,3.6004329
b3c6,21,charge-high,V_max,,,,,,3.4323344
b3c6,22,charge-high,V_max,,,,,,3.4323058
b3c6,52,charge-high,V_max,,,,,,3.4316325
b3c6,57,charge-high,V_max,,,,,,3.4320912
b3c6,58,charge-high,V_max,,,,,,3.4323115
b3c28,11,charge-high,V_max,,,,,,3.4322391
b3c28,13,charge-high,V_max,,,,,,3.4321799
b3c28,14,charge-high,V_max,,,,,,3.4317565
b3c28,15,charge-high,V_max,,,,,,3.4319882
b3c28,16,charge-high,V_max,,,,,,3.4319072
b3c28,17,charge-high,V_max,,,,,,3.431376
b3c28,18,charge-high,V_max,,,,,,3.4317899
b3c28,20,charge-high,V_max,,,,,,3.4318147
b3c28,21,charge-high,V_max,,,,,,3.4318261
b3c28,22,charge-high,V_max,,,,,,3.4317117
b3c28,23,charge-high,V_max,,,,,,3.4318051
b3c28,28,charge-high,V_max,,,,,,3.4316964
b3c28,30,charge-high,V_max,,,,,,3.4322228
b3c28,31,charge-high,V_max,,,,,,3.4318938
b3c28,32,charge-high,V_max,,,,,,3.4320712
b3c28,56,charge-high,V_max,,,,,,3.432343
b1c0,12,charge-mid,V_std,0.0729980243035623,,,,,
b1c35,627,charge-mid,V_std,0.0685557776655401,,,,,
b1c35,635,charge-mid,V_std,0.0889069397616407,,,,,
b1c35,637,charge-mid,V_std,0.0919347709986814,,,,,
b1c36,654,charge-mid,V_std,0.0678044903946779,,,,,
b1c36,667,charge-mid,V_std,0.0880431381177432,,,,,
b1c36,670,charge-mid,V_std,0.0,,,,,
b1c36,671,charge-mid,V_std,0.0718599012546869,,,,,
b1c36,677,charge-mid,V_std,0.0,,,,,
b1c36,678,charge-mid,V_std,0.0,,,,,
b1c37,613,charge-mid,V_std,0.0900547154888627,,,,,
b1c37,614,charge-mid,V_std,0.0638586616330875,,,,,
b1c37,620,charge-mid,V_std,0.064493773684668,,,,,
b1c37,624,charge-mid,V_std,0.0636619315773826,,,,,
b1c37,625,charge-mid,V_std,0.0,,,,,
b1c37,627,charge-mid,V_std,0.0,,,,,
b1c37,630,charge-mid,V_std,0.0,,,,,
b1c38,575,charge-mid,V_std,0.0699410199000081,,,,,
b1c38,576,charge-mid,V_std,0.0724945671062322,,,,,
b1c38,578,charge-mid,V_std,0.0697483581151794,,,,,
b1c38,581,charge-mid,V_std,0.0718697739442898,,,,,
b1c38,582,charge-mid,V_std,0.0,,,,,
b1c38,588,charge-mid,V_std,0.0,,,,,
b1c38,594,charge-mid,V_std,0.0,,,,,
b1c39,557,charge-mid,V_std,0.0900789692514573,,,,,
b1c39,560,charge-mid,V_std,0.0702377779383717,,,,,
b1c39,562,charge-mid,V_std,0.0920412612799281,,,,,
b1c44,162,charge-mid,V_std,0.0691736351659045,,,,,
b1c44,185,charge-mid,V_std,0.0785518630601676,,,,,
b1c44,197,charge-mid,V_std,0.0744570716772893,,,,,
b1c44,200,charge-mid,V_std,0.0752920594919765,,,,,
b1c44,212,charge-mid,V_std,0.0696235709851412,,,,,
b1c44,215,charge-mid,V_std,0.0788471734604567,,,,,
b1c44,217,charge-mid,V_std,0.0705514685965502,,,,,
b1c44,220,charge-mid,V_std,0.0786581099806201,,,,,
b1c44,224,charge-mid,V_std,0.0668298545455235,,,,,
b1c44,243,charge-mid,V_std,0.0794031557267299,,,,,
b1c44,260,charge-mid,V_std,0.0672820595095688,,,,,
b1c44,263,charge-mid,V_std,0.0743397816016093,,,,,
b1c44,276,charge-mid,V_std,0.0983639979852637,,,,,
b1c44,279,charge-mid,V_std,0.0738007877813443,,,,,
b1c44,282,charge-mid,V_std,0.0805903033502377,,,,,
b1c44,284,charge-mid,V_std,0.0718006832218536,,,,,
b1c44,285,charge-mid,V_std,0.0802555271384053,,,,,
b1c44,302,charge-mid,V_std,0.0706861712260787,,,,,
b1c44,312,charge-mid,V_std,0.1001173399598939,,,,,
b1c44,314,charge-mid,V_std,0.078610857952321,,,,,
b1c44,315,charge-mid,V_std,0.0755918933947283,,,,,
b1c44,331,charge-mid,V_std,0.0,,,,,
b1c44,333,charge-mid,V_std,0.0969424305123662,,,,,
b1c44,361,charge-mid,V_std,0.0778335164735818,,,,,
b1c44,387,charge-mid,V_std,0.0984441838942503,,,,,
b1c44,395,charge-mid,V_std,0.0674795663175898,,,,,
b1c44,396,charge-mid,V_std,0.0905503266317964,,,,,
b1c44,415,charge-mid,V_std,0.0,,,,,
b1c44,427,charge-mid,V_std,0.0813749223660663,,,,,
b1c44,430,charge-mid,V_std,0.097109731976795,,,,,
b1c44,432,charge-mid,V_std,0.0687187139618702,,,,,
b1c44,433,charge-mid,V_std,0.0798612831653318,,,,,
b1c44,434,charge-mid,V_std,0.0,,,,,
b1c45,255,charge-mid,V_std,0.0712232245114471,,,,,
b1c45,257,charge-mid,V_std,0.0654806048643094,,,,,
b1c45,270,charge-mid,V_std,0.075799948271063,,,,,
b1c45,273,charge-mid,V_std,0.0658118633139546,,,,,
b1c45,277,charge-mid,V_std,0.0765151939859225,,,,,
b1c45,292,charge-mid,V_std,0.066983120104267,,,,,
b1c45,304,charge-mid,V_std,0.0687407103762173,,,,,
b1c45,311,charge-mid,V_std,0.0666039692152802,,,,,
b1c45,312,charge-mid,V_std,0.0767753656918892,,,,,
b1c45,314,charge-mid,V_std,0.0770679334200895,,,,,
b1c45,323,charge-mid,V_std,0.0700003462512149,,,,,
b1c45,325,charge-mid,V_std,0.0652149708411956,,,,,
b1c45,331,charge-mid,V_std,0.0755684043262128,,,,,
b1c45,385,charge-mid,V_std,0.0682714295756187,,,,,
b1c45,391,charge-mid,V_std,0.0761102566843874,,,,,
b1c45,393,charge-mid,V_std,0.074273390945367,,,,,
b1c45,394,charge-mid,V_std,0.065877884391729,,,,,
b1c45,413,charge-mid,V_std,0.0793541386888757,,,,,
b1c45,417,charge-mid,V_std,0.0785277195135579,,,,,
b1c45,430,charge-mid,V_std,0.0738310905437538,,,,,
b1c45,434,charge-mid,V_std,0.0670840020929233,,,,,
b1c45,436,charge-mid,V_std,0.0764134507397749,,,,,
b1c45,438,charge-mid,V_std,0.0,,,,,
b2c0,242,charge-mid,V_std,7.618963734998542e-05,,,,,
b2c0,248,charge-mid,V_std,8.150137837940825e-05,,,,,
b2c0,249,charge-mid,V_std,7.709165951702611e-05,,,,,
b2c0,263,charge-mid,V_std,7.165684634774435e-05,,,,,
b2c0,264,charge-mid,V_std,8.685967779664736e-05,,,,,
b2c0,267,charge-mid,V_std,8.31013168814419e-05,,,,,
b2c0,269,charge-mid,V_std,8.636406437343317e-05,,,,,
b2c0,270,charge-mid,V_std,7.420040626632519e-05,,,,,
b2c0,271,charge-mid,V_std,7.924494296281405e-05,,,,,
b2c0,273,charge-mid,V_std,7.829805777493604e-05,,,,,
b2c0,274,charge-mid,V_std,7.663280719124793e-05,,,,,
b2c0,275,charge-mid,V_std,7.001273878876597e-05,,,,,
b2c0,276,charge-mid,V_std,7.330492639007914e-05,,,,,
b2c0,277,charge-mid,V_std,6.924200005242857e-05,,,,,
b2c0,278,charge-mid,V_std,7.438444058785222e-05,,,,,
b2c0,279,charge-mid,V_std,7.669523140952342e-05,,,,,
b2c0,280,charge-mid,V_std,8.472002252145917e-05,,,,,
b2c0,281,charge-mid,V_std,7.966111409393803e-05,,,,,
b2c0,282,charge-mid,V_std,7.73940444043798e-05,,,,,
b2c0,283,charge-mid,V_std,8.881011052824466e-05,,,,,
b2c0,284,charge-mid,V_std,8.452568630102603e-05,,,,,
b2c0,286,charge-mid,V_std,7.780109355183743e-05,,,,,
b2c0,287,charge-mid,V_std,8.649149537326e-05,,,,,
b2c0,288,charge-mid,V_std,8.251668360224067e-05,,,,,
b2c0,289,charge-mid,V_std,7.819447232328041e-05,,,,,
b2c0,290,charge-mid,V_std,8.436896668586908e-05,,,,,
b2c0,291,charge-mid,V_std,7.66756680202661e-05,,,,,
b2c0,293,charge-mid,V_std,8.938888889993123e-05,,,,,
b2c0,295,charge-mid,V_std,8.816775259034792e-05,,,,,
b2c0,297,charge-mid,V_std,7.592010712368883e-05,,,,,
b2c0,298,charge-mid,V_std,7.300837937176914e-05,,,,,
b2c0,299,charge-mid,V_std,8.309709359693808e-05,,,,,
b2c0,300,charge-mid,V_std,7.072091862114375e-05,,,,,
b2c0,301,charge-mid,V_std,8.265335181659834e-05,,,,,
b2c0,302,charge-mid,V_std,7.399300846125898e-05,,,,,
b2c0,303,charge-mid,V_std,7.9389332852142e-05,,,,,
b2c0,304,charge-mid,V_std,7.139585902739891e-05,,,,,
b2c0,305,charge-mid,V_std,8.628314332826674e-05,,,,,
b2c0,306,charge-mid,V_std,7.281895595450683e-05,,,,,
b2c0,307,charge-mid,V_std,7.617205155425e-05,,,,,
b2c0,313,charge-mid,V_std,8.71913456287352e-05,,,,,
b2c0,315,charge-mid,V_std,8.907234952748839e-05,,,,,
b2c0,316,charge-mid,V_std,8.372584934185276e-05,,,,,
b2c0,317,charge-mid,V_std,8.204907831338083e-05,,,,,
b2c0,318,charge-mid,V_std,8.313455007318016e-05,,,,,
b2c0,322,charge-mid,V_std,7.965584781050666e-05,,,,,
b2c0,323,charge-mid,V_std,8.047175041095444e-05,,,,,
b2c0,324,charge-mid,V_std,7.719285073435769e-05,,,,,
b2c0,325,charge-mid,V_std,8.483824038638357e-05,,,,,
b2c1,157,charge-mid,V_std,8.826134314971059e-05,,,,,
b2c1,158,charge-mid,V_std,8.087136544136997e-05,,,,,
b2c1,163,charge-mid,V_std,8.442627005928293e-05,,,,,
b2c1,165,charge-mid,V_std,7.823192043335375e-05,,,,,
b2c1,166,charge-mid,V_std,6.887673424722866e-05,,,,,
b2c1,167,charge-mid,V_std,8.438440794226963e-05,,,,,
b2c1,168,charge-mid,V_std,8.043202226110773e-05,,,,,
b2c1,169,charge-mid,V_std,6.756593687275011e-05,,,,,
b2c3,338,charge-mid,V_std,7.093272745310701e-05,,,,,
b2c3,344,charge-mid,V_std,7.986205770399141e-05,,,,,
b2c3,345,charge-mid,V_std,8.533693304620251e-05,,,,,
b2c3,346,charge-mid,V_std,7.613217032524133e-05,,,,,
b2c3,347,charge-mid,V_std,7.686813029949465e-05,,,,,
b2c3,348,charge-mid,V_std,6.910331578925293e-05,,,,,
b2c3,349,charge-mid,V_std,7.21079955115059e-05,,,,,
b2c3,350,charge-mid,V_std,8.083484349110728e-05,,,,,
b2c3,351,charge-mid,V_std,6.703544095953638e-05,,,,,
b2c3,352,charge-mid,V_std,7.686053433227045e-05,,,,,
b2c3,353,charge-mid,V_std,7.052279619680194e-05,,,,,
b2c3,354,charge-mid,V_std,6.918075244347622e-05,,,,,
b2c3,356,charge-mid,V_std,7.353516650628576e-05,,,,,
b2c3,357,charge-mid,V_std,6.831494829357647e-05,,,,,
b2c3,358,charge-mid,V_std,6.538578603696335e-05,,,,,
b2c3,359,charge-mid,V_std,6.268367343482635e-05,,,,,
b2c3,360,charge-mid,V_std,6.867780020710683e-05,,,,,
b2c23,247,charge-mid,V_std,0.0916534946597714,,,,,
b2c39,455,charge-mid,V_std,8.85858505237286e-05,,,,,
b2c39,457,charge-mid,V_std,7.480510287392451e-05,,,,,
b2c39,458,charge-mid,V_std,7.711912855967227e-05,,,,,
b2c39,459,charge-mid,V_std,5.782189921393705e-05,,,,,
b2c39,460,charge-mid,V_std,5.0205880756733806e-05,,,,,
b2c39,462,charge-mid,V_std,5.095366297424367e-05,,,,,
b2c39,463,charge-mid,V_std,4.88043568226776e-05,,,,,
b2c39,465,charge-mid,V_std,5.163645101812174e-05,,,,,
b2c39,466,charge-mid,V_std,5.0788460031480414e-05,,,,,
b2c39,468,charge-mid,V_std,5.064945442307014e-05,,,,,
b2c39,469,charge-mid,V_std,4.890610508778584e-05,,,,,
b2c39,471,charge-mid,V_std,5.326916285718225e-05,,,,,
b2c39,472,charge-mid,V_std,4.991636548131808e-05,,,,,
b2c39,475,charge-mid,V_std,5.49693787098443e-05,,,,,
b2c39,476,charge-mid,V_std,5.061488520673326e-05,,,,,
b2c39,477,charge-mid,V_std,4.314073574187355e-05,,,,,
b2c39,479,charge-mid,V_std,4.818220652784323e-05,,,,,
b2c41,250,charge-mid,V_std,0.0849172237668271,,,,,
b3c6,322,charge-mid,V_std,0.0638600376414924,,,,,
b3c6,335,charge-mid,V_std,0.0640105352012867,,,,,
b3c6,340,charge-mid,V_std,0.0635475801469278,,,,,
b3c6,344,charge-mid,V_std,0.0635556286961465,,,,,
b3c6,371,charge-mid,V_std,0.0637994229168723,,,,,
b3c6,384,charge-mid,V_std,0.0635296001940474,,,,,
b3c6,408,charge-mid,V_std,0.0635036249754679,,,,,
b3c6,441,charge-mid,V_std,0.0651738630252401,,,,,
b3c6,442,charge-mid,V_std,0.0638808948758643,,,,,
b3c6,552,charge-mid,V_std,0.0638740478780022,,,,,
b3c6,554,charge-mid,V_std,0.0641288296696084,,,,,
b3c6,556,charge-mid,V_std,0.0638405265259032,,,,,
b3c6,557,charge-mid,V_std,0.0646882589656106,,,,,
b3c6,558,charge-mid,V_std,0.0638816843459633,,,,,
b3c6,559,charge-mid,V_std,0.065044271325792,,,,,
b3c6,560,charge-mid,V_std,0.0647406865872135,,,,,
b3c6,561,charge-mid,V_std,0.0642599400611841,,,,,
b3c6,562,charge-mid,V_std,0.063971455179598,,,,,
b3c6,565,charge-mid,V_std,0.0642745207610827,,,,,
b3c6,566,charge-mid,V_std,0.0640975225355142,,,,,
b3c6,569,charge-mid,V_std,0.0639054924890489,,,,,
b3c6,571,charge-mid,V_std,0.0635085830897975,,,,,
b3c6,572,charge-mid,V_std,0.0651097152566696,,,,,
b3c6,574,charge-mid,V_std,0.0640090301955131,,,,,
b3c6,578,charge-mid,V_std,0.0657793062143426,,,,,
b3c6,581,charge-mid,V_std,0.0637072200443265,,,,,
b3c28,287,charge-mid,V_std,0.0641360663199659,,,,,
b3c28,292,charge-mid,V_std,0.0636067680355221,,,,,
b3c28,310,charge-mid,V_std,0.0637546338469366,,,,,
b3c28,312,charge-mid,V_std,0.0638966717232066,,,,,
b3c28,314,charge-mid,V_std,0.0637962175863386,,,,,
b3c28,317,charge-mid,V_std,0.0637121194464062,,,,,
b3c28,318,charge-mid,V_std,0.0642814002390613,,,,,
b3c28,325,charge-mid,V_std,0.0639005170312626,,,,,
b3c28,328,charge-mid,V_std,0.0636105686355238,,,,,
b3c28,332,charge-mid,V_std,0.0641377761397418,,,,,
b3c28,333,charge-mid,V_std,0.0653995250544325,,,,,
b3c28,336,charge-mid,V_std,0.06374983282917,,,,,
b3c28,396,charge-mid,V_std,0.0635521523362069,,,,,
b1c34,673,charge-mid,count,,2.0,,,,
b1c34,676,charge-mid,count,,2.0,,,,
b1c34,677,charge-mid,count,,2.0,,,,
b1c34,680,charge-mid,count,,1.0,,,,
b1c35,640,charge-mid,count,,2.0,,,,
b1c35,641,charge-mid,count,,2.0,,,,
b1c35,642,charge-mid,count,,1.0,,,,
b1c35,643,charge-mid,count,,1.0,,,,
b1c36,679,charge-mid,count,,1.0,,,,
b1c37,619,charge-mid,count,,2.0,,,,
b1c37,621,charge-mid,count,,2.0,,,,
b1c37,626,charge-mid,count,,1.0,,,,
b1c37,628,charge-mid,count,,1.0,,,,
b1c38,571,charge-mid,count,,2.0,,,,
b1c38,586,charge-mid,count,,1.0,,,,
b1c38,592,charge-mid,count,,2.0,,,,
b1c39,559,charge-mid,count,,1.0,,,,
b1c39,563,charge-mid,count,,1.0,,,,
b1c44,305,charge-mid,count,,2.0,,,,
b1c44,310,charge-mid,count,,2.0,,,,
b1c44,324,charge-mid,count,,2.0,,,,
b1c44,325,charge-mid,count,,2.0,,,,
b1c44,327,charge-mid,count,,2.0,,,,
b1c44,329,charge-mid,count,,1.0,,,,
b1c44,412,charge-mid,count,,1.0,,,,
b1c44,413,charge-mid,count,,2.0,,,,
b1c44,416,charge-mid,count,,2.0,,,,
b1c44,417,charge-mid,count,,1.0,,,,
b1c44,421,charge-mid,count,,1.0,,,,
b1c44,422,charge-mid,count,,1.0,,,,
b1c44,429,charge-mid,count,,2.0,,,,
b1c45,398,charge-mid,count,,2.0,,,,
b1c45,415,charge-mid,count,,1.0,,,,
b1c45,420,charge-mid,count,,1.0,,,,
b1c45,421,charge-mid,count,,1.0,,,,
b1c45,422,charge-mid,count,,2.0,,,,
b1c45,423,charge-mid,count,,2.0,,,,
b1c45,426,charge-mid,count,,1.0,,,,
b1c45,432,charge-mid,count,,2.0,,,,
b1c45,435,charge-mid,count,,2.0,,,,
b1c45,437,charge-mid,count,,1.0,,,,
b2c3,25,charge-mid,count,,1798.0,,,,
b2c3,26,charge-mid,count,,3119.0,,,,
b2c3,29,charge-mid,count,,635.0,,,,
b2c3,30,charge-mid,count,,1285.0,,,,
b2c3,31,charge-mid,count,,1554.0,,,,
b2c3,32,charge-mid,count,,533.0,,,,
b2c3,33,charge-mid,count,,459.0,,,,
b2c3,35,charge-mid,count,,935.0,,,,
b2c3,36,charge-mid,count,,513.0,,,,
b2c3,37,charge-mid,count,,433.0,,,,
b2c3,39,charge-mid,count,,423.0,,,,
b2c3,41,charge-mid,count,,426.0,,,,
b2c3,45,charge-mid,count,,477.0,,,,
b2c3,143,charge-mid,count,,430.0,,,,
b2c3,147,charge-mid,count,,437.0,,,,
b2c6,2,charge-mid,count,,1145.0,,,,
b2c6,5,charge-mid,count,,944.0,,,,
b2c6,6,charge-mid,count,,774.0,,,,
b2c6,7,charge-mid,count,,693.0,,,,
b2c6,15,charge-mid,count,,553.0,,,,
b2c6,18,charge-mid,count,,890.0,,,,
b2c6,19,charge-mid,count,,631.0,,,,
b2c6,20,charge-mid,count,,460.0,,,,
b2c6,23,charge-mid,count,,599.0,,,,
b2c6,34,charge-mid,count,,427.0,,,,
b2c6,141,charge-mid,count,,442.0,,,,
b2c6,149,charge-mid,count,,460.0,,,,
b2c6,201,charge-mid,count,,656.0,,,,
b2c6,202,charge-mid,count,,419.0,,,,
b2c6,205,charge-mid,count,,499.0,,,,
b2c6,206,charge-mid,count,,499.0,,,,
b2c6,312,charge-mid,count,,532.0,,,,
b2c12,253,charge-mid,count,,624.0,,,,
b2c41,87,charge-mid,count,,472.0,,,,
b2c41,88,charge-mid,count,,413.0,,,,
b2c41,89,charge-mid,count,,465.0,,,,
b2c41,159,charge-mid,count,,452.0,,,,
b2c47,13,charge-mid,count,,416.0,,,,
b2c47,14,charge-mid,count,,437.0,,,,
b2c47,15,charge-mid,count,,426.0,,,,
b2c47,420,charge-mid,count,,430.0,,,,
b2c47,517,charge-mid,count,,433.0,,,,
b2c47,530,charge-mid,count,,493.0,,,,
b2c47,531,charge-mid,count,,448.0,,,,
b2c47,532,charge-mid,count,,435.0,,,,
b2c47,546,charge-mid,count,,435.0,,,,
b2c47,558,charge-mid,count,,422.0,,,,
b2c47,568,charge-mid,count,,446.0,,,,
b2c47,572,charge-mid,count,,463.0,,,,
b2c47,574,charge-mid,count,,414.0,,,,
b2c47,575,charge-mid,count,,437.0,,,,
b2c47,577,charge-mid,count,,422.0,,,,
b2c47,578,charge-mid,count,,416.0,,,,
b2c47,583,charge-mid,count,,415.0,,,,
b2c47,584,charge-mid,count,,419.0,,,,
b2c47,596,charge-mid,count,,421.0,,,,
b2c47,610,charge-mid,count,,444.0,,,,
b3c24,818,charge-mid,count,,1095.0,,,,
b3c24,819,charge-mid,count,,491.0,,,,
b3c24,820,charge-mid,count,,2099.0,,,,
b3c37,10,charge-mid,count,,527.0,,,,
b3c37,53,charge-mid,count,,3489.0,,,,
b3c37,54,charge-mid,count,,1329.0,,,,
b3c37,592,charge-mid,count,,5533.0,,,,
b3c37,1214,charge-mid,count,,611.0,,,,
b3c37,1216,charge-mid,count,,3799.0,,,,
b1c6,316,charge-mid,I_std,,,0.0001140589446811,,,
b1c7,9,charge-mid,I_std,,,0.0001071465179679,,,
b1c7,19,charge-mid,I_std,,,0.0001134873247392,,,
b1c7,49,charge-mid,I_std,,,0.0001080958026013,,,
b1c7,61,charge-mid,I_std,,,0.0001010644171785,,,
b1c7,70,charge-mid,I_std,,,0.0001033818722191,,,
b1c7,74,charge-mid,I_std,,,0.0001070136159862,,,
b1c7,77,charge-mid,I_std,,,0.0001119000082848,,,
b1c7,78,charge-mid,I_std,,,9.335292703516876e-05,,,
b1c7,87,charge-mid,I_std,,,0.0001080721036447,,,
b1c7,114,charge-mid,I_std,,,0.0001130485262584,,,
b1c7,147,charge-mid,I_std,,,0.0001072611227813,,,
b1c7,149,charge-mid,I_std,,,9.560940143560634e-05,,,
b1c7,161,charge-mid,I_std,,,0.0001085085954743,,,
b1c7,164,charge-mid,I_std,,,9.91328400748094e-05,,,
b1c7,169,charge-mid,I_std,,,0.0001026158321801,,,
b1c7,172,charge-mid,I_std,,,0.0001143999928621,,,
b1c7,177,charge-mid,I_std,,,0.0001131884334609,,,
b1c7,187,charge-mid,I_std,,,0.0001107692825563,,,
b1c7,188,charge-mid,I_std,,,0.0001143146879705,,,
b1c7,199,charge-mid,I_std,,,0.0001063480999672,,,
b1c7,201,charge-mid,I_std,,,0.0001082165390193,,,
b1c7,258,charge-mid,I_std,,,0.0001108733537384,,,
b1c7,341,charge-mid,I_std,,,0.0001086327854493,,,
b1c7,354,charge-mid,I_std,,,0.0001079173103732,,,
b1c7,374,charge-mid,I_std,,,0.0001041273853499,,,
b1c7,376,charge-mid,I_std,,,0.0001014206031414,,,
b1c7,434,charge-mid,I_std,,,9.907595911131554e-05,,,
b1c7,497,charge-mid,I_std,,,0.0001089652682486,,,
b1c7,532,charge-mid,I_std,,,0.000111638880629,,,
b1c7,600,charge-mid,I_std,,,0.0001097773668832,,,
b1c7,729,charge-mid,I_std,,,0.000111539450729,,,
b1c34,664,charge-mid,I_std,,,3.3867483571243597,,,
b1c35,632,charge-mid,I_std,,,6.421960000467617e-05,,,
b1c36,646,charge-mid,I_std,,,3.5569351739148924,,,
b1c36,661,charge-mid,I_std,,,3.4176115535667733,,,
b1c37,611,charge-mid,I_std,,,3.1324970246424235,,,
b1c37,612,charge-mid,I_std,,,3.13528405113562,,,
b1c38,550,charge-mid,I_std,,,3.197325627323544,,,
b1c38,552,charge-mid,I_std,,,3.375480406591695,,,
b1c38,567,charge-mid,I_std,,,3.412145588391114,,,
b1c38,572,charge-mid,I_std,,,3.1129762096164244,,,
b1c39,505,charge-mid,I_std,,,5.0019527866877416e-05,,,
b1c39,549,charge-mid,I_std,,,3.3214400762875167,,,
b1c39,554,charge-mid,I_std,,,3.41082595954973,,,
b1c39,555,charge-mid,I_std,,,3.390789573362274,,,
b1c44,122,charge-mid,I_std,,,3.208557026837071,,,
b1c44,158,charge-mid,I_std,,,3.244537900738437,,,
b1c44,161,charge-mid,I_std,,,3.258070712524281,,,
b1c44,166,charge-mid,I_std,,,3.240575158991565,,,
b1c44,168,charge-mid,I_std,,,3.668134541323648,,,
b1c44,184,charge-mid,I_std,,,3.190112485815305,,,
b1c44,203,charge-mid,I_std,,,3.69444885412686,,,
b1c44,207,charge-mid,I_std,,,3.4695987342162327,,,
b1c44,238,charge-mid,I_std,,,8.14293115675836e-05,,,
b1c44,259,charge-mid,I_std,,,3.1421140123520903,,,
b1c44,262,charge-mid,I_std,,,3.2445013045971858,,,
b1c44,291,charge-mid,I_std,,,3.16041219042508,,,
b1c44,309,charge-mid,I_std,,,6.408587987926325e-05,,,
b1c44,349,charge-mid,I_std,,,3.290291448276329,,,
b1c44,350,charge-mid,I_std,,,3.6578547368833534,,,
b1c44,352,charge-mid,I_std,,,3.3897044460338037,,,
b1c44,364,charge-mid,I_std,,,3.2131236287836877,,,
b1c44,373,charge-mid,I_std,,,3.195210649743822,,,
b1c45,219,charge-mid,I_std,,,3.2603066169399098,,,
b1c45,231,charge-mid,I_std,,,3.602925142205161,,,
b1c45,247,charge-mid,I_std,,,3.683147775849792,,,
b1c45,254,charge-mid,I_std,,,3.1512659155831946,,,
b1c45,258,charge-mid,I_std,,,3.149721603922497,,,
b1c45,266,charge-mid,I_std,,,3.685758622964925,,,
b1c45,289,charge-mid,I_std,,,3.3056636541488524,,,
b1c45,319,charge-mid,I_std,,,3.7970745497978737,,,
b1c45,321,charge-mid,I_std,,,3.176431013734284,,,
b1c45,324,charge-mid,I_std,,,3.3735223069656897,,,
b1c45,343,charge-mid,I_std,,,3.217751512423688,,,
b1c45,353,charge-mid,I_std,,,3.249031731260059,,,
b1c45,364,charge-mid,I_std,,,3.2580563657876187,,,
b1c45,366,charge-mid,I_std,,,3.354722071684276,,,
b1c45,372,charge-mid,I_std,,,3.5493548141117763,,,
b1c45,374,charge-mid,I_std,,,3.6871522451003065,,,
b1c45,401,charge-mid,I_std,,,3.5226350412211,,,
b1c45,419,charge-mid,I_std,,,8.009422825294757e-05,,,
b2c5,4,charge-mid,I_std,,,0.0001061434360214,,,
b2c5,28,charge-mid,I_std,,,0.0001142248127939,,,
b2c5,38,charge-mid,I_std,,,0.0001035178039314,,,
b2c5,259,charge-mid,I_std,,,9.989756532392332e-05,,,
b2c5,279,charge-mid,I_std,,,0.0001085238637105,,,
b2c5,281,charge-mid,I_std,,,0.0001044721902304,,,
b2c5,328,charge-mid,I_std,,,0.0001067144237286,,,
b2c5,335,charge-mid,I_std,,,0.0001064160821136,,,
b2c17,7,charge-mid,I_std,,,0.0001130217453895,,,
b2c17,22,charge-mid,I_std,,,0.0001045567178777,,,
b2c17,39,charge-mid,I_std,,,0.000113255761523,,,
b2c17,60,charge-mid,I_std,,,0.0001122874474592,,,
b2c17,85,charge-mid,I_std,,,0.0001130071668862,,,
b2c17,117,charge-mid,I_std,,,0.0001118849675693,,,
b2c17,178,charge-mid,I_std,,,0.0001140078530364,,,
b2c17,183,charge-mid,I_std,,,0.0001026410948119,,,
b2c17,186,charge-mid,I_std,,,0.0001012134360744,,,
b2c17,242,charge-mid,I_std,,,0.0001062154706986,,,
b2c17,273,charge-mid,I_std,,,0.0001112080547601,,,
b2c20,8,charge-mid,I_std,,,0.0001139809565676,,,
b2c20,28,charge-mid,I_std,,,0.0001118694939365,,,
b2c20,289,charge-mid,I_std,,,0.0001035867541206,,,
b2c21,220,charge-mid,I_std,,,0.0001099296622522,,,
b2c21,290,charge-mid,I_std,,,0.0001009666247654,,,
b2c23,2,charge-mid,I_std,,,0.0001092759007451,,,
b2c23,14,charge-mid,I_std,,,0.0001117415034253,,,
b2c23,46,charge-mid,I_std,,,0.0001069071071877,,,
b2c23,62,charge-mid,I_std,,,9.52844243689378e-05,,,
b2c23,64,charge-mid,I_std,,,0.0001003406174946,,,
b2c23,67,charge-mid,I_std,,,0.000113388664084,,,
b2c23,77,charge-mid,I_std,,,0.0001020731989315,,,
b2c23,143,charge-mid,I_std,,,0.000112799013536,,,
b2c23,202,charge-mid,I_std,,,0.00011398903537,,,
b2c23,215,charge-mid,I_std,,,0.0001048168373908,,,
b2c23,216,charge-mid,I_std,,,0.0001112427835828,,,
b2c23,239,charge-mid,I_std,,,0.0001134845126268,,,
b2c23,274,charge-mid,I_std,,,0.0001090259616654,,,
b2c23,275,charge-mid,I_std,,,0.0001117761668187,,,
b2c23,286,charge-mid,I_std,,,0.0001033727357151,,,
b2c23,289,charge-mid,I_std,,,0.0001113856938706,,,
b2c23,296,charge-mid,I_std,,,0.000113126939075,,,
b2c23,303,charge-mid,I_std,,,0.0001114888787556,,,
b2c23,320,charge-mid,I_std,,,0.0001011981683562,,,
b2c23,325,charge-mid,I_std,,,0.000113409320633,,,
b2c23,342,charge-mid,I_std,,,0.0001069010685919,,,
b2c23,351,charge-mid,I_std,,,9.921678645978446e-05,,,
b2c23,352,charge-mid,I_std,,,0.0001137122650554,,,
b2c35,46,charge-mid,I_std,,,0.0001079341557633,,,
b2c35,51,charge-mid,I_std,,,0.0001121944254277,,,
b2c35,72,charge-mid,I_std,,,0.0001087184529329,,,
b2c35,214,charge-mid,I_std,,,0.0001039581645624,,,
b2c36,47,charge-mid,I_std,,,0.0001122550630697,,,
b2c36,84,charge-mid,I_std,,,0.0001082980951694,,,
b2c36,146,charge-mid,I_std,,,0.0001048295830868,,,
b2c36,172,charge-mid,I_std,,,0.0001072850593036,,,
b2c36,212,charge-mid,I_std,,,0.0001025862778858,,,
b2c36,219,charge-mid,I_std,,,9.427098410728431e-05,,,
b2c36,257,charge-mid,I_std,,,0.0001134014843531,,,
b2c36,326,charge-mid,I_std,,,0.000113960473507,,,
b2c36,327,charge-mid,I_std,,,0.0001089020545435,,,
b2c36,333,charge-mid,I_std,,,0.000112667175169,,,
b2c36,385,charge-mid,I_std,,,0.0001138453273959,,,
b1c2,1600,charge-mid,T_std,,,,1.5678666728094652,,
b1c3,29,charge-mid,T_std,,,,0.0186684349548588,,
b1c3,501,charge-mid,T_std,,,,1.811179198895052,,
b1c3,968,charge-mid,T_std,,,,1.5120979454425725,,
b1c3,1331,charge-mid,T_std,,,,1.5513034379141413,,
b1c3,1422,charge-mid,T_std,,,,2.031056183901194,,
b1c14,12,charge-mid,T_std,,,,2.5423043715718525,,
b1c14,616,charge-mid,T_std,,,,1.5151175363876477,,
b1c14,663,charge-mid,T_std,,,,1.5437138016588448,,
b1c14,703,charge-mid,T_std,,,,1.5205702377966996,,
b1c14,718,charge-mid,T_std,,,,0.0225301471834531,,
b1c14,732,charge-mid,T_std,,,,0.0240249661629784,,
b1c14,742,charge-mid,T_std,,,,0.0251476052911407,,
b1c14,746,charge-mid,T_std,,,,0.0242176420400701,,
b1c14,747,charge-mid,T_std,,,,0.0235966950572621,,
b1c14,758,charge-mid,T_std,,,,0.0212295261087955,,
b1c14,767,charge-mid,T_std,,,,0.0203397600507633,,
b1c14,774,charge-mid,T_std,,,,0.0241214422304235,,
b1c14,776,charge-mid,T_std,,,,0.0241372373926075,,
b1c14,780,charge-mid,T_std,,,,0.0243905581609099,,
b1c14,784,charge-mid,T_std,,,,0.0240414841417858,,
b1c14,788,charge-mid,T_std,,,,0.0251015535404315,,
b1c14,789,charge-mid,T_std,,,,0.0239331667652596,,
b1c14,796,charge-mid,T_std,,,,0.0220669521011711,,
b1c14,800,charge-mid,T_std,,,,0.0252640375211611,,
b1c14,807,charge-mid,T_std,,,,0.0210549962282647,,
b1c14,809,charge-mid,T_std,,,,0.0217364278375912,,
b1c14,824,charge-mid,T_std,,,,0.0251374138964639,,
b1c14,829,charge-mid,T_std,,,,0.0236419152103635,,
b1c14,837,charge-mid,T_std,,,,0.0233548270873867,,
b1c15,12,charge-mid,T_std,,,,2.7375310831657718,,
b1c15,587,charge-mid,T_std,,,,1.49742404051891,,
b1c15,629,charge-mid,T_std,,,,1.5043852339927433,,
b1c15,670,charge-mid,T_std,,,,1.568165567873078,,
b1c15,711,charge-mid,T_std,,,,1.5431853198346253,,
b1c38,580,charge-mid,T_std,,,,0.0103207134120343,,
b1c41,886,charge-mid,T_std,,,,2.774934415544362,,
b2c3,58,charge-mid,T_std,,,,1.716669772665472,,
b2c6,218,charge-mid,T_std,,,,0.0254467927858172,,
b2c10,2,charge-mid,T_std,,,,1.6017244730789435,,
b2c10,3,charge-mid,T_std,,,,1.6496687999267978,,
b2c10,4,charge-mid,T_std,,,,1.6615637050955387,,
b2c10,5,charge-mid,T_std,,,,1.6848236717465723,,
b2c10,6,charge-mid,T_std,,,,1.6759046537063964,,
b2c10,7,charge-mid,T_std,,,,1.807074879759199,,
b2c10,8,charge-mid,T_std,,,,1.6680861406409255,,
b2c10,9,charge-mid,T_std,,,,1.641389875984663,,
b2c10,10,charge-mid,T_std,,,,1.651660334547621,,
b2c10,11,charge-mid,T_std,,,,1.6412933349844114,,
b2c10,12,charge-mid,T_std,,,,1.6620542935632685,,
b2c10,13,charge-mid,T_std,,,,1.744587093557923,,
b2c10,14,charge-mid,T_std,,,,1.6546328039562026,,
b2c10,15,charge-mid,T_std,,,,1.6518217580973062,,
b2c10,16,charge-mid,T_std,,,,1.666456424746095,,
b2c10,17,charge-mid,T_std,,,,1.6940185020068184,,
b2c10,18,charge-mid,T_std,,,,1.6797911200622655,,
b2c10,19,charge-mid,T_std,,,,1.7428967276947505,,
b2c10,20,charge-mid,T_std,,,,1.7638246725264757,,
b2c10,21,charge-mid,T_std,,,,1.7071160241566388,,
b2c10,22,charge-mid,T_std,,,,1.668664148628172,,
b2c10,23,charge-mid,T_std,,,,1.7682206736447268,,
b2c10,24,charge-mid,T_std,,,,1.700389435092737,,
b2c10,25,charge-mid,T_std,,,,1.7908153706069196,,
b2c10,26,charge-mid,T_std,,,,1.738020524169662,,
b2c10,27,charge-mid,T_std,,,,1.506152042365856,,
b2c10,139,charge-mid,T_std,,,,1.6529648745537877,,
b2c10,140,charge-mid,T_std,,,,1.8522185578466928,,
b2c10,166,charge-mid,T_std,,,,1.620841209869119,,
b2c10,167,charge-mid,T_std,,,,1.6434191724031593,,
b2c10,186,charge-mid,T_std,,,,1.6727369573597517,,
b2c10,199,charge-mid,T_std,,,,1.545553369468626,,
b2c10,235,charge-mid,T_std,,,,1.7760788372381018,,
b2c10,249,charge-mid,T_std,,,,1.6046022969048457,,
b2c10,258,charge-mid,T_std,,,,1.6069843578693177,,
b2c10,262,charge-mid,T_std,,,,1.7115137125140536,,
b2c10,270,charge-mid,T_std,,,,1.5480026672793623,,
b2c10,282,charge-mid,T_std,,,,1.7003367226612474,,
b2c10,293,charge-mid,T_std,,,,1.6831130042722753,,
b2c10,339,charge-mid,T_std,,,,1.6205804791087084,,
b2c10,354,charge-mid,T_std,,,,1.6375488666460294,,
b2c10,372,charge-mid,T_std,,,,1.80685406724326,,
b2c10,387,charge-mid,T_std,,,,1.6943571438990146,,
b2c10,395,charge-mid,T_std,,,,1.6393062345806522,,
b2c10,408,charge-mid,T_std,,,,1.67697474457799,,
b2c10,420,charge-mid,T_std,,,,1.896423387007003,,
b2c10,421,charge-mid,T_std,,,,1.5065893022431207,,
b2c10,424,charge-mid,T_std,,,,1.6659269708409332,,
b2c10,433,charge-mid,T_std,,,,1.8446603939826451,,
b2c10,447,charge-mid,T_std,,,,1.8187301887233296,,
b2c10,462,charge-mid,T_std,,,,1.8695189902671736,,
b2c10,477,charge-mid,T_std,,,,1.6979668839854465,,
b2c10,511,charge-mid,T_std,,,,1.783871522371662,,
b2c10,529,charge-mid,T_std,,,,0.0252691605246163,,
b2c10,530,charge-mid,T_std,,,,0.0247019816870394,,
b2c10,540,charge-mid,T_std,,,,0.0244232200535873,,
b2c10,545,charge-mid,T_std,,,,0.024431485057964,,
b2c10,548,charge-mid,T_std,,,,0.0249532864738269,,
b2c10,549,charge-mid,T_std,,,,0.0250009595174492,,
b2c10,551,charge-mid,T_std,,,,0.0240993441254659,,
b2c10,558,charge-mid,T_std,,,,0.0239553889282906,,
b2c10,562,charge-mid,T_std,,,,0.0229285380746246,,
b2c10,567,charge-mid,T_std,,,,0.02539418423758,,
b2c10,568,charge-mid,T_std,,,,0.0233624561929048,,
b2c10,574,charge-mid,T_std,,,,0.0242812080102315,,
b2c10,578,charge-mid,T_std,,,,0.0236937032476876,,
b2c10,579,charge-mid,T_std,,,,0.0208994150932798,,
b2c10,587,charge-mid,T_std,,,,0.024976343157252,,
b2c12,177,charge-mid,T_std,,,,1.5088988915469463,,
b2c12,189,charge-mid,T_std,,,,1.5037269529806176,,
b2c12,218,charge-mid,T_std,,,,1.5291953265025466,,
b2c12,227,charge-mid,T_std,,,,1.5089391187029175,,
b2c12,236,charge-mid,T_std,,,,1.6885926756420706,,
b2c12,284,charge-mid,T_std,,,,1.5175995944662906,,
b2c13,75,charge-mid,T_std,,,,1.6439163005861712,,
b2c13,100,charge-mid,T_std,,,,1.500651370291953,,
b2c20,316,charge-mid,T_std,,,,1.5602924046434066,,
b2c24,287,charge-mid,T_std,,,,2.247597586160113,,
b2c24,304,charge-mid,T_std,,,,2.6426990609445595,,
b2c25,83,charge-mid,T_std,,,,0.0244790618858464,,
b2c25,116,charge-mid,T_std,,,,0.0239777204366958,,
b2c25,247,charge-mid,T_std,,,,0.0237241950673858,,
b2c25,267,charge-mid,T_std,,,,0.025381685642598,,
b3c5,167,charge-mid,T_std,,,,1.5064504902546572,,
b3c5,290,charge-mid,T_std,,,,1.5154184399382016,,
b3c5,326,charge-mid,T_std,,,,1.4985955625939789,,
b3c5,360,charge-mid,T_std,,,,1.5625349288807528,,
b3c5,371,charge-mid,T_std,,,,1.5545893172958003,,
b3c5,391,charge-mid,T_std,,,,1.5547905275625529,,
b3c5,423,charge-mid,T_std,,,,1.63398727150731,,
b3c5,433,charge-mid,T_std,,,,1.5299446552246705,,
b3c5,441,charge-mid,T_std,,,,1.6351000573328145,,
b3c5,450,charge-mid,T_std,,,,1.579989132803265,,
b3c5,459,charge-mid,T_std,,,,1.692846015719346,,
b3c5,460,charge-mid,T_std,,,,1.596682803985081,,
b3c5,476,charge-mid,T_std,,,,1.7673310620335672,,
b3c5,477,charge-mid,T_std,,,,1.6143901667613614,,
b3c5,484,charge-mid,T_std,,,,1.6667218497571434,,
b3c5,492,charge-mid,T_std,,,,1.728734206983203,,
b3c5,507,charge-mid,T_std,,,,1.5412448535268954,,
b3c5,524,charge-mid,T_std,,,,0.0242358711401176,,
b3c5,526,charge-mid,T_std,,,,0.0251004846507972,,
b3c5,529,charge-mid,T_std,,,,0.0245331090706926,,
b3c5,530,charge-mid,T_std,,,,0.0247810813177827,,
b3c5,539,charge-mid,T_std,,,,0.0231244806674265,,
b3c5,543,charge-mid,T_std,,,,0.0233636208333586,,
b3c5,545,charge-mid,T_std,,,,0.023736509733327,,
b3c5,557,charge-mid,T_std,,,,0.0223226736168184,,
b3c5,569,charge-mid,T_std,,,,0.024779626958845,,
b3c5,573,charge-mid,T_std,,,,0.0217154246867139,,
b3c5,576,charge-mid,T_std,,,,0.0246482186661884,,
b3c5,579,charge-mid,T_std,,,,0.0227393295818246,,
b3c5,580,charge-mid,T_std,,,,0.0237903041654841,,
b3c5,581,charge-mid,T_std,,,,0.0238353806320389,,
b3c5,597,charge-mid,T_std,,,,1.59783482855534,,
b3c5,598,charge-mid,T_std,,,,1.5198857005091486,,
b3c5,626,charge-mid,T_std,,,,1.6633080179945985,,
b3c5,627,charge-mid,T_std,,,,1.5485224947788816,,
b3c5,648,charge-mid,T_std,,,,1.6794697133882883,,
b3c5,680,charge-mid,T_std,,,,1.683993773355356,,
b3c5,691,charge-mid,T_std,,,,1.726518934392952,,
b3c5,718,charge-mid,T_std,,,,0.0248088991733927,,
b3c5,719,charge-mid,T_std,,,,0.0245438584429626,,
b3c5,732,charge-mid,T_std,,,,0.0249839822403699,,
b3c5,744,charge-mid,T_std,,,,0.0227511711973493,,
b3c5,756,charge-mid,T_std,,,,0.0249677365111428,,
b3c5,757,charge-mid,T_std,,,,0.0236688478172224,,
b3c5,766,charge-mid,T_std,,,,0.0248183022098696,,
b3c5,769,charge-mid,T_std,,,,0.0230160248770779,,
b3c5,773,charge-mid,T_std,,,,0.0234850560739921,,
b3c5,774,charge-mid,T_std,,,,0.0233557378897128,,
b3c5,794,charge-mid,T_std,,,,0.0252628622387425,,
b3c5,796,charge-mid,T_std,,,,0.0250352218412644,,
b3c5,801,charge-mid,T_std,,,,0.0242886039904203,,
b3c5,826,charge-mid,T_std,,,,0.0232896987215089,,
b3c29,151,charge-mid,T_std,,,,0.0237947448743982,,
b3c29,201,charge-mid,T_std,,,,0.0240300006522908,,
b3c29,214,charge-mid,T_std,,,,0.0247767513025875,,
b3c29,399,charge-mid,T_std,,,,0.0253673752816609,,
b3c29,521,charge-mid,T_std,,,,0.0245871673551011,,
b3c29,522,charge-mid,T_std,,,,0.022491496482193,,
b3c29,529,charge-mid,T_std,,,,0.0248182081764052,,
b3c29,610,charge-mid,T_std,,,,0.0244950195383618,,
b3c29,683,charge-mid,T_std,,,,0.0252202385919413,,
b3c29,693,charge-mid,T_std,,,,0.0241828572533825,,
b3c29,774,charge-mid,T_std,,,,0.0247000862024326,,
b1c3,878,charge-mid,V_min,,,,,3.3165698,
b1c5,12,charge-mid,V_min,,,,,3.3168159,
b2c0,261,charge-mid,V_min,,,,,3.5998788,
b2c0,312,charge-mid,V_min,,,,,3.5998645,
b2c0,314,charge-mid,V_min,,,,,3.5999064,
b2c1,147,charge-mid,V_min,,,,,3.5998874,
b2c1,164,charge-mid,V_min,,,,,3.5999427,
b2c3,343,charge-mid,V_min,,,,,3.5998907,
b2c6,10,charge-mid,V_min,,,,,3.373713,
b2c6,13,charge-mid,V_min,,,,,3.3753304,
b2c6,16,charge-mid,V_min,,,,,3.3744073,
b2c6,26,charge-mid,V_min,,,,,3.3747535,
b2c6,27,charge-mid,V_min,,,,,3.3743329,
b2c6,28,charge-mid,V_min,,,,,3.3748927,
b3c6,2,charge-mid,V_min,,,,,3.3742595,
b3c6,5,charge-mid,V_min,,,,,3.3735013,
b3c6,7,charge-mid,V_min,,,,,3.3748612,
b3c6,10,charge-mid,V_min,,,,,3.372787,
b3c6,13,charge-mid,V_min,,,,,3.3730273,
b3c6,14,charge-mid,V_min,,,,,3.3741021,
b3c6,17,charge-mid,V_min,,,,,3.3736444,
b3c6,19,charge-mid,V_min,,,,,3.3732772,
b3c6,20,charge-mid,V_min,,,,,3.3751597,
b3c6,23,charge-mid,V_min,,,,,3.3751798,
b3c6,25,charge-mid,V_min,,,,,3.3766007,
b3c6,26,charge-mid,V_min,,,,,3.3754077,
b3c6,28,charge-mid,V_min,,,,,3.3742566,
b3c6,29,charge-mid,V_min,,,,,3.376039,
b3c6,31,charge-mid,V_min,,,,,3.3742967,
b3c6,32,charge-mid,V_min,,,,,3.3768792,
b3c6,34,charge-mid,V_min,,,,,3.3745456,
b3c6,35,charge-mid,V_min,,,,,3.3763947,
b3c6,36,charge-mid,V_min,,,,,3.3750253,
b3c6,37,charge-mid,V_min,,,,,3.3767886,
b3c6,38,charge-mid,V_min,,,,,3.3749194,
b3c6,39,charge-mid,V_min,,,,,3.3744149,
b3c6,44,charge-mid,V_min,,,,,3.3762746,
b3c6,45,charge-mid,V_min,,,,,3.3752141,
b3c6,51,charge-mid,V_min,,,,,3.3757844,
b3c6,54,charge-mid,V_min,,,,,3.3759084,
b3c6,55,charge-mid,V_min,,,,,3.3778462,
b3c6,56,charge-mid,V_min,,,,,3.3754849,
b3c6,59,charge-mid,V_min,,,,,3.3770518,
b3c6,65,charge-mid,V_min,,,,,3.3770671,
b3c6,68,charge-mid,V_min,,,,,3.37746,
b3c6,72,charge-mid,V_min,,,,,3.3778243,
b3c6,73,charge-mid,V_min,,,,,3.3773761,
b3c6,78,charge-mid,V_min,,,,,3.3769641,
b3c6,84,charge-mid,V_min,,,,,3.3766198,
b3c6,90,charge-mid,V_min,,,,,3.3773923,
b3c6,104,charge-mid,V_min,,,,,3.3776078,
b3c6,126,charge-mid,V_min,,,,,3.3779283,
b3c6,248,charge-mid,V_min,,,,,3.3732543,
b3c21,3,charge-mid,V_min,,,,,3.3721414,
b3c21,4,charge-mid,V_min,,,,,3.3735843,
b3c21,5,charge-mid,V_min,,,,,3.3725514,
b3c21,11,charge-mid,V_min,,,,,3.3723664,
b3c21,16,charge-mid,V_min,,,,,3.3728423,
b3c21,22,charge-mid,V_min,,,,,3.3732429,
b3c21,26,charge-mid,V_min,,,,,3.3745303,
b3c21,28,charge-mid,V_min,,,,,3.3746448,
b3c21,37,charge-mid,V_min,,,,,3.3742032,
b3c21,40,charge-mid,V_min,,,,,3.3744712,
b3c21,48,charge-mid,V_min,,,,,3.3747211,
b3c21,58,charge-mid,V_min,,,,,3.3752637,
b3c21,69,charge-mid,V_min,,,,,3.3756232,
b3c21,79,charge-mid,V_min,,,,,3.3756328,
b3c21,90,charge-mid,V_min,,,,,3.3762975,
b3c21,100,charge-mid,V_min,,,,,3.3770146,
b3c21,102,charge-mid,V_min,,,,,3.3779397,
b3c21,107,charge-mid,V_min,,,,,3.3772578,
b3c21,109,charge-mid,V_min,,,,,3.3770871,
b3c21,110,charge-mid,V_min,,,,,3.3769813,
b3c21,117,charge-mid,V_min,,,,,3.3768477,
b3c21,126,charge-mid,V_min,,,,,3.3768916,
b3c21,130,charge-mid,V_min,,,,,3.3771214,
b3c21,135,charge-mid,V_min,,,,,3.3778501,
b3c21,443,charge-mid,V_min,,,,,3.3777699,
b3c28,1,charge-mid,V_min,,,,,3.3758435,
b3c28,3,charge-mid,V_min,,,,,3.3761249,
b3c28,7,charge-mid,V_min,,,,,3.3748984,
b3c28,10,charge-mid,V_min,,,,,3.3758893,
b3c28,12,charge-mid,V_min,,,,,3.3761268,
b3c28,24,charge-mid,V_min,,,,,3.3765569,
b3c28,26,charge-mid,V_min,,,,,3.375463,
b3c28,27,charge-mid,V_min,,,,,3.3760495,
b3c28,35,charge-mid,V_min,,,,,3.3777823,
b3c28,37,charge-mid,V_min,,,,,3.3774943,
b3c28,38,charge-mid,V_min,,,,,3.3763213,
b3c28,46,charge-mid,V_min,,,,,3.3775983,
b3c28,50,charge-mid,V_min,,,,,3.3765197,
b3c28,51,charge-mid,V_min,,,,,3.3771768,
b3c28,60,charge-mid,V_min,,,,,3.3771453,
b1c1,476,charge-mid,V_max,,,,,,3.4974384
b1c1,1188,charge-mid,V_max,,,,,,3.4969625
b1c1,1195,charge-mid,V_max,,,,,,3.4969683
b1c1,1221,charge-mid,V_max,,,,,,3.4965916
b1c1,1235,charge-mid,V_max,,,,,,3.4964752
b1c1,1329,charge-mid,V_max,,,,,,3.4962568
b1c2,367,charge-mid,V_max,,,,,,3.4968319
b1c2,449,charge-mid,V_max,,,,,,3.4972458
b1c2,711,charge-mid,V_max,,,,,,3.4964581
b1c2,1178,charge-mid,V_max,,,,,,3.4972305
b1c2,1182,charge-mid,V_max,,,,,,3.4975338
b1c2,1183,charge-mid,V_max,,,,,,3.4925528
b1c2,1185,charge-mid,V_max,,,,,,3.4970922
b1c2,1189,charge-mid,V_max,,,,,,3.4922323
b1c2,1191,charge-mid,V_max,,,,,,3.4961729
b1c2,1194,charge-mid,V_max,,,,,,3.4970913
b1c2,1199,charge-mid,V_max,,,,,,3.496397
b1c2,1215,charge-mid,V_max,,,,,,3.4973564
b1c2,1228,charge-mid,V_max,,,,,,3.497448
b1c2,1235,charge-mid,V_max,,,,,,3.4947338
b1c2,1239,charge-mid,V_max,,,,,,3.4967813
b1c2,1241,charge-mid,V_max,,,,,,3.4974871
b1c2,1246,charge-mid,V_max,,,,,,3.4950476
b1c2,1262,charge-mid,V_max,,,,,,3.4972315
b1c2,1276,charge-mid,V_max,,,,,,3.4959993
b1c2,1283,charge-mid,V_max,,,,,,3.497035
b1c2,1289,charge-mid,V_max,,,,,,3.4966459
b1c2,1342,charge-mid,V_max,,,,,,3.4971113
b1c2,1353,charge-mid,V_max,,,,,,3.4951658
b1c2,1474,charge-mid,V_max,,,,,,3.4964352
b1c21,310,charge-mid,V_max,,,,,,3.6006136
b1c38,512,charge-mid,V_max,,,,,,3.6007786
b1c38,516,charge-mid,V_max,,,,,,3.6005173
b1c38,517,charge-mid,V_max,,,,,,3.6005945
b1c38,570,charge-mid,V_max,,,,,,3.6006575
b1c38,589,charge-mid,V_max,,,,,,3.6015072
b1c39,483,charge-mid,V_max,,,,,,3.6008773
b1c39,534,charge-mid,V_max,,,,,,3.6004958
b1c44,118,charge-mid,V_max,,,,,,3.6005135
b1c44,148,charge-mid,V_max,,,,,,3.6009626
b1c44,183,charge-mid,V_max,,,,,,3.600564
b1c44,190,charge-mid,V_max,,,,,,3.6005459
b1c44,246,charge-mid,V_max,,,,,,3.6006336
b1c44,251,charge-mid,V_max,,,,,,3.6005869
b1c44,252,charge-mid,V_max,,,,,,3.6005726
b1c44,254,charge-mid,V_max,,,,,,3.6008234
b1c44,264,charge-mid,V_max,,,,,,3.6007938
b1c44,265,charge-mid,V_max,,,,,,3.6006851
b1c44,269,charge-mid,V_max,,,,,,3.6006689
b1c44,278,charge-mid,V_max,,,,,,3.6005335
b1c44,287,charge-mid,V_max,,,,,,3.6005449
b1c44,313,charge-mid,V_max,,,,,,3.6007109
b1c44,342,charge-mid,V_max,,,,,,3.6005163
b1c44,343,charge-mid,V_max,,,,,,3.6005535
b1c44,356,charge-mid,V_max,,,,,,3.6005468
b1c44,409,charge-mid,V_max,,,,,,3.6005545
b1c44,411,charge-mid,V_max,,,,,,3.6005335
b1c44,414,charge-mid,V_max,,,,,,3.6005468
b1c44,428,charge-mid,V_max,,,,,,3.6005831
b1c44,431,charge-mid,V_max,,,,,,3.6007681
b1c45,216,charge-mid,V_max,,,,,,3.6013484
b1c45,228,charge-mid,V_max,,,,,,3.6008658
b1c45,241,charge-mid,V_max,,,,,,3.6007094
b1c45,244,charge-mid,V_max,,,,,,3.6005082
b1c45,249,charge-mid,V_max,,,,,,3.6005025
b1c45,263,charge-mid,V_max,,,,,,3.6005569
b1c45,287,charge-mid,V_max,,,,,,3.6010585
b1c45,288,charge-mid,V_max,,,,,,3.6006751
b1c45,294,charge-mid,V_max,,,,,,3.6007495
b1c45,300,charge-mid,V_max,,,,,,3.6008306
b1c45,307,charge-mid,V_max,,,,,,3.6005483
b1c45,381,charge-mid,V_max,,,,,,3.6005225
b1c45,382,charge-mid,V_max,,,,,,3.6006179
b1c45,410,charge-mid,V_max,,,,,,3.6005273
b1c45,425,charge-mid,V_max,,,,,,3.6004987
b2c13,510,charge-mid,V_max,,,,,,3.6014066
b2c13,513,charge-mid,V_max,,,,,,3.6014428
b2c18,469,charge-mid,V_max,,,,,,3.6011887
b2c18,487,charge-mid,V_max,,,,,,3.6011515
b2c18,495,charge-mid,V_max,,,,,,3.6009026
b2c18,498,charge-mid,V_max,,,,,,3.6010075
b2c18,502,charge-mid,V_max,,,,,,3.6008778
b2c18,509,charge-mid,V_max,,,,,,3.6009111
b2c18,513,charge-mid,V_max,,,,,,3.6007929
b2c18,516,charge-mid,V_max,,,,,,3.6009283
b2c18,520,charge-mid,V_max,,,,,,3.6009588
b2c19,409,charge-mid,V_max,,,,,,3.6007295
b2c19,411,charge-mid,V_max,,,,,,3.6010966
b2c19,412,charge-mid,V_max,,,,,,3.6011434
b2c19,418,charge-mid,V_max,,,,,,3.6006799
b2c19,424,charge-mid,V_max,,,,,,3.6009946
b2c19,425,charge-mid,V_max,,,,,,3.6010442
b2c19,427,charge-mid,V_max,,,,,,3.6007714
b2c19,428,charge-mid,V_max,,,,,,3.6010575
b2c19,430,charge-mid,V_max,,,,,,3.6009746
b2c19,431,charge-mid,V_max,,,,,,3.6009812
b2c19,442,charge-mid,V_max,,,,,,3.600534
b2c19,443,charge-mid,V_max,,,,,,3.6008611
b2c19,450,charge-mid,V_max,,,,,,3.6005092
b2c19,451,charge-mid,V_max,,,,,,3.6006255
b2c19,455,charge-mid,V_max,,,,,,3.600636
b2c19,459,charge-mid,V_max,,,,,,3.6005845
b2c19,467,charge-mid,V_max,,,,,,3.6005712
b2c40,305,charge-mid,V_max,,,,,,3.6017694
b2c40,306,charge-mid,V_max,,,,,,3.6031656
b2c40,317,charge-mid,V_max,,,,,,3.6013536
b2c40,378,charge-mid,V_max,,,,,,3.6010981
b2c40,379,charge-mid,V_max,,,,,,3.6011848
b2c40,380,charge-mid,V_max,,,,,,3.6019506
b2c40,381,charge-mid,V_max,,,,,,3.6010828
b2c40,385,charge-mid,V_max,,,,,,3.6041212
b2c40,391,charge-mid,V_max,,,,,,3.6031342
b2c40,406,charge-mid,V_max,,,,,,3.6037464
b2c40,408,charge-mid,V_max,,,,,,3.6010189
b2c40,409,charge-mid,V_max,,,,,,3.6008053
b2c40,410,charge-mid,V_max,,,,,,3.6008739
b2c40,412,charge-mid,V_max,,,,,,3.6008348
b2c40,414,charge-mid,V_max,,,,,,3.6028175
b2c40,417,charge-mid,V_max,,,,,,3.6006193
b2c40,419,charge-mid,V_max,,,,,,3.6006002
b2c40,423,charge-mid,V_max,,,,,,3.6077137
b2c40,427,charge-mid,V_max,,,,,,3.6048384
b2c40,434,charge-mid,V_max,,,,,,3.6008015
b2c40,436,charge-mid,V_max,,,,,,3.6037302
b2c40,437,charge-mid,V_max,,,,,,3.6006174
b2c40,440,charge-mid,V_max,,,,,,3.6005726
b2c40,441,charge-mid,V_max,,,,,,3.6063786
b2c40,442,charge-mid,V_max,,,,,,3.600626
b2c40,455,charge-mid,V_max,,,,,,3.6021919
b2c40,456,charge-mid,V_max,,,,,,3.6005268
b2c40,457,charge-mid,V_max,,,,,,3.6005306
b2c40,461,charge-mid,V_max,,,,,,3.6005945
b2c40,462,charge-mid,V_max,,,,,,3.6005001
b2c40,463,charge-mid,V_max,,,,,,3.6030159
b2c40,465,charge-mid,V_max,,,,,,3.6006966
b2c40,466,charge-mid,V_max,,,,,,3.6006088
b2c40,467,charge-mid,V_max,,,,,,3.6005745
b2c40,468,charge-mid,V_max,,,,,,3.6007633
b2c40,469,charge-mid,V_max,,,,,,3.6009912
b2c40,470,charge-mid,V_max,,,,,,3.6017885
b2c40,472,charge-mid,V_max,,,,,,3.6007175
b2c40,473,charge-mid,V_max,,,,,,3.6030407
b2c47,700,charge-mid,V_max,,,,,,3.6005158
b1c0,11,charge-low,V_std,0.0908910112907683,,,,,
b1c6,12,charge-low,V_std,0.0860227716330037,,,,,
b1c7,10,charge-low,V_std,0.0834902451612404,,,,,
b1c7,12,charge-low,V_std,0.0841302480237885,,,,,
b1c7,17,charge-low,V_std,0.0833274430832292,,,,,
b1c7,24,charge-low,V_std,0.0833644865278137,,,,,
b1c7,31,charge-low,V_std,0.0833187407533902,,,,,
b1c7,33,charge-low,V_std,0.083706026317095,,,,,
b1c7,38,charge-low,V_std,0.0835237777776517,,,,,
b1c7,47,charge-low,V_std,0.0832802599954061,,,,,
b1c7,48,charge-low,V_std,0.0836010041416219,,,,,
b1c7,51,charge-low,V_std,0.0835045242606261,,,,,
b1c7,52,charge-low,V_std,0.0834618132022191,,,,,
b1c7,63,charge-low,V_std,0.0833138840704205,,,,,
b1c7,65,charge-low,V_std,0.0833087619825602,,,,,
b1c7,68,charge-low,V_std,0.0834751405311163,,,,,
b1c7,71,charge-low,V_std,0.0839381878295096,,,,,
b1c7,89,charge-low,V_std,0.0832286043059263,,,,,
b1c7,118,charge-low,V_std,0.0833783507493695,,,,,
b1c18,2,charge-low,V_std,0.1523179490710256,,,,,
b1c18,3,charge-low,V_std,0.1489549893641202,,,,,
b1c18,4,charge-low,V_std,0.1412204450150334,,,,,
b1c18,5,charge-low,V_std,0.1341588175170976,,,,,
b1c18,6,charge-low,V_std,0.1213544634959434,,,,,
b1c21,2,charge-low,V_std,0.083773169925815,,,,,
b1c21,3,charge-low,V_std,0.0847832051313325,,,,,
b1c21,4,charge-low,V_std,0.0840662393263371,,,,,
b1c21,5,charge-low,V_std,0.0840195507249198,,,,,
b1c21,6,charge-low,V_std,0.0836806031828331,,,,,
b1c21,7,charge-low,V_std,0.0840578172019035,,,,,
b1c21,8,charge-low,V_std,0.0844395377250503,,,,,
b1c21,9,charge-low,V_std,0.0845704686289712,,,,,
b1c21,10,charge-low,V_std,0.0840878459853859,,,,,
b1c21,11,charge-low,V_std,0.0843217058403933,,,,,
b1c21,12,charge-low,V_std,0.0838516456509343,,,,,
b1c21,14,charge-low,V_std,0.0839299553069939,,,,,
b1c21,15,charge-low,V_std,0.0845271303852823,,,,,
b1c21,16,charge-low,V_std,0.0840093282537441,,,,,
b1c21,17,charge-low,V_std,0.0849492293063325,,,,,
b1c21,18,charge-low,V_std,0.0849462656232664,,,,,
b1c21,19,charge-low,V_std,0.0850676258541887,,,,,
b1c21,20,charge-low,V_std,0.0850511826289255,,,,,
b1c21,21,charge-low,V_std,0.0849912714145431,,,,,
b1c21,23,charge-low,V_std,0.0850703232498878,,,,,
b1c21,24,charge-low,V_std,0.0847778120951559,,,,,
b1c21,25,charge-low,V_std,0.0839588813471822,,,,,
b1c21,26,charge-low,V_std,0.0850961577883593,,,,,
b1c21,27,charge-low,V_std,0.0844319097497783,,,,,
b1c21,28,charge-low,V_std,0.0855622311442792,,,,,
b1c21,29,charge-low,V_std,0.0839086901033693,,,,,
b1c21,30,charge-low,V_std,0.0839233146178461,,,,,
b1c21,31,charge-low,V_std,0.0846092964291515,,,,,
b1c21,32,charge-low,V_std,0.084049620953623,,,,,
b1c21,33,charge-low,V_std,0.0839672893646748,,,,,
b1c21,34,charge-low,V_std,0.0838121990805007,,,,,
b1c21,35,charge-low,V_std,0.0842550463508916,,,,,
b1c21,36,charge-low,V_std,0.0847674465496459,,,,,
b1c21,37,charge-low,V_std,0.0849897208724013,,,,,
b1c21,38,charge-low,V_std,0.0850558121502039,,,,,
b1c21,39,charge-low,V_std,0.0850524878906491,,,,,
b1c21,40,charge-low,V_std,0.0843686761982234,,,,,
b1c21,41,charge-low,V_std,0.0846956420949199,,,,,
b1c21,42,charge-low,V_std,0.0841008761582102,,,,,
b1c21,43,charge-low,V_std,0.0834697386638932,,,,,
b1c21,44,charge-low,V_std,0.0851691015918276,,,,,
b1c21,45,charge-low,V_std,0.0840785081326841,,,,,
b1c21,47,charge-low,V_std,0.0842245034134775,,,,,
b1c21,48,charge-low,V_std,0.0850558350674524,,,,,
b1c21,49,charge-low,V_std,0.0841397855604534,,,,,
b1c21,51,charge-low,V_std,0.0834030303966845,,,,,
b1c21,52,charge-low,V_std,0.0844624861637398,,,,,
b1c21,55,charge-low,V_std,0.0834381428378937,,,,,
b2c4,20,charge-low,V_std,0.0838483231202494,,,,,
b2c14,33,charge-low,V_std,0.0833802870326321,,,,,
b2c17,25,charge-low,V_std,0.0833745671132509,,,,,
b2c17,490,charge-low,V_std,7.107743627392929e-05,,,,,
b2c17,492,charge-low,V_std,8.862401687646406e-05,,,,,
b2c17,493,charge-low,V_std,9.423187874120093e-05,,,,,
b2c17,494,charge-low,V_std,9.083895564546622e-05,,,,,
b2c17,496,charge-low,V_std,9.780387337780715e-05,,,,,
b2c17,500,charge-low,V_std,9.061258845992558e-05,,,,,
b2c17,501,charge-low,V_std,8.023917864956532e-05,,,,,
b2c17,502,charge-low,V_std,7.962444386358786e-05,,,,,
b2c17,506,charge-low,V_std,9.34428585764034e-05,,,,,
b2c17,513,charge-low,V_std,8.966111679549706e-05,,,,,
b2c17,515,charge-low,V_std,9.162591994347336e-05,,,,,
b2c17,522,charge-low,V_std,9.080731076835154e-05,,,,,
b2c20,4,charge-low,V_std,0.0834928469805877,,,,,
b2c20,16,charge-low,V_std,0.0836961466096928,,,,,
b2c20,19,charge-low,V_std,0.0840976521846653,,,,,
b2c20,39,charge-low,V_std,0.0832962808037368,,,,,
b2c20,46,charge-low,V_std,0.0839273178954181,,,,,
b2c20,249,charge-low,V_std,0.0847908580173457,,,,,
b2c20,498,charge-low,V_std,9.147224091726026e-05,,,,,
b2c20,500,charge-low,V_std,9.21089783135011e-05,,,,,
b2c20,501,charge-low,V_std,8.807402399800258e-05,,,,,
b2c20,502,charge-low,V_std,7.937577855755297e-05,,,,,
b2c20,505,charge-low,V_std,9.597392500122884e-05,,,,,
b2c20,506,charge-low,V_std,9.616761258597456e-05,,,,,
b2c20,507,charge-low,V_std,9.818070406094276e-05,,,,,
b2c20,518,charge-low,V_std,9.3666771085797e-05,,,,,
b2c20,519,charge-low,V_std,8.692153036980025e-05,,,,,
b2c20,526,charge-low,V_std,9.739419145633768e-05,,,,,
b2c20,528,charge-low,V_std,7.879597913807687e-05,,,,,
b2c20,529,charge-low,V_std,9.615585363930904e-05,,,,,
b2c20,530,charge-low,V_std,8.921480582263521e-05,,,,,
b2c21,27,charge-low,V_std,0.0842608413228136,,,,,
b2c21,485,charge-low,V_std,8.08748771168404e-05,,,,,
b2c21,487,charge-low,V_std,7.66645643539926e-05,,,,,
b2c21,488,charge-low,V_std,8.641400545238932e-05,,,,,
b2c21,489,charge-low,V_std,8.030112578928088e-05,,,,,
b2c21,491,charge-low,V_std,7.87613304496789e-05,,,,,
b2c21,497,charge-low,V_std,8.203923232234855e-05,,,,,
b2c21,498,charge-low,V_std,7.81743801052498e-05,,,,,
b2c21,500,charge-low,V_std,8.92764993238766e-05,,,,,
b2c21,503,charge-low,V_std,8.619731854489248e-05,,,,,
b2c21,504,charge-low,V_std,8.165501879901687e-05,,,,,
b2c21,506,charge-low,V_std,8.25697733965688e-05,,,,,
b2c21,507,charge-low,V_std,8.799824667457017e-05,,,,,
b2c21,509,charge-low,V_std,9.130309972398215e-05,,,,,
b2c21,511,charge-low,V_std,7.699231005098946e-05,,,,,
b2c21,513,charge-low,V_std,9.259259824157918e-05,,,,,
b2c22,21,charge-low,V_std,0.0838293078363846,,,,,
b2c22,247,charge-low,V_std,0.0835229908082612,,,,,
b2c22,509,charge-low,V_std,8.453234699553167e-05,,,,,
b2c22,514,charge-low,V_std,8.851165820858523e-05,,,,,
b2c22,517,charge-low,V_std,9.557314534584638e-05,,,,,
b2c22,518,charge-low,V_std,9.376398739109868e-05,,,,,
b2c22,522,charge-low,V_std,9.432198068795858e-05,,,,,
b2c26,468,charge-low,V_std,8.324348039741175e-05,,,,,
b2c26,469,charge-low,V_std,7.576949032809167e-05,,,,,
b2c27,466,charge-low,V_std,7.174373332329306e-05,,,,,
b2c27,468,charge-low,V_std,8.55083864447944e-05,,,,,
b2c27,478,charge-low,V_std,9.007264976789548e-05,,,,,
b2c27,482,charge-low,V_std,8.109413832261436e-05,,,,,
b2c27,484,charge-low,V_std,8.199623564681668e-05,,,,,
b2c27,485,charge-low,V_std,7.630530483455394e-05,,,,,
b2c27,486,charge-low,V_std,8.0599172834885e-05,,,,,
b2c27,487,charge-low,V_std,8.023765157276216e-05,,,,,
b2c27,488,charge-low,V_std,8.773780281750546e-05,,,,,
b2c27,489,charge-low,V_std,7.588521000169318e-05,,,,,
b2c27,491,charge-low,V_std,7.52900631410775e-05,,,,,
b2c27,493,charge-low,V_std,8.917406039862605e-05,,,,,
b2c27,494,charge-low,V_std,8.213708668603567e-05,,,,,
b2c32,516,charge-low,V_std,8.998307091823099e-05,,,,,
b2c36,530,charge-low,V_std,9.33435234754908e-05,,,,,
b2c36,531,charge-low,V_std,9.291186164899504e-05,,,,,
b2c36,532,charge-low,V_std,9.238240170549886e-05,,,,,
b2c36,533,charge-low,V_std,8.065877025187793e-05,,,,,
b2c36,541,charge-low,V_std,8.624441491765391e-05,,,,,
b2c36,553,charge-low,V_std,7.775348422900593e-05,,,,,
b2c36,556,charge-low,V_std,9.535028528919664e-05,,,,,
b2c37,490,charge-low,V_std,9.017661418251404e-05,,,,,
b2c37,495,charge-low,V_std,8.860292645379383e-05,,,,,
b2c37,496,charge-low,V_std,8.774954741533191e-05,,,,,
b2c37,498,charge-low,V_std,9.016006705515114e-05,,,,,
b2c37,500,charge-low,V_std,8.556137619442892e-05,,,,,
b2c37,501,charge-low,V_std,8.877750471121195e-05,,,,,
b2c38,463,charge-low,V_std,9.603798864612218e-05,,,,,
b2c38,474,charge-low,V_std,9.79257808785668e-05,,,,,
b2c38,485,charge-low,V_std,9.679916916727178e-05,,,,,
b2c40,512,charge-low,V_std,9.80690121556082e-05,,,,,
b3c2,16,charge-low,V_std,0.0836217533266585,,,,,
b3c2,21,charge-low,V_std,0.0838091706666182,,,,,
b3c2,26,charge-low,V_std,0.0833189776362003,,,,,
b3c2,27,charge-low,V_std,0.0832411926644707,,,,,
b3c2,31,charge-low,V_std,0.0833061952871992,,,,,
b3c2,32,charge-low,V_std,0.0834234043767426,,,,,
b3c2,33,charge-low,V_std,0.0832689467877223,,,,,
b3c2,34,charge-low,V_std,0.0832895118558583,,,,,
b3c2,37,charge-low,V_std,0.083493759484876,,,,,
b3c2,38,charge-low,V_std,0.0835712240912194,,,,,
b3c2,39,charge-low,V_std,0.0835164302287849,,,,,
b3c2,46,charge-low,V_std,0.0832796943521621,,,,,
b3c2,52,charge-low,V_std,0.0834709695715493,,,,,
b3c2,62,charge-low,V_std,0.0832726314151562,,,,,
b3c2,64,charge-low,V_std,0.0834503055234065,,,,,
b3c2,65,charge-low,V_std,0.0833673328599337,,,,,
b3c2,66,charge-low,V_std,0.0837523491484944,,,,,
b3c2,77,charge-low,V_std,0.0832508379868633,,,,,
b3c2,79,charge-low,V_std,0.0832826184177333,,,,,
b3c2,80,charge-low,V_std,0.0834797977603333,,,,,
b3c2,81,charge-low,V_std,0.0832707937190107,,,,,
b3c2,82,charge-low,V_std,0.0832630482404191,,,,,
b3c2,123,charge-low,V_std,0.0832557017011307,,,,,
b3c6,661,charge-low,V_std,4.0272454281578985e-05,,,,,
b3c6,662,charge-low,V_std,2.635532712790916e-05,,,,,
b3c6,663,charge-low,V_std,2.400824145327032e-05,,,,,
b3c6,664,charge-low,V_std,2.265296567326724e-05,,,,,
b3c6,665,charge-low,V_std,2.2870165954668627e-05,,,,,
b3c11,813,charge-low,V_std,7.253281561222553e-05,,,,,
b3c11,814,charge-low,V_std,3.366118113636885e-05,,,,,
b3c11,815,charge-low,V_std,1.8620719023902817e-05,,,,,
b3c12,928,charge-low,V_std,5.741226676224139e-05,,,,,
b3c12,929,charge-low,V_std,1.7618905138078316e-05,,,,,
b3c12,930,charge-low,V_std,1.6498282989972158e-05,,,,,
b3c13,812,charge-low,V_std,4.849460694263281e-05,,,,,
b3c13,813,charge-low,V_std,1.7245064599266144e-05,,,,,
b3c13,814,charge-low,V_std,1.794774719589656e-05,,,,,
b3c15,872,charge-low,V_std,9.196876779961116e-05,,,,,
b3c15,873,charge-low,V_std,1.6254370000182843e-05,,,,,
b3c15,874,charge-low,V_std,1.5965158451703564e-05,,,,,
b3c21,25,charge-low,V_std,0.083654782869993,,,,,
b3c21,766,charge-low,V_std,7.647983094098863e-05,,,,,
b3c21,767,charge-low,V_std,4.747893013986988e-05,,,,,
b3c21,768,charge-low,V_std,3.2986196019970274e-05,,,,,
b3c21,769,charge-low,V_std,3.290156393302297e-05,,,,,
b3c21,770,charge-low,V_std,3.1054220042725764e-05,,,,,
b3c28,535,charge-low,V_std,9.796380251792415e-05,,,,,
b3c28,536,charge-low,V_std,1.9522347541754267e-05,,,,,
b3c28,537,charge-low,V_std,1.909425467707086e-05,,,,,
b3c28,538,charge-low,V_std,1.6522862900553988e-05,,,,,
b3c28,539,charge-low,V_std,1.7855763685511833e-05,,,,,
b3c29,854,charge-low,V_std,5.08266463189394e-05,,,,,
b3c29,855,charge-low,V_std,1.7710881433238563e-05,,,,,
b3c29,856,charge-low,V_std,5.767846317799554e-05,,,,,
b3c40,792,charge-low,V_std,9.237100312216596e-05,,,,,
b3c40,793,charge-low,V_std,1.718655152012008e-05,,,,,
b3c40,794,charge-low,V_std,1.6531516625761456e-05,,,,,
b1c0,1643,charge-low,count,,139.0,,,,
b1c0,1654,charge-low,count,,145.0,,,,
b1c0,1703,charge-low,count,,138.0,,,,
b1c0,1717,charge-low,count,,91.0,,,,
b1c0,1724,charge-low,count,,130.0,,,,
b1c0,1727,charge-low,count,,92.0,,,,
b1c0,1737,charge-low,count,,96.0,,,,
b1c0,1739,charge-low,count,,118.0,,,,
b1c0,1740,charge-low,count,,142.0,,,,
b1c0,1753,charge-low,count,,126.0,,,,
b1c0,1763,charge-low,count,,111.0,,,,
b1c0,1778,charge-low,count,,102.0,,,,
b1c0,1785,charge-low,count,,106.0,,,,
b1c0,1792,charge-low,count,,146.0,,,,
b1c0,1795,charge-low,count,,121.0,,,,
b1c0,1798,charge-low,count,,108.0,,,,
b1c0,1801,charge-low,count,,102.0,,,,
b1c0,1807,charge-low,count,,97.0,,,,
b1c0,1815,charge-low,count,,146.0,,,,
b1c1,2131,charge-low,count,,116.0,,,,
b1c1,2133,charge-low,count,,140.0,,,,
b1c1,2134,charge-low,count,,103.0,,,,
b1c1,2136,charge-low,count,,125.0,,,,
b1c1,2137,charge-low,count,,117.0,,,,
b1c1,2139,charge-low,count,,148.0,,,,
b1c1,2140,charge-low,count,,126.0,,,,
b1c1,2141,charge-low,count,,133.0,,,,
b1c1,2142,charge-low,count,,146.0,,,,
b1c1,2143,charge-low,count,,129.0,,,,
b1c1,2148,charge-low,count,,148.0,,,,
b1c4,1687,charge-low,count,,104.0,,,,
b1c4,1689,charge-low,count,,115.0,,,,
b1c4,1693,charge-low,count,,129.0,,,,
b1c4,1695,charge-low,count,,128.0,,,,
b1c5,909,charge-low,count,,80.0,,,,
b1c33,744,charge-low,count,,132.0,,,,
b2c2,247,charge-low,count,,782.0,,,,
b2c27,118,charge-low,count,,28.0,,,,
b2c28,482,charge-low,count,,793.0,,,,
b2c28,489,charge-low,count,,733.0,,,,
b2c28,490,charge-low,count,,723.0,,,,
b2c28,492,charge-low,count,,798.0,,,,
b2c28,493,charge-low,count,,724.0,,,,
b2c28,495,charge-low,count,,736.0,,,,
b2c28,496,charge-low,count,,791.0,,,,
b2c28,498,charge-low,count,,781.0,,,,
b2c28,500,charge-low,count,,746.0,,,,
b2c28,512,charge-low,count,,857.0,,,,
b2c28,513,charge-low,count,,794.0,,,,
b2c28,514,charge-low,count,,717.0,,,,
b2c28,515,charge-low,count,,767.0,,,,
b2c28,516,charge-low,count,,836.0,,,,
b2c28,521,charge-low,count,,790.0,,,,
b2c28,522,charge-low,count,,766.0,,,,
b2c28,524,charge-low,count,,832.0,,,,
b2c28,526,charge-low,count,,788.0,,,,
b2c28,528,charge-low,count,,806.0,,,,
b2c28,529,charge-low,count,,725.0,,,,
b2c28,536,charge-low,count,,728.0,,,,
b2c28,537,charge-low,count,,718.0,,,,
b2c28,538,charge-low,count,,756.0,,,,
b2c28,539,charge-low,count,,734.0,,,,
b2c29,416,charge-low,count,,781.0,,,,
b2c29,425,charge-low,count,,740.0,,,,
b2c29,426,charge-low,count,,716.0,,,,
b2c29,429,charge-low,count,,746.0,,,,
b2c29,432,charge-low,count,,784.0,,,,
b2c29,433,charge-low,count,,860.0,,,,
b2c29,434,charge-low,count,,765.0,,,,
b2c29,436,charge-low,count,,767.0,,,,
b2c29,437,charge-low,count,,732.0,,,,
b2c29,438,charge-low,count,,835.0,,,,
b2c29,441,charge-low,count,,715.0,,,,
b2c29,443,charge-low,count,,805.0,,,,
b2c29,445,charge-low,count,,805.0,,,,
b2c29,446,charge-low,count,,726.0,,,,
b2c29,449,charge-low,count,,748.0,,,,
b2c29,453,charge-low,count,,848.0,,,,
b2c29,456,charge-low,count,,854.0,,,,
b2c29,458,charge-low,count,,783.0,,,,
b2c29,460,charge-low,count,,742.0,,,,
b2c29,462,charge-low,count,,825.0,,,,
b2c29,466,charge-low,count,,782.0,,,,
b2c29,467,charge-low,count,,739.0,,,,
b2c29,468,charge-low,count,,804.0,,,,
b2c29,469,charge-low,count,,827.0,,,,
b2c29,470,charge-low,count,,820.0,,,,
b2c29,472,charge-low,count,,814.0,,,,
b2c29,473,charge-low,count,,815.0,,,,
b2c29,477,charge-low,count,,814.0,,,,
b2c29,508,charge-low,count,,735.0,,,,
b2c29,510,charge-low,count,,767.0,,,,
b2c29,513,charge-low,count,,732.0,,,,
b2c35,445,charge-low,count,,744.0,,,,
b2c37,247,charge-low,count,,148.0,,,,
b2c40,492,charge-low,count,,756.0,,,,
b2c40,500,charge-low,count,,1020.0,,,,
b2c40,501,charge-low,count,,750.0,,,,
b2c40,503,charge-low,count,,839.0,,,,
b2c40,516,charge-low,count,,1268.0,,,,
b2c40,517,charge-low,count,,1032.0,,,,
b2c40,518,charge-low,count,,721.0,,,,
b2c41,430,charge-low,count,,844.0,,,,
b2c41,433,charge-low,count,,765.0,,,,
b2c41,443,charge-low,count,,769.0,,,,
b2c41,445,charge-low,count,,788.0,,,,
b2c41,446,charge-low,count,,779.0,,,,
b3c32,1749,charge-low,count,,148.0,,,,
b3c32,1794,charge-low,count,,148.0,,,,
b3c32,1814,charge-low,count,,148.0,,,,
b3c32,1825,charge-low,count,,145.0,,,,
b3c32,1830,charge-low,count,,146.0,,,,
b3c32,1835,charge-low,count,,147.0,,,,
b3c32,1839,charge-low,count,,148.0,,,,
b3c32,1848,charge-low,count,,148.0,,,,
b3c32,1853,charge-low,count,,148.0,,,,
b3c32,1864,charge-low,count,,147.0,,,,
b3c32,1865,charge-low,count,,148.0,,,,
b3c32,1869,charge-low,count,,147.0,,,,
b3c32,1873,charge-low,count,,148.0,,,,
b3c32,1874,charge-low,count,,147.0,,,,
b3c32,1878,charge-low,count,,148.0,,,,
b3c32,1879,charge-low,count,,147.0,,,,
b3c32,1883,charge-low,count,,145.0,,,,
b3c32,1887,charge-low,count,,147.0,,,,
b3c32,1891,charge-low,count,,148.0,,,,
b3c32,1895,charge-low,count,,148.0,,,,
b3c32,1896,charge-low,count,,147.0,,,,
b3c32,1900,charge-low,count,,148.0,,,,
b3c32,1901,charge-low,count,,146.0,,,,
b3c32,1904,charge-low,count,,147.0,,,,
b3c32,1905,charge-low,count,,148.0,,,,
b3c32,1908,charge-low,count,,148.0,,,,
b3c32,1912,charge-low,count,,148.0,,,,
b3c32,1913,charge-low,count,,146.0,,,,
b3c32,1917,charge-low,count,,146.0,,,,
b3c32,1921,charge-low,count,,147.0,,,,
b3c32,1922,charge-low,count,,146.0,,,,
b3c32,1926,charge-low,count,,146.0,,,,
b3c32,1928,charge-low,count,,147.0,,,,
b3c32,1930,charge-low,count,,148.0,,,,
b3c32,1933,charge-low,count,,146.0,,,,
b3c32,1937,charge-low,count,,145.0,,,,
b3c32,1941,charge-low,count,,148.0,,,,
b3c32,1942,charge-low,count,,147.0,,,,
b3c32,1945,charge-low,count,,143.0,,,,
b3c32,1949,charge-low,count,,147.0,,,,
b3c32,1950,charge-low,count,,144.0,,,,
b3c32,1958,charge-low,count,,147.0,,,,
b3c32,1960,charge-low,count,,147.0,,,,
b3c32,1962,charge-low,count,,145.0,,,,
b3c32,1969,charge-low,count,,145.0,,,,
b3c32,1973,charge-low,count,,145.0,,,,
b3c32,1977,charge-low,count,,147.0,,,,
b3c32,1978,charge-low,count,,145.0,,,,
b3c32,1982,charge-low,count,,146.0,,,,
b3c32,1990,charge-low,count,,145.0,,,,
b3c32,1995,charge-low,count,,146.0,,,,
b3c37,15,charge-low,count,,1861.0,,,,
b3c37,23,charge-low,count,,981.0,,,,
b3c37,46,charge-low,count,,1604.0,,,,
b3c37,593,charge-low,count,,1519.0,,,,
b3c37,596,charge-low,count,,789.0,,,,
b3c37,618,charge-low,count,,8454.0,,,,
b3c37,1182,charge-low,count,,881.0,,,,
b3c43,490,charge-low,count,,837.0,,,,
b1c33,593,charge-low,I_std,,,0.271963783134576,,,
b1c33,594,charge-low,I_std,,,0.2769049636397852,,,
b1c33,600,charge-low,I_std,,,0.2859182208357139,,,
b1c33,605,charge-low,I_std,,,0.2700696160556191,,,
b1c33,607,charge-low,I_std,,,0.2727075047734744,,,
b1c44,110,charge-low,I_std,,,0.299147790400994,,,
b1c44,111,charge-low,I_std,,,0.2884900209447895,,,
b1c44,112,charge-low,I_std,,,0.3052434238069231,,,
b1c44,126,charge-low,I_std,,,0.3139675367969138,,,
b1c44,135,charge-low,I_std,,,0.3116981948486899,,,
b1c44,137,charge-low,I_std,,,0.2984537070315685,,,
b1c44,140,charge-low,I_std,,,0.3062956625510495,,,
b1c44,146,charge-low,I_std,,,0.2887213896451806,,,
b1c44,153,charge-low,I_std,,,0.311932896870629,,,
b1c44,176,charge-low,I_std,,,0.3082307415714079,,,
b1c44,177,charge-low,I_std,,,0.3109354227659214,,,
b1c44,191,charge-low,I_std,,,0.3111397881783855,,,
b1c44,202,charge-low,I_std,,,0.307627000723667,,,
b1c44,204,charge-low,I_std,,,0.3078005030944594,,,
b1c44,205,charge-low,I_std,,,0.3045755493585688,,,
b1c44,208,charge-low,I_std,,,0.3034193628430632,,,
b1c44,210,charge-low,I_std,,,0.3027758304452129,,,
b1c44,216,charge-low,I_std,,,0.3137590392611551,,,
b1c44,218,charge-low,I_std,,,0.3091978659497939,,,
b1c44,230,charge-low,I_std,,,0.316334274451215,,,
b1c44,232,charge-low,I_std,,,0.3116907656996641,,,
b1c44,234,charge-low,I_std,,,0.3097898687215065,,,
b1c44,247,charge-low,I_std,,,0.3050093540065603,,,
b1c44,257,charge-low,I_std,,,0.3118740384918268,,,
b1c44,281,charge-low,I_std,,,0.3033095879371241,,,
b1c44,311,charge-low,I_std,,,0.3128208091603591,,,
b1c44,318,charge-low,I_std,,,0.3050508961270484,,,
b1c44,319,charge-low,I_std,,,0.3105760663037966,,,
b1c44,336,charge-low,I_std,,,0.31360212158529,,,
b1c44,339,charge-low,I_std,,,0.3145606800134834,,,
b1c44,354,charge-low,I_std,,,0.3052057684298545,,,
b1c44,357,charge-low,I_std,,,0.3002670826267113,,,
b1c44,366,charge-low,I_std,,,0.3106291705203245,,,
b1c44,372,charge-low,I_std,,,0.3140723786992758,,,
b1c44,389,charge-low,I_std,,,0.3065694566962496,,,
b1c44,418,charge-low,I_std,,,0.3066152547862494,,,
b1c44,420,charge-low,I_std,,,0.3102719862262872,,,
b1c45,200,charge-low,I_std,,,0.3052583435905435,,,
b1c45,212,charge-low,I_std,,,0.3110347128715664,,,
b1c45,223,charge-low,I_std,,,0.307917818464696,,,
b1c45,232,charge-low,I_std,,,0.3161181666276654,,,
b1c45,234,charge-low,I_std,,,0.3068905414403265,,,
b1c45,236,charge-low,I_std,,,0.3129290514746296,,,
b1c45,240,charge-low,I_std,,,0.3060405826439006,,,
b1c45,248,charge-low,I_std,,,0.3077854976739101,,,
b1c45,259,charge-low,I_std,,,0.3070739376192517,,,
b1c45,267,charge-low,I_std,,,0.3131639450209945,,,
b1c45,268,charge-low,I_std,,,0.3162940698404589,,,
b1c45,282,charge-low,I_std,,,0.3117004966344951,,,
b1c45,296,charge-low,I_std,,,0.3154004013520392,,,
b1c45,332,charge-low,I_std,,,0.3131729405583842,,,
b1c45,333,charge-low,I_std,,,0.3131859219553793,,,
b1c45,339,charge-low,I_std,,,0.3188864300063262,,,
b1c45,340,charge-low,I_std,,,0.3140126669661576,,,
b2c3,34,charge-low,I_std,,,2.485891783108181,,,
b2c3,42,charge-low,I_std,,,2.4303244536769544,,,
b2c34,353,charge-low,I_std,,,0.3147597409482297,,,
b3c6,183,charge-low,I_std,,,2.3639968997742185,,,
b3c6,187,charge-low,I_std,,,2.3655234399975216,,,
b3c6,188,charge-low,I_std,,,2.365604771959934,,,
b3c6,189,charge-low,I_std,,,2.365222779159016,,,
b3c6,190,charge-low,I_std,,,2.3652724962350216,,,
b3c6,193,charge-low,I_std,,,2.3684647654136346,,,
b3c6,194,charge-low,I_std,,,2.3708637917662365,,,
b3c6,195,charge-low,I_std,,,2.3698123244072984,,,
b3c6,197,charge-low,I_std,,,2.374212944626037,,,
b3c6,198,charge-low,I_std,,,2.369657610116407,,,
b3c6,199,charge-low,I_std,,,2.3721300597536845,,,
b3c6,200,charge-low,I_std,,,2.369242552894345,,,
b3c6,201,charge-low,I_std,,,2.3707844379998955,,,
b3c6,202,charge-low,I_std,,,2.3742410530936264,,,
b3c6,203,charge-low,I_std,,,2.3750463658296144,,,
b3c6,204,charge-low,I_std,,,2.3717759837003936,,,
b3c6,205,charge-low,I_std,,,2.366350986473639,,,
b3c6,206,charge-low,I_std,,,2.367240926661206,,,
b3c6,207,charge-low,I_std,,,2.368310182485902,,,
b3c6,208,charge-low,I_std,,,2.365156728791183,,,
b3c6,210,charge-low,I_std,,,2.3648303588788484,,,
b3c6,211,charge-low,I_std,,,2.3626666784988286,,,
b3c6,212,charge-low,I_std,,,2.363553987940599,,,
b3c6,213,charge-low,I_std,,,2.364193146676938,,,
b3c6,214,charge-low,I_std,,,2.363497137750443,,,
b3c6,215,charge-low,I_std,,,2.369587067550317,,,
b3c6,216,charge-low,I_std,,,2.3636305433653657,,,
b3c6,217,charge-low,I_std,,,2.36442357818336,,,
b3c6,218,charge-low,I_std,,,2.37618174033082,,,
b3c6,219,charge-low,I_std,,,2.3641971393493253,,,
b3c6,220,charge-low,I_std,,,2.365067266297264,,,
b3c6,222,charge-low,I_std,,,2.369726377009925,,,
b3c6,223,charge-low,I_std,,,2.3682568311242487,,,
b3c6,224,charge-low,I_std,,,2.3747674927196183,,,
b3c6,225,charge-low,I_std,,,2.3698105449554285,,,
b3c6,226,charge-low,I_std,,,2.3684909107243697,,,
b3c6,227,charge-low,I_std,,,2.372963178719462,,,
b3c6,228,charge-low,I_std,,,2.371259715042971,,,
b3c6,234,charge-low,I_std,,,2.365919388452214,,,
b3c6,236,charge-low,I_std,,,2.370531111214812,,,
b3c6,243,charge-low,I_std,,,2.364191429603832,,,
b3c21,208,charge-low,I_std,,,2.364503904663199,,,
b3c21,222,charge-low,I_std,,,2.3642462476613573,,,
b3c28,169,charge-low,I_std,,,2.364475592384657,,,
b3c28,173,charge-low,I_std,,,2.368992655769626,,,
b3c28,174,charge-low,I_std,,,2.365610738330026,,,
b3c28,175,charge-low,I_std,,,2.366368769189773,,,
b3c28,177,charge-low,I_std,,,2.3672702963258123,,,
b3c28,178,charge-low,I_std,,,2.370438187075865,,,
b3c28,179,charge-low,I_std,,,2.372177825522152,,,
b3c28,180,charge-low,I_std,,,2.3730987242755237,,,
b3c28,181,charge-low,I_std,,,2.373419398954229,,,
b3c28,182,charge-low,I_std,,,2.3742190132509444,,,
b3c28,183,charge-low,I_std,,,2.374250759059728,,,
b3c28,184,charge-low,I_std,,,2.376092853545999,,,
b3c28,185,charge-low,I_std,,,2.377482314123117,,,
b3c28,186,charge-low,I_std,,,2.3730254321510302,,,
b3c28,187,charge-low,I_std,,,2.372694667499329,,,
b3c28,188,charge-low,I_std,,,2.377965454010736,,,
b3c28,189,charge-low,I_std,,,2.378252172825677,,,
b3c28,190,charge-low,I_std,,,2.375994279427624,,,
b3c28,191,charge-low,I_std,,,2.376872907579589,,,
b3c28,192,charge-low,I_std,,,2.3805640835889763,,,
b3c28,193,charge-low,I_std,,,2.381976367613695,,,
b3c28,194,charge-low,I_std,,,2.379095047260206,,,
b3c28,195,charge-low,I_std,,,2.382183303019256,,,
b3c28,196,charge-low,I_std,,,2.3771626310505747,,,
b3c28,197,charge-low,I_std,,,2.379482184066486,,,
b3c28,198,charge-low,I_std,,,2.3778924536422568,,,
b3c28,199,charge-low,I_std,,,2.3797031981487904,,,
b3c28,200,charge-low,I_std,,,2.3789643338600523,,,
b3c28,201,charge-low,I_std,,,2.381520639160204,,,
b3c28,202,charge-low,I_std,,,2.380344960811741,,,
b3c28,203,charge-low,I_std,,,2.3675836898595253,,,
b3c28,204,charge-low,I_std,,,2.37043106629308,,,
b3c28,205,charge-low,I_std,,,2.363797722997546,,,
b3c28,206,charge-low,I_std,,,2.370461161448392,,,
b3c28,207,charge-low,I_std,,,2.364975830161821,,,
b3c28,209,charge-low,I_std,,,2.371552466269066,,,
b3c28,210,charge-low,I_std,,,2.367044087802468,,,
b3c28,211,charge-low,I_std,,,2.3758690050547817,,,
b3c28,212,charge-low,I_std,,,2.375646146059996,,,
b3c28,213,charge-low,I_std,,,2.37342406864922,,,
b3c28,214,charge-low,I_std,,,2.3763420362493504,,,
b3c28,215,charge-low,I_std,,,2.370263702700356,,,
b3c28,216,charge-low,I_std,,,2.3724357885972798,,,
b3c28,217,charge-low,I_std,,,2.3743918574171765,,,
b3c28,218,charge-low,I_std,,,2.368567672294616,,,
b3c28,219,charge-low,I_std,,,2.3719061319642143,,,
b3c28,220,charge-low,I_std,,,2.372902266208748,,,
b3c28,222,charge-low,I_std,,,2.374644923871314,,,
b3c28,223,charge-low,I_std,,,2.367089365884301,,,
b3c28,224,charge-low,I_std,,,2.3740884780364406,,,
b3c28,225,charge-low,I_std,,,2.3720625931608232,,,
b3c28,226,charge-low,I_std,,,2.3669931452404587,,,
b3c28,227,charge-low,I_std,,,2.3749835926618648,,,
b3c28,228,charge-low,I_std,,,2.371069653837765,,,
b3c28,229,charge-low,I_std,,,2.3677596870986624,,,
b3c28,230,charge-low,I_std,,,2.3719889665863447,,,
b3c28,231,charge-low,I_std,,,2.368395224361513,,,
b3c28,232,charge-low,I_std,,,2.366897929442441,,,
b3c28,234,charge-low,I_std,,,2.3642644760243248,,,
b3c28,238,charge-low,I_std,,,2.364590824666754,,,
b1c2,2174,charge-low,T_std,,,,3.3275508669566203,,
b1c14,719,charge-low,T_std,,,,0.029044204787711,,
b1c14,755,charge-low,T_std,,,,0.0279740251817636,,
b1c14,763,charge-low,T_std,,,,0.0308049243892605,,
b1c14,768,charge-low,T_std,,,,0.0275447421582218,,
b1c14,793,charge-low,T_std,,,,0.0304108259725131,,
b1c14,801,charge-low,T_std,,,,0.0292917022310134,,
b1c14,810,charge-low,T_std,,,,0.0283125896556142,,
b1c14,828,charge-low,T_std,,,,0.0286335813560415,,
b1c14,830,charge-low,T_std,,,,0.0292200532537271,,
b1c14,831,charge-low,T_std,,,,0.0299196416037093,,
b1c14,832,charge-low,T_std,,,,0.029718639835796,,
b1c14,833,charge-low,T_std,,,,0.0305749982061256,,
b1c14,844,charge-low,T_std,,,,0.0290734695624939,,
b1c14,857,charge-low,T_std,,,,0.029962410491494,,
b1c14,875,charge-low,T_std,,,,0.0269497244543436,,
b2c1,44,charge-low,T_std,,,,3.683218243965249,,
b2c1,47,charge-low,T_std,,,,3.377900116339553,,
b2c1,104,charge-low,T_std,,,,3.48697797718425,,
b2c2,192,charge-low,T_std,,,,3.2825320169054515,,
b2c2,209,charge-low,T_std,,,,3.280558578182343,,
b2c2,243,charge-low,T_std,,,,3.4292944961225014,,
b2c2,249,charge-low,T_std,,,,3.362238206852424,,
b2c2,266,charge-low,T_std,,,,3.3807754292866816,,
b2c2,269,charge-low,T_std,,,,3.4041675962868068,,
b2c2,283,charge-low,T_std,,,,3.311229550762287,,
b2c2,311,charge-low,T_std,,,,3.4544285541049944,,
b2c2,322,charge-low,T_std,,,,3.302731767200883,,
b2c2,325,charge-low,T_std,,,,3.3303158564367856,,
b2c2,328,charge-low,T_std,,,,3.59922831852944,,
b2c2,353,charge-low,T_std,,,,3.336484490115474,,
b2c2,356,charge-low,T_std,,,,3.441130762066793,,
b2c2,359,charge-low,T_std,,,,3.371149685419172,,
b2c2,370,charge-low,T_std,,,,3.709914449394684,,
b2c2,384,charge-low,T_std,,,,3.70639136963248,,
b2c2,408,charge-low,T_std,,,,3.330867162900528,,
b2c3,44,charge-low,T_std,,,,3.3310608031699607,,
b2c3,87,charge-low,T_std,,,,3.3637803330359213,,
b2c3,104,charge-low,T_std,,,,3.4557051854971466,,
b2c3,115,charge-low,T_std,,,,3.282695557106436,,
b2c3,121,charge-low,T_std,,,,3.405286052920049,,
b2c3,126,charge-low,T_std,,,,3.3605759557063037,,
b2c3,127,charge-low,T_std,,,,3.276582974270264,,
b2c3,135,charge-low,T_std,,,,3.411827243689067,,
b2c3,138,charge-low,T_std,,,,3.2885724815739548,,
b2c3,141,charge-low,T_std,,,,3.394973432628813,,
b2c3,149,charge-low,T_std,,,,3.428990318315874,,
b2c3,152,charge-low,T_std,,,,3.486424882213335,,
b2c3,155,charge-low,T_std,,,,3.669817690193181,,
b2c3,158,charge-low,T_std,,,,3.357161416163285,,
b2c3,161,charge-low,T_std,,,,3.4887762415119603,,
b2c3,163,charge-low,T_std,,,,3.289210278286081,,
b2c3,164,charge-low,T_std,,,,3.294565664086789,,
b2c3,165,charge-low,T_std,,,,3.2731913252174336,,
b2c3,166,charge-low,T_std,,,,3.336021897471042,,
b2c3,167,charge-low,T_std,,,,3.4159927778624524,,
b2c3,168,charge-low,T_std,,,,3.366178437510961,,
b2c3,178,charge-low,T_std,,,,3.538084648766391,,
b2c3,183,charge-low,T_std,,,,3.289318243008275,,
b2c3,184,charge-low,T_std,,,,3.531028923400112,,
b2c3,186,charge-low,T_std,,,,3.52084039121238,,
b2c3,190,charge-low,T_std,,,,3.3358749251197186,,
b2c3,191,charge-low,T_std,,,,3.335042334867941,,
b2c3,201,charge-low,T_std,,,,3.386736871440009,,
b2c3,203,charge-low,T_std,,,,3.375964034564517,,
b2c3,204,charge-low,T_std,,,,3.4466718388233466,,
b2c3,207,charge-low,T_std,,,,3.2942876048211627,,
b2c3,210,charge-low,T_std,,,,3.5020185543730964,,
b2c3,211,charge-low,T_std,,,,3.285861450204942,,
b2c3,215,charge-low,T_std,,,,3.4304343930845,,
b2c3,221,charge-low,T_std,,,,3.272312667276382,,
b2c3,222,charge-low,T_std,,,,3.279111137481894,,
b2c3,224,charge-low,T_std,,,,3.3156263066862017,,
b2c3,228,charge-low,T_std,,,,3.4885248977506613,,
b2c3,234,charge-low,T_std,,,,3.3100755556257044,,
b2c3,235,charge-low,T_std,,,,3.317514582957435,,
b2c3,239,charge-low,T_std,,,,3.2901131045427405,,
b2c3,242,charge-low,T_std,,,,3.43141028994706,,
b2c3,248,charge-low,T_std,,,,3.5091115276757066,,
b2c3,251,charge-low,T_std,,,,3.473099465479596,,
b2c10,336,charge-low,T_std,,,,3.338786738074281,,
b2c10,358,charge-low,T_std,,,,3.332849393231061,,
b2c10,391,charge-low,T_std,,,,3.360677762826327,,
b2c10,394,charge-low,T_std,,,,3.267237878818672,,
b2c10,405,charge-low,T_std,,,,3.393374622805165,,
b2c10,443,charge-low,T_std,,,,3.352229660754476,,
b2c10,457,charge-low,T_std,,,,3.3676674065391112,,
b2c10,461,charge-low,T_std,,,,3.2921621524689924,,
b2c10,512,charge-low,T_std,,,,3.3239491066831786,,
b2c10,517,charge-low,T_std,,,,3.606069616234232,,
b2c10,518,charge-low,T_std,,,,3.5421713403614863,,
b2c10,538,charge-low,T_std,,,,0.0268919605773207,,
b2c12,251,charge-low,T_std,,,,3.2700129871387933,,
b2c12,259,charge-low,T_std,,,,3.272889938269326,,
b2c12,273,charge-low,T_std,,,,3.2681929833207044,,
b2c12,293,charge-low,T_std,,,,3.3215616583780507,,
b2c12,306,charge-low,T_std,,,,3.272379639098979,,
b2c12,312,charge-low,T_std,,,,3.356769674778441,,
b2c12,313,charge-low,T_std,,,,3.27428005273544,,
b2c12,327,charge-low,T_std,,,,3.2756140096792574,,
b2c12,344,charge-low,T_std,,,,3.2859145138742947,,
b2c18,223,charge-low,T_std,,,,3.2795574591168166,,
b2c18,300,charge-low,T_std,,,,3.331605446406197,,
b2c18,334,charge-low,T_std,,,,3.285699946636661,,
b2c18,351,charge-low,T_std,,,,3.285537088818658,,
b2c29,424,charge-low,T_std,,,,3.280181926598195,,
b2c29,427,charge-low,T_std,,,,3.3395268180070463,,
b2c32,429,charge-low,T_std,,,,3.2909335298702334,,
b2c32,443,charge-low,T_std,,,,3.283077478037744,,
b2c32,463,charge-low,T_std,,,,3.2913668340104207,,
b2c32,466,charge-low,T_std,,,,3.326557605302465,,
b2c35,387,charge-low,T_std,,,,3.2716392833505195,,
b2c35,400,charge-low,T_std,,,,3.289042187186691,,
b2c35,402,charge-low,T_std,,,,3.358311010369225,,
b2c35,403,charge-low,T_std,,,,3.3566559321875604,,
b2c35,406,charge-low,T_std,,,,3.355293626555024,,
b2c35,410,charge-low,T_std,,,,3.287193713803788,,
b2c35,412,charge-low,T_std,,,,3.323178766797512,,
b2c40,355,charge-low,T_std,,,,3.352101579682937,,
b2c40,401,charge-low,T_std,,,,3.3457840025536605,,
b2c40,404,charge-low,T_std,,,,3.3716633987204974,,
b2c40,422,charge-low,T_std,,,,3.282326771724317,,
b2c40,448,charge-low,T_std,,,,3.271318573107907,,
b2c41,391,charge-low,T_std,,,,3.354606924456152,,
b2c41,400,charge-low,T_std,,,,3.269125513934091,,
b2c42,419,charge-low,T_std,,,,3.272755520943359,,
b3c5,531,charge-low,T_std,,,,0.0259640082011379,,
b3c5,532,charge-low,T_std,,,,0.029972777066092,,
b3c5,535,charge-low,T_std,,,,0.0285143594701761,,
b3c5,542,charge-low,T_std,,,,0.0265375803064406,,
b3c5,546,charge-low,T_std,,,,0.0285663902696136,,
b3c5,547,charge-low,T_std,,,,0.0301558790128273,,
b3c5,563,charge-low,T_std,,,,0.0267268960213753,,
b3c5,574,charge-low,T_std,,,,0.0287001767198927,,
b3c5,577,charge-low,T_std,,,,0.0297807958638328,,
b3c5,578,charge-low,T_std,,,,0.0268296509457754,,
b3c5,585,charge-low,T_std,,,,0.0288847910284345,,
b3c5,586,charge-low,T_std,,,,0.02983439676401,,
b3c5,587,charge-low,T_std,,,,0.0304468164967347,,
b3c5,700,charge-low,T_std,,,,0.0234902362708839,,
b3c5,701,charge-low,T_std,,,,0.0295520449747643,,
b3c5,709,charge-low,T_std,,,,0.0296715140897399,,
b3c5,712,charge-low,T_std,,,,0.0288384441160837,,
b3c5,715,charge-low,T_std,,,,0.0303261737870113,,
b3c5,720,charge-low,T_std,,,,0.0295790144291003,,
b3c5,724,charge-low,T_std,,,,0.028796038213458,,
b3c5,734,charge-low,T_std,,,,0.0305314350335095,,
b3c5,738,charge-low,T_std,,,,0.0288975131997041,,
b3c5,740,charge-low,T_std,,,,0.0277864949840714,,
b3c5,746,charge-low,T_std,,,,0.0290701687536667,,
b3c5,747,charge-low,T_std,,,,0.0300925011292746,,
b3c5,750,charge-low,T_std,,,,0.0292649702965952,,
b3c5,753,charge-low,T_std,,,,0.0303098104652921,,
b3c5,754,charge-low,T_std,,,,0.028553846191113,,
b3c5,755,charge-low,T_std,,,,0.0266144875651303,,
b3c5,758,charge-low,T_std,,,,0.0263381909004499,,
b3c5,760,charge-low,T_std,,,,0.0284506332174679,,
b3c5,761,charge-low,T_std,,,,0.0307794539631082,,
b3c5,762,charge-low,T_std,,,,0.0238831263176887,,
b3c5,765,charge-low,T_std,,,,0.0241327208535657,,
b3c5,768,charge-low,T_std,,,,0.0244665642653662,,
b3c5,770,charge-low,T_std,,,,0.027873240969057,,
b3c5,771,charge-low,T_std,,,,0.0233064153556323,,
b3c5,775,charge-low,T_std,,,,0.0275727342428074,,
b3c5,782,charge-low,T_std,,,,0.0299167387185921,,
b3c5,784,charge-low,T_std,,,,0.0266379049377841,,
b3c5,785,charge-low,T_std,,,,0.0271527163801082,,
b3c5,786,charge-low,T_std,,,,0.0254052028803894,,
b3c5,789,charge-low,T_std,,,,0.0276304680321074,,
b3c5,791,charge-low,T_std,,,,0.0274845414074902,,
b3c5,792,charge-low,T_std,,,,0.024937089100712,,
b3c5,797,charge-low,T_std,,,,0.0249271199864392,,
b3c5,798,charge-low,T_std,,,,0.0246383996048137,,
b3c5,800,charge-low,T_std,,,,0.0301197027315245,,
b3c5,802,charge-low,T_std,,,,0.0249748672420298,,
b3c5,804,charge-low,T_std,,,,0.0301430855572031,,
b3c5,805,charge-low,T_std,,,,0.0250695467108867,,
b3c5,807,charge-low,T_std,,,,0.0270250820862728,,
b3c5,812,charge-low,T_std,,,,0.0295189369743839,,
b1c4,1571,charge-low,V_min,,,,,3.3544927,
b1c5,1063,charge-low,V_min,,,,,3.6000733,
b1c5,1065,charge-low,V_min,,,,,3.5998492,
b1c5,1066,charge-low,V_min,,,,,3.5999436,
b1c5,1068,charge-low,V_min,,,,,3.599894,
b1c24,901,charge-low,V_min,,,,,3.3565845,
b2c4,19,charge-low,V_min,,,,,3.3729286,
b2c4,24,charge-low,V_min,,,,,3.3728075,
b2c4,26,charge-low,V_min,,,,,3.3724985,
b2c4,27,charge-low,V_min,,,,,3.3727684,
b2c4,29,charge-low,V_min,,,,,3.3729429,
b2c4,31,charge-low,V_min,,,,,3.37288,
b2c4,32,charge-low,V_min,,,,,3.3727446,
b2c4,33,charge-low,V_min,,,,,3.372817,
b2c4,34,charge-low,V_min,,,,,3.3726912,
b2c4,35,charge-low,V_min,,,,,3.3728933,
b2c4,36,charge-low,V_min,,,,,3.3728876,
b2c4,37,charge-low,V_min,,,,,3.3728018,
b2c4,40,charge-low,V_min,,,,,3.3729467,
b2c4,41,charge-low,V_min,,,,,3.3728104,
b2c4,42,charge-low,V_min,,,,,3.3728676,
b2c4,43,charge-low,V_min,,,,,3.3728313,
b2c4,47,charge-low,V_min,,,,,3.3729086,
b2c4,52,charge-low,V_min,,,,,3.3728542,
b2c4,54,charge-low,V_min,,,,,3.3728247,
b2c5,488,charge-low,V_min,,,,,3.5998402,
b2c6,9,charge-low,V_min,,,,,3.3729434,
b2c6,11,charge-low,V_min,,,,,3.3727775,
b2c6,12,charge-low,V_min,,,,,3.3728089,
b2c6,14,charge-low,V_min,,,,,3.3725743,
b2c6,17,charge-low,V_min,,,,,3.372623,
b2c6,21,charge-low,V_min,,,,,3.3725038,
b2c6,22,charge-low,V_min,,,,,3.3726487,
b2c6,24,charge-low,V_min,,,,,3.3723578,
b2c6,25,charge-low,V_min,,,,,3.372416,
b2c6,29,charge-low,V_min,,,,,3.3725266,
b2c6,30,charge-low,V_min,,,,,3.3724999,
b2c6,31,charge-low,V_min,,,,,3.3724542,
b2c6,32,charge-low,V_min,,,,,3.372498,
b2c6,33,charge-low,V_min,,,,,3.3726172,
b2c6,35,charge-low,V_min,,,,,3.3723674,
b2c6,36,charge-low,V_min,,,,,3.3726735,
b2c6,37,charge-low,V_min,,,,,3.3726773,
b2c6,38,charge-low,V_min,,,,,3.3724675,
b2c6,39,charge-low,V_min,,,,,3.3728309,
b2c6,40,charge-low,V_min,,,,,3.3728127,
b2c6,41,charge-low,V_min,,,,,3.3727489,
b2c6,42,charge-low,V_min,,,,,3.3728452,
b2c6,43,charge-low,V_min,,,,,3.3726611,
b2c6,44,charge-low,V_min,,,,,3.3726382,
b2c6,45,charge-low,V_min,,,,,3.3728576,
b2c6,46,charge-low,V_min,,,,,3.3728652,
b2c6,47,charge-low,V_min,,,,,3.3727517,
b2c6,57,charge-low,V_min,,,,,3.3728099,
b2c6,58,charge-low,V_min,,,,,3.3726573,
b2c21,502,charge-low,V_min,,,,,3.5998569,
b2c21,508,charge-low,V_min,,,,,3.5999198,
b2c22,511,charge-low,V_min,,,,,3.5999389,
b2c22,515,charge-low,V_min,,,,,3.5999084,
b2c22,523,charge-low,V_min,,,,,3.5998425,
b2c22,526,charge-low,V_min,,,,,3.5999217,
b2c22,527,charge-low,V_min,,,,,3.599874,
b2c22,532,charge-low,V_min,,,,,3.5999055,
b2c22,533,charge-low,V_min,,,,,3.599854,
b2c22,535,charge-low,V_min,,,,,3.5999322,
b2c24,41,charge-low,V_min,,,,,3.3728037,
b2c25,458,charge-low,V_min,,,,,3.599895,
b2c27,469,charge-low,V_min,,,,,3.5999708,
b2c27,479,charge-low,V_min,,,,,3.5999451,
b2c27,490,charge-low,V_min,,,,,3.5999289,
b2c27,492,charge-low,V_min,,,,,3.5998945,
b2c32,515,charge-low,V_min,,,,,3.5998425,
b2c36,534,charge-low,V_min,,,,,3.6000223,
b2c36,535,charge-low,V_min,,,,,3.5998459,
b2c36,539,charge-low,V_min,,,,,3.6000729,
b2c36,544,charge-low,V_min,,,,,3.5998821,
b2c36,545,charge-low,V_min,,,,,3.599925,
b2c36,548,charge-low,V_min,,,,,3.5999432,
b2c36,554,charge-low,V_min,,,,,3.5999851,
b2c36,555,charge-low,V_min,,,,,3.6000481,
b2c36,558,charge-low,V_min,,,,,3.6000166,
b2c36,559,charge-low,V_min,,,,,3.5998449,
b2c37,494,charge-low,V_min,,,,,3.6000175,
b2c37,497,charge-low,V_min,,,,,3.599885,
b2c38,462,charge-low,V_min,,,,,3.6000257,
b2c38,464,charge-low,V_min,,,,,3.5998836,
b2c38,465,charge-low,V_min,,,,,3.5998635,
b2c38,471,charge-low,V_min,,,,,3.5998588,
b2c38,477,charge-low,V_min,,,,,3.5998473,
b2c38,478,charge-low,V_min,,,,,3.5999074,
b2c40,120,charge-low,V_min,,,,,3.279829,
b3c1,583,charge-low,V_min,,,,,3.3555737,
b3c6,550,charge-low,V_min,,,,,3.3625789,
b3c17,15,charge-low,V_min,,,,,3.3551574,
b3c24,295,charge-low,V_min,,,,,3.3550901,
b3c32,299,charge-low,V_min,,,,,3.3702583,
b3c32,348,charge-low,V_min,,,,,3.3715029,
b3c35,356,charge-low,V_min,,,,,3.3543591,
b3c35,677,charge-low,V_min,,,,,3.3568397,
b3c37,949,charge-low,V_min,,,,,3.2721782,
b1c0,611,charge-low,V_max,,,,,,3.5597467
b1c0,639,charge-low,V_max,,,,,,3.5545397
b1c0,674,charge-low,V_max,,,,,,3.5896187
b1c0,705,charge-low,V_max,,,,,,3.551404
b1c0,706,charge-low,V_max,,,,,,3.5698633
b1c0,748,charge-low,V_max,,,,,,3.5760174
b1c0,757,charge-low,V_max,,,,,,3.5990019
b1c0,767,charge-low,V_max,,,,,,3.5881319
b1c0,832,charge-low,V_max,,,,,,3.5663052
b1c0,848,charge-low,V_max,,,,,,3.5975046
b1c0,1580,charge-low,V_max,,,,,,3.6167669
b1c0,1774,charge-low,V_max,,,,,,3.6376123
b1c0,1814,charge-low,V_max,,,,,,3.6171856
b1c0,1831,charge-low,V_max,,,,,,3.6218233
b1c1,1877,charge-low,V_max,,,,,,3.6168318
b1c1,1906,charge-low,V_max,,,,,,3.6209221
b1c1,1908,charge-low,V_max,,,,,,3.618907
b1c1,1968,charge-low,V_max,,,,,,3.6173601
b1c1,1969,charge-low,V_max,,,,,,3.619175
b1c1,1986,charge-low,V_max,,,,,,3.6340628
b1c1,1995,charge-low,V_max,,,,,,3.6264191
b1c1,2011,charge-low,V_max,,,,,,3.6168175
b1c1,2019,charge-low,V_max,,,,,,3.6190634
b1c1,2023,charge-low,V_max,,,,,,3.6220751
b1c1,2028,charge-low,V_max,,,,,,3.6210451
b1c1,2059,charge-low,V_max,,,,,,3.6191015
b1c1,2087,charge-low,V_max,,,,,,3.6217308
b1c1,2088,charge-low,V_max,,,,,,3.669425
b1c1,2100,charge-low,V_max,,,,,,3.6345787
b1c1,2126,charge-low,V_max,,,,,,3.6223679
b1c1,2153,charge-low,V_max,,,,,,3.6396904
b1c2,2061,charge-low,V_max,,,,,,3.6203537
b1c2,2076,charge-low,V_max,,,,,,3.628953
b1c2,2101,charge-low,V_max,,,,,,3.6294699
b1c2,2120,charge-low,V_max,,,,,,3.6243725
b1c2,2143,charge-low,V_max,,,,,,3.6175375
b1c3,1234,charge-low,V_max,,,,,,3.6191573
b1c9,1042,charge-low,V_max,,,,,,3.6216035
b1c18,677,charge-low,V_max,,,,,,3.6290755
b1c30,699,charge-low,V_max,,,,,,3.6248503
b1c33,743,charge-low,V_max,,,,,,3.6262217
b1c34,733,charge-low,V_max,,,,,,3.6200919
b1c35,692,charge-low,V_max,,,,,,3.6239219
b1c38,606,charge-low,V_max,,,,,,3.6285219
b2c3,332,charge-low,V_max,,,,,,3.6236353
b2c6,506,charge-low,V_max,,,,,,3.6269975
b2c10,580,charge-low,V_max,,,,,,3.6179733
b2c10,586,charge-low,V_max,,,,,,3.6160536
b2c10,595,charge-low,V_max,,,,,,3.6177654
b2c17,499,charge-low,V_max,,,,,,3.6189351
b2c17,510,charge-low,V_max,,,,,,3.618402
b2c17,514,charge-low,V_max,,,,,,3.6172976
b2c17,521,charge-low,V_max,,,,,,3.6174617
b2c18,484,charge-low,V_max,,,,,,3.6161203
b2c19,458,charge-low,V_max,,,,,,3.6393142
b2c20,512,charge-low,V_max,,,,,,3.619698
b2c20,527,charge-low,V_max,,,,,,3.6323647
b2c21,486,charge-low,V_max,,,,,,3.6287465
b2c21,496,charge-low,V_max,,,,,,3.6207442
b2c21,499,charge-low,V_max,,,,,,3.6183553
b2c23,524,charge-low,V_max,,,,,,3.6235232
b2c27,465,charge-low,V_max,,,,,,3.6365805
b2c28,507,charge-low,V_max,,,,,,3.6198759
b2c29,411,charge-low,V_max,,,,,,3.6369772
b2c29,494,charge-low,V_max,,,,,,3.6280422
b2c29,495,charge-low,V_max,,,,,,3.6173925
b2c30,488,charge-low,V_max,,,,,,3.6203122
b2c30,493,charge-low,V_max,,,,,,3.6176496
b2c30,495,charge-low,V_max,,,,,,3.6210198
b2c30,502,charge-low,V_max,,,,,,3.6242127
b2c33,516,charge-low,V_max,,,,,,3.617166
b2c36,538,charge-low,V_max,,,,,,3.6161785
b2c40,496,charge-low,V_max,,,,,,3.6402454
b2c40,504,charge-low,V_max,,,,,,3.6186323
b2c40,505,charge-low,V_max,,,,,,3.6265039
b2c40,508,charge-low,V_max,,,,,,3.6174603
b2c40,513,charge-low,V_max,,,,,,3.6322317
b2c40,526,charge-low,V_max,,,,,,3.628541
b2c42,465,charge-low,V_max,,,,,,3.6183896
b2c42,469,charge-low,V_max,,,,,,3.6247315
b2c42,475,charge-low,V_max,,,,,,3.6199937
b2c43,458,charge-low,V_max,,,,,,3.6194143
b2c43,483,charge-low,V_max,,,,,,3.6174307
b2c45,503,charge-low,V_max,,,,,,3.6210327
b3c2,224,charge-low,V_max,,,,,,3.6000514
b3c2,574,charge-low,V_max,,,,,,3.6000504
b3c4,87,charge-low,V_max,,,,,,3.6000504
b3c5,95,charge-low,V_max,,,,,,3.6000547
b3c7,357,charge-low,V_max,,,,,,3.6000528
b3c7,407,charge-low,V_max,,,,,,3.6000538
b3c7,1829,charge-low,V_max,,,,,,3.6000547
b3c7,1832,charge-low,V_max,,,,,,3.6000528
b3c8,271,charge-low,V_max,,,,,,3.6000547
b3c8,641,charge-low,V_max,,,,,,3.6000519
b3c9,255,charge-low,V_max,,,,,,3.6000538
b3c9,265,charge-low,V_max,,,,,,3.6000528
b3c9,458,charge-low,V_max,,,,,,3.6000481
b3c9,1037,charge-low,V_max,,,,,,3.6000538
b3c10,170,charge-low,V_max,,,,,,3.6000481
b3c10,1074,charge-low,V_max,,,,,,3.6000528
b3c11,639,charge-low,V_max,,,,,,3.6000504
b3c12,93,charge-low,V_max,,,,,,3.6000514
b3c12,590,charge-low,V_max,,,,,,3.6000524
b3c12,613,charge-low,V_max,,,,,,3.6000552
b3c12,673,charge-low,V_max,,,,,,3.6000543
b3c12,675,charge-low,V_max,,,,,,3.6000504
b3c12,729,charge-low,V_max,,,,,,3.6000552
b3c12,848,charge-low,V_max,,,,,,3.6000504
b3c12,894,charge-low,V_max,,,,,,3.6000514
b3c13,456,charge-low,V_max,,,,,,3.6000552
b3c13,542,charge-low,V_max,,,,,,3.6000524
b3c13,656,charge-low,V_max,,,,,,3.6000504
b3c14,142,charge-low,V_max,,,,,,3.6000538
b3c14,267,charge-low,V_max,,,,,,3.6000528
b3c14,489,charge-low,V_max,,,,,,3.6000538
b3c14,562,charge-low,V_max,,,,,,3.6000528
b3c14,593,charge-low,V_max,,,,,,3.60005
b3c14,610,charge-low,V_max,,,,,,3.6000538
b3c14,718,charge-low,V_max,,,,,,3.6000547
b3c14,721,charge-low,V_max,,,,,,3.6000538
b3c15,68,charge-low,V_max,,,,,,3.6000557
b3c15,70,charge-low,V_max,,,,,,3.6000547
b3c15,87,charge-low,V_max,,,,,,3.6000509
b3c15,403,charge-low,V_max,,,,,,3.6000547
b3c15,734,charge-low,V_max,,,,,,3.60005
b3c20,90,charge-low,V_max,,,,,,3.6000557
b3c22,452,charge-low,V_max,,,,,,3.6000514
b3c23,1098,charge-low,V_max,,,,,,3.6000524
b3c23,1419,charge-low,V_max,,,,,,3.6000533
b3c23,1799,charge-low,V_max,,,,,,3.6000533
b3c24,614,charge-low,V_max,,,,,,3.6000557
b3c26,84,charge-low,V_max,,,,,,3.6000514
b3c26,547,charge-low,V_max,,,,,,3.6000524
b3c26,711,charge-low,V_max,,,,,,3.6000552
b3c26,914,charge-low,V_max,,,,,,3.6000552
b3c26,1022,charge-low,V_max,,,,,,3.6000543
b3c26,1024,charge-low,V_max,,,,,,3.6000552
b3c26,1025,charge-low,V_max,,,,,,3.6000524
b3c27,309,charge-low,V_max,,,,,,3.6000533
b3c27,666,charge-low,V_max,,,,,,3.6000543
b3c27,752,charge-low,V_max,,,,,,3.6000552
b3c27,811,charge-low,V_max,,,,,,3.6000552
b3c28,422,charge-low,V_max,,,,,,3.6000552
b3c29,731,charge-low,V_max,,,,,,3.6000504
b3c29,759,charge-low,V_max,,,,,,3.6000543
b3c29,786,charge-low,V_max,,,,,,3.6000533
b3c29,853,charge-low,V_max,,,,,,3.6000514
b3c30,668,charge-low,V_max,,,,,,3.6000538
b3c31,208,charge-low,V_max,,,,,,3.6000524
b3c31,265,charge-low,V_max,,,,,,3.6000533
b3c31,407,charge-low,V_max,,,,,,3.6000533
b3c31,426,charge-low,V_max,,,,,,3.6000552
b3c31,479,charge-low,V_max,,,,,,3.6000552
b3c31,560,charge-low,V_max,,,,,,3.6000552
b3c31,652,charge-low,V_max,,,,,,3.6000552
b3c31,704,charge-low,V_max,,,,,,3.6000533
b3c31,729,charge-low,V_max,,,,,,3.6000514
b3c37,629,charge-low,V_max,,,,,,3.6189151
b3c40,546,charge-low,V_max,,,,,,3.600049
b3c40,632,charge-low,V_max,,,,,,3.6000538
b3c40,671,charge-low,V_max,,,,,,3.6000519
b3c41,268,charge-low,V_max,,,,,,3.6000524
b3c41,340,charge-low,V_max,,,,,,3.6000543
b3c41,714,charge-low,V_max,,,,,,3.6000552
b3c41,781,charge-low,V_max,,,,,,3.6000543
b3c42,1629,charge-low,V_max,,,,,,3.6000533
b3c44,138,charge-low,V_max,,,,,,3.6000552
b3c44,550,charge-low,V_max,,,,,,3.6000543
b3c44,571,charge-low,V_max,,,,,,3.6000524
b3c44,766,charge-low,V_max,,,,,,3.6000457
b3c44,780,charge-low,V_max,,,,,,3.6000533
b3c44,863,charge-low,V_max,,,,,,3.6000504
b3c44,938,charge-low,V_max,,,,,,3.6000552
b1c0,62,discharge-high,V_std,0.1255396244980525,,,,,
b1c0,356,discharge-high,V_std,0.1240759485664223,,,,,
b1c1,654,discharge-high,V_std,0.0474057070950633,,,,,
b1c2,372,discharge-high,V_std,0.1260319968130008,,,,,
b1c2,443,discharge-high,V_std,0.125469735995494,,,,,
b1c2,444,discharge-high,V_std,0.1257019461941295,,,,,
b1c2,446,discharge-high,V_std,0.126072605538908,,,,,
b1c2,1485,discharge-high,V_std,0.1242377411888096,,,,,
b1c2,2181,discharge-high,V_std,0.1635632068195545,,,,,
b1c2,2182,discharge-high,V_std,0.1640552640318481,,,,,
b1c2,2184,discharge-high,V_std,0.1657427533174455,,,,,
b1c2,2199,discharge-high,V_std,0.1678865527629185,,,,,
b1c2,2202,discharge-high,V_std,0.1645800988492948,,,,,
b1c2,2204,discharge-high,V_std,0.1644370245042824,,,,,
b1c2,2205,discharge-high,V_std,0.1653749649274321,,,,,
b1c2,2207,discharge-high,V_std,0.1664410024552955,,,,,
b1c2,2211,discharge-high,V_std,0.1637348110445755,,,,,
b1c2,2217,discharge-high,V_std,0.1638787958192947,,,,,
b1c2,2218,discharge-high,V_std,0.1658928376557277,,,,,
b1c2,2219,discharge-high,V_std,0.163667270089576,,,,,
b1c2,2232,discharge-high,V_std,0.1652612293395127,,,,,
b1c2,2233,discharge-high,V_std,0.1643437003696156,,,,,
b1c3,155,discharge-high,V_std,0.023841784192161,,,,,
b1c3,187,discharge-high,V_std,0.1264364393028747,,,,,
b1c3,340,discharge-high,V_std,0.1264361749399863,,,,,
b1c3,456,discharge-high,V_std,0.1263622483106031,,,,,
b1c3,483,discharge-high,V_std,0.1255244096289037,,,,,
b1c3,486,discharge-high,V_std,0.124659030916033,,,,,
b1c3,488,discharge-high,V_std,0.124852627302715,,,,,
b1c3,491,discharge-high,V_std,0.1258154535381176,,,,,
b1c4,358,discharge-high,V_std,0.1262279006011968,,,,,
b1c5,413,discharge-high,V_std,0.1263359268028769,,,,,
b1c8,52,discharge-high,V_std,0.1261063128927847,,,,,
b1c9,345,discharge-high,V_std,0.1264236276839863,,,,,
b1c9,398,discharge-high,V_std,0.1260106564546512,,,,,
b1c12,52,discharge-high,V_std,0.1260734148525703,,,,,
b1c12,375,discharge-high,V_std,0.1262957923797955,,,,,
b1c16,420,discharge-high,V_std,0.1256815651181904,,,,,
b1c20,12,discharge-high,V_std,0.1251779816587572,,,,,
b1c21,165,discharge-high,V_std,0.0234326306091505,,,,,
b1c21,554,discharge-high,V_std,0.1680986539930762,,,,,
b1c24,28,discharge-high,V_std,0.1264322627343483,,,,,
b1c24,30,discharge-high,V_std,0.1264295783274739,,,,,
b1c25,5,discharge-high,V_std,0.1265396821871501,,,,,
b1c25,17,discharge-high,V_std,0.1259058720383129,,,,,
b1c25,63,discharge-high,V_std,0.1248248297915938,,,,,
b1c28,35,discharge-high,V_std,0.1261241308755151,,,,,
b1c30,40,discharge-high,V_std,0.1262049340291571,,,,,
b1c30,43,discharge-high,V_std,0.126489579001426,,,,,
b1c31,145,discharge-high,V_std,0.0534832453597578,,,,,
b1c34,683,discharge-high,V_std,0.0284645956155068,,,,,
b1c37,142,discharge-high,V_std,0.0285575785171673,,,,,
b1c40,140,discharge-high,V_std,0.0270174277372152,,,,,
b1c40,335,discharge-high,V_std,0.1264589028702872,,,,,
b2c1,150,discharge-high,V_std,0.163798441810504,,,,,
b2c1,160,discharge-high,V_std,0.1640904622903591,,,,,
b2c1,162,discharge-high,V_std,0.1641202718682402,,,,,
b2c2,12,discharge-high,V_std,0.1255085263070927,,,,,
b2c2,462,discharge-high,V_std,0.163505444309179,,,,,
b2c13,245,discharge-high,V_std,0.0909538424731022,,,,,
b2c13,519,discharge-high,V_std,0.1645435483253085,,,,,
b2c18,505,discharge-high,V_std,0.1638054637649347,,,,,
b2c23,544,discharge-high,V_std,0.164628253306576,,,,,
b2c23,552,discharge-high,V_std,0.1639789312580463,,,,,
b2c23,553,discharge-high,V_std,0.1655464592949732,,,,,
b2c23,558,discharge-high,V_std,0.164517880439922,,,,,
b2c23,560,discharge-high,V_std,0.1644157895013943,,,,,
b2c25,473,discharge-high,V_std,0.1640722474792442,,,,,
b2c25,475,discharge-high,V_std,0.1637798794194142,,,,,
b2c25,480,discharge-high,V_std,0.1635129807696909,,,,,
b2c25,481,discharge-high,V_std,0.1649626836190786,,,,,
b2c25,484,discharge-high,V_std,0.1635951348378557,,,,,
b2c25,486,discharge-high,V_std,0.1638989554391023,,,,,
b2c26,473,discharge-high,V_std,0.1650287437975825,,,,,
b2c26,479,discharge-high,V_std,0.1642699845117368,,,,,
b2c26,480,discharge-high,V_std,0.1636565827496982,,,,,
b2c26,485,discharge-high,V_std,0.1638146330362261,,,,,
b2c26,486,discharge-high,V_std,0.1640296986627383,,,,,
b2c26,488,discharge-high,V_std,0.164537760534654,,,,,
b2c26,489,discharge-high,V_std,0.1642468593959059,,,,,
b2c26,491,discharge-high,V_std,0.1677161232914941,,,,,
b2c26,494,discharge-high,V_std,0.1667275981415437,,,,,
b2c26,495,discharge-high,V_std,0.1651992112334056,,,,,
b2c26,496,discharge-high,V_std,0.1639621938043028,,,,,
b2c26,497,discharge-high,V_std,0.1647358414983534,,,,,
b2c33,539,discharge-high,V_std,0.1641159656424342,,,,,
b2c33,543,discharge-high,V_std,0.1634525165466839,,,,,
b2c36,546,discharge-high,V_std,0.1633931019117668,,,,,
b2c36,551,discharge-high,V_std,0.1651785276374441,,,,,
b2c39,200,discharge-high,V_std,0.1113821140480693,,,,,
b2c40,74,discharge-high,V_std,0.1226460429959098,,,,,
b2c40,77,discharge-high,V_std,0.1238290635185712,,,,,
b2c40,79,discharge-high,V_std,0.1248414667572502,,,,,
b2c40,243,discharge-high,V_std,0.1010437836981832,,,,,
b2c40,244,discharge-high,V_std,0.1110890221621153,,,,,
b2c40,245,discharge-high,V_std,0.1138386387234001,,,,,
b2c40,247,discharge-high,V_std,0.1256271510192138,,,,,
b2c40,248,discharge-high,V_std,0.1252398844583674,,,,,
b2c40,249,discharge-high,V_std,0.1129077559150151,,,,,
b2c40,254,discharge-high,V_std,0.1176929958682008,,,,,
b2c40,259,discharge-high,V_std,0.1228116416460338,,,,,
b2c40,288,discharge-high,V_std,0.1221400506686102,,,,,
b2c40,304,discharge-high,V_std,0.1129825873319822,,,,,
b2c40,308,discharge-high,V_std,0.1172161412474854,,,,,
b2c40,310,discharge-high,V_std,0.1262407086152864,,,,,
b2c40,377,discharge-high,V_std,0.1241628543810505,,,,,
b2c40,383,discharge-high,V_std,0.1251065219859853,,,,,
b2c40,407,discharge-high,V_std,0.1117728439996719,,,,,
b2c40,421,discharge-high,V_std,0.1215903466415802,,,,,
b2c40,428,discharge-high,V_std,0.1101065617956488,,,,,
b2c40,430,discharge-high,V_std,0.1147547740951848,,,,,
b2c40,438,discharge-high,V_std,0.120556571582347,,,,,
b2c40,459,discharge-high,V_std,0.1188411481989555,,,,,
b2c41,447,discharge-high,V_std,0.1639956550436747,,,,,
b2c43,108,discharge-high,V_std,0.0950023091292241,,,,,
b2c43,469,discharge-high,V_std,0.1637461081763936,,,,,
b2c43,476,discharge-high,V_std,0.1640767897376691,,,,,
b2c43,482,discharge-high,V_std,0.1648095266995088,,,,,
b2c47,728,discharge-high,V_std,0.1650141077136823,,,,,
b2c47,731,discharge-high,V_std,0.1648887179329884,,,,,
b2c47,734,discharge-high,V_std,0.1649823112446344,,,,,
b2c47,736,discharge-high,V_std,0.1656836315686793,,,,,
b2c47,738,discharge-high,V_std,0.1655964111520071,,,,,
b2c47,739,discharge-high,V_std,0.1645708793441502,,,,,
b2c47,741,discharge-high,V_std,0.1654322061490045,,,,,
b2c47,742,discharge-high,V_std,0.1634220180400885,,,,,
b2c47,743,discharge-high,V_std,0.1665801515387667,,,,,
b2c47,744,discharge-high,V_std,0.1680641743331297,,,,,
b3c37,12,discharge-high,V_std,0.0310761450209546,,,,,
b3c37,14,discharge-high,V_std,0.124311887689813,,,,,
b3c37,17,discharge-high,V_std,0.1004593318014078,,,,,
b3c37,52,discharge-high,V_std,0.1162645829561126,,,,,
b3c37,60,discharge-high,V_std,0.0452395787072812,,,,,
b3c37,356,discharge-high,V_std,0.0789497085945438,,,,,
b3c37,366,discharge-high,V_std,0.038520612432541,,,,,
b3c37,595,discharge-high,V_std,0.039086995115304,,,,,
b3c37,610,discharge-high,V_std,0.0473172733471048,,,,,
b3c37,844,discharge-high,V_std,0.0415456743319187,,,,,
b3c37,847,discharge-high,V_std,0.0458219424451772,,,,,
b3c37,1058,discharge-high,V_std,0.0414644037868086,,,,,
b3c37,1170,discharge-high,V_std,0.1039926196493098,,,,,
b2c40,73,discharge-high,count,,127.0,,,,
b2c40,242,discharge-high,count,,148.0,,,,
b2c40,256,discharge-high,count,,138.0,,,,
b2c40,282,discharge-high,count,,134.0,,,,
b2c40,284,discharge-high,count,,145.0,,,,
b2c40,286,discharge-high,count,,140.0,,,,
b2c40,292,discharge-high,count,,124.0,,,,
b2c40,319,discharge-high,count,,131.0,,,,
b2c40,321,discharge-high,count,,151.0,,,,
b2c40,376,discharge-high,count,,133.0,,,,
b2c40,388,discharge-high,count,,154.0,,,,
b2c40,390,discharge-high,count,,146.0,,,,
b2c40,415,discharge-high,count,,165.0,,,,
b2c40,426,discharge-high,count,,151.0,,,,
b2c40,431,discharge-high,count,,123.0,,,,
b2c40,435,discharge-high,count,,140.0,,,,
b2c40,452,discharge-high,count,,134.0,,,,
b2c40,453,discharge-high,count,,123.0,,,,
b2c40,471,discharge-high,count,,166.0,,,,
b3c4,1040,discharge-high,count,,73.0,,,,
b3c5,824,discharge-high,count,,73.0,,,,
b3c6,634,discharge-high,count,,73.0,,,,
b3c6,647,discharge-high,count,,73.0,,,,
b3c6,652,discharge-high,count,,73.0,,,,
b3c6,653,discharge-high,count,,73.0,,,,
b3c6,654,discharge-high,count,,73.0,,,,
b3c6,655,discharge-high,count,,73.0,,,,
b3c6,659,discharge-high,count,,73.0,,,,
b3c6,660,discharge-high,count,,73.0,,,,
b3c18,1138,discharge-high,count,,73.0,,,,
b3c28,495,discharge-high,count,,70.0,,,,
b3c28,528,discharge-high,count,,73.0,,,,
b3c34,1150,discharge-high,count,,73.0,,,,
b3c34,1151,discharge-high,count,,73.0,,,,
b3c35,1074,discharge-high,count,,73.0,,,,
b3c35,1078,discharge-high,count,,73.0,,,,
b3c36,921,discharge-high,count,,73.0,,,,
b3c37,1388,discharge-high,count,,73.0,,,,
b1c0,1719,discharge-high,I_std,,,0.7531819715952733,,,
b1c2,2191,discharge-high,I_std,,,0.7916293200202531,,,
b1c4,1690,discharge-high,I_std,,,0.7666143548022031,,,
b1c5,467,discharge-high,I_std,,,0.5578403914770851,,,
b1c6,601,discharge-high,I_std,,,0.7536575424889319,,,
b1c15,692,discharge-high,I_std,,,0.7707817859933013,,,
b1c16,694,discharge-high,I_std,,,0.747638179302874,,,
b1c18,635,discharge-high,I_std,,,0.7546214133167545,,,
b1c18,668,discharge-high,I_std,,,0.7516794961839243,,,
b1c24,935,discharge-high,I_std,,,0.7532125087373114,,,
b1c27,788,discharge-high,I_std,,,0.7556717617908181,,,
b1c27,838,discharge-high,I_std,,,0.7520273852424156,,,
b1c28,778,discharge-high,I_std,,,0.7449341480558294,,,
b1c30,697,discharge-high,I_std,,,0.7659868400436989,,,
b1c31,863,discharge-high,I_std,,,0.7726059550357194,,,
b1c33,728,discharge-high,I_std,,,0.7511146453433185,,,
b1c33,738,discharge-high,I_std,,,0.7646009855220719,,,
b1c34,669,discharge-high,I_std,,,0.7487808871039954,,,
b1c34,671,discharge-high,I_std,,,0.7584271635434257,,,
b1c34,722,discharge-high,I_std,,,0.7475370183159151,,,
b1c37,605,discharge-high,I_std,,,0.7613581293790562,,,
b1c37,636,discharge-high,I_std,,,0.7499635053250114,,,
b1c38,598,discharge-high,I_std,,,0.7519897620567397,,,
b1c42,641,discharge-high,I_std,,,0.7491988477328319,,,
b1c42,697,discharge-high,I_std,,,0.7590024087726052,,,
b1c45,570,discharge-high,I_std,,,0.7543025916557603,,,
b2c3,261,discharge-high,I_std,,,0.7604056272370924,,,
b2c3,307,discharge-high,I_std,,,0.7634893259699157,,,
b2c4,366,discharge-high,I_std,,,0.7484038785310042,,,
b2c5,388,discharge-high,I_std,,,0.7447954519892258,,,
b2c6,508,discharge-high,I_std,,,0.7626159642769095,,,
b2c10,493,discharge-high,I_std,,,0.7462117633842087,,,
b2c10,559,discharge-high,I_std,,,0.8117903969102059,,,
b2c11,446,discharge-high,I_std,,,0.7504226181084089,,,
b2c13,479,discharge-high,I_std,,,0.759652886921285,,,
b2c14,498,discharge-high,I_std,,,0.7473931589634547,,,
b2c19,42,discharge-high,I_std,,,0.5613807711197045,,,
b2c19,483,discharge-high,I_std,,,0.7765757077705787,,,
b2c20,496,discharge-high,I_std,,,0.7447592414910115,,,
b2c23,543,discharge-high,I_std,,,0.7656361497982169,,,
b2c24,520,discharge-high,I_std,,,0.7765648219260878,,,
b2c31,505,discharge-high,I_std,,,0.7507363341667019,,,
b2c33,534,discharge-high,I_std,,,0.7581868813975716,,,
b2c34,496,discharge-high,I_std,,,0.7447705550052701,,,
b2c35,468,discharge-high,I_std,,,0.7616836528120869,,,
b2c36,345,discharge-high,I_std,,,0.7602893164063351,,,
b2c36,493,discharge-high,I_std,,,0.7746507611688991,,,
b2c36,501,discharge-high,I_std,,,0.7867921378545422,,,
b2c36,529,discharge-high,I_std,,,0.7458355037590103,,,
b2c37,344,discharge-high,I_std,,,0.7547297255316672,,,
b2c37,432,discharge-high,I_std,,,0.7537305366406984,,,
b2c37,438,discharge-high,I_std,,,0.7472037362874909,,,
b2c37,473,discharge-high,I_std,,,0.7716074850484879,,,
b2c39,441,discharge-high,I_std,,,0.762892093873513,,,
b2c40,137,discharge-high,I_std,,,0.5590503759380526,,,
b2c40,246,discharge-high,I_std,,,0.5497973011150574,,,
b2c40,314,discharge-high,I_std,,,0.5487984234269381,,,
b2c40,519,discharge-high,I_std,,,0.7704627329314543,,,
b2c41,76,discharge-high,I_std,,,0.5547175931658053,,,
b2c43,459,discharge-high,I_std,,,0.746144759061633,,,
b3c1,1030,discharge-high,I_std,,,0.7712401123675291,,,
b3c2,1079,discharge-high,I_std,,,0.7726548862162286,,,
b3c17,209,discharge-high,I_std,,,0.5606611236883824,,,
b3c20,243,discharge-high,I_std,,,0.5608121587036317,,,
b3c22,883,discharge-high,I_std,,,1.130246006114313,,,
b3c24,178,discharge-high,I_std,,,0.5603091587825791,,,
b3c28,151,discharge-high,I_std,,,0.5596656638577473,,,
b3c32,146,discharge-high,I_std,,,0.550918473184083,,,
b3c34,4,discharge-high,I_std,,,0.7677318944739457,,,
b3c34,239,discharge-high,I_std,,,0.7560235168576832,,,
b3c34,270,discharge-high,I_std,,,0.5594112290064138,,,
b3c34,446,discharge-high,I_std,,,0.7476193688989478,,,
b3c34,1113,discharge-high,I_std,,,0.7593844589646249,,,
b3c37,388,discharge-high,I_std,,,0.7683717636467912,,,
b3c38,58,discharge-high,I_std,,,0.769519439417675,,,
b3c38,108,discharge-high,I_std,,,0.7646382122832507,,,
b3c38,497,discharge-high,I_std,,,0.7728391801275218,,,
b3c38,515,discharge-high,I_std,,,0.7551491675114942,,,
b3c38,611,discharge-high,I_std,,,0.7727830645305879,,,
b3c38,662,discharge-high,I_std,,,0.7550447578400904,,,
b3c38,828,discharge-high,I_std,,,1.1327638846371475,,,
b3c38,936,discharge-high,I_std,,,0.74696102930204,,,
b3c38,1030,discharge-high,I_std,,,0.7715530444939783,,,
b3c38,1040,discharge-high,I_std,,,0.8001456640838673,,,
b3c38,1110,discharge-high,I_std,,,0.767502427502103,,,
b3c39,435,discharge-high,I_std,,,0.7558447057631115,,,
b3c39,989,discharge-high,I_std,,,0.790422213026114,,,
b3c39,1129,discharge-high,I_std,,,0.7840093774584518,,,
b3c41,669,discharge-high,I_std,,,1.1312328851464857,,,
b3c42,946,discharge-high,I_std,,,0.7849559757270272,,,
b3c45,26,discharge-high,I_std,,,0.5608004209261557,,,
b1c2,1249,discharge-high,T_std,,,,1.513648494111675,,
b1c2,1376,discharge-high,T_std,,,,1.726120838127495,,
b1c2,1575,discharge-high,T_std,,,,1.430681192992051,,
b1c3,1207,discharge-high,T_std,,,,0.0217779519833704,,
b1c14,633,discharge-high,T_std,,,,1.445317084154079,,
b1c14,653,discharge-high,T_std,,,,1.4592506310427902,,
b1c14,654,discharge-high,T_std,,,,1.4762822918199918,,
b1c14,670,discharge-high,T_std,,,,1.486851393193043,,
b1c14,672,discharge-high,T_std,,,,1.4513886535828715,,
b1c14,711,discharge-high,T_std,,,,1.4709058844519547,,
b1c14,761,discharge-high,T_std,,,,0.0212259209121401,,
b1c14,795,discharge-high,T_std,,,,0.0193887336984869,,
b1c14,797,discharge-high,T_std,,,,0.0207225988806688,,
b1c14,816,discharge-high,T_std,,,,0.0224529020850359,,
b1c14,840,discharge-high,T_std,,,,0.0218617424707103,,
b1c14,859,discharge-high,T_std,,,,0.023480512347637,,
b1c14,860,discharge-high,T_std,,,,0.0204595993990484,,
b1c14,861,discharge-high,T_std,,,,0.0199792492426936,,
b1c15,246,discharge-high,T_std,,,,1.4412384221592345,,
b1c15,247,discharge-high,T_std,,,,1.4429102873932216,,
b1c15,334,discharge-high,T_std,,,,1.5131543182145497,,
b1c15,427,discharge-high,T_std,,,,1.4744996927478553,,
b1c15,428,discharge-high,T_std,,,,1.4501171656452714,,
b1c15,431,discharge-high,T_std,,,,1.4464408044134751,,
b1c15,473,discharge-high,T_std,,,,1.459395461874869,,
b1c15,474,discharge-high,T_std,,,,1.4502228188251074,,
b1c15,612,discharge-high,T_std,,,,1.60079826082209,,
b1c15,642,discharge-high,T_std,,,,1.505750144150002,,
b1c15,659,discharge-high,T_std,,,,1.46231638258585,,
b1c15,661,discharge-high,T_std,,,,1.5194356093033694,,
b1c15,691,discharge-high,T_std,,,,1.5033535930489244,,
b1c31,25,discharge-high,T_std,,,,0.0211015269445092,,
b1c31,186,discharge-high,T_std,,,,0.0213776646782885,,
b1c31,358,discharge-high,T_std,,,,0.0220531770497028,,
b1c31,394,discharge-high,T_std,,,,0.019213970471863,,
b1c31,398,discharge-high,T_std,,,,0.0219070137804151,,
b1c31,467,discharge-high,T_std,,,,0.0211901834651508,,
b1c31,473,discharge-high,T_std,,,,0.0220415526707977,,
b1c31,500,discharge-high,T_std,,,,0.023346390549142,,
b1c31,670,discharge-high,T_std,,,,0.0230905365546233,,
b1c31,697,discharge-high,T_std,,,,0.0217489026387541,,
b1c31,757,discharge-high,T_std,,,,0.0209989824675182,,
b1c31,758,discharge-high,T_std,,,,0.022472005241037,,
b1c31,793,discharge-high,T_std,,,,0.0223412249949131,,
b1c31,805,discharge-high,T_std,,,,0.0210606731815111,,
b1c31,820,discharge-high,T_std,,,,0.0223631855347156,,
b1c31,845,discharge-high,T_std,,,,0.0235354750315492,,
b1c31,851,discharge-high,T_std,,,,0.0215836407656098,,
b2c6,126,discharge-high,T_std,,,,1.5205302850057945,,
b2c6,203,discharge-high,T_std,,,,1.5419892382146336,,
b2c6,220,discharge-high,T_std,,,,1.4447489188227796,,
b2c6,236,discharge-high,T_std,,,,1.4432735217786954,,
b2c6,366,discharge-high,T_std,,,,1.4527313274950888,,
b2c6,379,discharge-high,T_std,,,,1.4723952538733205,,
b2c6,402,discharge-high,T_std,,,,1.5221190979701065,,
b2c6,471,discharge-high,T_std,,,,1.438351372335743,,
b2c6,472,discharge-high,T_std,,,,1.480502885484989,,
b2c10,102,discharge-high,T_std,,,,1.5732013639799878,,
b2c10,103,discharge-high,T_std,,,,1.7247439845724069,,
b2c10,104,discharge-high,T_std,,,,1.782360536068366,,
b2c10,105,discharge-high,T_std,,,,1.9107098440930483,,
b2c10,106,discharge-high,T_std,,,,1.907422204058682,,
b2c10,107,discharge-high,T_std,,,,1.935304488042867,,
b2c10,108,discharge-high,T_std,,,,1.673156201973207,,
b2c10,116,discharge-high,T_std,,,,1.4351256191266453,,
b2c10,147,discharge-high,T_std,,,,1.537214225992002,,
b2c10,153,discharge-high,T_std,,,,1.6970262953048303,,
b2c10,178,discharge-high,T_std,,,,1.4414649313409336,,
b2c10,189,discharge-high,T_std,,,,1.5013721527043304,,
b2c10,191,discharge-high,T_std,,,,1.457550665810316,,
b2c10,194,discharge-high,T_std,,,,1.47319040995751,,
b2c10,208,discharge-high,T_std,,,,1.5651579391630197,,
b2c10,212,discharge-high,T_std,,,,1.7923538732010111,,
b2c10,224,discharge-high,T_std,,,,1.581461850304705,,
b2c10,227,discharge-high,T_std,,,,1.8568876836090276,,
b2c10,237,discharge-high,T_std,,,,1.4760031084142056,,
b2c10,238,discharge-high,T_std,,,,1.5651412097042785,,
b2c10,241,discharge-high,T_std,,,,1.72106485263676,,
b2c10,252,discharge-high,T_std,,,,1.4359939698167756,,
b2c10,255,discharge-high,T_std,,,,1.87401147959974,,
b2c10,267,discharge-high,T_std,,,,1.6375972348365817,,
b2c10,276,discharge-high,T_std,,,,1.4834163212404523,,
b2c10,277,discharge-high,T_std,,,,1.4783605227379517,,
b2c10,287,discharge-high,T_std,,,,1.6002424816370489,,
b2c10,290,discharge-high,T_std,,,,1.6154714279229798,,
b2c10,299,discharge-high,T_std,,,,1.6189807694593534,,
b2c10,302,discharge-high,T_std,,,,1.540144566917777,,
b2c10,311,discharge-high,T_std,,,,1.5940993629147782,,
b2c10,322,discharge-high,T_std,,,,1.715676156850951,,
b2c10,325,discharge-high,T_std,,,,1.576490721196553,,
b2c10,334,discharge-high,T_std,,,,1.591021874473905,,
b2c10,345,discharge-high,T_std,,,,1.5018385941826098,,
b2c10,377,discharge-high,T_std,,,,1.4631160271546564,,
b2c10,389,discharge-high,T_std,,,,1.494494808394987,,
b2c10,402,discharge-high,T_std,,,,1.5164704735547865,,
b2c10,406,discharge-high,T_std,,,,1.5964099813294987,,
b2c10,413,discharge-high,T_std,,,,1.6606801896391885,,
b2c10,431,discharge-high,T_std,,,,1.626154709082849,,
b2c10,441,discharge-high,T_std,,,,1.5015051997318007,,
b2c10,468,discharge-high,T_std,,,,1.5632415348525988,,
b2c10,520,discharge-high,T_std,,,,1.655478284523746,,
b2c10,522,discharge-high,T_std,,,,0.020906119123309,,
b2c10,525,discharge-high,T_std,,,,0.023003436294295,,
b2c10,542,discharge-high,T_std,,,,0.0213396263828142,,
b2c10,556,discharge-high,T_std,,,,0.0218747525801019,,
b2c10,563,discharge-high,T_std,,,,0.0214099779273487,,
b2c10,569,discharge-high,T_std,,,,0.0234175432501344,,
b2c10,575,discharge-high,T_std,,,,0.0181230995776945,,
b2c20,253,discharge-high,T_std,,,,1.5610405812880948,,
b2c24,15,discharge-high,T_std,,,,1.6578694305701194,,
b2c24,35,discharge-high,T_std,,,,1.8728526820204507,,
b2c24,75,discharge-high,T_std,,,,1.7882174643294708,,
b2c24,132,discharge-high,T_std,,,,1.7101224256127292,,
b2c24,258,discharge-high,T_std,,,,1.9237277654908007,,
b2c24,343,discharge-high,T_std,,,,1.431192896467384,,
b3c4,1016,discharge-high,T_std,,,,0.0229452512960007,,
b3c5,270,discharge-high,T_std,,,,1.438855630066146,,
b3c5,308,discharge-high,T_std,,,,1.5136574465719228,,
b3c5,354,discharge-high,T_std,,,,1.4928580796713926,,
b3c5,364,discharge-high,T_std,,,,1.43760438165556,,
b3c5,376,discharge-high,T_std,,,,1.4932484614246642,,
b3c5,387,discharge-high,T_std,,,,1.437077258696069,,
b3c5,397,discharge-high,T_std,,,,1.511502217595456,,
b3c5,406,discharge-high,T_std,,,,1.5256230571604517,,
b3c5,436,discharge-high,T_std,,,,1.615608862481441,,
b3c5,437,discharge-high,T_std,,,,1.446722446585483,,
b3c5,463,discharge-high,T_std,,,,1.6353286988977709,,
b3c5,464,discharge-high,T_std,,,,1.4651310962806616,,
b3c5,480,discharge-high,T_std,,,,1.4793180139094604,,
b3c5,481,discharge-high,T_std,,,,1.4630563530368264,,
b3c5,503,discharge-high,T_std,,,,1.6698389316916027,,
b3c5,504,discharge-high,T_std,,,,1.5187722244670636,,
b3c5,550,discharge-high,T_std,,,,0.0208929282179779,,
b3c5,564,discharge-high,T_std,,,,0.0227572129514261,,
b3c5,582,discharge-high,T_std,,,,0.0228158594939824,,
b3c5,583,discharge-high,T_std,,,,0.0223709843054257,,
b3c5,593,discharge-high,T_std,,,,1.5123875022099869,,
b3c5,594,discharge-high,T_std,,,,1.459000989144794,,
b3c5,615,discharge-high,T_std,,,,1.5384464689329225,,
b3c5,616,discharge-high,T_std,,,,1.4343735344570647,,
b3c5,637,discharge-high,T_std,,,,1.5445980297916864,,
b3c5,644,discharge-high,T_std,,,,1.4549090273745444,,
b3c5,686,discharge-high,T_std,,,,1.4642084467370613,,
b3c5,694,discharge-high,T_std,,,,0.021670106716842,,
b3c5,710,discharge-high,T_std,,,,0.0234321344876897,,
b3c5,779,discharge-high,T_std,,,,0.0223222497019691,,
b3c5,780,discharge-high,T_std,,,,0.0230384668370638,,
b3c5,795,discharge-high,T_std,,,,0.0224659635879821,,
b3c5,806,discharge-high,T_std,,,,0.0231442469084914,,
b3c5,813,discharge-high,T_std,,,,0.0223259587267736,,
b3c5,817,discharge-high,T_std,,,,0.020344532306573,,
b3c9,1021,discharge-high,T_std,,,,0.0204986059178479,,
b3c29,313,discharge-high,T_std,,,,0.023423034931898,,
b3c29,456,discharge-high,T_std,,,,0.022350411329468,,
b3c29,663,discharge-high,T_std,,,,0.0206776996026165,,
b3c29,698,discharge-high,T_std,,,,0.0203565102339426,,
b3c29,726,discharge-high,T_std,,,,0.0232422629932903,,
b3c29,730,discharge-high,T_std,,,,0.0216380421072585,,
b3c29,732,discharge-high,T_std,,,,0.0231274374307239,,
b3c29,733,discharge-high,T_std,,,,0.0228853106954683,,
b3c29,772,discharge-high,T_std,,,,0.0209339963419047,,
b3c29,779,discharge-high,T_std,,,,0.0211969343929582,,
b3c29,803,discharge-high,T_std,,,,0.0234171380054574,,
b3c29,816,discharge-high,T_std,,,,0.0224264886831485,,
b3c29,829,discharge-high,T_std,,,,0.0234262196462673,,
b3c29,841,discharge-high,T_std,,,,0.0228218448777492,,
b3c29,843,discharge-high,T_std,,,,0.0221820440128192,,
b1c2,2234,discharge-high,V_min,,,,,3.0597191,
b2c0,311,discharge-high,V_min,,,,,3.0591121,
b2c0,320,discharge-high,V_min,,,,,3.0543151,
b2c0,321,discharge-high,V_min,,,,,3.0524392,
b2c1,153,discharge-high,V_min,,,,,3.0595593,
b2c21,510,discharge-high,V_min,,,,,3.0589261,
b2c21,515,discharge-high,V_min,,,,,3.0596623,
b2c21,516,discharge-high,V_min,,,,,3.0594239,
b2c21,517,discharge-high,V_min,,,,,3.059236,
b2c21,518,discharge-high,V_min,,,,,3.059422,
b2c25,478,discharge-high,V_min,,,,,3.0583529,
b2c25,483,discharge-high,V_min,,,,,3.0579581,
b2c25,485,discharge-high,V_min,,,,,3.0573697,
b2c26,476,discharge-high,V_min,,,,,3.0597358,
b2c26,482,discharge-high,V_min,,,,,3.0561996,
b2c26,483,discharge-high,V_min,,,,,3.0576739,
b2c26,484,discharge-high,V_min,,,,,3.0581079,
b2c26,487,discharge-high,V_min,,,,,3.0577426,
b2c26,490,discharge-high,V_min,,,,,3.0560403,
b2c26,492,discharge-high,V_min,,,,,3.0558391,
b2c26,493,discharge-high,V_min,,,,,3.0572677,
b2c35,483,discharge-high,V_min,,,,,3.0596895,
b2c40,529,discharge-high,V_min,,,,,3.059783,
b2c43,484,discharge-high,V_min,,,,,3.0586958,
b2c43,485,discharge-high,V_min,,,,,3.0586882,
b2c43,486,discharge-high,V_min,,,,,3.0557518,
b2c47,740,discharge-high,V_min,,,,,3.0588431,
b3c2,6,discharge-high,V_min,,,,,3.1542468,
b3c2,8,discharge-high,V_min,,,,,3.155972,
b3c2,9,discharge-high,V_min,,,,,3.1543384,
b3c2,15,discharge-high,V_min,,,,,3.1539903,
b3c2,17,discharge-high,V_min,,,,,3.1565146,
b3c2,19,discharge-high,V_min,,,,,3.1542258,
b3c2,20,discharge-high,V_min,,,,,3.1563239,
b3c2,24,discharge-high,V_min,,,,,3.1539445,
b3c2,25,discharge-high,V_min,,,,,3.1540132,
b3c2,30,discharge-high,V_min,,,,,3.1544518,
b3c2,35,discharge-high,V_min,,,,,3.1540627,
b3c2,36,discharge-high,V_min,,,,,3.1539435,
b3c2,40,discharge-high,V_min,,,,,3.1556067,
b3c2,41,discharge-high,V_min,,,,,3.1550851,
b3c2,43,discharge-high,V_min,,,,,3.154736,
b3c2,45,discharge-high,V_min,,,,,3.1550708,
b3c2,48,discharge-high,V_min,,,,,3.1539359,
b3c2,50,discharge-high,V_min,,,,,3.1561227,
b3c2,51,discharge-high,V_min,,,,,3.1562247,
b3c2,54,discharge-high,V_min,,,,,3.1542745,
b3c2,55,discharge-high,V_min,,,,,3.1541152,
b3c2,56,discharge-high,V_min,,,,,3.1539598,
b3c2,57,discharge-high,V_min,,,,,3.1547351,
b3c2,58,discharge-high,V_min,,,,,3.1539884,
b3c2,61,discharge-high,V_min,,,,,3.1539845,
b3c2,83,discharge-high,V_min,,,,,3.1546187,
b3c2,113,discharge-high,V_min,,,,,3.154407,
b3c2,117,discharge-high,V_min,,,,,3.1541915,
b3c2,121,discharge-high,V_min,,,,,3.1546216,
b3c2,122,discharge-high,V_min,,,,,3.1551127,
b3c2,125,discharge-high,V_min,,,,,3.1546092,
b3c2,129,discharge-high,V_min,,,,,3.1546235,
b3c2,130,discharge-high,V_min,,,,,3.1547093,
b3c2,131,discharge-high,V_min,,,,,3.1544051,
b3c2,132,discharge-high,V_min,,,,,3.1548543,
b3c2,133,discharge-high,V_min,,,,,3.1549373,
b3c2,149,discharge-high,V_min,,,,,3.1540208,
b3c2,153,discharge-high,V_min,,,,,3.1541514,
b3c2,154,discharge-high,V_min,,,,,3.1541905,
b3c2,155,discharge-high,V_min,,,,,3.1546321,
b3c2,156,discharge-high,V_min,,,,,3.1545625,
b3c2,157,discharge-high,V_min,,,,,3.1543384,
b3c2,159,discharge-high,V_min,,,,,3.1539302,
b3c2,181,discharge-high,V_min,,,,,3.1542439,
b3c2,182,discharge-high,V_min,,,,,3.1544156,
b3c2,183,discharge-high,V_min,,,,,3.1540561,
b3c2,184,discharge-high,V_min,,,,,3.154407,
b3c2,185,discharge-high,V_min,,,,,3.154242,
b3c2,186,discharge-high,V_min,,,,,3.1543927,
b3c2,187,discharge-high,V_min,,,,,3.1544538,
b3c2,188,discharge-high,V_min,,,,,3.1545911,
b3c2,191,discharge-high,V_min,,,,,3.154161,
b3c2,196,discharge-high,V_min,,,,,3.1539807,
b3c2,211,discharge-high,V_min,,,,,3.153934,
b3c2,212,discharge-high,V_min,,,,,3.1543603,
b3c2,215,discharge-high,V_min,,,,,3.1539588,
b3c2,220,discharge-high,V_min,,,,,3.1540971,
b3c2,221,discharge-high,V_min,,,,,3.1541944,
b3c2,223,discharge-high,V_min,,,,,3.1539483,
b3c2,229,discharge-high,V_min,,,,,3.1542325,
b3c2,230,discharge-high,V_min,,,,,3.1541705,
b3c2,231,discharge-high,V_min,,,,,3.1540914,
b3c2,233,discharge-high,V_min,,,,,3.1540704,
b3c2,234,discharge-high,V_min,,,,,3.1540456,
b3c2,235,discharge-high,V_min,,,,,3.1542497,
b3c2,236,discharge-high,V_min,,,,,3.154531,
b3c2,237,discharge-high,V_min,,,,,3.1548686,
b3c2,251,discharge-high,V_min,,,,,3.1541858,
b3c2,253,discharge-high,V_min,,,,,3.1545978,
b3c2,257,discharge-high,V_min,,,,,3.1541085,
b3c2,260,discharge-high,V_min,,,,,3.1540771,
b3c2,264,discharge-high,V_min,,,,,3.1544051,
b3c2,265,discharge-high,V_min,,,,,3.1539283,
b3c2,266,discharge-high,V_min,,,,,3.1544185,
b3c2,268,discharge-high,V_min,,,,,3.1541238,
b3c2,269,discharge-high,V_min,,,,,3.1541839,
b3c2,273,discharge-high,V_min,,,,,3.1540895,
b3c2,275,discharge-high,V_min,,,,,3.1539321,
b3c2,276,discharge-high,V_min,,,,,3.1540856,
b3c2,277,discharge-high,V_min,,,,,3.1540494,
b3c2,278,discharge-high,V_min,,,,,3.1539636,
b3c2,279,discharge-high,V_min,,,,,3.1543794,
b3c2,280,discharge-high,V_min,,,,,3.1541171,
b3c2,282,discharge-high,V_min,,,,,3.1543221,
b3c2,283,discharge-high,V_min,,,,,3.1544852,
b3c2,284,discharge-high,V_min,,,,,3.1541266,
b3c2,285,discharge-high,V_min,,,,,3.1541877,
b3c2,286,discharge-high,V_min,,,,,3.1544509,
b3c2,287,discharge-high,V_min,,,,,3.1542792,
b3c2,289,discharge-high,V_min,,,,,3.1541467,
b3c2,292,discharge-high,V_min,,,,,3.1544414,
b3c2,293,discharge-high,V_min,,,,,3.1542754,
b3c2,294,discharge-high,V_min,,,,,3.1546674,
b3c2,295,discharge-high,V_min,,,,,3.1542039,
b3c2,311,discharge-high,V_min,,,,,3.1539416,
b3c2,323,discharge-high,V_min,,,,,3.1541734,
b3c2,326,discharge-high,V_min,,,,,3.153996,
b1c18,685,discharge-high,V_max,,,,,,3.5517182
b1c32,726,discharge-high,V_max,,,,,,3.5567498
b2c4,453,discharge-high,V_max,,,,,,3.5931463
b2c4,454,discharge-high,V_max,,,,,,3.5939131
b2c4,465,discharge-high,V_max,,,,,,3.6001434
b2c6,521,discharge-high,V_max,,,,,,3.5944419
b2c6,522,discharge-high,V_max,,,,,,3.5943551
b2c6,524,discharge-high,V_max,,,,,,3.599216
b2c6,528,discharge-high,V_max,,,,,,3.595633
b2c6,530,discharge-high,V_max,,,,,,3.5949435
b2c6,535,discharge-high,V_max,,,,,,3.5999312
b2c6,539,discharge-high,V_max,,,,,,3.5957446
b2c10,576,discharge-high,V_max,,,,,,3.5438299
b2c12,475,discharge-high,V_max,,,,,,3.5573812
b2c12,477,discharge-high,V_max,,,,,,3.5987086
b2c12,478,discharge-high,V_max,,,,,,3.5995793
b2c12,485,discharge-high,V_max,,,,,,3.5948787
b2c13,489,discharge-high,V_max,,,,,,3.5978885
b2c13,502,discharge-high,V_max,,,,,,3.5957046
b2c13,503,discharge-high,V_max,,,,,,3.6008391
b2c13,514,discharge-high,V_max,,,,,,3.596746
b2c17,505,discharge-high,V_max,,,,,,3.5930343
b2c18,486,discharge-high,V_max,,,,,,3.5969162
b2c18,489,discharge-high,V_max,,,,,,3.5957985
b2c18,492,discharge-high,V_max,,,,,,3.5658979
b2c18,519,discharge-high,V_max,,,,,,3.5940895
b2c18,521,discharge-high,V_max,,,,,,3.5943546
b2c19,460,discharge-high,V_max,,,,,,3.5932431
b2c19,463,discharge-high,V_max,,,,,,3.5964208
b2c19,464,discharge-high,V_max,,,,,,3.5927939
b2c19,472,discharge-high,V_max,,,,,,3.562283
b2c21,490,discharge-high,V_max,,,,,,3.5932155
b2c21,494,discharge-high,V_max,,,,,,3.5928702
b2c24,511,discharge-high,V_max,,,,,,3.593586
b2c27,471,discharge-high,V_max,,,,,,3.5955009
b2c27,472,discharge-high,V_max,,,,,,3.6037865
b2c27,477,discharge-high,V_max,,,,,,3.5489531
b2c27,483,discharge-high,V_max,,,,,,3.5954552
b2c28,533,discharge-high,V_max,,,,,,3.5927057
b2c29,514,discharge-high,V_max,,,,,,3.5954981
b2c29,516,discharge-high,V_max,,,,,,3.5927191
b2c31,499,discharge-high,V_max,,,,,,3.5977559
b2c31,510,discharge-high,V_max,,,,,,3.5976214
b2c31,511,discharge-high,V_max,,,,,,3.5953193
b2c31,516,discharge-high,V_max,,,,,,3.5935597
b2c32,535,discharge-high,V_max,,,,,,3.5930028
b2c34,503,discharge-high,V_max,,,,,,3.5948715
b2c34,521,discharge-high,V_max,,,,,,3.5662394
b2c35,467,discharge-high,V_max,,,,,,3.5937414
b2c35,472,discharge-high,V_max,,,,,,3.5660543
b2c35,477,discharge-high,V_max,,,,,,3.5645494
b2c35,484,discharge-high,V_max,,,,,,3.5655727
b2c40,498,discharge-high,V_max,,,,,,3.527503
b2c40,520,discharge-high,V_max,,,,,,3.5221376
b2c40,524,discharge-high,V_max,,,,,,3.522748
b2c45,486,discharge-high,V_max,,,,,,3.5230989
b3c0,272,discharge-high,V_max,,,,,,3.5808358
b3c0,300,discharge-high,V_max,,,,,,3.5811048
b3c4,332,discharge-high,V_max,,,,,,3.5810723
b3c5,76,discharge-high,V_max,,,,,,3.5799627
b3c5,333,discharge-high,V_max,,,,,,3.5809555
b3c9,620,discharge-high,V_max,,,,,,3.5809126
b3c9,731,discharge-high,V_max,,,,,,3.5810213
b3c13,572,discharge-high,V_max,,,,,,3.5808978
b3c17,395,discharge-high,V_max,,,,,,3.5811143
b3c19,74,discharge-high,V_max,,,,,,3.5807118
b3c19,521,discharge-high,V_max,,,,,,3.5808539
b3c32,190,discharge-high,V_max,,,,,,3.5810833
b3c32,515,discharge-high,V_max,,,,,,3.5808353
b3c32,626,discharge-high,V_max,,,,,,3.5805235
b3c32,707,discharge-high,V_max,,,,,,3.5808477
b3c32,823,discharge-high,V_max,,,,,,3.580389
b3c33,392,discharge-high,V_max,,,,,,3.5808644
b3c33,436,discharge-high,V_max,,,,,,3.5810657
b3c33,532,discharge-high,V_max,,,,,,3.5811086
b3c33,694,discharge-high,V_max,,,,,,3.580688
b3c33,824,discharge-high,V_max,,,,,,3.5803456
b3c34,49,discharge-high,V_max,,,,,,3.5807877
b3c34,272,discharge-high,V_max,,,,,,3.5809994
b3c34,307,discharge-high,V_max,,,,,,3.5809784
b3c34,431,discharge-high,V_max,,,,,,3.5810194
b3c34,568,discharge-high,V_max,,,,,,3.5809746
b3c34,707,discharge-high,V_max,,,,,,3.5810204
b3c34,752,discharge-high,V_max,,,,,,3.5806427
b3c34,837,discharge-high,V_max,,,,,,3.5808544
b3c34,851,discharge-high,V_max,,,,,,3.580946
b3c36,157,discharge-high,V_max,,,,,,3.5802803
b3c36,601,discharge-high,V_max,,,,,,3.581007
b3c36,759,discharge-high,V_max,,,,,,3.5799704
b3c36,861,discharge-high,V_max,,,,,,3.5802193
b3c36,896,discharge-high,V_max,,,,,,3.5810156
b3c37,7,discharge-high,V_max,,,,,,3.5809197
b3c37,42,discharge-high,V_max,,,,,,3.5802855
b3c37,321,discharge-high,V_max,,,,,,3.580194
b3c37,535,discharge-high,V_max,,,,,,3.5810046
b3c37,729,discharge-high,V_max,,,,,,3.5804868
b3c37,961,discharge-high,V_max,,,,,,3.5811133
b3c38,180,discharge-high,V_max,,,,,,3.5806098
b3c38,285,discharge-high,V_max,,,,,,3.5808511
b3c38,308,discharge-high,V_max,,,,,,3.5811019
b3c38,599,discharge-high,V_max,,,,,,3.5805316
b3c38,708,discharge-high,V_max,,,,,,3.5804725
b3c38,909,discharge-high,V_max,,,,,,3.5810943
b3c38,971,discharge-high,V_max,,,,,,3.5810714
b3c39,5,discharge-high,V_max,,,,,,3.5803304
b3c39,12,discharge-high,V_max,,,,,,3.5805316
b3c39,119,discharge-high,V_max,,,,,,3.580915
b3c39,185,discharge-high,V_max,,,,,,3.5805526
b3c39,214,discharge-high,V_max,,,,,,3.5808129
b3c39,360,discharge-high,V_max,,,,,,3.5804257
b3c39,468,discharge-high,V_max,,,,,,3.5807958
b3c39,534,discharge-high,V_max,,,,,,3.5806298
b3c39,636,discharge-high,V_max,,,,,,3.5807176
b3c39,659,discharge-high,V_max,,,,,,3.581099
b3c39,668,discharge-high,V_max,,,,,,3.5797629
b3c41,78,discharge-high,V_max,,,,,,3.5810599
b3c41,725,discharge-high,V_max,,,,,,3.5811114
b3c45,45,discharge-high,V_max,,,,,,3.5811062
b3c45,359,discharge-high,V_max,,,,,,3.5808525
b3c45,563,discharge-high,V_max,,,,,,3.5809584
b1c1,1191,discharge-mid,V_std,0.0242366264552823,,,,,
b1c1,1301,discharge-mid,V_std,0.0244445698772827,,,,,
b1c1,1573,discharge-mid,V_std,0.0249669531190461,,,,,
b1c1,1685,discharge-mid,V_std,0.0249390461822478,,,,,
b1c2,1232,discharge-mid,V_std,0.0244480154935419,,,,,
b1c2,1426,discharge-mid,V_std,0.0245601011477221,,,,,
b1c2,1432,discharge-mid,V_std,0.0241941361558475,,,,,
b1c2,1623,discharge-mid,V_std,0.0240302621541041,,,,,
b1c2,1629,discharge-mid,V_std,0.0248304887185871,,,,,
b2c0,308,discharge-mid,V_std,0.0717695527174154,,,,,
b2c0,309,discharge-mid,V_std,0.0788426117715214,,,,,
b2c0,310,discharge-mid,V_std,0.0708631811217275,,,,,
b2c2,446,discharge-mid,V_std,0.0705459332110894,,,,,
b2c2,449,discharge-mid,V_std,0.0707096982461661,,,,,
b2c2,455,discharge-mid,V_std,0.0735609043619349,,,,,
b2c2,456,discharge-mid,V_std,0.0719398571343477,,,,,
b2c2,458,discharge-mid,V_std,0.0784305696950837,,,,,
b2c2,461,discharge-mid,V_std,0.0738692309077488,,,,,
b2c2,463,discharge-mid,V_std,0.0747695242094921,,,,,
b2c3,337,discharge-mid,V_std,0.0736444812449999,,,,,
b2c3,340,discharge-mid,V_std,0.0716092853942652,,,,,
b2c3,342,discharge-mid,V_std,0.0719617290960192,,,,,
b2c4,246,discharge-mid,V_std,0.071409252789096,,,,,
b2c10,250,discharge-mid,V_std,0.0833833927508804,,,,,
b2c10,251,discharge-mid,V_std,0.0248437655298088,,,,,
b2c11,249,discharge-mid,V_std,0.0712673714255122,,,,,
b2c18,514,discharge-mid,V_std,0.0703055525154686,,,,,
b2c20,248,discharge-mid,V_std,0.0717711670041554,,,,,
b2c21,505,discharge-mid,V_std,0.0707857761415889,,,,,
b2c25,465,discharge-mid,V_std,0.0704013375027533,,,,,
b2c25,466,discharge-mid,V_std,0.072963233393046,,,,,
b2c25,467,discharge-mid,V_std,0.076748688808681,,,,,
b2c25,469,discharge-mid,V_std,0.0715877474002716,,,,,
b2c25,470,discharge-mid,V_std,0.0711598917811353,,,,,
b2c25,471,discharge-mid,V_std,0.0725630683196784,,,,,
b2c25,476,discharge-mid,V_std,0.0752071120715687,,,,,
b2c25,477,discharge-mid,V_std,0.0724040048494424,,,,,
b2c25,479,discharge-mid,V_std,0.073338257579374,,,,,
b2c25,482,discharge-mid,V_std,0.077436131240544,,,,,
b2c26,464,discharge-mid,V_std,0.0718762618308673,,,,,
b2c26,470,discharge-mid,V_std,0.0710919161404067,,,,,
b2c26,471,discharge-mid,V_std,0.0708821714366468,,,,,
b2c26,474,discharge-mid,V_std,0.071415006477531,,,,,
b2c26,481,discharge-mid,V_std,0.0718423459605714,,,,,
b2c28,249,discharge-mid,V_std,0.0775022442865121,,,,,
b2c35,466,discharge-mid,V_std,0.0715432706248411,,,,,
b2c35,475,discharge-mid,V_std,0.0714408133984909,,,,,
b2c35,480,discharge-mid,V_std,0.0714867973885794,,,,,
b2c35,481,discharge-mid,V_std,0.0734725392159799,,,,,
b2c35,482,discharge-mid,V_std,0.0715340607533144,,,,,
b2c35,485,discharge-mid,V_std,0.0723042074418888,,,,,
b2c37,246,discharge-mid,V_std,0.0712940509964301,,,,,
b2c43,473,discharge-mid,V_std,0.0735468929720848,,,,,
b3c2,1,discharge-mid,V_std,0.0249514943576815,,,,,
b3c2,2,discharge-mid,V_std,0.0247785117849985,,,,,
b3c2,3,discharge-mid,V_std,0.0249780483597743,,,,,
b3c2,4,discharge-mid,V_std,0.0249309351918729,,,,,
b3c2,5,discharge-mid,V_std,0.024664675852889,,,,,
b3c2,7,discharge-mid,V_std,0.0247986306531731,,,,,
b3c2,10,discharge-mid,V_std,0.0249039697302162,,,,,
b3c2,11,discharge-mid,V_std,0.0245035712631269,,,,,
b3c2,12,discharge-mid,V_std,0.0241433515579496,,,,,
b3c2,14,discharge-mid,V_std,0.024898914421517,,,,,
b3c2,18,discharge-mid,V_std,0.0247709578670478,,,,,
b3c2,44,discharge-mid,V_std,0.0249500041617052,,,,,
b3c2,47,discharge-mid,V_std,0.0243205101277599,,,,,
b3c2,78,discharge-mid,V_std,0.0250339838513412,,,,,
b3c2,97,discharge-mid,V_std,0.0250483628726832,,,,,
b3c2,103,discharge-mid,V_std,0.0248882486379396,,,,,
b3c2,106,discharge-mid,V_std,0.0249704998879299,,,,,
b3c2,108,discharge-mid,V_std,0.0248839178509775,,,,,
b3c2,109,discharge-mid,V_std,0.024934839962958,,,,,
b3c2,111,discharge-mid,V_std,0.0248493187483599,,,,,
b3c2,112,discharge-mid,V_std,0.0249526273007349,,,,,
b3c2,141,discharge-mid,V_std,0.0249954983404747,,,,,
b3c2,177,discharge-mid,V_std,0.0250217144280981,,,,,
b3c2,239,discharge-mid,V_std,0.0248267265592563,,,,,
b3c2,245,discharge-mid,V_std,0.0250126479056179,,,,,
b3c2,248,discharge-mid,V_std,0.0246559070344966,,,,,
b3c2,281,discharge-mid,V_std,0.0249065393901672,,,,,
b3c2,288,discharge-mid,V_std,0.0249761566460117,,,,,
b3c2,296,discharge-mid,V_std,0.0249973729598093,,,,,
b3c2,314,discharge-mid,V_std,0.0248632538046539,,,,,
b3c2,321,discharge-mid,V_std,0.0249756354624901,,,,,
b3c2,325,discharge-mid,V_std,0.0249389369973859,,,,,
b3c2,328,discharge-mid,V_std,0.0250351470073961,,,,,
b3c2,333,discharge-mid,V_std,0.0250067507607564,,,,,
b3c2,350,discharge-mid,V_std,0.025006318073915,,,,,
b1c2,1043,discharge-mid,count,,115.0,,,,
b1c5,908,discharge-mid,count,,116.0,,,,
b1c16,207,discharge-mid,count,,115.0,,,,
b1c33,192,discharge-mid,count,,115.0,,,,
b2c40,252,discharge-mid,count,,153.0,,,,
b2c40,281,discharge-mid,count,,165.0,,,,
b2c40,312,discharge-mid,count,,198.0,,,,
b2c40,386,discharge-mid,count,,133.0,,,,
b2c40,413,discharge-mid,count,,170.0,,,,
b2c40,439,discharge-mid,count,,120.0,,,,
b2c40,454,discharge-mid,count,,147.0,,,,
b2c40,464,discharge-mid,count,,115.0,,,,
b2c42,246,discharge-mid,count,,115.0,,,,
b3c1,1057,discharge-mid,count,,57.0,,,,
b3c1,1059,discharge-mid,count,,57.0,,,,
b3c1,1060,discharge-mid,count,,57.0,,,,
b3c1,1061,discharge-mid,count,,57.0,,,,
b3c2,1259,discharge-mid,count,,57.0,,,,
b3c2,1262,discharge-mid,count,,57.0,,,,
b3c2,1264,discharge-mid,count,,57.0,,,,
b3c3,1109,discharge-mid,count,,57.0,,,,
b3c3,1111,discharge-mid,count,,57.0,,,,
b3c4,1041,discharge-mid,count,,57.0,,,,
b3c4,1042,discharge-mid,count,,57.0,,,,
b3c4,1043,discharge-mid,count,,57.0,,,,
b3c4,1044,discharge-mid,count,,57.0,,,,
b3c4,1045,discharge-mid,count,,57.0,,,,
b3c4,1046,discharge-mid,count,,57.0,,,,
b3c5,823,discharge-mid,count,,57.0,,,,
b3c7,1827,discharge-mid,count,,57.0,,,,
b3c7,1828,discharge-mid,count,,57.0,,,,
b3c7,1830,discharge-mid,count,,57.0,,,,
b3c8,824,discharge-mid,count,,57.0,,,,
b3c10,1069,discharge-mid,count,,57.0,,,,
b3c13,810,discharge-mid,count,,57.0,,,,
b3c16,1624,discharge-mid,count,,57.0,,,,
b3c16,1626,discharge-mid,count,,57.0,,,,
b3c16,1627,discharge-mid,count,,57.0,,,,
b3c16,1632,discharge-mid,count,,57.0,,,,
b3c16,1636,discharge-mid,count,,57.0,,,,
b3c17,1307,discharge-mid,count,,57.0,,,,
b3c17,1308,discharge-mid,count,,57.0,,,,
b3c17,1312,discharge-mid,count,,57.0,,,,
b3c19,1145,discharge-mid,count,,57.0,,,,
b3c19,1148,discharge-mid,count,,57.0,,,,
b3c19,1153,discharge-mid,count,,57.0,,,,
b3c20,811,discharge-mid,count,,57.0,,,,
b3c30,930,discharge-mid,count,,57.0,,,,
b3c30,931,discharge-mid,count,,57.0,,,,
b3c33,1279,discharge-mid,count,,57.0,,,,
b3c34,1153,discharge-mid,count,,57.0,,,,
b3c34,1155,discharge-mid,count,,57.0,,,,
b3c37,1385,discharge-mid,count,,57.0,,,,
b3c37,1386,discharge-mid,count,,57.0,,,,
b3c37,1387,discharge-mid,count,,57.0,,,,
b3c38,1925,discharge-mid,count,,57.0,,,,
b3c38,1928,discharge-mid,count,,57.0,,,,
b3c39,1150,discharge-mid,count,,57.0,,,,
b3c39,1151,discharge-mid,count,,57.0,,,,
b3c39,1154,discharge-mid,count,,57.0,,,,
b3c42,1633,discharge-mid,count,,57.0,,,,
b3c42,1635,discharge-mid,count,,57.0,,,,
b3c42,1636,discharge-mid,count,,57.0,,,,
b3c42,1637,discharge-mid,count,,57.0,,,,
b3c42,1638,discharge-mid,count,,57.0,,,,
b3c42,1640,discharge-mid,count,,57.0,,,,
b3c43,1041,discharge-mid,count,,57.0,,,,
b3c45,1792,discharge-mid,count,,57.0,,,,
b3c45,1796,discharge-mid,count,,57.0,,,,
b3c45,1797,discharge-mid,count,,57.0,,,,
b3c45,1799,discharge-mid,count,,57.0,,,,
b1c1,496,discharge-mid,I_std,,,0.0015395494377938,,,
b1c1,726,discharge-mid,I_std,,,0.0012920376395655,,,
b1c1,797,discharge-mid,I_std,,,0.0014306059000938,,,
b1c1,1447,discharge-mid,I_std,,,0.0012805339852901,,,
b1c15,176,discharge-mid,I_std,,,0.0013780175421273,,,
b1c19,757,discharge-mid,I_std,,,0.0160530606439869,,,
b1c25,746,discharge-mid,I_std,,,0.0136119619311384,,,
b1c27,390,discharge-mid,I_std,,,0.001278655557721,,,
b1c34,462,discharge-mid,I_std,,,0.001507397170331,,,
b1c34,659,discharge-mid,I_std,,,0.0044824542746899,,,
b1c35,663,discharge-mid,I_std,,,0.0128133108071401,,,
b1c37,185,discharge-mid,I_std,,,0.0014200198749682,,,
b1c39,212,discharge-mid,I_std,,,0.0025707678218047,,,
b2c10,59,discharge-mid,I_std,,,0.0017009020361254,,,
b2c10,81,discharge-mid,I_std,,,0.0017524027304258,,,
b2c10,85,discharge-mid,I_std,,,0.0018638298998358,,,
b2c10,89,discharge-mid,I_std,,,0.0018293806098187,,,
b2c10,94,discharge-mid,I_std,,,0.0012987200580315,,,
b2c10,101,discharge-mid,I_std,,,0.0014070273522611,,,
b2c10,114,discharge-mid,I_std,,,0.0034482187944305,,,
b2c10,117,discharge-mid,I_std,,,0.0014461043280443,,,
b2c10,122,discharge-mid,I_std,,,0.0016527628988083,,,
b2c10,136,discharge-mid,I_std,,,0.0019465966163183,,,
b2c10,138,discharge-mid,I_std,,,0.001599059608876,,,
b2c10,151,discharge-mid,I_std,,,0.001629529920037,,,
b2c10,154,discharge-mid,I_std,,,0.0014719518789004,,,
b2c10,162,discharge-mid,I_std,,,0.0013218743420216,,,
b2c10,165,discharge-mid,I_std,,,0.0012969861497266,,,
b2c10,171,discharge-mid,I_std,,,0.0016857262848536,,,
b2c10,176,discharge-mid,I_std,,,0.0018812477409415,,,
b2c10,184,discharge-mid,I_std,,,0.0012736222368032,,,
b2c10,210,discharge-mid,I_std,,,0.0014986636120177,,,
b2c10,211,discharge-mid,I_std,,,0.0026305254551682,,,
b2c10,213,discharge-mid,I_std,,,0.0013172755764997,,,
b2c10,226,discharge-mid,I_std,,,0.0017175182443673,,,
b2c10,245,discharge-mid,I_std,,,0.0016711756157476,,,
b2c10,261,discharge-mid,I_std,,,0.0015693247970222,,,
b2c10,297,discharge-mid,I_std,,,0.0015032029204452,,,
b2c10,328,discharge-mid,I_std,,,0.0014608739282652,,,
b2c10,329,discharge-mid,I_std,,,0.0017256455206626,,,
b2c10,335,discharge-mid,I_std,,,0.0016094541342392,,,
b2c10,347,discharge-mid,I_std,,,0.0033739299176762,,,
b2c10,349,discharge-mid,I_std,,,0.0022365048829789,,,
b2c10,357,discharge-mid,I_std,,,0.0014495932114502,,,
b2c10,378,discharge-mid,I_std,,,0.0064434596662072,,,
b2c10,383,discharge-mid,I_std,,,0.0051066315515528,,,
b2c10,390,discharge-mid,I_std,,,0.002836578070653,,,
b2c10,430,discharge-mid,I_std,,,0.0015336537980684,,,
b2c10,436,discharge-mid,I_std,,,0.0014715771234243,,,
b2c10,455,discharge-mid,I_std,,,0.0051419961177701,,,
b2c10,478,discharge-mid,I_std,,,0.0018001333033077,,,
b2c10,479,discharge-mid,I_std,,,0.0031994989996983,,,
b2c10,486,discharge-mid,I_std,,,0.0015390051558922,,,
b2c10,488,discharge-mid,I_std,,,0.0015652520312248,,,
b2c10,492,discharge-mid,I_std,,,0.0016338217023636,,,
b2c10,503,discharge-mid,I_std,,,0.0014934726589343,,,
b2c10,523,discharge-mid,I_std,,,0.0024143414264838,,,
b2c10,555,discharge-mid,I_std,,,0.0021199893331875,,,
b2c10,593,discharge-mid,I_std,,,0.0024925293939038,,,
b2c12,348,discharge-mid,I_std,,,0.0078459767879525,,,
b2c29,67,discharge-mid,I_std,,,0.001623252030728,,,
b2c29,228,discharge-mid,I_std,,,0.001401835900593,,,
b2c29,392,discharge-mid,I_std,,,0.0296225939134302,,,
b2c32,51,discharge-mid,I_std,,,0.0021867415056639,,,
b2c33,72,discharge-mid,I_std,,,0.0013349497477426,,,
b2c34,390,discharge-mid,I_std,,,0.0016642388899695,,,
b2c47,228,discharge-mid,I_std,,,0.0025419277274867,,,
b3c1,186,discharge-mid,I_std,,,5.490170636261787e-05,,,
b3c2,537,discharge-mid,I_std,,,0.0014045458166397,,,
b3c2,547,discharge-mid,I_std,,,0.0014725236725217,,,
b3c2,549,discharge-mid,I_std,,,0.0012776597079545,,,
b3c2,556,discharge-mid,I_std,,,0.0013463924465816,,,
b3c2,557,discharge-mid,I_std,,,0.0013782496187768,,,
b3c4,26,discharge-mid,I_std,,,5.515446079697259e-05,,,
b3c4,50,discharge-mid,I_std,,,5.302653937867319e-05,,,
b3c4,154,discharge-mid,I_std,,,5.4662479536470414e-05,,,
b3c4,497,discharge-mid,I_std,,,5.3514930706016206e-05,,,
b3c4,518,discharge-mid,I_std,,,5.2576196528649263e-05,,,
b3c4,519,discharge-mid,I_std,,,5.529153637940213e-05,,,
b3c4,622,discharge-mid,I_std,,,5.5410306140516495e-05,,,
b3c4,645,discharge-mid,I_std,,,5.13699336501806e-05,,,
b3c4,657,discharge-mid,I_std,,,5.294098233882376e-05,,,
b3c4,788,discharge-mid,I_std,,,5.4783311366034586e-05,,,
b3c4,900,discharge-mid,I_std,,,5.2135241892955605e-05,,,
b3c4,957,discharge-mid,I_std,,,5.2854155421097466e-05,,,
b3c4,974,discharge-mid,I_std,,,5.400867560916795e-05,,,
b3c4,1010,discharge-mid,I_std,,,5.522065754372178e-05,,,
b3c4,1018,discharge-mid,I_std,,,5.377762622140687e-05,,,
b3c4,1019,discharge-mid,I_std,,,5.561566030141426e-05,,,
b3c7,293,discharge-mid,I_std,,,5.201487214588241e-05,,,
b3c7,420,discharge-mid,I_std,,,5.477376927024984e-05,,,
b3c7,469,discharge-mid,I_std,,,5.3512277239182016e-05,,,
b3c7,1269,discharge-mid,I_std,,,5.350315109238296e-05,,,
b3c7,1589,discharge-mid,I_std,,,5.4924006269076605e-05,,,
b3c9,18,discharge-mid,I_std,,,5.039898659230091e-05,,,
b3c9,21,discharge-mid,I_std,,,5.481797946048884e-05,,,
b3c9,22,discharge-mid,I_std,,,5.426212392805714e-05,,,
b3c9,27,discharge-mid,I_std,,,5.412432619479312e-05,,,
b3c9,103,discharge-mid,I_std,,,5.583865920011737e-05,,,
b3c9,143,discharge-mid,I_std,,,5.450896426705635e-05,,,
b3c9,147,discharge-mid,I_std,,,5.420245983933448e-05,,,
b3c9,170,discharge-mid,I_std,,,4.8808683547282223e-05,,,
b3c9,192,discharge-mid,I_std,,,5.358892273606316e-05,,,
b3c9,195,discharge-mid,I_std,,,5.475753056241789e-05,,,
b3c9,197,discharge-mid,I_std,,,4.719433380682369e-05,,,
b3c9,208,discharge-mid,I_std,,,5.267279435725454e-05,,,
b3c9,231,discharge-mid,I_std,,,5.539032211831704e-05,,,
b3c9,301,discharge-mid,I_std,,,5.514340883128009e-05,,,
b3c9,345,discharge-mid,I_std,,,5.534577517840197e-05,,,
b3c9,356,discharge-mid,I_std,,,5.5443224770303936e-05,,,
b3c9,358,discharge-mid,I_std,,,5.576369511181043e-05,,,
b3c9,381,discharge-mid,I_std,,,5.331837399072767e-05,,,
b3c9,429,discharge-mid,I_std,,,5.5404463411286775e-05,,,
b3c9,435,discharge-mid,I_std,,,5.459649793457121e-05,,,
b3c9,465,discharge-mid,I_std,,,5.508928364868833e-05,,,
b3c9,513,discharge-mid,I_std,,,5.5036264379788494e-05,,,
b3c9,527,discharge-mid,I_std,,,5.443461140704502e-05,,,
b3c9,530,discharge-mid,I_std,,,5.3442882633592266e-05,,,
b3c9,534,discharge-mid,I_std,,,5.287130419359484e-05,,,
b3c9,539,discharge-mid,I_std,,,5.237164213954876e-05,,,
b3c9,549,discharge-mid,I_std,,,5.09442287618518e-05,,,
b3c9,556,discharge-mid,I_std,,,5.498322208018284e-05,,,
b3c9,607,discharge-mid,I_std,,,5.586223314092291e-05,,,
b3c9,623,discharge-mid,I_std,,,5.403757868460977e-05,,,
b3c9,684,discharge-mid,I_std,,,5.2461449743783845e-05,,,
b3c9,690,discharge-mid,I_std,,,5.3294265881968726e-05,,,
b3c9,714,discharge-mid,I_std,,,5.31381304062224e-05,,,
b3c9,730,discharge-mid,I_std,,,5.569961295408513e-05,,,
b3c9,737,discharge-mid,I_std,,,5.2305486599435e-05,,,
b3c9,751,discharge-mid,I_std,,,5.130577170969372e-05,,,
b3c9,771,discharge-mid,I_std,,,5.257136873258406e-05,,,
b3c9,784,discharge-mid,I_std,,,5.292279429720012e-05,,,
b3c9,795,discharge-mid,I_std,,,5.476892451703906e-05,,,
b3c9,811,discharge-mid,I_std,,,5.552006501624512e-05,,,
b3c9,827,discharge-mid,I_std,,,5.4955300760948974e-05,,,
b3c9,832,discharge-mid,I_std,,,5.393624094480212e-05,,,
b3c9,847,discharge-mid,I_std,,,5.550216362820308e-05,,,
b3c9,869,discharge-mid,I_std,,,5.34636220603772e-05,,,
b3c9,902,discharge-mid,I_std,,,5.30719302070761e-05,,,
b3c9,937,discharge-mid,I_std,,,5.237053330285575e-05,,,
b3c9,945,discharge-mid,I_std,,,5.463003466332512e-05,,,
b3c9,960,discharge-mid,I_std,,,5.3258584878949645e-05,,,
b3c9,965,discharge-mid,I_std,,,5.302811877321909e-05,,,
b3c9,969,discharge-mid,I_std,,,5.587110287093621e-05,,,
b3c9,995,discharge-mid,I_std,,,5.580481655258219e-05,,,
b3c9,997,discharge-mid,I_std,,,5.4924772737151215e-05,,,
b3c9,1008,discharge-mid,I_std,,,5.355609980595299e-05,,,
b3c9,1029,discharge-mid,I_std,,,5.505207384819818e-05,,,
b3c13,4,discharge-mid,I_std,,,5.545226001404995e-05,,,
b3c13,20,discharge-mid,I_std,,,5.16115344191066e-05,,,
b3c13,76,discharge-mid,I_std,,,5.541923818852248e-05,,,
b3c13,461,discharge-mid,I_std,,,5.49044753797198e-05,,,
b3c13,538,discharge-mid,I_std,,,5.497154907674282e-05,,,
b3c13,539,discharge-mid,I_std,,,5.540834567649971e-05,,,
b3c13,554,discharge-mid,I_std,,,5.5754910905279626e-05,,,
b3c13,565,discharge-mid,I_std,,,5.450398365933059e-05,,,
b3c13,587,discharge-mid,I_std,,,5.146688843705803e-05,,,
b3c13,606,discharge-mid,I_std,,,5.29047878541313e-05,,,
b3c13,653,discharge-mid,I_std,,,5.573715040327024e-05,,,
b3c13,697,discharge-mid,I_std,,,5.450405819645173e-05,,,
b3c13,700,discharge-mid,I_std,,,5.5041495067336495e-05,,,
b3c13,732,discharge-mid,I_std,,,5.570345997613563e-05,,,
b3c13,775,discharge-mid,I_std,,,5.4486964914760994e-05,,,
b3c13,792,discharge-mid,I_std,,,4.927839988042416e-05,,,
b3c14,339,discharge-mid,I_std,,,5.3712560426271935e-05,,,
b3c14,764,discharge-mid,I_std,,,5.520959604234715e-05,,,
b3c23,1470,discharge-mid,I_std,,,5.512315410092978e-05,,,
b3c23,1645,discharge-mid,I_std,,,5.531514228147693e-05,,,
b3c25,297,discharge-mid,I_std,,,5.53663717821748e-05,,,
b3c25,552,discharge-mid,I_std,,,5.505636095890553e-05,,,
b3c25,708,discharge-mid,I_std,,,5.042647430215434e-05,,,
b3c25,713,discharge-mid,I_std,,,5.582573807967147e-05,,,
b3c25,788,discharge-mid,I_std,,,4.87594801251806e-05,,,
b3c42,503,discharge-mid,I_std,,,0.0013343583842134,,,
b3c42,659,discharge-mid,I_std,,,0.0016234217483344,,,
b3c42,662,discharge-mid,I_std,,,0.0016037046985377,,,
b3c43,184,discharge-mid,I_std,,,0.0012654395721598,,,
b3c43,215,discharge-mid,I_std,,,0.0013476496589538,,,
b3c43,489,discharge-mid,I_std,,,0.0034086901467808,,,
b3c43,491,discharge-mid,I_std,,,0.0022351493895069,,,
b3c43,496,discharge-mid,I_std,,,0.0014367523175743,,,
b3c43,498,discharge-mid,I_std,,,0.0013387838633323,,,
b3c43,502,discharge-mid,I_std,,,0.0012977957443626,,,
b3c43,516,discharge-mid,I_std,,,0.0012661025023381,,,
b3c43,521,discharge-mid,I_std,,,0.0014289990005715,,,
b3c43,523,discharge-mid,I_std,,,0.0013516981693646,,,
b3c43,525,discharge-mid,I_std,,,0.0013031411276774,,,
b3c43,550,discharge-mid,I_std,,,0.0015418348379074,,,
b3c43,600,discharge-mid,I_std,,,0.0013793221623202,,,
b3c45,87,discharge-mid,I_std,,,5.170994636554167e-05,,,
b3c45,1013,discharge-mid,I_std,,,5.477416958939072e-05,,,
b3c45,1176,discharge-mid,I_std,,,5.428563500102463e-05,,,
b3c45,1185,discharge-mid,I_std,,,5.511381605778422e-05,,,
b3c45,1276,discharge-mid,I_std,,,5.461407484833295e-05,,,
b3c45,1373,discharge-mid,I_std,,,5.488394156710765e-05,,,
b3c45,1402,discharge-mid,I_std,,,5.288513458227722e-05,,,
b3c45,1417,discharge-mid,I_std,,,5.14631761784287e-05,,,
b3c45,1453,discharge-mid,I_std,,,5.147249657516993e-05,,,
b3c45,1637,discharge-mid,I_std,,,5.568445893615646e-05,,,
b3c45,1706,discharge-mid,I_std,,,5.579455597581098e-05,,,
b3c45,1717,discharge-mid,I_std,,,5.58384669880338e-05,,,
b1c3,45,discharge-mid,T_std,,,,0.0249353546610243,,
b1c3,122,discharge-mid,T_std,,,,0.0221339527896313,,
b1c3,502,discharge-mid,T_std,,,,2.6192283027291983,,
b1c3,536,discharge-mid,T_std,,,,0.0198278206035416,,
b1c3,1045,discharge-mid,T_std,,,,0.0266548127115191,,
b1c3,1046,discharge-mid,T_std,,,,0.0241872883253308,,
b1c3,1079,discharge-mid,T_std,,,,0.0238044301716215,,
b1c3,1145,discharge-mid,T_std,,,,0.0268779848178888,,
b1c14,547,discharge-mid,T_std,,,,1.625903217641539,,
b1c14,588,discharge-mid,T_std,,,,1.601167795509418,,
b1c14,651,discharge-mid,T_std,,,,1.6712322683844565,,
b1c14,695,discharge-mid,T_std,,,,1.7423905995690454,,
b1c14,708,discharge-mid,T_std,,,,1.7385021710737485,,
b1c14,721,discharge-mid,T_std,,,,0.0255860199599849,,
b1c14,723,discharge-mid,T_std,,,,0.0245433444265785,,
b1c14,724,discharge-mid,T_std,,,,0.0248514500085831,,
b1c14,728,discharge-mid,T_std,,,,0.0207514353442134,,
b1c14,743,discharge-mid,T_std,,,,0.0260611690761816,,
b1c14,748,discharge-mid,T_std,,,,0.0256893201437051,,
b1c14,756,discharge-mid,T_std,,,,0.0244194072437336,,
b1c14,760,discharge-mid,T_std,,,,0.0242467816128926,,
b1c14,762,discharge-mid,T_std,,,,0.0208983892396716,,
b1c14,770,discharge-mid,T_std,,,,0.0216878897093257,,
b1c14,777,discharge-mid,T_std,,,,0.0255377368109864,,
b1c14,785,discharge-mid,T_std,,,,0.0207530770035409,,
b1c14,786,discharge-mid,T_std,,,,0.0243237241135015,,
b1c14,792,discharge-mid,T_std,,,,0.0237507488041044,,
b1c14,799,discharge-mid,T_std,,,,0.0253090342328964,,
b1c14,804,discharge-mid,T_std,,,,0.024920121960986,,
b1c14,812,discharge-mid,T_std,,,,0.0265166367540398,,
b1c15,328,discharge-mid,T_std,,,,1.6234050050491846,,
b1c15,613,discharge-mid,T_std,,,,1.638878016654835,,
b1c15,616,discharge-mid,T_std,,,,1.632396401007971,,
b1c15,679,discharge-mid,T_std,,,,1.603184295672656,,
b1c15,705,discharge-mid,T_std,,,,1.668490558177358,,
b1c31,59,discharge-mid,T_std,,,,0.0245139158778416,,
b1c31,98,discharge-mid,T_std,,,,0.0256249950001936,,
b1c31,182,discharge-mid,T_std,,,,0.0267492055406901,,
b1c31,240,discharge-mid,T_std,,,,0.0261163346423491,,
b1c31,526,discharge-mid,T_std,,,,0.02687977609281,,
b1c31,612,discharge-mid,T_std,,,,0.0248928586956455,,
b1c31,686,discharge-mid,T_std,,,,0.0262689196441476,,
b1c31,706,discharge-mid,T_std,,,,0.0233454285209673,,
b2c6,130,discharge-mid,T_std,,,,1.6069418930393786,,
b2c6,367,discharge-mid,T_std,,,,1.6614852047593245,,
b2c6,368,discharge-mid,T_std,,,,1.5957035765409102,,
b2c6,403,discharge-mid,T_std,,,,1.6276755509548604,,
b2c6,431,discharge-mid,T_std,,,,1.762105207354463,,
b2c6,489,discharge-mid,T_std,,,,1.6662160745224066,,
b2c10,57,discharge-mid,T_std,,,,1.614164413478563,,
b2c10,90,discharge-mid,T_std,,,,1.960016157023484,,
b2c10,91,discharge-mid,T_std,,,,2.0828766116019546,,
b2c10,92,discharge-mid,T_std,,,,2.1784087754044013,,
b2c10,93,discharge-mid,T_std,,,,2.092166183990014,,
b2c10,95,discharge-mid,T_std,,,,1.864076118424221,,
b2c10,144,discharge-mid,T_std,,,,1.6716763364753968,,
b2c10,152,discharge-mid,T_std,,,,1.825598602275115,,
b2c10,170,discharge-mid,T_std,,,,1.7611338507550645,,
b2c10,175,discharge-mid,T_std,,,,1.7323476143742231,,
b2c10,193,discharge-mid,T_std,,,,1.8354776662291916,,
b2c10,222,discharge-mid,T_std,,,,1.6813156805338034,,
b2c10,240,discharge-mid,T_std,,,,1.8487547725263764,,
b2c10,266,discharge-mid,T_std,,,,1.8144838080557464,,
b2c10,278,discharge-mid,T_std,,,,1.6351829651514922,,
b2c10,301,discharge-mid,T_std,,,,1.672159163608559,,
b2c10,309,discharge-mid,T_std,,,,1.9970559101732777,,
b2c10,324,discharge-mid,T_std,,,,1.8756453623491969,,
b2c10,332,discharge-mid,T_std,,,,1.7576823807098534,,
b2c10,342,discharge-mid,T_std,,,,1.7723885141364857,,
b2c10,365,discharge-mid,T_std,,,,1.889955577332226,,
b2c10,379,discharge-mid,T_std,,,,1.6361645629022248,,
b2c10,412,discharge-mid,T_std,,,,1.949632398115414,,
b2c10,438,discharge-mid,T_std,,,,1.856668274833584,,
b2c10,452,discharge-mid,T_std,,,,1.9235456640858857,,
b2c10,458,discharge-mid,T_std,,,,1.6549837826212814,,
b2c10,467,discharge-mid,T_std,,,,1.9354703666201545,,
b2c10,483,discharge-mid,T_std,,,,2.0048812771444515,,
b2c10,484,discharge-mid,T_std,,,,1.919371595875369,,
b2c10,528,discharge-mid,T_std,,,,0.023269246583699,,
b2c10,531,discharge-mid,T_std,,,,0.0188633006185149,,
b2c10,546,discharge-mid,T_std,,,,0.0262046883590102,,
b2c10,553,discharge-mid,T_std,,,,0.0258450702390273,,
b2c10,577,discharge-mid,T_std,,,,0.0235609493487309,,
b2c24,149,discharge-mid,T_std,,,,2.0126606517461103,,
b2c24,326,discharge-mid,T_std,,,,1.8450862213568944,,
b2c24,371,discharge-mid,T_std,,,,2.268722531448715,,
b2c24,501,discharge-mid,T_std,,,,2.5523253678603197,,
b2c25,94,discharge-mid,T_std,,,,0.0266998773293896,,
b2c25,122,discharge-mid,T_std,,,,0.0221980617764448,,
b2c25,340,discharge-mid,T_std,,,,0.0247181792750858,,
b2c25,410,discharge-mid,T_std,,,,0.0252804790678623,,
b2c25,460,discharge-mid,T_std,,,,0.0249402829770681,,
b3c5,351,discharge-mid,T_std,,,,1.6408064055888176,,
b3c5,373,discharge-mid,T_std,,,,1.626860930252115,,
b3c5,384,discharge-mid,T_std,,,,1.6344904582298434,,
b3c5,415,discharge-mid,T_std,,,,1.650961634739436,,
b3c5,416,discharge-mid,T_std,,,,1.6252828592450206,,
b3c5,425,discharge-mid,T_std,,,,1.731318693543573,,
b3c5,444,discharge-mid,T_std,,,,1.74580984187585,,
b3c5,453,discharge-mid,T_std,,,,1.773923049626592,,
b3c5,502,discharge-mid,T_std,,,,1.8642736668213071,,
b3c5,538,discharge-mid,T_std,,,,0.0266535843844456,,
b3c5,540,discharge-mid,T_std,,,,0.0226176462174341,,
b3c5,592,discharge-mid,T_std,,,,1.7397013704340558,,
b3c5,621,discharge-mid,T_std,,,,1.6766661974765698,,
b3c5,643,discharge-mid,T_std,,,,1.755132870824823,,
b3c5,658,discharge-mid,T_std,,,,1.6540964586749811,,
b3c5,666,discharge-mid,T_std,,,,1.7785032062591992,,
b3c5,674,discharge-mid,T_std,,,,1.7286863223624944,,
b3c5,683,discharge-mid,T_std,,,,1.8006594167523808,,
b3c5,695,discharge-mid,T_std,,,,0.0266673108550426,,
b3c5,726,discharge-mid,T_std,,,,0.0262809388581952,,
b3c5,736,discharge-mid,T_std,,,,0.0247540918377154,,
b3c5,790,discharge-mid,T_std,,,,0.0237607921769653,,
b3c5,803,discharge-mid,T_std,,,,0.0255591453513985,,
b3c29,92,discharge-mid,T_std,,,,0.0267767301388899,,
b3c29,814,discharge-mid,T_std,,,,0.0259353239085685,,
b2c2,459,discharge-mid,V_min,,,,,2.8064246,
b2c21,514,discharge-mid,V_min,,,,,2.8103099,
b2c25,472,discharge-mid,V_min,,,,,2.8009229,
b2c25,474,discharge-mid,V_min,,,,,2.8049273,
b2c35,479,discharge-mid,V_min,,,,,2.8059225,
b2c43,480,discharge-mid,V_min,,,,,2.8096609,
b2c43,481,discharge-mid,V_min,,,,,2.8096094,
b3c2,22,discharge-mid,V_min,,,,,3.0665956,
b3c2,95,discharge-mid,V_min,,,,,3.0671401,
b3c2,151,discharge-mid,V_min,,,,,3.0667348,
b3c2,152,discharge-mid,V_min,,,,,3.0666814,
b3c2,179,discharge-mid,V_min,,,,,3.0665746,
b3c2,180,discharge-mid,V_min,,,,,3.0669904,
b3c2,263,discharge-mid,V_min,,,,,3.0666671,
b1c9,656,discharge-mid,V_max,,,,,,3.1865144
b1c27,396,discharge-mid,V_max,,,,,,3.1761279
b1c36,453,discharge-mid,V_max,,,,,,3.1803083
b2c38,482,discharge-mid,V_max,,,,,,3.0583673
b2c40,523,discharge-mid,V_max,,,,,,3.0576334
b1c2,28,discharge-low,V_std,0.4100775450481561,,,,,
b1c2,710,discharge-low,V_std,0.4088421156048685,,,,,
b1c3,11,discharge-low,V_std,0.4386453727209887,,,,,
b1c3,17,discharge-low,V_std,0.4094370111063853,,,,,
b1c3,352,discharge-low,V_std,0.4117877648084959,,,,,
b1c4,11,discharge-low,V_std,0.4404464080119028,,,,,
b1c4,350,discharge-low,V_std,0.4095311753327867,,,,,
b1c5,157,discharge-low,V_std,0.4108768922524106,,,,,
b1c7,35,discharge-low,V_std,0.4090350255660543,,,,,
b1c8,13,discharge-low,V_std,0.4096339474968699,,,,,
b1c9,5,discharge-low,V_std,0.4097272475348722,,,,,
b1c9,15,discharge-low,V_std,0.4092878363746501,,,,,
b1c9,22,discharge-low,V_std,0.4111084813863153,,,,,
b1c9,35,discharge-low,V_std,0.410964510643365,,,,,
b1c10,20,discharge-low,V_std,0.4115728759257354,,,,,
b1c10,26,discharge-low,V_std,0.4122463402938902,,,,,
b1c10,28,discharge-low,V_std,0.411513292261657,,,,,
b1c12,11,discharge-low,V_std,0.40846211369128,,,,,
b1c12,12,discharge-low,V_std,0.4111572111606027,,,,,
b1c12,18,discharge-low,V_std,0.4106345968049248,,,,,
b1c12,53,discharge-low,V_std,0.4086252104080886,,,,,
b1c18,39,discharge-low,V_std,0.6339291089465284,,,,,
b1c24,5,discharge-low,V_std,0.4088809322340974,,,,,
b1c24,39,discharge-low,V_std,0.4088892790562511,,,,,
b1c25,3,discharge-low,V_std,0.4090956800249344,,,,,
b1c25,6,discharge-low,V_std,0.4111401163130013,,,,,
b1c25,7,discharge-low,V_std,0.4088906759559125,,,,,
b1c25,9,discharge-low,V_std,0.4127352215562589,,,,,
b1c25,10,discharge-low,V_std,0.4092842164455914,,,,,
b1c25,29,discharge-low,V_std,0.409006636550889,,,,,
b1c25,37,discharge-low,V_std,0.4101873296175902,,,,,
b1c25,50,discharge-low,V_std,0.4080951324931188,,,,,
b1c25,53,discharge-low,V_std,0.4085853173793384,,,,,
b1c26,10,discharge-low,V_std,0.408996591953235,,,,,
b1c26,14,discharge-low,V_std,0.4082238103547801,,,,,
b1c26,29,discharge-low,V_std,0.4100061953538798,,,,,
b1c26,36,discharge-low,V_std,0.4087150354698347,,,,,
b1c26,143,discharge-low,V_std,0.4115529086841979,,,,,
b1c27,5,discharge-low,V_std,0.4098714584566364,,,,,
b1c27,8,discharge-low,V_std,0.4083605340490881,,,,,
b1c27,10,discharge-low,V_std,0.4124475049199926,,,,,
b1c27,24,discharge-low,V_std,0.4085674376840614,,,,,
b1c27,35,discharge-low,V_std,0.4085571019591991,,,,,
b1c28,5,discharge-low,V_std,0.4089238611769477,,,,,
b1c28,14,discharge-low,V_std,0.4084829051649664,,,,,
b1c28,30,discharge-low,V_std,0.4083891010571669,,,,,
b1c29,12,discharge-low,V_std,0.408456710117692,,,,,
b1c29,14,discharge-low,V_std,0.4093368077375764,,,,,
b1c29,36,discharge-low,V_std,0.4080682732091116,,,,,
b1c30,2,discharge-low,V_std,0.4103621979521138,,,,,
b1c30,5,discharge-low,V_std,0.4088390373206147,,,,,
b1c30,6,discharge-low,V_std,0.4125877340246099,,,,,
b1c30,8,discharge-low,V_std,0.4111628275887256,,,,,
b1c30,10,discharge-low,V_std,0.4087824628883386,,,,,
b1c31,5,discharge-low,V_std,0.4083267619226347,,,,,
b1c31,24,discharge-low,V_std,0.408627064928563,,,,,
b1c32,10,discharge-low,V_std,0.40944618851045,,,,,
b1c32,22,discharge-low,V_std,0.4088975266626782,,,,,
b1c32,28,discharge-low,V_std,0.4082345065269427,,,,,
b1c33,22,discharge-low,V_std,0.412902927162193,,,,,
b1c36,29,discharge-low,V_std,0.4109529830719357,,,,,
b1c37,5,discharge-low,V_std,0.4080878765365751,,,,,
b1c37,9,discharge-low,V_std,0.4102581722675636,,,,,
b1c37,12,discharge-low,V_std,0.4082042349967905,,,,,
b1c41,7,discharge-low,V_std,0.4097462903113782,,,,,
b1c41,11,discharge-low,V_std,0.4091894240695513,,,,,
b1c42,142,discharge-low,V_std,0.412283772653013,,,,,
b2c0,319,discharge-low,V_std,0.2413291319578879,,,,,
b2c2,9,discharge-low,V_std,0.4087673717703955,,,,,
b2c2,22,discharge-low,V_std,0.4088776319332218,,,,,
b2c2,457,discharge-low,V_std,0.2408640551554007,,,,,
b2c2,460,discharge-low,V_std,0.2373076329213042,,,,,
b2c3,334,discharge-low,V_std,0.2391739887136807,,,,,
b2c4,12,discharge-low,V_std,0.4083448723237889,,,,,
b2c4,247,discharge-low,V_std,0.13185981471116,,,,,
b2c4,470,discharge-low,V_std,0.2424265548325855,,,,,
b2c5,5,discharge-low,V_std,0.4083204814423677,,,,,
b2c5,505,discharge-low,V_std,0.240902959156837,,,,,
b2c6,258,discharge-low,V_std,0.2007127119727475,,,,,
b2c11,250,discharge-low,V_std,0.1016283948200404,,,,,
b2c13,5,discharge-low,V_std,0.4084751577637247,,,,,
b2c13,8,discharge-low,V_std,0.4088326603174894,,,,,
b2c14,5,discharge-low,V_std,0.4115992972336494,,,,,
b2c14,20,discharge-low,V_std,0.4089371635638171,,,,,
b2c20,15,discharge-low,V_std,0.4087903280887066,,,,,
b2c20,42,discharge-low,V_std,0.4087001122097704,,,,,
b2c22,3,discharge-low,V_std,0.4098603885430752,,,,,
b2c23,555,discharge-low,V_std,0.2418571760562033,,,,,
b2c23,561,discharge-low,V_std,0.2420539712975843,,,,,
b2c24,7,discharge-low,V_std,0.4105917953074901,,,,,
b2c26,478,discharge-low,V_std,0.2360130792723846,,,,,
b2c28,250,discharge-low,V_std,0.1302098460524598,,,,,
b2c29,3,discharge-low,V_std,0.4093267079494784,,,,,
b2c29,9,discharge-low,V_std,0.4100409009730201,,,,,
b2c29,10,discharge-low,V_std,0.4118261808872755,,,,,
b2c29,19,discharge-low,V_std,0.4101852427350723,,,,,
b2c29,23,discharge-low,V_std,0.4102728158453764,,,,,
b2c29,26,discharge-low,V_std,0.4101769667627121,,,,,
b2c29,31,discharge-low,V_std,0.4082833148756477,,,,,
b2c29,40,discharge-low,V_std,0.4083814692308782,,,,,
b2c30,506,discharge-low,V_std,0.241628969762212,,,,,
b2c33,11,discharge-low,V_std,0.4084605181109609,,,,,
b2c33,16,discharge-low,V_std,0.4082012056151399,,,,,
b2c33,26,discharge-low,V_std,0.4091872940077322,,,,,
b2c35,476,discharge-low,V_std,0.2427491319557857,,,,,
b2c40,20,discharge-low,V_std,0.4084593612954038,,,,,
b2c41,14,discharge-low,V_std,0.409870160776597,,,,,
b2c42,4,discharge-low,V_std,0.4096600488938926,,,,,
b2c42,6,discharge-low,V_std,0.4088462312877864,,,,,
b2c42,22,discharge-low,V_std,0.4105950084387236,,,,,
b2c42,247,discharge-low,V_std,0.1790397787646738,,,,,
b2c42,486,discharge-low,V_std,0.2421803542276525,,,,,
b2c42,488,discharge-low,V_std,0.2394281600211384,,,,,
b2c42,490,discharge-low,V_std,0.2393229370050203,,,,,
b2c43,474,discharge-low,V_std,0.240337579324038,,,,,
b2c43,479,discharge-low,V_std,0.2414329088242519,,,,,
b1c0,428,discharge-low,count,,142.0,,,,
b1c0,512,discharge-low,count,,141.0,,,,
b1c0,612,discharge-low,count,,141.0,,,,
b1c0,652,discharge-low,count,,131.0,,,,
b1c0,701,discharge-low,count,,128.0,,,,
b1c0,770,discharge-low,count,,112.0,,,,
b1c0,795,discharge-low,count,,140.0,,,,
b1c0,811,discharge-low,count,,139.0,,,,
b1c0,851,discharge-low,count,,141.0,,,,
b1c4,880,discharge-low,count,,139.0,,,,
b1c5,1070,discharge-low,count,,285.0,,,,
b1c7,866,discharge-low,count,,283.0,,,,
b1c9,1020,discharge-low,count,,292.0,,,,
b1c11,783,discharge-low,count,,283.0,,,,
b1c14,878,discharge-low,count,,285.0,,,,
b1c17,853,discharge-low,count,,294.0,,,,
b1c23,1011,discharge-low,count,,285.0,,,,
b1c28,824,discharge-low,count,,285.0,,,,
b1c29,909,discharge-low,count,,287.0,,,,
b1c29,915,discharge-low,count,,287.0,,,,
b1c30,690,discharge-low,count,,284.0,,,,
b1c32,719,discharge-low,count,,286.0,,,,
b1c33,753,discharge-low,count,,289.0,,,,
b1c36,691,discharge-low,count,,283.0,,,,
b1c39,609,discharge-low,count,,284.0,,,,
b2c2,447,discharge-low,count,,289.0,,,,
b2c3,249,discharge-low,count,,294.0,,,,
b2c4,443,discharge-low,count,,285.0,,,,
b2c4,462,discharge-low,count,,291.0,,,,
b2c5,482,discharge-low,count,,287.0,,,,
b2c6,532,discharge-low,count,,285.0,,,,
b2c11,491,discharge-low,count,,283.0,,,,
b2c11,501,discharge-low,count,,284.0,,,,
b2c12,490,discharge-low,count,,284.0,,,,
b2c13,516,discharge-low,count,,289.0,,,,
b2c14,505,discharge-low,count,,283.0,,,,
b2c17,520,discharge-low,count,,284.0,,,,
b2c24,515,discharge-low,count,,285.0,,,,
b2c24,519,discharge-low,count,,287.0,,,,
b2c34,523,discharge-low,count,,283.0,,,,
b2c34,524,discharge-low,count,,285.0,,,,
b2c40,302,discharge-low,count,,284.0,,,,
b2c40,474,discharge-low,count,,287.0,,,,
b2c40,527,discharge-low,count,,284.0,,,,
b2c42,455,discharge-low,count,,283.0,,,,
b2c42,480,discharge-low,count,,285.0,,,,
b2c45,493,discharge-low,count,,285.0,,,,
b2c45,501,discharge-low,count,,285.0,,,,
b3c7,391,discharge-low,count,,136.0,,,,
b3c7,545,discharge-low,count,,139.0,,,,
b3c10,425,discharge-low,count,,141.0,,,,
b3c17,640,discharge-low,count,,142.0,,,,
b3c17,928,discharge-low,count,,142.0,,,,
b3c23,376,discharge-low,count,,142.0,,,,
b3c23,379,discharge-low,count,,142.0,,,,
b3c23,499,discharge-low,count,,142.0,,,,
b3c23,524,discharge-low,count,,137.0,,,,
b3c23,555,discharge-low,count,,142.0,,,,
b3c23,656,discharge-low,count,,141.0,,,,
b3c23,689,discharge-low,count,,138.0,,,,
b3c23,718,discharge-low,count,,142.0,,,,
b3c23,726,discharge-low,count,,141.0,,,,
b3c23,789,discharge-low,count,,141.0,,,,
b3c23,956,discharge-low,count,,142.0,,,,
b3c23,1465,discharge-low,count,,142.0,,,,
b3c23,2104,discharge-low,count,,139.0,,,,
b3c32,610,discharge-low,count,,138.0,,,,
b3c32,704,discharge-low,count,,141.0,,,,
b3c32,750,discharge-low,count,,142.0,,,,
b3c32,758,discharge-low,count,,142.0,,,,
b3c32,815,discharge-low,count,,142.0,,,,
b3c32,820,discharge-low,count,,142.0,,,,
b3c32,893,discharge-low,count,,135.0,,,,
b3c32,903,discharge-low,count,,142.0,,,,
b3c32,905,discharge-low,count,,141.0,,,,
b3c32,907,discharge-low,count,,142.0,,,,
b3c32,924,discharge-low,count,,142.0,,,,
b3c39,851,discharge-low,count,,142.0,,,,
b3c45,323,discharge-low,count,,141.0,,,,
b3c45,638,discharge-low,count,,138.0,,,,
b1c0,18,discharge-low,I_std,,,1.9183543379069143,,,
b1c0,27,discharge-low,I_std,,,1.9182385080096251,,,
b1c0,70,discharge-low,I_std,,,1.9197684488015272,,,
b1c0,72,discharge-low,I_std,,,1.923242783236219,,,
b1c0,87,discharge-low,I_std,,,1.9289337013135648,,,
b1c0,94,discharge-low,I_std,,,1.916236557258536,,,
b1c0,103,discharge-low,I_std,,,1.9278713164083692,,,
b1c0,135,discharge-low,I_std,,,1.917983837462988,,,
b1c0,212,discharge-low,I_std,,,1.916317246171648,,,
b1c0,215,discharge-low,I_std,,,1.9191856698558412,,,
b1c0,253,discharge-low,I_std,,,1.9181791832940367,,,
b1c0,257,discharge-low,I_std,,,0.637490148572063,,,
b1c0,331,discharge-low,I_std,,,1.9174486530904065,,,
b1c0,348,discharge-low,I_std,,,1.917742161755947,,,
b1c0,357,discharge-low,I_std,,,0.7292269149009403,,,
b1c0,456,discharge-low,I_std,,,0.5678310738994693,,,
b1c0,481,discharge-low,I_std,,,0.7784383006431583,,,
b1c0,522,discharge-low,I_std,,,0.4888465632293792,,,
b1c0,523,discharge-low,I_std,,,0.8064106400620391,,,
b1c0,528,discharge-low,I_std,,,0.0003450659790877,,,
b1c0,532,discharge-low,I_std,,,0.664903709663164,,,
b1c0,534,discharge-low,I_std,,,0.8067578169764549,,,
b1c0,549,discharge-low,I_std,,,0.6957370711856921,,,
b1c0,550,discharge-low,I_std,,,0.5696126223378446,,,
b1c0,564,discharge-low,I_std,,,0.5749736129739648,,,
b1c0,578,discharge-low,I_std,,,0.0003331424676683,,,
b1c0,579,discharge-low,I_std,,,0.4270634618621382,,,
b1c0,584,discharge-low,I_std,,,0.6448685604003439,,,
b1c0,591,discharge-low,I_std,,,0.4270052327600827,,,
b1c0,594,discharge-low,I_std,,,0.7519749433190035,,,
b1c0,598,discharge-low,I_std,,,0.6179596244033545,,,
b1c0,623,discharge-low,I_std,,,0.628325186138581,,,
b1c0,650,discharge-low,I_std,,,0.0003406146787166,,,
b1c0,653,discharge-low,I_std,,,0.579162002564638,,,
b1c0,657,discharge-low,I_std,,,0.244183686780745,,,
b1c0,658,discharge-low,I_std,,,0.7735678782127317,,,
b1c0,665,discharge-low,I_std,,,0.4206440516231963,,,
b1c0,688,discharge-low,I_std,,,0.3670543056557834,,,
b1c0,693,discharge-low,I_std,,,0.4800206155238376,,,
b1c0,735,discharge-low,I_std,,,0.8234387363267747,,,
b1c0,740,discharge-low,I_std,,,0.6714843770682168,,,
b1c0,746,discharge-low,I_std,,,0.1427157707158325,,,
b1c0,749,discharge-low,I_std,,,0.4174331628162425,,,
b1c0,754,discharge-low,I_std,,,0.0002902997026894,,,
b1c0,758,discharge-low,I_std,,,0.0003807180539208,,,
b1c0,784,discharge-low,I_std,,,0.3709766928161614,,,
b1c0,788,discharge-low,I_std,,,0.6488183867881865,,,
b1c0,796,discharge-low,I_std,,,0.7023967037900093,,,
b1c0,808,discharge-low,I_std,,,0.6294697397211967,,,
b1c0,820,discharge-low,I_std,,,0.6917546373737342,,,
b1c0,821,discharge-low,I_std,,,0.5737594052706637,,,
b1c0,824,discharge-low,I_std,,,0.7378794411441889,,,
b1c0,849,discharge-low,I_std,,,0.8104137255813814,,,
b1c0,901,discharge-low,I_std,,,0.5407856331927242,,,
b1c0,1273,discharge-low,I_std,,,0.797445862801004,,,
b1c0,1518,discharge-low,I_std,,,1.9166623847254736,,,
b1c0,1519,discharge-low,I_std,,,1.929136331376622,,,
b1c1,36,discharge-low,I_std,,,1.9170118698897332,,,
b1c1,52,discharge-low,I_std,,,1.9255634154255703,,,
b1c1,95,discharge-low,I_std,,,1.92451628071243,,,
b1c1,129,discharge-low,I_std,,,1.919529845219457,,,
b1c1,165,discharge-low,I_std,,,1.916175513234928,,,
b1c1,166,discharge-low,I_std,,,1.91924408730762,,,
b1c1,239,discharge-low,I_std,,,1.9270645041172716,,,
b1c1,263,discharge-low,I_std,,,1.9164261937772915,,,
b1c1,397,discharge-low,I_std,,,1.9167606276446256,,,
b1c1,408,discharge-low,I_std,,,1.9186392402586527,,,
b1c1,414,discharge-low,I_std,,,1.9168202936616183,,,
b1c1,1177,discharge-low,I_std,,,1.9211659016174465,,,
b1c1,1178,discharge-low,I_std,,,1.92642405609542,,,
b1c1,1189,discharge-low,I_std,,,1.918956616856696,,,
b1c1,1192,discharge-low,I_std,,,1.9190174019764024,,,
b1c1,1193,discharge-low,I_std,,,1.9182942961567284,,,
b1c1,1205,discharge-low,I_std,,,1.9188481745246797,,,
b1c1,1206,discharge-low,I_std,,,1.916918821759423,,,
b1c1,1211,discharge-low,I_std,,,1.9163217112933808,,,
b1c1,1215,discharge-low,I_std,,,1.916704973549251,,,
b1c1,1276,discharge-low,I_std,,,1.9173516579009984,,,
b1c1,1286,discharge-low,I_std,,,1.916246990636527,,,
b1c1,1417,discharge-low,I_std,,,1.916482678002236,,,
b1c1,1442,discharge-low,I_std,,,1.9226188719300503,,,
b1c1,1489,discharge-low,I_std,,,1.9178556586568116,,,
b1c1,1502,discharge-low,I_std,,,1.9181244409144813,,,
b1c1,1683,discharge-low,I_std,,,1.916516673764669,,,
b1c2,49,discharge-low,I_std,,,1.9197014013401024,,,
b1c2,263,discharge-low,I_std,,,1.923307314242163,,,
b1c2,1494,discharge-low,I_std,,,1.9188092681754996,,,
b1c3,59,discharge-low,I_std,,,1.92320131790504,,,
b1c3,1228,discharge-low,I_std,,,1.9165159647264591,,,
b1c3,1231,discharge-low,I_std,,,1.921738946446856,,,
b1c3,1235,discharge-low,I_std,,,1.917350688327904,,,
b1c4,38,discharge-low,I_std,,,1.919088683335396,,,
b1c4,1226,discharge-low,I_std,,,1.919974543210204,,,
b1c5,46,discharge-low,I_std,,,1.918253761389205,,,
b1c5,49,discharge-low,I_std,,,1.918282778605817,,,
b1c5,134,discharge-low,I_std,,,1.9163249829859064,,,
b1c6,93,discharge-low,I_std,,,1.9175458987970209,,,
b1c6,95,discharge-low,I_std,,,1.9205977560664416,,,
b1c6,97,discharge-low,I_std,,,1.919144087453161,,,
b1c6,115,discharge-low,I_std,,,1.9165569363092692,,,
b1c11,38,discharge-low,I_std,,,1.917246862974703,,,
b1c12,58,discharge-low,I_std,,,1.917427352071501,,,
b1c14,78,discharge-low,I_std,,,1.919836106892768,,,
b1c15,33,discharge-low,I_std,,,1.916155741838546,,,
b1c15,86,discharge-low,I_std,,,1.917663377510245,,,
b1c15,87,discharge-low,I_std,,,1.920974918695301,,,
b1c15,91,discharge-low,I_std,,,1.9178098088349265,,,
b1c15,93,discharge-low,I_std,,,1.919306982283156,,,
b1c15,100,discharge-low,I_std,,,1.918146641393658,,,
b1c15,106,discharge-low,I_std,,,1.919611226256347,,,
b1c15,121,discharge-low,I_std,,,1.9168475934095088,,,
b1c15,134,discharge-low,I_std,,,1.92258301376726,,,
b1c15,144,discharge-low,I_std,,,1.9162446864333191,,,
b1c17,10,discharge-low,I_std,,,1.9190285213734437,,,
b1c18,33,discharge-low,I_std,,,1.918194069835124,,,
b1c18,43,discharge-low,I_std,,,1.9211685603826876,,,
b1c18,56,discharge-low,I_std,,,1.9201838447706268,,,
b1c18,78,discharge-low,I_std,,,1.9165152016702445,,,
b1c19,23,discharge-low,I_std,,,1.9218266051883128,,,
b1c20,51,discharge-low,I_std,,,1.9210161134551669,,,
b1c20,59,discharge-low,I_std,,,1.921722199483312,,,
b1c20,70,discharge-low,I_std,,,1.920100933309623,,,
b1c24,22,discharge-low,I_std,,,1.9207681742824056,,,
b1c24,24,discharge-low,I_std,,,1.922606151182868,,,
b1c25,47,discharge-low,I_std,,,1.919520110408053,,,
b1c25,89,discharge-low,I_std,,,1.9162513930975629,,,
b1c25,130,discharge-low,I_std,,,1.9167468424328649,,,
b1c25,135,discharge-low,I_std,,,1.9269184890467568,,,
b1c28,69,discharge-low,I_std,,,1.918437040716056,,,
b1c30,25,discharge-low,I_std,,,1.9164130430580864,,,
b1c35,27,discharge-low,I_std,,,1.916744956267696,,,
b1c39,37,discharge-low,I_std,,,1.91647227967388,,,
b1c40,94,discharge-low,I_std,,,1.916533279492716,,,
b1c40,127,discharge-low,I_std,,,1.9165363420599932,,,
b1c41,71,discharge-low,I_std,,,1.920507137510548,,,
b1c44,14,discharge-low,I_std,,,1.9163532338706075,,,
b2c3,22,discharge-low,I_std,,,1.9227673778841263,,,
b2c13,22,discharge-low,I_std,,,1.9170638242749656,,,
b2c13,246,discharge-low,I_std,,,0.8342862086787185,,,
b2c17,113,discharge-low,I_std,,,0.6171773612664786,,,
b2c18,44,discharge-low,I_std,,,1.9226601543988036,,,
b2c27,19,discharge-low,I_std,,,1.9173238974049007,,,
b2c28,77,discharge-low,I_std,,,0.8176423058872447,,,
b2c30,76,discharge-low,I_std,,,1.9176393300344747,,,
b2c33,47,discharge-low,I_std,,,1.91759900971338,,,
b2c40,27,discharge-low,I_std,,,1.923210624086504,,,
b2c40,44,discharge-low,I_std,,,1.9177297845158456,,,
b2c41,7,discharge-low,I_std,,,1.921506423984936,,,
b2c43,33,discharge-low,I_std,,,1.917726379298616,,,
b1c3,1275,discharge-low,T_std,,,,2.186878862100906,,
b1c4,879,discharge-low,T_std,,,,2.752571958778673,,
b1c9,886,discharge-low,T_std,,,,2.412980699422433,,
b1c10,11,discharge-low,T_std,,,,2.41740972274736,,
b1c11,11,discharge-low,T_std,,,,2.1941177442014324,,
b1c14,729,discharge-low,T_std,,,,0.0232537846678406,,
b1c14,730,discharge-low,T_std,,,,0.0237970758555474,,
b1c14,733,discharge-low,T_std,,,,0.026271261206823,,
b1c14,740,discharge-low,T_std,,,,0.025950734918126,,
b1c14,744,discharge-low,T_std,,,,0.0243045258072565,,
b1c14,745,discharge-low,T_std,,,,0.0283981143593113,,
b1c14,753,discharge-low,T_std,,,,0.0264637469590291,,
b1c14,754,discharge-low,T_std,,,,0.0278161438154438,,
b1c14,771,discharge-low,T_std,,,,0.0285300025974548,,
b1c14,794,discharge-low,T_std,,,,0.0245226945740914,,
b1c14,802,discharge-low,T_std,,,,0.0242634171471399,,
b1c14,814,discharge-low,T_std,,,,0.0265410288828635,,
b1c14,843,discharge-low,T_std,,,,0.028693769589501,,
b1c14,850,discharge-low,T_std,,,,0.0282560952043918,,
b1c15,515,discharge-low,T_std,,,,2.331626521338352,,
b1c15,648,discharge-low,T_std,,,,2.1994013793603844,,
b1c15,695,discharge-low,T_std,,,,2.1473993917528342,,
b1c15,706,discharge-low,T_std,,,,2.128993330771788,,
b1c15,709,discharge-low,T_std,,,,2.2637195425806285,,
b1c23,893,discharge-low,T_std,,,,2.2460421031563027,,
b2c2,427,discharge-low,T_std,,,,2.303664348596009,,
b2c6,392,discharge-low,T_std,,,,2.268884238447815,,
b2c6,417,discharge-low,T_std,,,,2.311875280615636,,
b2c6,459,discharge-low,T_std,,,,2.549276450371877,,
b2c6,474,discharge-low,T_std,,,,2.5677021866019887,,
b2c6,476,discharge-low,T_std,,,,2.26136916324454,,
b2c6,490,discharge-low,T_std,,,,2.293664704852647,,
b2c6,492,discharge-low,T_std,,,,2.294055815687703,,
b2c6,509,discharge-low,T_std,,,,2.1334796975045944,,
b2c6,510,discharge-low,T_std,,,,2.353724952569205,,
b2c6,516,discharge-low,T_std,,,,2.650880845639063,,
b2c6,517,discharge-low,T_std,,,,2.4036565987486647,,
b2c6,518,discharge-low,T_std,,,,2.433386978647033,,
b2c6,519,discharge-low,T_std,,,,2.393554724924917,,
b2c6,520,discharge-low,T_std,,,,2.314631826699535,,
b2c6,523,discharge-low,T_std,,,,2.7341247093302115,,
b2c6,525,discharge-low,T_std,,,,2.2907517103603867,,
b2c6,533,discharge-low,T_std,,,,2.1444226907490616,,
b2c10,70,discharge-low,T_std,,,,2.1946374881189388,,
b2c10,72,discharge-low,T_std,,,,2.301995897882241,,
b2c10,73,discharge-low,T_std,,,,2.3844551426498715,,
b2c10,74,discharge-low,T_std,,,,2.2311776615417283,,
b2c10,76,discharge-low,T_std,,,,2.1295755406259835,,
b2c10,399,discharge-low,T_std,,,,2.2132836264121623,,
b2c10,403,discharge-low,T_std,,,,2.1420287322373626,,
b2c10,450,discharge-low,T_std,,,,2.1824177500055515,,
b2c10,464,discharge-low,T_std,,,,2.292196580250584,,
b2c10,482,discharge-low,T_std,,,,2.310347878711194,,
b2c10,485,discharge-low,T_std,,,,2.4860445190989413,,
b2c10,497,discharge-low,T_std,,,,2.3063663424147265,,
b2c10,498,discharge-low,T_std,,,,2.5581248506449588,,
b2c10,499,discharge-low,T_std,,,,2.825598489291661,,
b2c10,500,discharge-low,T_std,,,,2.685649382750662,,
b2c10,501,discharge-low,T_std,,,,2.3504578569150905,,
b2c18,503,discharge-low,T_std,,,,2.1424277572198456,,
b2c24,166,discharge-low,T_std,,,,2.751956210664515,,
b2c24,292,discharge-low,T_std,,,,2.396690552929841,,
b2c24,309,discharge-low,T_std,,,,2.8772986207076787,,
b2c24,492,discharge-low,T_std,,,,2.5922153801473384,,
b2c26,247,discharge-low,T_std,,,,2.965139175947987,,
b2c29,246,discharge-low,T_std,,,,3.9189960426154977,,
b2c32,248,discharge-low,T_std,,,,3.489853920569008,,
b2c38,247,discharge-low,T_std,,,,3.3154916354937085,,
b3c5,516,discharge-low,T_std,,,,0.0215810911052477,,
b3c5,520,discharge-low,T_std,,,,0.0263616146153451,,
b3c5,527,discharge-low,T_std,,,,0.024845622910664,,
b3c5,533,discharge-low,T_std,,,,0.0263336696922348,,
b3c5,536,discharge-low,T_std,,,,0.0283331510955596,,
b3c5,537,discharge-low,T_std,,,,0.0273619721629347,,
b3c5,558,discharge-low,T_std,,,,0.0257459690049695,,
b3c5,559,discharge-low,T_std,,,,0.0282646393557183,,
b3c5,570,discharge-low,T_std,,,,0.0245687646292991,,
b3c5,572,discharge-low,T_std,,,,0.0240651988005596,,
b3c5,693,discharge-low,T_std,,,,0.0281158459547181,,
b3c5,697,discharge-low,T_std,,,,0.0261688090433261,,
b3c5,716,discharge-low,T_std,,,,0.0255980371545631,,
b3c5,727,discharge-low,T_std,,,,0.0275667780047175,,
b3c5,728,discharge-low,T_std,,,,0.0238710344849819,,
b3c5,731,discharge-low,T_std,,,,0.0243014833469817,,
b3c5,739,discharge-low,T_std,,,,0.0253685441449528,,
b3c5,772,discharge-low,T_std,,,,0.0275012956038292,,
b3c5,781,discharge-low,T_std,,,,0.0266970076562965,,
b3c36,872,discharge-low,T_std,,,,2.1593828866704023,,
b3c36,873,discharge-low,T_std,,,,2.1739778354499117,,
b3c36,875,discharge-low,T_std,,,,2.217643382535402,,
b3c36,876,discharge-low,T_std,,,,2.215069503275468,,
b3c36,877,discharge-low,T_std,,,,2.2515802732293717,,
b3c36,878,discharge-low,T_std,,,,2.261214234961689,,
b3c36,879,discharge-low,T_std,,,,2.231160175754157,,
b3c36,881,discharge-low,T_std,,,,2.327652982736493,,
b3c36,882,discharge-low,T_std,,,,2.338194847888037,,
b3c36,883,discharge-low,T_std,,,,2.3494176806233225,,
b3c36,884,discharge-low,T_std,,,,2.351971737238669,,
b3c36,885,discharge-low,T_std,,,,2.348735078893285,,
b3c36,886,discharge-low,T_std,,,,2.3470273683929497,,
b3c36,887,discharge-low,T_std,,,,2.359211046351926,,
b3c36,888,discharge-low,T_std,,,,2.387845086585694,,
b3c36,889,discharge-low,T_std,,,,2.356240183703989,,
b3c36,891,discharge-low,T_std,,,,2.370797469690542,,
b3c36,892,discharge-low,T_std,,,,2.336404279038528,,
b3c36,894,discharge-low,T_std,,,,2.3797647425501527,,
b3c36,895,discharge-low,T_std,,,,2.306236260034087,,
b3c36,897,discharge-low,T_std,,,,2.2793152475009566,,
b3c36,898,discharge-low,T_std,,,,2.221133468210588,,
b3c36,899,discharge-low,T_std,,,,2.2404657448982035,,
b3c36,900,discharge-low,T_std,,,,2.2088021049406543,,
b3c36,901,discharge-low,T_std,,,,2.2095151727998683,,
b3c36,905,discharge-low,T_std,,,,2.1424052033366934,,
b3c0,992,discharge-low,V_min,,,,,1.9998984,
b3c2,856,discharge-low,V_min,,,,,1.9999061,
b3c2,1093,discharge-low,V_min,,,,,1.9998994,
b3c2,1226,discharge-low,V_min,,,,,1.9998984,
b3c3,396,discharge-low,V_min,,,,,1.9719424,
b3c3,474,discharge-low,V_min,,,,,1.9859796,
b3c3,827,discharge-low,V_min,,,,,1.9813704,
b3c3,926,discharge-low,V_min,,,,,1.9852509,
b3c3,1051,discharge-low,V_min,,,,,1.9999185,
b3c4,47,discharge-low,V_min,,,,,1.980125,
b3c4,179,discharge-low,V_min,,,,,1.985868,
b3c4,336,discharge-low,V_min,,,,,1.9846578,
b3c4,572,discharge-low,V_min,,,,,1.9663978,
b3c4,654,discharge-low,V_min,,,,,1.9820352,
b3c4,785,discharge-low,V_min,,,,,1.9867978,
b3c5,156,discharge-low,V_min,,,,,1.9565096,
b3c5,262,discharge-low,V_min,,,,,1.9864187,
b3c5,280,discharge-low,V_min,,,,,1.9464617,
b3c5,420,discharge-low,V_min,,,,,1.9792175,
b3c5,590,discharge-low,V_min,,,,,1.9998999,
b3c6,315,discharge-low,V_min,,,,,1.9847074,
b3c6,452,discharge-low,V_min,,,,,1.9999146,
b3c6,512,discharge-low,V_min,,,,,1.9999042,
b3c6,521,discharge-low,V_min,,,,,1.9731221,
b3c6,611,discharge-low,V_min,,,,,1.9999003,
b3c8,71,discharge-low,V_min,,,,,1.9721413,
b3c8,300,discharge-low,V_min,,,,,1.9998999,
b3c8,597,discharge-low,V_min,,,,,1.9998999,
b3c8,644,discharge-low,V_min,,,,,1.999898,
b3c8,699,discharge-low,V_min,,,,,1.999917,
b3c8,752,discharge-low,V_min,,,,,1.9999075,
b3c8,808,discharge-low,V_min,,,,,1.9999018,
b3c9,654,discharge-low,V_min,,,,,1.9999008,
b3c9,758,discharge-low,V_min,,,,,1.9999104,
b3c9,1010,discharge-low,V_min,,,,,1.9999027,
b3c11,568,discharge-low,V_min,,,,,1.9999127,
b3c11,726,discharge-low,V_min,,,,,1.9999022,
b3c12,21,discharge-low,V_min,,,,,1.9787612,
b3c12,575,discharge-low,V_min,,,,,1.9999051,
b3c12,629,discharge-low,V_min,,,,,1.9788375,
b3c12,744,discharge-low,V_min,,,,,1.9999032,
b3c12,762,discharge-low,V_min,,,,,1.9998994,
b3c13,148,discharge-low,V_min,,,,,1.9853816,
b3c13,161,discharge-low,V_min,,,,,1.9834914,
b3c13,266,discharge-low,V_min,,,,,1.9690938,
b3c13,297,discharge-low,V_min,,,,,1.9998994,
b3c13,344,discharge-low,V_min,,,,,1.9863296,
b3c13,393,discharge-low,V_min,,,,,1.9999156,
b3c13,411,discharge-low,V_min,,,,,1.9845824,
b3c13,495,discharge-low,V_min,,,,,1.9609742,
b3c13,633,discharge-low,V_min,,,,,1.9999146,
b3c13,678,discharge-low,V_min,,,,,1.9998984,
b3c13,772,discharge-low,V_min,,,,,1.9999022,
b3c13,811,discharge-low,V_min,,,,,1.9999166,
b3c14,42,discharge-low,V_min,,,,,1.985075,
b3c14,705,discharge-low,V_min,,,,,1.9998999,
b3c14,709,discharge-low,V_min,,,,,1.9999018,
b3c15,187,discharge-low,V_min,,,,,1.98699,
b3c15,571,discharge-low,V_min,,,,,1.9711418,
b3c15,639,discharge-low,V_min,,,,,1.9999142,
b3c15,665,discharge-low,V_min,,,,,1.9998989,
b3c15,685,discharge-low,V_min,,,,,1.999917,
b3c15,865,discharge-low,V_min,,,,,1.9998989,
b3c16,993,discharge-low,V_min,,,,,1.9999042,
b3c17,505,discharge-low,V_min,,,,,1.9998994,
b3c18,336,discharge-low,V_min,,,,,1.9866533,
b3c18,869,discharge-low,V_min,,,,,1.9860764,
b3c18,940,discharge-low,V_min,,,,,1.9999018,
b3c18,1013,discharge-low,V_min,,,,,1.9863424,
b3c19,410,discharge-low,V_min,,,,,1.9999032,
b3c19,693,discharge-low,V_min,,,,,1.999908,
b3c19,750,discharge-low,V_min,,,,,1.9998994,
b3c21,463,discharge-low,V_min,,,,,1.9637666,
b3c22,28,discharge-low,V_min,,,,,1.9642215,
b3c22,219,discharge-low,V_min,,,,,1.9857059,
b3c22,500,discharge-low,V_min,,,,,1.9824061,
b3c23,936,discharge-low,V_min,,,,,1.9999232,
b3c24,778,discharge-low,V_min,,,,,1.9998999,
b3c25,419,discharge-low,V_min,,,,,1.9837174,
b3c26,334,discharge-low,V_min,,,,,1.9868493,
b3c27,258,discharge-low,V_min,,,,,1.96942,
b3c27,531,discharge-low,V_min,,,,,1.9998994,
b3c28,94,discharge-low,V_min,,,,,1.9866681,
b3c29,41,discharge-low,V_min,,,,,1.9846158,
b3c29,234,discharge-low,V_min,,,,,1.986073,
b3c29,284,discharge-low,V_min,,,,,1.9999013,
b3c29,448,discharge-low,V_min,,,,,1.962543,
b3c29,485,discharge-low,V_min,,,,,1.9999051,
b3c29,549,discharge-low,V_min,,,,,1.9847131,
b3c29,651,discharge-low,V_min,,,,,1.9656672,
b3c29,808,discharge-low,V_min,,,,,1.9999099,
b3c29,833,discharge-low,V_min,,,,,1.9999118,
b3c30,923,discharge-low,V_min,,,,,1.9999199,
b3c31,210,discharge-low,V_min,,,,,1.9795938,
b3c31,246,discharge-low,V_min,,,,,1.9825425,
b3c31,363,discharge-low,V_min,,,,,1.9653077,
b3c31,418,discharge-low,V_min,,,,,1.9999022,
b3c31,480,discharge-low,V_min,,,,,1.9998994,
b3c31,509,discharge-low,V_min,,,,,1.9999108,
b3c31,552,discharge-low,V_min,,,,,1.9999013,
b3c31,569,discharge-low,V_min,,,,,1.9999003,
b3c31,595,discharge-low,V_min,,,,,1.9733567,
b3c36,45,discharge-low,V_min,,,,,1.9857626,
b3c36,199,discharge-low,V_min,,,,,1.9683008,
b3c36,202,discharge-low,V_min,,,,,1.9848022,
b3c37,127,discharge-low,V_min,,,,,1.9807153,
b3c37,174,discharge-low,V_min,,,,,1.9773641,
b3c37,197,discharge-low,V_min,,,,,1.9862657,
b3c37,207,discharge-low,V_min,,,,,1.9858994,
b3c37,209,discharge-low,V_min,,,,,1.9843707,
b3c37,210,discharge-low,V_min,,,,,1.9821095,
b3c37,212,discharge-low,V_min,,,,,1.9858937,
b3c37,374,discharge-low,V_min,,,,,1.985661,
b3c37,504,discharge-low,V_min,,,,,1.9846749,
b3c37,756,discharge-low,V_min,,,,,1.9848561,
b3c37,884,discharge-low,V_min,,,,,1.9865918,
b3c37,986,discharge-low,V_min,,,,,1.9866767,
b3c38,385,discharge-low,V_min,,,,,1.9849677,
b3c38,488,discharge-low,V_min,,,,,1.9843297,
b3c38,489,discharge-low,V_min,,,,,1.9807353,
b3c38,1281,discharge-low,V_min,,,,,1.970964,
b3c39,19,discharge-low,V_min,,,,,1.9842067,
b3c39,35,discharge-low,V_min,,,,,1.9855275,
b3c39,194,discharge-low,V_min,,,,,1.9866204,
b3c39,246,discharge-low,V_min,,,,,1.9864535,
b3c39,663,discharge-low,V_min,,,,,1.9847665,
b3c39,686,discharge-low,V_min,,,,,1.9866576,
b3c39,789,discharge-low,V_min,,,,,1.9837718,
b3c40,238,discharge-low,V_min,,,,,1.955904,
b3c40,784,discharge-low,V_min,,,,,1.9999113,
b3c41,15,discharge-low,V_min,,,,,1.9848733,
b3c41,190,discharge-low,V_min,,,,,1.985146,
b3c42,72,discharge-low,V_min,,,,,1.9862199,
b3c42,90,discharge-low,V_min,,,,,1.9868722,
b3c42,204,discharge-low,V_min,,,,,1.98558,
b3c42,438,discharge-low,V_min,,,,,1.9573627,
b3c43,119,discharge-low,V_min,,,,,1.9845185,
b3c43,226,discharge-low,V_min,,,,,1.9999223,
b3c43,434,discharge-low,V_min,,,,,1.9999118,
b3c43,477,discharge-low,V_min,,,,,1.9800391,
b3c43,560,discharge-low,V_min,,,,,1.9868846,
b3c43,631,discharge-low,V_min,,,,,1.9999156,
b3c43,688,discharge-low,V_min,,,,,1.9999022,
b3c43,805,discharge-low,V_min,,,,,1.9999051,
b3c43,884,discharge-low,V_min,,,,,1.9582477,
b3c43,911,discharge-low,V_min,,,,,1.999907,
b3c44,577,discharge-low,V_min,,,,,1.9855275,
b3c44,709,discharge-low,V_min,,,,,1.9737163,
b3c44,806,discharge-low,V_min,,,,,1.9831061,
b3c44,890,discharge-low,V_min,,,,,1.9999022,
b2c3,330,discharge-low,V_max,,,,,,2.8018713
b2c6,257,discharge-low,V_max,,,,,,3.1183095
b2c21,519,discharge-low,V_max,,,,,,2.8014312
b2c22,246,discharge-low,V_max,,,,,,3.2037301
