cell_id,cycle,scenario,count
1-1,1474,charge-high,35
1-1,1475,charge-high,35
1-1,1476,charge-high,35
1-1,1477,charge-high,35
1-1,1478,charge-high,35
1-1,1479,charge-high,35
1-1,1480,charge-high,35
1-1,1481,charge-high,35
1-1,1482,charge-high,35
1-1,1483,charge-high,35
1-1,1484,charge-high,35
1-1,1485,charge-high,35
1-1,1486,charge-high,35
1-1,1487,charge-high,35
1-1,1488,charge-high,35
1-1,1489,charge-high,35
1-1,1490,charge-high,35
1-1,1491,charge-high,35
1-1,1492,charge-high,35
1-1,1493,charge-high,35
1-1,1494,charge-high,35
1-1,1495,charge-high,35
1-1,1496,charge-high,35
1-1,1497,charge-high,35
1-1,1498,charge-high,35
1-1,1499,charge-high,35
1-1,1500,charge-high,35
1-1,1501,charge-high,35
1-1,1502,charge-high,35
1-1,1503,charge-high,35
1-1,1504,charge-high,35
10-1,1672,charge-high,35
10-1,1673,charge-high,35
10-1,1674,charge-high,35
10-1,1675,charge-high,35
10-1,1676,charge-high,35
10-1,1677,charge-high,35
10-1,1678,charge-high,35
10-1,1679,charge-high,35
10-1,1680,charge-high,35
10-1,1681,charge-high,35
10-1,1682,charge-high,35
10-1,1683,charge-high,35
10-1,1684,charge-high,35
10-1,1685,charge-high,35
10-1,1686,charge-high,35
10-1,1687,charge-high,35
10-1,1688,charge-high,35
10-1,1689,charge-high,35
10-1,1690,charge-high,35
10-1,1691,charge-high,35
10-1,1692,charge-high,35
10-1,1693,charge-high,35
10-1,1694,charge-high,35
10-1,1695,charge-high,35
10-1,1696,charge-high,35
10-1,1697,charge-high,35
10-1,1698,charge-high,35
10-1,1699,charge-high,35
10-1,1700,charge-high,35
10-1,1701,charge-high,35
10-1,1702,charge-high,35
2-2,1,charge-high,48
2-2,2,charge-high,48
2-2,3,charge-high,48
2-2,4,charge-high,48
2-2,5,charge-high,48
2-2,6,charge-high,48
2-2,7,charge-high,48
2-2,8,charge-high,48
2-2,9,charge-high,48
2-2,10,charge-high,48
2-2,11,charge-high,48
2-2,12,charge-high,48
2-2,13,charge-high,48
2-2,14,charge-high,48
2-2,15,charge-high,48
2-2,16,charge-high,48
2-2,17,charge-high,48
2-2,18,charge-high,48
2-2,19,charge-high,48
2-2,20,charge-high,48
2-2,21,charge-high,48
2-2,22,charge-high,48
2-2,23,charge-high,48
2-2,24,charge-high,48
2-2,25,charge-high,48
2-2,26,charge-high,48
2-2,27,charge-high,48
2-2,28,charge-high,48
2-2,29,charge-high,48
2-2,30,charge-high,48
2-2,31,charge-high,48
2-2,32,charge-high,48
2-2,33,charge-high,48
2-2,34,charge-high,48
2-2,35,charge-high,48
2-2,36,charge-high,48
2-2,37,charge-high,48
2-2,38,charge-high,48
2-2,39,charge-high,48
2-2,40,charge-high,48
2-2,41,charge-high,48
2-2,42,charge-high,48
2-2,43,charge-high,48
2-2,44,charge-high,48
2-2,45,charge-high,48
2-2,46,charge-high,48
2-2,47,charge-high,48
2-2,48,charge-high,48
2-2,49,charge-high,48
2-2,50,charge-high,48
2-2,51,charge-high,48
2-2,52,charge-high,48
2-2,53,charge-high,48
2-2,54,charge-high,48
2-2,55,charge-high,48
2-2,56,charge-high,48
2-2,57,charge-high,48
2-2,58,charge-high,48
2-2,59,charge-high,48
2-2,60,charge-high,48
2-2,61,charge-high,48
2-2,62,charge-high,48
2-2,63,charge-high,48
2-2,64,charge-high,48
2-2,65,charge-high,48
2-2,66,charge-high,48
2-2,67,charge-high,48
2-2,68,charge-high,48
2-2,69,charge-high,48
2-2,70,charge-high,48
2-2,71,charge-high,48
2-2,72,charge-high,48
2-2,73,charge-high,48
2-2,74,charge-high,48
2-2,75,charge-high,48
2-2,76,charge-high,48
2-2,77,charge-high,48
2-2,78,charge-high,48
2-2,79,charge-high,48
2-2,80,charge-high,48
2-2,81,charge-high,48
2-2,82,charge-high,48
2-2,83,charge-high,48
2-2,84,charge-high,48
2-2,85,charge-high,48
2-2,86,charge-high,48
2-2,87,charge-high,48
2-2,88,charge-high,48
2-2,89,charge-high,48
2-2,90,charge-high,48
2-2,91,charge-high,48
2-2,92,charge-high,48
2-2,93,charge-high,48
2-2,94,charge-high,48
2-2,95,charge-high,48
2-2,96,charge-high,48
2-2,97,charge-high,48
2-2,98,charge-high,48
2-2,99,charge-high,48
2-2,100,charge-high,48
2-2,101,charge-high,48
2-2,102,charge-high,48
2-2,103,charge-high,48
2-2,104,charge-high,48
2-2,105,charge-high,48
2-2,106,charge-high,48
2-2,107,charge-high,48
2-2,108,charge-high,48
2-2,109,charge-high,48
2-2,110,charge-high,48
2-2,111,charge-high,48
2-2,112,charge-high,48
2-2,113,charge-high,48
2-2,114,charge-high,48
2-2,115,charge-high,48
2-2,116,charge-high,48
2-2,117,charge-high,48
2-2,118,charge-high,48
2-2,119,charge-high,48
2-2,120,charge-high,48
2-2,121,charge-high,48
2-2,122,charge-high,48
2-2,123,charge-high,48
2-2,124,charge-high,48
2-2,125,charge-high,48
2-2,126,charge-high,48
2-2,127,charge-high,48
2-2,128,charge-high,48
2-2,129,charge-high,48
2-2,130,charge-high,48
2-2,131,charge-high,48
2-2,132,charge-high,48
2-2,133,charge-high,48
2-2,134,charge-high,48
2-2,135,charge-high,48
2-2,136,charge-high,48
2-2,137,charge-high,48
2-2,138,charge-high,48
2-2,139,charge-high,48
2-2,140,charge-high,48
2-2,141,charge-high,48
2-2,142,charge-high,48
2-2,143,charge-high,48
2-2,144,charge-high,48
2-2,145,charge-high,48
2-2,146,charge-high,48
2-2,147,charge-high,48
2-2,148,charge-high,48
2-2,149,charge-high,48
2-2,150,charge-high,48
2-2,151,charge-high,48
2-2,152,charge-high,48
2-2,153,charge-high,48
2-2,154,charge-high,48
2-2,155,charge-high,48
2-2,156,charge-high,48
2-2,157,charge-high,48
2-2,158,charge-high,48
2-2,159,charge-high,48
2-2,160,charge-high,48
2-2,161,charge-high,48
2-2,2617,charge-high,35
2-2,2618,charge-high,35
2-2,2619,charge-high,35
2-2,2620,charge-high,35
2-2,2621,charge-high,35
2-2,2622,charge-high,35
2-2,2623,charge-high,35
2-2,2624,charge-high,35
2-2,2625,charge-high,35
2-2,2626,charge-high,35
2-2,2627,charge-high,35
2-2,2628,charge-high,35
2-2,2629,charge-high,35
2-2,2630,charge-high,35
2-2,2631,charge-high,35
2-2,2632,charge-high,35
2-2,2633,charge-high,35
2-2,2634,charge-high,35
2-2,2635,charge-high,35
2-2,2636,charge-high,35
2-2,2637,charge-high,35
2-2,2638,charge-high,35
2-2,2639,charge-high,35
2-2,2640,charge-high,35
2-2,2641,charge-high,35
2-2,2642,charge-high,35
2-2,2643,charge-high,35
2-2,2644,charge-high,35
2-2,2645,charge-high,35
2-2,2646,charge-high,35
2-2,2647,charge-high,35
2-2,2648,charge-high,35
2-2,2649,charge-high,35
2-2,2650,charge-high,35
2-2,2651,charge-high,35
3-1,16,charge-high,48
3-1,17,charge-high,48
3-1,18,charge-high,48
3-1,19,charge-high,48
3-1,20,charge-high,48
3-1,21,charge-high,48
3-1,22,charge-high,48
3-1,23,charge-high,48
3-1,24,charge-high,48
3-1,25,charge-high,48
3-1,26,charge-high,48
3-1,27,charge-high,48
3-1,28,charge-high,48
3-1,29,charge-high,48
3-1,30,charge-high,48
3-1,31,charge-high,48
3-1,32,charge-high,48
3-1,33,charge-high,48
3-1,34,charge-high,48
3-1,35,charge-high,48
3-1,36,charge-high,48
3-1,37,charge-high,48
3-1,38,charge-high,48
3-1,39,charge-high,48
3-1,40,charge-high,48
3-1,41,charge-high,48
3-1,42,charge-high,48
3-1,43,charge-high,48
3-1,44,charge-high,48
3-1,45,charge-high,48
3-1,46,charge-high,48
3-1,47,charge-high,48
3-1,48,charge-high,48
3-1,49,charge-high,48
3-1,50,charge-high,48
3-1,51,charge-high,48
3-1,52,charge-high,48
3-1,53,charge-high,48
3-1,54,charge-high,48
3-1,55,charge-high,48
3-1,56,charge-high,48
3-1,57,charge-high,48
3-1,58,charge-high,48
3-1,59,charge-high,48
3-1,60,charge-high,48
3-1,61,charge-high,48
3-1,62,charge-high,48
3-1,63,charge-high,48
3-1,64,charge-high,48
3-1,65,charge-high,48
3-1,66,charge-high,48
3-1,67,charge-high,48
3-1,68,charge-high,48
3-1,69,charge-high,48
3-1,70,charge-high,48
3-1,71,charge-high,48
3-1,72,charge-high,48
3-1,73,charge-high,48
3-1,74,charge-high,48
3-1,75,charge-high,48
3-1,76,charge-high,48
3-1,77,charge-high,48
3-1,78,charge-high,48
3-1,79,charge-high,48
3-1,83,charge-high,48
3-1,1907,charge-high,35
3-1,1908,charge-high,35
3-1,1909,charge-high,35
3-1,1910,charge-high,35
3-1,1911,charge-high,35
3-1,1912,charge-high,35
3-1,1913,charge-high,35
3-1,1914,charge-high,35
3-1,1915,charge-high,35
3-1,1916,charge-high,35
3-1,1917,charge-high,35
3-1,1918,charge-high,35
3-1,1919,charge-high,35
3-1,1920,charge-high,35
3-1,1921,charge-high,35
3-1,1922,charge-high,35
3-1,1923,charge-high,35
3-1,1924,charge-high,35
3-1,1925,charge-high,35
3-1,1926,charge-high,35
3-1,1927,charge-high,35
3-1,1928,charge-high,35
3-1,1929,charge-high,35
3-1,1930,charge-high,35
3-1,1931,charge-high,35
3-1,1932,charge-high,35
3-1,1933,charge-high,35
3-1,1934,charge-high,35
3-1,1935,charge-high,35
3-1,1936,charge-high,35
3-1,1937,charge-high,35
3-1,1938,charge-high,35
4-1,2190,charge-high,35
4-1,2191,charge-high,35
4-1,2192,charge-high,35
4-1,2193,charge-high,35
4-1,2194,charge-high,35
4-1,2195,charge-high,35
4-1,2196,charge-high,35
4-1,2197,charge-high,35
4-1,2198,charge-high,35
4-1,2199,charge-high,35
4-1,2200,charge-high,35
4-1,2201,charge-high,35
4-1,2202,charge-high,35
4-1,2203,charge-high,35
4-1,2204,charge-high,35
4-1,2205,charge-high,35
4-1,2206,charge-high,35
4-1,2207,charge-high,35
4-1,2208,charge-high,35
4-1,2209,charge-high,35
4-1,2210,charge-high,35
4-1,2211,charge-high,35
4-1,2212,charge-high,35
4-1,2213,charge-high,35
4-1,2214,charge-high,35
4-1,2215,charge-high,35
4-1,2216,charge-high,35
4-1,2217,charge-high,35
5-1,1,charge-high,48
5-1,2,charge-high,48
5-1,3,charge-high,48
5-1,4,charge-high,48
5-1,5,charge-high,48
5-1,6,charge-high,48
5-1,7,charge-high,48
5-1,8,charge-high,48
5-1,9,charge-high,48
5-1,10,charge-high,48
5-1,11,charge-high,48
5-1,12,charge-high,48
5-1,13,charge-high,48
5-1,14,charge-high,48
5-1,15,charge-high,48
5-1,16,charge-high,48
5-1,17,charge-high,48
5-1,18,charge-high,48
5-1,19,charge-high,48
5-1,20,charge-high,48
5-1,21,charge-high,48
5-1,22,charge-high,48
5-1,23,charge-high,48
5-1,24,charge-high,48
5-1,25,charge-high,48
5-1,26,charge-high,48
5-1,27,charge-high,48
5-1,28,charge-high,48
5-1,29,charge-high,48
5-1,30,charge-high,48
5-1,31,charge-high,48
5-1,2453,charge-high,35
5-1,2454,charge-high,35
5-1,2455,charge-high,35
5-1,2456,charge-high,35
5-1,2457,charge-high,35
5-1,2458,charge-high,35
5-1,2459,charge-high,35
5-1,2460,charge-high,35
5-1,2461,charge-high,35
5-1,2462,charge-high,35
5-1,2463,charge-high,35
5-1,2464,charge-high,35
5-1,2465,charge-high,35
5-1,2466,charge-high,35
5-1,2467,charge-high,35
5-1,2468,charge-high,35
5-1,2469,charge-high,35
5-1,2470,charge-high,35
5-1,2471,charge-high,35
5-1,2472,charge-high,35
5-1,2473,charge-high,35
5-1,2474,charge-high,35
5-1,2475,charge-high,35
5-1,2476,charge-high,35
5-1,2477,charge-high,35
5-1,2478,charge-high,35
5-1,2479,charge-high,35
5-1,2480,charge-high,35
5-1,2481,charge-high,35
5-1,2482,charge-high,35
5-1,2483,charge-high,35
5-1,2484,charge-high,35
5-1,2485,charge-high,35
5-1,2486,charge-high,35
5-1,2487,charge-high,35
5-1,2488,charge-high,35
5-1,2489,charge-high,35
5-1,2490,charge-high,35
5-1,2491,charge-high,35
5-1,2492,charge-high,35
5-1,2493,charge-high,35
5-1,2494,charge-high,35
5-1,2495,charge-high,35
5-1,2496,charge-high,35
5-1,2497,charge-high,35
5-1,2498,charge-high,35
5-1,2499,charge-high,35
5-1,2500,charge-high,35
5-1,2501,charge-high,35
5-1,2502,charge-high,35
5-1,2503,charge-high,35
5-1,2504,charge-high,35
5-1,2505,charge-high,35
5-1,2506,charge-high,35
5-1,2507,charge-high,35
6-1,1571,charge-high,35
6-1,1572,charge-high,35
6-1,1573,charge-high,35
6-1,1574,charge-high,35
6-1,1575,charge-high,35
6-1,1576,charge-high,35
6-1,1577,charge-high,35
6-1,1578,charge-high,35
6-1,1579,charge-high,35
6-1,1580,charge-high,35
6-1,1581,charge-high,35
6-1,1582,charge-high,35
6-1,1583,charge-high,35
6-1,1584,charge-high,35
6-1,1585,charge-high,35
6-1,1586,charge-high,35
6-1,1587,charge-high,35
6-1,1588,charge-high,35
6-1,1589,charge-high,35
6-1,1590,charge-high,35
6-1,1591,charge-high,35
6-1,1592,charge-high,35
6-1,1593,charge-high,35
6-1,1594,charge-high,35
6-1,1595,charge-high,35
6-1,1596,charge-high,35
6-1,1597,charge-high,35
6-1,1598,charge-high,35
6-1,1599,charge-high,35
6-1,1600,charge-high,35
6-1,1601,charge-high,35
6-1,1602,charge-high,35
6-1,1603,charge-high,35
6-1,1604,charge-high,35
6-1,1605,charge-high,35
6-1,1606,charge-high,35
6-1,1607,charge-high,35
6-1,1608,charge-high,35
6-1,1609,charge-high,35
7-1,1661,charge-high,35
7-1,1662,charge-high,35
7-1,1663,charge-high,35
7-1,1664,charge-high,35
7-1,1665,charge-high,35
7-1,1666,charge-high,35
7-1,1667,charge-high,35
7-1,1668,charge-high,35
7-1,1669,charge-high,35
7-1,1670,charge-high,35
7-1,1671,charge-high,35
7-1,1672,charge-high,35
7-1,1673,charge-high,35
7-1,1674,charge-high,35
7-1,1675,charge-high,35
7-1,1676,charge-high,35
7-1,1677,charge-high,35
7-1,1678,charge-high,35
7-1,1679,charge-high,35
7-1,1680,charge-high,35
7-1,1681,charge-high,35
7-1,1682,charge-high,35
7-1,1683,charge-high,35
7-1,1684,charge-high,35
7-1,1685,charge-high,35
7-1,1686,charge-high,35
7-1,1687,charge-high,35
7-1,1688,charge-high,35
7-1,1689,charge-high,35
7-1,1690,charge-high,35
8-1,1285,charge-high,35
8-1,1286,charge-high,35
8-1,1287,charge-high,35
8-1,1288,charge-high,35
8-1,1289,charge-high,35
8-1,1290,charge-high,35
8-1,1291,charge-high,35
8-1,1292,charge-high,35
8-1,1293,charge-high,35
8-1,1294,charge-high,35
8-1,1295,charge-high,35
8-1,1296,charge-high,35
8-1,1297,charge-high,35
8-1,1298,charge-high,35
8-1,1299,charge-high,35
8-1,1300,charge-high,35
8-1,1301,charge-high,35
8-1,1302,charge-high,35
8-1,1303,charge-high,35
8-1,1304,charge-high,35
8-1,1305,charge-high,35
8-1,1306,charge-high,35
8-1,1307,charge-high,35
8-1,1308,charge-high,35
9-1,1,charge-high,48
9-1,2,charge-high,48
9-1,3,charge-high,48
9-1,4,charge-high,48
9-1,5,charge-high,48
9-1,6,charge-high,48
9-1,7,charge-high,48
9-1,8,charge-high,48
9-1,9,charge-high,48
9-1,10,charge-high,48
9-1,11,charge-high,48
9-1,12,charge-high,48
9-1,13,charge-high,48
9-1,14,charge-high,48
9-1,15,charge-high,48
9-1,16,charge-high,48
9-1,17,charge-high,48
9-1,18,charge-high,48
9-1,19,charge-high,48
9-1,20,charge-high,48
9-1,21,charge-high,48
9-1,22,charge-high,48
9-1,23,charge-high,48
9-1,24,charge-high,48
9-1,25,charge-high,48
9-1,26,charge-high,48
9-1,27,charge-high,48
9-1,28,charge-high,48
9-1,29,charge-high,48
9-1,30,charge-high,48
9-1,31,charge-high,48
9-1,32,charge-high,48
9-1,33,charge-high,48
9-1,34,charge-high,48
9-1,35,charge-high,48
9-1,36,charge-high,48
9-1,37,charge-high,48
9-1,38,charge-high,48
9-1,39,charge-high,48
9-1,40,charge-high,48
9-1,41,charge-high,48
9-1,42,charge-high,48
9-1,43,charge-high,48
9-1,44,charge-high,48
9-1,45,charge-high,48
9-1,46,charge-high,48
9-1,47,charge-high,48
9-1,48,charge-high,48
9-1,49,charge-high,48
9-1,50,charge-high,48
9-1,51,charge-high,48
9-1,52,charge-high,48
9-1,53,charge-high,48
9-1,54,charge-high,48
9-1,55,charge-high,48
9-1,56,charge-high,48
9-1,57,charge-high,48
9-1,58,charge-high,48
9-1,59,charge-high,48
9-1,60,charge-high,48
9-1,61,charge-high,48
9-1,62,charge-high,48
9-1,63,charge-high,48
9-1,64,charge-high,48
9-1,65,charge-high,48
9-1,66,charge-high,48
9-1,67,charge-high,48
9-1,68,charge-high,48
9-1,69,charge-high,48
9-1,70,charge-high,48
9-1,71,charge-high,48
9-1,72,charge-high,48
9-1,73,charge-high,48
9-1,74,charge-high,48
9-1,75,charge-high,48
9-1,76,charge-high,48
9-1,77,charge-high,48
9-1,78,charge-high,48
9-1,79,charge-high,48
9-1,80,charge-high,48
9-1,81,charge-high,48
9-1,82,charge-high,48
9-1,83,charge-high,48
9-1,84,charge-high,48
9-1,85,charge-high,48
9-1,86,charge-high,48
9-1,87,charge-high,48
9-1,88,charge-high,48
9-1,89,charge-high,48
9-1,90,charge-high,48
9-1,91,charge-high,48
9-1,92,charge-high,48
9-1,93,charge-high,48
9-1,94,charge-high,48
9-1,95,charge-high,48
9-1,96,charge-high,48
9-1,97,charge-high,48
9-1,98,charge-high,48
9-1,99,charge-high,48
9-1,100,charge-high,48
9-1,101,charge-high,48
9-1,102,charge-high,48
9-1,103,charge-high,48
9-1,104,charge-high,48
9-1,105,charge-high,48
9-1,106,charge-high,48
9-1,107,charge-high,48
9-1,108,charge-high,48
9-1,109,charge-high,48
9-1,110,charge-high,48
9-1,111,charge-high,48
9-1,112,charge-high,48
9-1,113,charge-high,48
9-1,114,charge-high,48
9-1,115,charge-high,48
9-1,116,charge-high,48
9-1,117,charge-high,48
9-1,118,charge-high,48
9-1,119,charge-high,48
9-1,120,charge-high,48
9-1,121,charge-high,48
9-1,122,charge-high,48
9-1,123,charge-high,48
9-1,124,charge-high,48
9-1,125,charge-high,48
9-1,126,charge-high,48
9-1,127,charge-high,48
9-1,128,charge-high,48
9-1,129,charge-high,48
9-1,130,charge-high,48
9-1,131,charge-high,48
9-1,132,charge-high,48
9-1,133,charge-high,48
9-1,134,charge-high,48
9-1,135,charge-high,48
9-1,136,charge-high,48
9-1,137,charge-high,48
9-1,138,charge-high,48
9-1,139,charge-high,48
9-1,140,charge-high,48
9-1,141,charge-high,48
9-1,142,charge-high,48
9-1,143,charge-high,48
9-1,144,charge-high,48
9-1,145,charge-high,48
9-1,146,charge-high,48
9-1,147,charge-high,48
9-1,148,charge-high,48
9-1,149,charge-high,48
9-1,150,charge-high,48
9-1,2030,charge-high,35
9-1,2031,charge-high,35
9-1,2032,charge-high,35
9-1,2033,charge-high,35
9-1,2034,charge-high,35
9-1,2035,charge-high,35
9-1,2036,charge-high,35
9-1,2037,charge-high,35
9-1,2038,charge-high,35
9-1,2039,charge-high,35
9-1,2040,charge-high,35
9-1,2041,charge-high,35
9-1,2042,charge-high,35
9-1,2043,charge-high,35
9-1,2044,charge-high,35
9-1,2045,charge-high,35
9-1,2046,charge-high,35
9-1,2047,charge-high,35
9-1,2048,charge-high,35
9-1,2049,charge-high,35
9-1,2050,charge-high,35
9-1,2051,charge-high,35
9-1,2052,charge-high,35
9-1,2053,charge-high,35
9-1,2054,charge-high,35
9-1,2055,charge-high,35
9-1,2056,charge-high,35
9-1,2057,charge-high,35
1-1,1437,charge-mid,47
1-1,1438,charge-mid,47
1-1,1439,charge-mid,47
1-1,1440,charge-mid,47
1-1,1441,charge-mid,47
1-1,1442,charge-mid,47
1-1,1443,charge-mid,47
1-1,1444,charge-mid,47
1-1,1445,charge-mid,47
1-1,1446,charge-mid,47
1-1,1447,charge-mid,47
1-1,1448,charge-mid,47
1-1,1449,charge-mid,47
1-1,1450,charge-mid,47
1-1,1451,charge-mid,47
1-1,1452,charge-mid,47
1-1,1453,charge-mid,47
1-1,1454,charge-mid,47
1-1,1455,charge-mid,47
1-1,1456,charge-mid,47
1-1,1457,charge-mid,47
1-1,1458,charge-mid,47
1-1,1459,charge-mid,47
1-1,1460,charge-mid,47
1-1,1461,charge-mid,47
1-1,1462,charge-mid,47
1-1,1463,charge-mid,47
1-1,1464,charge-mid,47
1-1,1465,charge-mid,46
1-1,1466,charge-mid,46
1-1,1467,charge-mid,46
1-1,1468,charge-mid,46
1-1,1469,charge-mid,46
1-1,1470,charge-mid,46
1-1,1471,charge-mid,46
1-1,1472,charge-mid,46
1-1,1473,charge-mid,46
10-1,1632,charge-mid,47
10-1,1633,charge-mid,47
10-1,1634,charge-mid,47
10-1,1635,charge-mid,47
10-1,1636,charge-mid,47
10-1,1637,charge-mid,47
10-1,1638,charge-mid,47
10-1,1639,charge-mid,47
10-1,1640,charge-mid,47
10-1,1641,charge-mid,47
10-1,1642,charge-mid,47
10-1,1643,charge-mid,47
10-1,1644,charge-mid,47
10-1,1645,charge-mid,47
10-1,1646,charge-mid,47
10-1,1647,charge-mid,47
10-1,1648,charge-mid,47
10-1,1649,charge-mid,47
10-1,1650,charge-mid,47
10-1,1651,charge-mid,47
10-1,1652,charge-mid,47
10-1,1653,charge-mid,47
10-1,1654,charge-mid,47
10-1,1655,charge-mid,47
10-1,1656,charge-mid,47
10-1,1657,charge-mid,47
10-1,1658,charge-mid,47
10-1,1659,charge-mid,47
10-1,1660,charge-mid,47
10-1,1661,charge-mid,47
10-1,1662,charge-mid,46
10-1,1663,charge-mid,46
10-1,1664,charge-mid,46
10-1,1665,charge-mid,46
10-1,1666,charge-mid,46
10-1,1667,charge-mid,46
10-1,1668,charge-mid,46
10-1,1669,charge-mid,46
10-1,1670,charge-mid,46
10-1,1671,charge-mid,46
2-2,162,charge-mid,63
2-2,163,charge-mid,63
2-2,164,charge-mid,63
2-2,165,charge-mid,63
2-2,166,charge-mid,63
2-2,167,charge-mid,63
2-2,168,charge-mid,63
2-2,169,charge-mid,63
2-2,170,charge-mid,63
2-2,171,charge-mid,63
2-2,172,charge-mid,63
2-2,173,charge-mid,63
2-2,174,charge-mid,63
2-2,175,charge-mid,63
2-2,176,charge-mid,63
2-2,177,charge-mid,63
2-2,178,charge-mid,63
2-2,179,charge-mid,63
2-2,180,charge-mid,63
2-2,181,charge-mid,63
2-2,182,charge-mid,63
2-2,183,charge-mid,63
2-2,184,charge-mid,63
2-2,185,charge-mid,63
2-2,186,charge-mid,63
2-2,187,charge-mid,63
2-2,188,charge-mid,63
2-2,189,charge-mid,63
2-2,190,charge-mid,63
2-2,191,charge-mid,63
2-2,192,charge-mid,63
2-2,193,charge-mid,63
2-2,194,charge-mid,63
2-2,195,charge-mid,63
2-2,196,charge-mid,63
2-2,197,charge-mid,63
2-2,198,charge-mid,63
2-2,199,charge-mid,63
2-2,200,charge-mid,63
2-2,201,charge-mid,63
2-2,202,charge-mid,63
2-2,203,charge-mid,63
2-2,204,charge-mid,63
2-2,205,charge-mid,63
2-2,206,charge-mid,63
2-2,207,charge-mid,63
2-2,208,charge-mid,63
2-2,209,charge-mid,63
2-2,210,charge-mid,63
2-2,211,charge-mid,63
2-2,212,charge-mid,63
2-2,213,charge-mid,63
2-2,214,charge-mid,63
2-2,215,charge-mid,63
2-2,216,charge-mid,63
2-2,217,charge-mid,63
2-2,218,charge-mid,63
2-2,219,charge-mid,63
2-2,220,charge-mid,63
2-2,221,charge-mid,63
2-2,222,charge-mid,63
2-2,223,charge-mid,63
2-2,224,charge-mid,63
2-2,225,charge-mid,63
2-2,226,charge-mid,63
2-2,227,charge-mid,63
2-2,228,charge-mid,63
2-2,229,charge-mid,63
2-2,230,charge-mid,63
2-2,231,charge-mid,63
2-2,232,charge-mid,63
2-2,233,charge-mid,63
2-2,234,charge-mid,63
2-2,235,charge-mid,63
2-2,236,charge-mid,63
2-2,237,charge-mid,63
2-2,238,charge-mid,63
2-2,239,charge-mid,63
2-2,240,charge-mid,63
2-2,241,charge-mid,63
2-2,242,charge-mid,63
2-2,243,charge-mid,63
2-2,244,charge-mid,63
2-2,245,charge-mid,63
2-2,246,charge-mid,63
2-2,247,charge-mid,63
2-2,248,charge-mid,63
2-2,249,charge-mid,63
2-2,250,charge-mid,63
2-2,251,charge-mid,63
2-2,252,charge-mid,63
2-2,253,charge-mid,63
2-2,254,charge-mid,63
2-2,255,charge-mid,63
2-2,256,charge-mid,63
2-2,257,charge-mid,63
2-2,258,charge-mid,63
2-2,259,charge-mid,63
2-2,260,charge-mid,63
2-2,261,charge-mid,63
2-2,262,charge-mid,63
2-2,263,charge-mid,63
2-2,264,charge-mid,63
2-2,265,charge-mid,63
2-2,266,charge-mid,63
2-2,267,charge-mid,63
2-2,268,charge-mid,63
2-2,269,charge-mid,63
2-2,270,charge-mid,63
2-2,271,charge-mid,63
2-2,272,charge-mid,63
2-2,273,charge-mid,63
2-2,274,charge-mid,63
2-2,275,charge-mid,63
2-2,276,charge-mid,63
2-2,277,charge-mid,63
2-2,2565,charge-mid,47
2-2,2566,charge-mid,47
2-2,2567,charge-mid,47
2-2,2568,charge-mid,47
2-2,2569,charge-mid,47
2-2,2570,charge-mid,47
2-2,2571,charge-mid,47
2-2,2572,charge-mid,47
2-2,2573,charge-mid,47
2-2,2574,charge-mid,47
2-2,2575,charge-mid,47
2-2,2576,charge-mid,47
2-2,2577,charge-mid,47
2-2,2578,charge-mid,47
2-2,2579,charge-mid,47
2-2,2580,charge-mid,47
2-2,2581,charge-mid,47
2-2,2582,charge-mid,47
2-2,2583,charge-mid,47
2-2,2584,charge-mid,47
2-2,2585,charge-mid,47
2-2,2586,charge-mid,47
2-2,2587,charge-mid,47
2-2,2588,charge-mid,47
2-2,2589,charge-mid,47
2-2,2590,charge-mid,47
2-2,2591,charge-mid,47
2-2,2592,charge-mid,47
2-2,2593,charge-mid,47
2-2,2594,charge-mid,47
2-2,2595,charge-mid,47
2-2,2596,charge-mid,47
2-2,2597,charge-mid,47
2-2,2598,charge-mid,47
2-2,2599,charge-mid,47
2-2,2600,charge-mid,47
2-2,2601,charge-mid,47
2-2,2602,charge-mid,47
2-2,2603,charge-mid,47
2-2,2604,charge-mid,47
2-2,2605,charge-mid,46
2-2,2606,charge-mid,46
2-2,2607,charge-mid,46
2-2,2608,charge-mid,46
2-2,2609,charge-mid,46
2-2,2610,charge-mid,46
2-2,2611,charge-mid,46
2-2,2612,charge-mid,46
2-2,2613,charge-mid,46
2-2,2614,charge-mid,46
2-2,2615,charge-mid,46
2-2,2616,charge-mid,46
3-1,8,charge-mid,63
3-1,9,charge-mid,63
3-1,10,charge-mid,63
3-1,11,charge-mid,63
3-1,12,charge-mid,63
3-1,13,charge-mid,63
3-1,14,charge-mid,63
3-1,15,charge-mid,63
3-1,80,charge-mid,63
3-1,81,charge-mid,63
3-1,82,charge-mid,63
3-1,84,charge-mid,63
3-1,85,charge-mid,63
3-1,86,charge-mid,63
3-1,87,charge-mid,63
3-1,88,charge-mid,63
3-1,89,charge-mid,63
3-1,90,charge-mid,63
3-1,91,charge-mid,63
3-1,92,charge-mid,63
3-1,93,charge-mid,63
3-1,94,charge-mid,63
3-1,95,charge-mid,63
3-1,96,charge-mid,63
3-1,97,charge-mid,63
3-1,98,charge-mid,63
3-1,99,charge-mid,63
3-1,100,charge-mid,63
3-1,101,charge-mid,63
3-1,102,charge-mid,63
3-1,103,charge-mid,63
3-1,104,charge-mid,63
3-1,105,charge-mid,63
3-1,106,charge-mid,63
3-1,107,charge-mid,63
3-1,108,charge-mid,63
3-1,109,charge-mid,63
3-1,110,charge-mid,63
3-1,111,charge-mid,63
3-1,112,charge-mid,63
3-1,113,charge-mid,63
3-1,114,charge-mid,63
3-1,115,charge-mid,63
3-1,116,charge-mid,63
3-1,117,charge-mid,63
3-1,118,charge-mid,63
3-1,119,charge-mid,63
3-1,120,charge-mid,63
3-1,121,charge-mid,63
3-1,122,charge-mid,63
3-1,123,charge-mid,63
3-1,124,charge-mid,63
3-1,125,charge-mid,63
3-1,126,charge-mid,63
3-1,127,charge-mid,63
3-1,128,charge-mid,63
3-1,129,charge-mid,63
3-1,130,charge-mid,63
3-1,131,charge-mid,63
3-1,132,charge-mid,63
3-1,133,charge-mid,63
3-1,134,charge-mid,63
3-1,135,charge-mid,63
3-1,136,charge-mid,63
3-1,137,charge-mid,63
3-1,138,charge-mid,63
3-1,139,charge-mid,63
3-1,140,charge-mid,63
3-1,141,charge-mid,63
3-1,142,charge-mid,63
3-1,143,charge-mid,63
3-1,144,charge-mid,63
3-1,1867,charge-mid,47
3-1,1868,charge-mid,47
3-1,1869,charge-mid,47
3-1,1870,charge-mid,47
3-1,1871,charge-mid,47
3-1,1872,charge-mid,47
3-1,1873,charge-mid,47
3-1,1874,charge-mid,47
3-1,1875,charge-mid,47
3-1,1876,charge-mid,47
3-1,1877,charge-mid,47
3-1,1878,charge-mid,47
3-1,1879,charge-mid,47
3-1,1880,charge-mid,47
3-1,1881,charge-mid,47
3-1,1882,charge-mid,47
3-1,1883,charge-mid,47
3-1,1884,charge-mid,47
3-1,1885,charge-mid,47
3-1,1886,charge-mid,47
3-1,1887,charge-mid,47
3-1,1888,charge-mid,47
3-1,1889,charge-mid,47
3-1,1890,charge-mid,47
3-1,1891,charge-mid,47
3-1,1892,charge-mid,47
3-1,1893,charge-mid,47
3-1,1894,charge-mid,47
3-1,1895,charge-mid,47
3-1,1896,charge-mid,47
3-1,1897,charge-mid,46
3-1,1898,charge-mid,46
3-1,1899,charge-mid,46
3-1,1900,charge-mid,46
3-1,1901,charge-mid,46
3-1,1902,charge-mid,46
3-1,1903,charge-mid,46
3-1,1904,charge-mid,46
3-1,1905,charge-mid,46
3-1,1906,charge-mid,46
4-1,2146,charge-mid,47
4-1,2147,charge-mid,47
4-1,2148,charge-mid,47
4-1,2149,charge-mid,47
4-1,2150,charge-mid,47
4-1,2151,charge-mid,47
4-1,2152,charge-mid,47
4-1,2153,charge-mid,47
4-1,2154,charge-mid,47
4-1,2155,charge-mid,47
4-1,2156,charge-mid,47
4-1,2157,charge-mid,47
4-1,2158,charge-mid,47
4-1,2159,charge-mid,47
4-1,2160,charge-mid,47
4-1,2161,charge-mid,47
4-1,2162,charge-mid,47
4-1,2163,charge-mid,47
4-1,2164,charge-mid,47
4-1,2165,charge-mid,47
4-1,2166,charge-mid,47
4-1,2167,charge-mid,47
4-1,2168,charge-mid,47
4-1,2169,charge-mid,47
4-1,2170,charge-mid,47
4-1,2171,charge-mid,47
4-1,2172,charge-mid,47
4-1,2173,charge-mid,47
4-1,2174,charge-mid,47
4-1,2175,charge-mid,47
4-1,2176,charge-mid,47
4-1,2177,charge-mid,47
4-1,2178,charge-mid,47
4-1,2179,charge-mid,47
4-1,2180,charge-mid,47
4-1,2181,charge-mid,46
4-1,2182,charge-mid,46
4-1,2183,charge-mid,46
4-1,2184,charge-mid,46
4-1,2185,charge-mid,46
4-1,2186,charge-mid,46
4-1,2187,charge-mid,46
4-1,2188,charge-mid,46
4-1,2189,charge-mid,46
5-1,32,charge-mid,63
5-1,33,charge-mid,63
5-1,34,charge-mid,63
5-1,35,charge-mid,63
5-1,36,charge-mid,63
5-1,37,charge-mid,63
5-1,38,charge-mid,63
5-1,39,charge-mid,63
5-1,40,charge-mid,63
5-1,41,charge-mid,63
5-1,42,charge-mid,63
5-1,43,charge-mid,63
5-1,44,charge-mid,63
5-1,45,charge-mid,63
5-1,46,charge-mid,63
5-1,47,charge-mid,63
5-1,48,charge-mid,63
5-1,49,charge-mid,63
5-1,50,charge-mid,63
5-1,51,charge-mid,63
5-1,52,charge-mid,63
5-1,53,charge-mid,63
5-1,54,charge-mid,63
5-1,55,charge-mid,63
5-1,56,charge-mid,63
5-1,57,charge-mid,63
5-1,58,charge-mid,63
5-1,59,charge-mid,63
5-1,60,charge-mid,63
5-1,61,charge-mid,63
5-1,62,charge-mid,63
5-1,63,charge-mid,63
5-1,64,charge-mid,63
5-1,65,charge-mid,63
5-1,66,charge-mid,63
5-1,67,charge-mid,63
5-1,68,charge-mid,63
5-1,69,charge-mid,63
5-1,70,charge-mid,63
5-1,71,charge-mid,63
5-1,72,charge-mid,63
5-1,73,charge-mid,63
5-1,74,charge-mid,63
5-1,75,charge-mid,63
5-1,76,charge-mid,63
5-1,77,charge-mid,63
5-1,78,charge-mid,63
5-1,79,charge-mid,63
5-1,80,charge-mid,63
5-1,81,charge-mid,63
5-1,82,charge-mid,63
5-1,83,charge-mid,63
5-1,84,charge-mid,63
5-1,85,charge-mid,63
5-1,86,charge-mid,63
5-1,87,charge-mid,63
5-1,88,charge-mid,63
5-1,89,charge-mid,63
5-1,90,charge-mid,63
5-1,91,charge-mid,63
5-1,92,charge-mid,63
5-1,93,charge-mid,63
5-1,94,charge-mid,63
5-1,95,charge-mid,63
5-1,2384,charge-mid,47
5-1,2385,charge-mid,47
5-1,2386,charge-mid,47
5-1,2387,charge-mid,47
5-1,2388,charge-mid,47
5-1,2389,charge-mid,47
5-1,2390,charge-mid,47
5-1,2391,charge-mid,47
5-1,2392,charge-mid,47
5-1,2393,charge-mid,47
5-1,2394,charge-mid,47
5-1,2395,charge-mid,47
5-1,2396,charge-mid,47
5-1,2397,charge-mid,47
5-1,2398,charge-mid,47
5-1,2399,charge-mid,47
5-1,2400,charge-mid,47
5-1,2401,charge-mid,47
5-1,2402,charge-mid,47
5-1,2403,charge-mid,47
5-1,2404,charge-mid,47
5-1,2405,charge-mid,47
5-1,2406,charge-mid,47
5-1,2407,charge-mid,47
5-1,2408,charge-mid,47
5-1,2409,charge-mid,47
5-1,2410,charge-mid,47
5-1,2411,charge-mid,47
5-1,2412,charge-mid,47
5-1,2413,charge-mid,47
5-1,2414,charge-mid,47
5-1,2415,charge-mid,47
5-1,2416,charge-mid,47
5-1,2417,charge-mid,47
5-1,2418,charge-mid,47
5-1,2419,charge-mid,47
5-1,2420,charge-mid,47
5-1,2421,charge-mid,47
5-1,2422,charge-mid,47
5-1,2423,charge-mid,47
5-1,2424,charge-mid,47
5-1,2425,charge-mid,47
5-1,2426,charge-mid,47
5-1,2427,charge-mid,47
5-1,2428,charge-mid,47
5-1,2429,charge-mid,47
5-1,2430,charge-mid,47
5-1,2431,charge-mid,47
5-1,2432,charge-mid,47
5-1,2433,charge-mid,47
5-1,2434,charge-mid,47
5-1,2435,charge-mid,47
5-1,2436,charge-mid,46
5-1,2437,charge-mid,46
5-1,2438,charge-mid,46
5-1,2439,charge-mid,46
5-1,2440,charge-mid,46
5-1,2441,charge-mid,46
5-1,2442,charge-mid,46
5-1,2443,charge-mid,46
5-1,2444,charge-mid,46
5-1,2445,charge-mid,46
5-1,2446,charge-mid,46
5-1,2447,charge-mid,46
5-1,2448,charge-mid,46
5-1,2449,charge-mid,46
5-1,2450,charge-mid,46
5-1,2451,charge-mid,46
5-1,2452,charge-mid,46
6-1,1527,charge-mid,47
6-1,1528,charge-mid,47
6-1,1529,charge-mid,47
6-1,1530,charge-mid,47
6-1,1531,charge-mid,47
6-1,1532,charge-mid,47
6-1,1533,charge-mid,47
6-1,1534,charge-mid,47
6-1,1535,charge-mid,47
6-1,1536,charge-mid,47
6-1,1537,charge-mid,47
6-1,1538,charge-mid,47
6-1,1539,charge-mid,47
6-1,1540,charge-mid,47
6-1,1541,charge-mid,47
6-1,1542,charge-mid,47
6-1,1543,charge-mid,47
6-1,1544,charge-mid,47
6-1,1545,charge-mid,47
6-1,1546,charge-mid,47
6-1,1547,charge-mid,47
6-1,1548,charge-mid,47
6-1,1549,charge-mid,47
6-1,1550,charge-mid,47
6-1,1551,charge-mid,47
6-1,1552,charge-mid,47
6-1,1553,charge-mid,47
6-1,1554,charge-mid,47
6-1,1555,charge-mid,47
6-1,1556,charge-mid,47
6-1,1557,charge-mid,47
6-1,1558,charge-mid,47
6-1,1559,charge-mid,47
6-1,1560,charge-mid,46
6-1,1561,charge-mid,46
6-1,1562,charge-mid,46
6-1,1563,charge-mid,46
6-1,1564,charge-mid,46
6-1,1565,charge-mid,46
6-1,1566,charge-mid,46
6-1,1567,charge-mid,46
6-1,1568,charge-mid,46
6-1,1569,charge-mid,46
6-1,1570,charge-mid,46
7-1,1619,charge-mid,47
7-1,1620,charge-mid,47
7-1,1621,charge-mid,47
7-1,1622,charge-mid,47
7-1,1623,charge-mid,47
7-1,1624,charge-mid,47
7-1,1625,charge-mid,47
7-1,1626,charge-mid,47
7-1,1627,charge-mid,47
7-1,1628,charge-mid,47
7-1,1629,charge-mid,47
7-1,1630,charge-mid,47
7-1,1631,charge-mid,47
7-1,1632,charge-mid,47
7-1,1633,charge-mid,47
7-1,1634,charge-mid,47
7-1,1635,charge-mid,47
7-1,1636,charge-mid,47
7-1,1637,charge-mid,47
7-1,1638,charge-mid,47
7-1,1639,charge-mid,47
7-1,1640,charge-mid,47
7-1,1641,charge-mid,47
7-1,1642,charge-mid,47
7-1,1643,charge-mid,47
7-1,1644,charge-mid,47
7-1,1645,charge-mid,47
7-1,1646,charge-mid,47
7-1,1647,charge-mid,47
7-1,1648,charge-mid,47
7-1,1649,charge-mid,47
7-1,1650,charge-mid,47
7-1,1651,charge-mid,46
7-1,1652,charge-mid,46
7-1,1653,charge-mid,46
7-1,1654,charge-mid,46
7-1,1655,charge-mid,46
7-1,1656,charge-mid,46
7-1,1657,charge-mid,46
7-1,1658,charge-mid,46
7-1,1659,charge-mid,46
7-1,1660,charge-mid,46
8-1,1255,charge-mid,47
8-1,1256,charge-mid,47
8-1,1257,charge-mid,47
8-1,1258,charge-mid,47
8-1,1259,charge-mid,47
8-1,1260,charge-mid,47
8-1,1261,charge-mid,47
8-1,1262,charge-mid,47
8-1,1263,charge-mid,47
8-1,1264,charge-mid,47
8-1,1265,charge-mid,47
8-1,1266,charge-mid,47
8-1,1267,charge-mid,47
8-1,1268,charge-mid,47
8-1,1269,charge-mid,47
8-1,1270,charge-mid,47
8-1,1271,charge-mid,47
8-1,1272,charge-mid,47
8-1,1273,charge-mid,47
8-1,1274,charge-mid,47
8-1,1275,charge-mid,47
8-1,1276,charge-mid,47
8-1,1277,charge-mid,46
8-1,1278,charge-mid,46
8-1,1279,charge-mid,46
8-1,1280,charge-mid,46
8-1,1281,charge-mid,46
8-1,1282,charge-mid,46
8-1,1283,charge-mid,46
8-1,1284,charge-mid,46
9-1,151,charge-mid,63
9-1,152,charge-mid,63
9-1,153,charge-mid,63
9-1,154,charge-mid,63
9-1,155,charge-mid,63
9-1,156,charge-mid,63
9-1,157,charge-mid,63
9-1,158,charge-mid,63
9-1,159,charge-mid,63
9-1,160,charge-mid,63
9-1,161,charge-mid,63
9-1,162,charge-mid,63
9-1,163,charge-mid,63
9-1,164,charge-mid,63
9-1,165,charge-mid,63
9-1,166,charge-mid,63
9-1,167,charge-mid,63
9-1,168,charge-mid,63
9-1,169,charge-mid,63
9-1,170,charge-mid,63
9-1,171,charge-mid,63
9-1,172,charge-mid,63
9-1,173,charge-mid,63
9-1,174,charge-mid,63
9-1,175,charge-mid,63
9-1,176,charge-mid,63
9-1,177,charge-mid,63
9-1,178,charge-mid,63
9-1,179,charge-mid,63
9-1,180,charge-mid,63
9-1,181,charge-mid,63
9-1,182,charge-mid,63
9-1,183,charge-mid,63
9-1,184,charge-mid,63
9-1,185,charge-mid,63
9-1,186,charge-mid,63
9-1,187,charge-mid,63
9-1,188,charge-mid,63
9-1,189,charge-mid,63
9-1,190,charge-mid,63
9-1,191,charge-mid,63
9-1,192,charge-mid,63
9-1,193,charge-mid,63
9-1,194,charge-mid,63
9-1,195,charge-mid,63
9-1,196,charge-mid,63
9-1,197,charge-mid,63
9-1,198,charge-mid,63
9-1,199,charge-mid,63
9-1,200,charge-mid,63
9-1,201,charge-mid,63
9-1,202,charge-mid,63
9-1,203,charge-mid,63
9-1,204,charge-mid,63
9-1,205,charge-mid,63
9-1,206,charge-mid,63
9-1,207,charge-mid,63
9-1,208,charge-mid,63
9-1,209,charge-mid,63
9-1,210,charge-mid,63
9-1,211,charge-mid,63
9-1,212,charge-mid,63
9-1,213,charge-mid,63
9-1,214,charge-mid,63
9-1,215,charge-mid,63
9-1,216,charge-mid,63
9-1,217,charge-mid,63
9-1,218,charge-mid,63
9-1,219,charge-mid,63
9-1,220,charge-mid,63
9-1,221,charge-mid,63
9-1,222,charge-mid,63
9-1,223,charge-mid,63
9-1,224,charge-mid,63
9-1,225,charge-mid,63
9-1,226,charge-mid,63
9-1,227,charge-mid,63
9-1,228,charge-mid,63
9-1,229,charge-mid,63
9-1,230,charge-mid,63
9-1,231,charge-mid,63
9-1,232,charge-mid,63
9-1,233,charge-mid,63
9-1,234,charge-mid,63
9-1,1992,charge-mid,47
9-1,1993,charge-mid,47
9-1,1994,charge-mid,47
9-1,1995,charge-mid,47
9-1,1996,charge-mid,47
9-1,1997,charge-mid,47
9-1,1998,charge-mid,47
9-1,1999,charge-mid,47
9-1,2000,charge-mid,47
9-1,2001,charge-mid,47
9-1,2002,charge-mid,47
9-1,2003,charge-mid,47
9-1,2004,charge-mid,47
9-1,2005,charge-mid,47
9-1,2006,charge-mid,47
9-1,2007,charge-mid,47
9-1,2008,charge-mid,47
9-1,2009,charge-mid,47
9-1,2010,charge-mid,47
9-1,2011,charge-mid,47
9-1,2012,charge-mid,47
9-1,2013,charge-mid,47
9-1,2014,charge-mid,47
9-1,2015,charge-mid,47
9-1,2016,charge-mid,47
9-1,2017,charge-mid,47
9-1,2018,charge-mid,47
9-1,2019,charge-mid,47
9-1,2020,charge-mid,46
9-1,2021,charge-mid,46
9-1,2022,charge-mid,46
9-1,2023,charge-mid,46
9-1,2024,charge-mid,46
9-1,2025,charge-mid,46
9-1,2026,charge-mid,46
9-1,2027,charge-mid,46
9-1,2028,charge-mid,46
9-1,2029,charge-mid,46
2-2,279,charge-low,289
2-2,280,charge-low,289
2-2,281,charge-low,290
2-2,282,charge-low,290
2-2,283,charge-low,290
2-2,285,charge-low,289
2-2,286,charge-low,289
2-2,287,charge-low,289
2-2,288,charge-low,289
2-2,289,charge-low,289
2-2,290,charge-low,289
2-2,291,charge-low,289
2-2,292,charge-low,290
2-2,293,charge-low,290
2-2,295,charge-low,289
2-2,296,charge-low,289
2-2,297,charge-low,289
2-2,298,charge-low,289
2-2,299,charge-low,289
2-2,300,charge-low,289
2-2,302,charge-low,289
2-2,303,charge-low,289
2-2,304,charge-low,289
2-2,306,charge-low,289
2-2,307,charge-low,289
2-2,308,charge-low,289
2-2,309,charge-low,289
2-2,310,charge-low,289
2-2,311,charge-low,289
2-2,314,charge-low,289
2-2,315,charge-low,289
2-2,317,charge-low,289
2-2,318,charge-low,289
2-2,320,charge-low,289
2-2,322,charge-low,289
2-2,323,charge-low,289
2-2,324,charge-low,289
2-2,326,charge-low,289
3-1,145,charge-low,298
3-1,146,charge-low,299
3-1,147,charge-low,300
3-1,148,charge-low,300
3-1,149,charge-low,300
3-1,150,charge-low,300
3-1,151,charge-low,299
3-1,152,charge-low,300
3-1,153,charge-low,300
3-1,154,charge-low,300
3-1,155,charge-low,297
3-1,156,charge-low,299
3-1,157,charge-low,299
3-1,158,charge-low,299
3-1,159,charge-low,299
3-1,160,charge-low,300
3-1,161,charge-low,300
3-1,162,charge-low,300
3-1,163,charge-low,297
3-1,164,charge-low,299
3-1,165,charge-low,299
3-1,166,charge-low,299
3-1,167,charge-low,299
3-1,168,charge-low,299
3-1,169,charge-low,296
3-1,170,charge-low,298
3-1,171,charge-low,298
3-1,172,charge-low,298
3-1,173,charge-low,298
3-1,174,charge-low,298
3-1,175,charge-low,295
3-1,176,charge-low,297
3-1,177,charge-low,297
3-1,178,charge-low,297
3-1,179,charge-low,297
3-1,180,charge-low,297
3-1,181,charge-low,294
3-1,182,charge-low,296
3-1,183,charge-low,296
3-1,184,charge-low,296
3-1,185,charge-low,297
3-1,186,charge-low,297
3-1,187,charge-low,297
3-1,188,charge-low,297
3-1,189,charge-low,293
3-1,190,charge-low,296
3-1,191,charge-low,296
3-1,192,charge-low,295
3-1,193,charge-low,295
3-1,194,charge-low,292
3-1,195,charge-low,295
3-1,196,charge-low,295
3-1,197,charge-low,295
3-1,198,charge-low,296
3-1,199,charge-low,296
3-1,200,charge-low,295
3-1,201,charge-low,292
3-1,202,charge-low,294
3-1,203,charge-low,294
3-1,204,charge-low,294
3-1,205,charge-low,294
3-1,206,charge-low,294
3-1,207,charge-low,294
3-1,208,charge-low,294
3-1,209,charge-low,294
3-1,210,charge-low,292
3-1,211,charge-low,294
3-1,212,charge-low,294
3-1,213,charge-low,294
3-1,214,charge-low,294
3-1,215,charge-low,294
3-1,216,charge-low,291
3-1,217,charge-low,293
3-1,218,charge-low,293
3-1,219,charge-low,293
3-1,220,charge-low,293
3-1,221,charge-low,294
3-1,222,charge-low,294
3-1,223,charge-low,293
3-1,224,charge-low,291
3-1,225,charge-low,292
3-1,226,charge-low,292
3-1,227,charge-low,292
3-1,228,charge-low,292
3-1,229,charge-low,292
3-1,230,charge-low,290
3-1,231,charge-low,292
3-1,232,charge-low,292
3-1,233,charge-low,292
3-1,234,charge-low,292
3-1,235,charge-low,292
3-1,236,charge-low,292
3-1,237,charge-low,292
3-1,238,charge-low,292
3-1,239,charge-low,289
3-1,240,charge-low,291
3-1,241,charge-low,291
3-1,242,charge-low,291
3-1,243,charge-low,291
3-1,244,charge-low,291
3-1,245,charge-low,291
3-1,246,charge-low,290
3-1,247,charge-low,290
3-1,248,charge-low,290
3-1,249,charge-low,290
3-1,251,charge-low,289
3-1,252,charge-low,289
3-1,253,charge-low,289
3-1,254,charge-low,289
3-1,255,charge-low,289
3-1,256,charge-low,290
3-1,257,charge-low,289
3-1,258,charge-low,289
3-1,259,charge-low,289
3-1,260,charge-low,289
3-1,261,charge-low,289
3-1,263,charge-low,289
3-1,265,charge-low,289
3-1,266,charge-low,289
3-1,269,charge-low,289
3-1,271,charge-low,289
3-1,277,charge-low,289
3-1,278,charge-low,289
3-1,279,charge-low,289
3-1,281,charge-low,289
3-1,282,charge-low,289
3-1,283,charge-low,289
3-1,284,charge-low,289
3-1,285,charge-low,289
3-1,1828,charge-low,156
3-1,1829,charge-low,156
3-1,1831,charge-low,156
3-1,1833,charge-low,156
3-1,1835,charge-low,156
3-1,1840,charge-low,156
3-1,1841,charge-low,156
3-1,1843,charge-low,156
3-1,1845,charge-low,156
3-1,1847,charge-low,156
3-1,1849,charge-low,156
3-1,1850,charge-low,156
3-1,1852,charge-low,156
3-1,1854,charge-low,155
3-1,1855,charge-low,155
3-1,1857,charge-low,156
3-1,1859,charge-low,154
3-1,1860,charge-low,155
3-1,1862,charge-low,156
3-1,1864,charge-low,156
4-1,1694,charge-low,155
4-1,1698,charge-low,155
4-1,1701,charge-low,154
4-1,1705,charge-low,154
4-1,1708,charge-low,154
4-1,1711,charge-low,153
4-1,1715,charge-low,153
4-1,1718,charge-low,152
4-1,1721,charge-low,153
4-1,1724,charge-low,152
4-1,1728,charge-low,151
4-1,1731,charge-low,150
4-1,1734,charge-low,150
4-1,1735,charge-low,155
4-1,1738,charge-low,149
4-1,1739,charge-low,156
4-1,1740,charge-low,149
4-1,1741,charge-low,155
4-1,1742,charge-low,155
4-1,1743,charge-low,156
4-1,1744,charge-low,149
4-1,1748,charge-low,149
4-1,1749,charge-low,156
4-1,1750,charge-low,156
4-1,1751,charge-low,150
4-1,1752,charge-low,154
4-1,1753,charge-low,149
4-1,1754,charge-low,156
4-1,1757,charge-low,148
4-1,1758,charge-low,156
4-1,1759,charge-low,148
4-1,1760,charge-low,156
4-1,1761,charge-low,155
4-1,1762,charge-low,148
4-1,1763,charge-low,155
4-1,1764,charge-low,153
4-1,1765,charge-low,155
4-1,1766,charge-low,147
4-1,1767,charge-low,153
4-1,1768,charge-low,153
4-1,1769,charge-low,147
4-1,1770,charge-low,153
4-1,1771,charge-low,153
4-1,1772,charge-low,146
4-1,1773,charge-low,154
4-1,1774,charge-low,152
4-1,1775,charge-low,147
4-1,1776,charge-low,153
4-1,1777,charge-low,153
4-1,1778,charge-low,145
4-1,1779,charge-low,153
4-1,1780,charge-low,151
4-1,1781,charge-low,145
4-1,1782,charge-low,152
4-1,1783,charge-low,151
4-1,1784,charge-low,144
4-1,1785,charge-low,151
4-1,1786,charge-low,150
4-1,1787,charge-low,144
4-1,1788,charge-low,151
4-1,1789,charge-low,150
4-1,1790,charge-low,144
4-1,1791,charge-low,151
4-1,1792,charge-low,151
4-1,1793,charge-low,142
4-1,1794,charge-low,150
4-1,1795,charge-low,149
4-1,1796,charge-low,143
4-1,1797,charge-low,150
4-1,1798,charge-low,150
4-1,1799,charge-low,143
4-1,1800,charge-low,151
4-1,1801,charge-low,149
4-1,1802,charge-low,143
4-1,1803,charge-low,150
4-1,1804,charge-low,149
4-1,1805,charge-low,142
4-1,1806,charge-low,150
4-1,1807,charge-low,148
4-1,1808,charge-low,141
4-1,1809,charge-low,147
4-1,1810,charge-low,142
4-1,1811,charge-low,147
4-1,1812,charge-low,148
4-1,1813,charge-low,141
4-1,1814,charge-low,146
4-1,1815,charge-low,148
4-1,1816,charge-low,140
4-1,1817,charge-low,148
4-1,1818,charge-low,147
4-1,1819,charge-low,148
4-1,1820,charge-low,139
4-1,1821,charge-low,147
4-1,1822,charge-low,147
4-1,1823,charge-low,140
4-1,1824,charge-low,146
4-1,1825,charge-low,140
4-1,1826,charge-low,146
4-1,1827,charge-low,146
4-1,1828,charge-low,145
4-1,1829,charge-low,138
4-1,1830,charge-low,144
4-1,1831,charge-low,138
4-1,1832,charge-low,144
4-1,1833,charge-low,145
4-1,1834,charge-low,137
4-1,1835,charge-low,145
4-1,1836,charge-low,135
4-1,1837,charge-low,143
4-1,1838,charge-low,143
4-1,1839,charge-low,136
4-1,1840,charge-low,144
4-1,1841,charge-low,136
4-1,1842,charge-low,142
4-1,1843,charge-low,144
4-1,1844,charge-low,136
4-1,1845,charge-low,141
4-1,1846,charge-low,142
4-1,1847,charge-low,135
4-1,1848,charge-low,143
4-1,1849,charge-low,135
4-1,1850,charge-low,143
4-1,1851,charge-low,141
4-1,1852,charge-low,136
4-1,1853,charge-low,141
4-1,1854,charge-low,143
4-1,1855,charge-low,134
4-1,1856,charge-low,142
4-1,1857,charge-low,134
4-1,1858,charge-low,140
4-1,1859,charge-low,141
4-1,1860,charge-low,142
4-1,1861,charge-low,134
4-1,1862,charge-low,141
4-1,1863,charge-low,141
4-1,1864,charge-low,134
4-1,1865,charge-low,141
4-1,1866,charge-low,132
4-1,1867,charge-low,140
4-1,1868,charge-low,140
4-1,1869,charge-low,132
4-1,1870,charge-low,140
4-1,1871,charge-low,140
4-1,1872,charge-low,132
4-1,1873,charge-low,139
4-1,1874,charge-low,132
4-1,1875,charge-low,139
4-1,1876,charge-low,139
4-1,1877,charge-low,131
4-1,1878,charge-low,138
4-1,1879,charge-low,139
4-1,1880,charge-low,131
4-1,1881,charge-low,137
4-1,1882,charge-low,131
4-1,1883,charge-low,138
4-1,1884,charge-low,130
4-1,1885,charge-low,136
4-1,1886,charge-low,130
4-1,1887,charge-low,137
4-1,1888,charge-low,129
4-1,1889,charge-low,136
4-1,1890,charge-low,134
4-1,1891,charge-low,135
4-1,1892,charge-low,128
4-1,1893,charge-low,135
4-1,1894,charge-low,135
4-1,1895,charge-low,127
4-1,1896,charge-low,135
4-1,1897,charge-low,135
4-1,1898,charge-low,128
4-1,1899,charge-low,135
4-1,1900,charge-low,128
4-1,1901,charge-low,134
4-1,1902,charge-low,135
4-1,1903,charge-low,128
4-1,1904,charge-low,134
4-1,1905,charge-low,127
4-1,1906,charge-low,134
4-1,1907,charge-low,135
4-1,1908,charge-low,127
4-1,1909,charge-low,133
4-1,1910,charge-low,126
4-1,1911,charge-low,134
4-1,1912,charge-low,134
4-1,1913,charge-low,126
4-1,1914,charge-low,134
4-1,1915,charge-low,132
4-1,1916,charge-low,127
4-1,1917,charge-low,131
4-1,1918,charge-low,126
4-1,1919,charge-low,133
4-1,1920,charge-low,126
4-1,1921,charge-low,132
4-1,1922,charge-low,133
4-1,1923,charge-low,125
4-1,1924,charge-low,132
4-1,1925,charge-low,125
4-1,1926,charge-low,133
4-1,1927,charge-low,132
4-1,1928,charge-low,126
4-1,1929,charge-low,132
4-1,1930,charge-low,125
4-1,1931,charge-low,132
4-1,1932,charge-low,125
4-1,1933,charge-low,132
4-1,1934,charge-low,126
4-1,1935,charge-low,130
4-1,1936,charge-low,133
4-1,1937,charge-low,124
4-1,1938,charge-low,132
4-1,1939,charge-low,126
4-1,1940,charge-low,134
4-1,1941,charge-low,131
4-1,1942,charge-low,126
4-1,1943,charge-low,132
4-1,1944,charge-low,133
4-1,1945,charge-low,125
4-1,1946,charge-low,133
4-1,1947,charge-low,125
4-1,1948,charge-low,134
4-1,1949,charge-low,126
4-1,1950,charge-low,131
4-1,1951,charge-low,125
4-1,1952,charge-low,132
4-1,1953,charge-low,133
4-1,1954,charge-low,125
4-1,1955,charge-low,132
4-1,1956,charge-low,131
4-1,1957,charge-low,126
4-1,1958,charge-low,131
4-1,1959,charge-low,125
4-1,1960,charge-low,131
4-1,1961,charge-low,124
4-1,1962,charge-low,130
4-1,1963,charge-low,131
4-1,1964,charge-low,123
4-1,1965,charge-low,133
4-1,1966,charge-low,124
4-1,1967,charge-low,131
4-1,1968,charge-low,130
4-1,1969,charge-low,125
4-1,1970,charge-low,129
4-1,1971,charge-low,125
4-1,1972,charge-low,130
4-1,1973,charge-low,131
4-1,1974,charge-low,124
4-1,1975,charge-low,131
4-1,1976,charge-low,123
4-1,1977,charge-low,132
4-1,1978,charge-low,123
4-1,1979,charge-low,132
4-1,1980,charge-low,124
4-1,1981,charge-low,132
4-1,1982,charge-low,131
4-1,1983,charge-low,125
4-1,1984,charge-low,131
4-1,1985,charge-low,125
4-1,1986,charge-low,130
4-1,1987,charge-low,124
4-1,1988,charge-low,130
4-1,1989,charge-low,132
4-1,1990,charge-low,123
4-1,1991,charge-low,132
4-1,1992,charge-low,124
4-1,1993,charge-low,132
4-1,1994,charge-low,132
4-1,1995,charge-low,124
4-1,1996,charge-low,130
4-1,1997,charge-low,125
4-1,1998,charge-low,131
4-1,1999,charge-low,132
4-1,2000,charge-low,125
4-1,2001,charge-low,131
4-1,2002,charge-low,125
4-1,2003,charge-low,130
4-1,2004,charge-low,124
4-1,2005,charge-low,131
4-1,2006,charge-low,131
4-1,2007,charge-low,123
4-1,2008,charge-low,133
4-1,2009,charge-low,130
4-1,2010,charge-low,124
4-1,2011,charge-low,130
4-1,2012,charge-low,124
4-1,2013,charge-low,129
4-1,2014,charge-low,124
4-1,2015,charge-low,130
4-1,2016,charge-low,131
4-1,2017,charge-low,122
4-1,2018,charge-low,130
4-1,2019,charge-low,122
4-1,2020,charge-low,131
4-1,2021,charge-low,130
4-1,2022,charge-low,122
4-1,2023,charge-low,128
4-1,2024,charge-low,123
4-1,2025,charge-low,129
4-1,2026,charge-low,125
4-1,2027,charge-low,131
4-1,2028,charge-low,124
4-1,2029,charge-low,130
4-1,2030,charge-low,132
4-1,2031,charge-low,124
4-1,2032,charge-low,130
4-1,2033,charge-low,124
4-1,2034,charge-low,133
4-1,2035,charge-low,123
4-1,2036,charge-low,131
4-1,2037,charge-low,131
4-1,2038,charge-low,123
4-1,2039,charge-low,132
4-1,2040,charge-low,124
4-1,2041,charge-low,131
4-1,2042,charge-low,131
4-1,2043,charge-low,124
4-1,2044,charge-low,130
4-1,2045,charge-low,124
4-1,2046,charge-low,130
4-1,2047,charge-low,124
4-1,2048,charge-low,130
4-1,2049,charge-low,131
4-1,2050,charge-low,123
4-1,2051,charge-low,131
4-1,2052,charge-low,123
4-1,2053,charge-low,132
4-1,2054,charge-low,122
4-1,2055,charge-low,132
4-1,2056,charge-low,129
4-1,2057,charge-low,125
4-1,2058,charge-low,123
4-1,2059,charge-low,131
4-1,2060,charge-low,131
4-1,2061,charge-low,124
4-1,2062,charge-low,130
4-1,2063,charge-low,133
4-1,2064,charge-low,124
4-1,2065,charge-low,132
4-1,2066,charge-low,125
4-1,2067,charge-low,130
4-1,2068,charge-low,126
4-1,2069,charge-low,132
4-1,2070,charge-low,126
4-1,2071,charge-low,131
4-1,2072,charge-low,132
4-1,2073,charge-low,124
4-1,2074,charge-low,131
4-1,2075,charge-low,124
4-1,2076,charge-low,132
4-1,2077,charge-low,131
4-1,2078,charge-low,125
4-1,2079,charge-low,130
4-1,2080,charge-low,125
4-1,2081,charge-low,130
4-1,2082,charge-low,126
4-1,2083,charge-low,132
4-1,2084,charge-low,126
4-1,2085,charge-low,131
4-1,2086,charge-low,132
4-1,2087,charge-low,125
4-1,2088,charge-low,133
4-1,2089,charge-low,125
4-1,2090,charge-low,132
4-1,2091,charge-low,125
4-1,2092,charge-low,132
4-1,2093,charge-low,124
4-1,2094,charge-low,133
4-1,2095,charge-low,126
4-1,2096,charge-low,132
4-1,2097,charge-low,125
4-1,2098,charge-low,131
4-1,2099,charge-low,125
4-1,2100,charge-low,131
4-1,2101,charge-low,125
4-1,2102,charge-low,131
4-1,2103,charge-low,131
4-1,2104,charge-low,124
4-1,2105,charge-low,132
4-1,2106,charge-low,124
4-1,2107,charge-low,131
4-1,2108,charge-low,130
4-1,2109,charge-low,127
4-1,2110,charge-low,130
4-1,2111,charge-low,127
4-1,2112,charge-low,132
4-1,2113,charge-low,126
4-1,2114,charge-low,133
4-1,2115,charge-low,127
4-1,2116,charge-low,133
4-1,2117,charge-low,127
4-1,2118,charge-low,133
4-1,2119,charge-low,126
4-1,2120,charge-low,134
4-1,2121,charge-low,127
4-1,2122,charge-low,133
4-1,2123,charge-low,127
4-1,2124,charge-low,133
4-1,2125,charge-low,125
4-1,2126,charge-low,133
4-1,2127,charge-low,133
4-1,2128,charge-low,126
4-1,2129,charge-low,132
4-1,2130,charge-low,127
4-1,2131,charge-low,132
4-1,2132,charge-low,126
4-1,2133,charge-low,132
4-1,2134,charge-low,126
4-1,2135,charge-low,132
4-1,2136,charge-low,127
4-1,2137,charge-low,133
4-1,2138,charge-low,127
4-1,2139,charge-low,135
4-1,2140,charge-low,128
4-1,2141,charge-low,133
4-1,2142,charge-low,127
4-1,2143,charge-low,134
4-1,2144,charge-low,127
4-1,2145,charge-low,134
5-1,97,charge-low,290
5-1,98,charge-low,290
5-1,99,charge-low,290
5-1,101,charge-low,290
5-1,102,charge-low,290
5-1,103,charge-low,291
5-1,104,charge-low,291
5-1,105,charge-low,291
5-1,106,charge-low,291
5-1,107,charge-low,291
5-1,108,charge-low,291
5-1,110,charge-low,290
5-1,111,charge-low,290
5-1,112,charge-low,290
5-1,113,charge-low,290
5-1,114,charge-low,290
5-1,115,charge-low,290
5-1,117,charge-low,289
5-1,118,charge-low,289
5-1,119,charge-low,289
5-1,120,charge-low,290
5-1,121,charge-low,290
5-1,122,charge-low,290
5-1,124,charge-low,289
5-1,125,charge-low,289
5-1,126,charge-low,289
5-1,127,charge-low,289
5-1,128,charge-low,290
5-1,129,charge-low,290
5-1,131,charge-low,289
5-1,132,charge-low,289
5-1,133,charge-low,289
5-1,134,charge-low,289
5-1,135,charge-low,289
5-1,136,charge-low,289
5-1,137,charge-low,289
5-1,138,charge-low,289
5-1,139,charge-low,289
5-1,141,charge-low,289
5-1,142,charge-low,289
5-1,143,charge-low,289
5-1,144,charge-low,289
5-1,145,charge-low,289
5-1,146,charge-low,289
5-1,148,charge-low,289
5-1,149,charge-low,289
5-1,150,charge-low,289
5-1,151,charge-low,289
5-1,152,charge-low,289
5-1,153,charge-low,289
5-1,155,charge-low,289
5-1,156,charge-low,289
5-1,157,charge-low,289
5-1,158,charge-low,289
5-1,159,charge-low,289
5-1,160,charge-low,289
5-1,161,charge-low,289
5-1,162,charge-low,289
5-1,163,charge-low,289
5-1,165,charge-low,289
5-1,166,charge-low,289
5-1,167,charge-low,289
9-1,242,charge-low,289
9-1,1668,charge-low,156
9-1,1670,charge-low,156
9-1,1672,charge-low,156
9-1,1675,charge-low,155
9-1,1677,charge-low,155
9-1,1680,charge-low,154
9-1,1682,charge-low,153
9-1,1684,charge-low,153
9-1,1687,charge-low,153
9-1,1689,charge-low,152
9-1,1691,charge-low,151
9-1,1694,charge-low,152
9-1,1696,charge-low,152
9-1,1699,charge-low,151
9-1,1701,charge-low,151
9-1,1703,charge-low,151
9-1,1705,charge-low,150
9-1,1707,charge-low,150
9-1,1709,charge-low,156
9-1,1710,charge-low,150
9-1,1711,charge-low,156
9-1,1712,charge-low,148
9-1,1713,charge-low,156
9-1,1714,charge-low,149
9-1,1715,charge-low,155
9-1,1716,charge-low,147
9-1,1717,charge-low,155
9-1,1718,charge-low,147
9-1,1719,charge-low,154
9-1,1720,charge-low,147
9-1,1721,charge-low,154
9-1,1722,charge-low,154
9-1,1723,charge-low,146
9-1,1724,charge-low,153
9-1,1725,charge-low,146
9-1,1726,charge-low,151
9-1,1727,charge-low,146
9-1,1728,charge-low,152
9-1,1729,charge-low,145
9-1,1730,charge-low,153
9-1,1731,charge-low,146
9-1,1732,charge-low,151
9-1,1733,charge-low,146
9-1,1734,charge-low,152
9-1,1735,charge-low,145
9-1,1736,charge-low,152
9-1,1737,charge-low,146
9-1,1738,charge-low,152
9-1,1739,charge-low,152
9-1,1740,charge-low,146
9-1,1741,charge-low,145
9-1,1742,charge-low,151
9-1,1743,charge-low,145
9-1,1744,charge-low,153
9-1,1745,charge-low,144
9-1,1746,charge-low,152
9-1,1747,charge-low,145
9-1,1748,charge-low,152
9-1,1749,charge-low,152
9-1,1750,charge-low,146
9-1,1751,charge-low,153
9-1,1752,charge-low,144
9-1,1753,charge-low,153
9-1,1754,charge-low,146
9-1,1755,charge-low,152
9-1,1756,charge-low,145
9-1,1757,charge-low,152
9-1,1758,charge-low,144
9-1,1759,charge-low,152
9-1,1760,charge-low,145
9-1,1761,charge-low,144
9-1,1762,charge-low,151
9-1,1763,charge-low,144
9-1,1764,charge-low,151
9-1,1765,charge-low,150
9-1,1766,charge-low,144
9-1,1767,charge-low,151
9-1,1768,charge-low,143
9-1,1769,charge-low,150
9-1,1770,charge-low,145
9-1,1771,charge-low,151
9-1,1772,charge-low,144
9-1,1773,charge-low,145
9-1,1774,charge-low,152
9-1,1775,charge-low,150
9-1,1776,charge-low,144
9-1,1777,charge-low,152
9-1,1778,charge-low,144
9-1,1779,charge-low,145
9-1,1780,charge-low,152
9-1,1781,charge-low,144
9-1,1782,charge-low,151
9-1,1783,charge-low,144
9-1,1784,charge-low,151
9-1,1785,charge-low,143
9-1,1786,charge-low,151
9-1,1787,charge-low,143
9-1,1788,charge-low,150
9-1,1789,charge-low,144
9-1,1790,charge-low,151
9-1,1791,charge-low,142
9-1,1792,charge-low,150
9-1,1793,charge-low,143
9-1,1794,charge-low,150
9-1,1795,charge-low,142
9-1,1796,charge-low,151
9-1,1797,charge-low,143
9-1,1798,charge-low,149
9-1,1799,charge-low,144
9-1,1800,charge-low,151
9-1,1801,charge-low,141
9-1,1802,charge-low,149
9-1,1803,charge-low,143
9-1,1804,charge-low,142
9-1,1805,charge-low,149
9-1,1806,charge-low,144
9-1,1807,charge-low,151
9-1,1808,charge-low,142
9-1,1809,charge-low,151
9-1,1810,charge-low,143
9-1,1811,charge-low,150
9-1,1812,charge-low,142
9-1,1813,charge-low,150
9-1,1814,charge-low,142
9-1,1815,charge-low,150
9-1,1816,charge-low,143
9-1,1817,charge-low,149
9-1,1818,charge-low,141
9-1,1819,charge-low,150
9-1,1820,charge-low,142
9-1,1821,charge-low,142
9-1,1822,charge-low,150
9-1,1823,charge-low,143
9-1,1824,charge-low,149
9-1,1825,charge-low,142
9-1,1826,charge-low,151
9-1,1827,charge-low,141
9-1,1828,charge-low,149
9-1,1829,charge-low,143
9-1,1830,charge-low,142
9-1,1831,charge-low,148
9-1,1832,charge-low,142
9-1,1833,charge-low,149
9-1,1834,charge-low,141
9-1,1835,charge-low,148
9-1,1836,charge-low,141
9-1,1837,charge-low,147
9-1,1838,charge-low,141
9-1,1839,charge-low,149
9-1,1840,charge-low,140
9-1,1841,charge-low,150
9-1,1842,charge-low,143
9-1,1843,charge-low,148
9-1,1844,charge-low,141
9-1,1845,charge-low,143
9-1,1846,charge-low,148
9-1,1847,charge-low,142
9-1,1848,charge-low,150
9-1,1849,charge-low,142
9-1,1850,charge-low,149
9-1,1851,charge-low,141
9-1,1852,charge-low,150
9-1,1853,charge-low,140
9-1,1854,charge-low,141
9-1,1855,charge-low,148
9-1,1856,charge-low,141
9-1,1857,charge-low,147
9-1,1858,charge-low,140
9-1,1859,charge-low,147
9-1,1860,charge-low,140
9-1,1861,charge-low,147
9-1,1862,charge-low,139
9-1,1863,charge-low,140
9-1,1864,charge-low,148
9-1,1865,charge-low,139
9-1,1866,charge-low,146
9-1,1867,charge-low,140
9-1,1868,charge-low,147
9-1,1869,charge-low,138
9-1,1870,charge-low,139
9-1,1871,charge-low,148
9-1,1872,charge-low,139
9-1,1873,charge-low,147
9-1,1874,charge-low,140
9-1,1875,charge-low,145
9-1,1876,charge-low,140
9-1,1877,charge-low,147
9-1,1878,charge-low,139
9-1,1879,charge-low,139
9-1,1880,charge-low,148
9-1,1881,charge-low,139
9-1,1882,charge-low,146
9-1,1883,charge-low,139
9-1,1884,charge-low,139
9-1,1885,charge-low,145
9-1,1886,charge-low,139
9-1,1887,charge-low,146
9-1,1888,charge-low,137
9-1,1889,charge-low,139
9-1,1890,charge-low,145
9-1,1891,charge-low,137
9-1,1892,charge-low,144
9-1,1893,charge-low,137
9-1,1894,charge-low,144
9-1,1895,charge-low,138
9-1,1896,charge-low,145
9-1,1897,charge-low,137
9-1,1898,charge-low,138
9-1,1899,charge-low,146
9-1,1900,charge-low,136
9-1,1901,charge-low,144
9-1,1902,charge-low,137
9-1,1903,charge-low,137
9-1,1904,charge-low,145
9-1,1905,charge-low,139
9-1,1906,charge-low,144
9-1,1907,charge-low,137
9-1,1908,charge-low,146
9-1,1909,charge-low,137
9-1,1910,charge-low,136
9-1,1911,charge-low,144
9-1,1912,charge-low,136
9-1,1913,charge-low,144
9-1,1914,charge-low,137
9-1,1915,charge-low,137
9-1,1916,charge-low,143
9-1,1917,charge-low,137
9-1,1918,charge-low,145
9-1,1919,charge-low,136
9-1,1920,charge-low,137
9-1,1921,charge-low,144
9-1,1922,charge-low,136
9-1,1923,charge-low,143
9-1,1924,charge-low,137
9-1,1925,charge-low,142
9-1,1926,charge-low,135
9-1,1927,charge-low,136
9-1,1928,charge-low,143
9-1,1929,charge-low,136
9-1,1930,charge-low,144
9-1,1931,charge-low,134
9-1,1932,charge-low,136
9-1,1933,charge-low,143
9-1,1934,charge-low,135
9-1,1935,charge-low,144
9-1,1936,charge-low,137
9-1,1937,charge-low,134
9-1,1938,charge-low,142
9-1,1939,charge-low,136
9-1,1940,charge-low,141
9-1,1941,charge-low,134
9-1,1942,charge-low,136
9-1,1943,charge-low,141
9-1,1944,charge-low,136
9-1,1945,charge-low,143
9-1,1946,charge-low,134
9-1,1947,charge-low,134
9-1,1948,charge-low,142
9-1,1949,charge-low,133
9-1,1950,charge-low,142
9-1,1951,charge-low,135
9-1,1952,charge-low,140
9-1,1953,charge-low,134
9-1,1954,charge-low,135
9-1,1955,charge-low,140
9-1,1956,charge-low,134
9-1,1957,charge-low,141
9-1,1958,charge-low,133
9-1,1959,charge-low,134
9-1,1960,charge-low,141
9-1,1961,charge-low,132
9-1,1962,charge-low,134
9-1,1963,charge-low,142
9-1,1964,charge-low,133
9-1,1965,charge-low,141
9-1,1966,charge-low,134
9-1,1967,charge-low,139
9-1,1968,charge-low,134
9-1,1969,charge-low,133
9-1,1970,charge-low,138
9-1,1971,charge-low,134
9-1,1972,charge-low,134
9-1,1973,charge-low,140
9-1,1974,charge-low,134
9-1,1975,charge-low,141
9-1,1976,charge-low,133
9-1,1977,charge-low,133
9-1,1978,charge-low,139
9-1,1979,charge-low,132
9-1,1980,charge-low,132
9-1,1981,charge-low,139
9-1,1982,charge-low,132
9-1,1983,charge-low,139
9-1,1984,charge-low,131
9-1,1985,charge-low,138
9-1,1986,charge-low,132
9-1,1987,charge-low,131
9-1,1988,charge-low,137
9-1,1989,charge-low,131
9-1,1990,charge-low,132
9-1,1991,charge-low,138
1-1,1341,discharge-high,37
1-1,1342,discharge-high,37
1-1,1343,discharge-high,37
1-1,1344,discharge-high,37
1-1,1345,discharge-high,37
1-1,1346,discharge-high,37
1-1,1347,discharge-high,37
1-1,1348,discharge-high,37
1-1,1349,discharge-high,37
1-1,1350,discharge-high,37
1-1,1351,discharge-high,37
1-1,1352,discharge-high,37
1-1,1353,discharge-high,37
1-1,1354,discharge-high,37
1-1,1355,discharge-high,37
1-1,1356,discharge-high,37
1-1,1357,discharge-high,37
1-1,1358,discharge-high,37
1-1,1359,discharge-high,37
1-1,1360,discharge-high,37
1-1,1361,discharge-high,37
1-1,1362,discharge-high,37
1-1,1363,discharge-high,37
1-1,1364,discharge-high,37
1-1,1365,discharge-high,37
1-1,1366,discharge-high,37
1-1,1367,discharge-high,37
1-1,1368,discharge-high,37
1-1,1369,discharge-high,37
1-1,1370,discharge-high,37
1-1,1371,discharge-high,37
1-1,1372,discharge-high,37
1-1,1373,discharge-high,37
1-1,1374,discharge-high,37
1-1,1375,discharge-high,37
1-1,1376,discharge-high,37
1-1,1377,discharge-high,37
1-1,1378,discharge-high,37
1-1,1379,discharge-high,37
1-1,1380,discharge-high,37
1-1,1381,discharge-high,37
1-1,1382,discharge-high,37
1-1,1383,discharge-high,37
1-1,1384,discharge-high,37
1-1,1385,discharge-high,37
1-1,1386,discharge-high,37
1-1,1387,discharge-high,37
1-1,1388,discharge-high,37
1-1,1389,discharge-high,37
1-1,1390,discharge-high,37
1-1,1391,discharge-high,37
1-1,1392,discharge-high,37
1-1,1393,discharge-high,37
1-1,1394,discharge-high,37
1-1,1395,discharge-high,37
1-1,1396,discharge-high,37
1-1,1397,discharge-high,37
1-1,1398,discharge-high,37
1-1,1399,discharge-high,37
1-1,1400,discharge-high,37
1-1,1401,discharge-high,37
1-1,1402,discharge-high,37
1-1,1403,discharge-high,37
1-1,1404,discharge-high,37
1-1,1405,discharge-high,37
1-1,1406,discharge-high,37
1-1,1407,discharge-high,36
1-1,1408,discharge-high,36
1-1,1409,discharge-high,36
1-1,1410,discharge-high,36
1-1,1411,discharge-high,36
1-1,1412,discharge-high,36
1-1,1413,discharge-high,36
1-1,1414,discharge-high,36
1-1,1415,discharge-high,36
1-1,1416,discharge-high,36
1-1,1417,discharge-high,36
1-1,1418,discharge-high,36
1-1,1419,discharge-high,36
1-1,1420,discharge-high,36
1-1,1421,discharge-high,36
1-1,1422,discharge-high,36
1-1,1423,discharge-high,36
1-1,1424,discharge-high,36
1-1,1425,discharge-high,36
1-1,1426,discharge-high,36
1-1,1427,discharge-high,36
1-1,1428,discharge-high,36
1-1,1429,discharge-high,36
1-1,1430,discharge-high,36
1-1,1431,discharge-high,36
1-1,1432,discharge-high,36
1-1,1433,discharge-high,36
1-1,1434,discharge-high,36
1-1,1435,discharge-high,36
1-1,1436,discharge-high,36
10-1,1,discharge-high,77
10-1,2,discharge-high,77
10-1,3,discharge-high,77
10-1,4,discharge-high,77
10-1,5,discharge-high,77
10-1,6,discharge-high,77
10-1,7,discharge-high,77
10-1,8,discharge-high,77
10-1,9,discharge-high,77
10-1,10,discharge-high,77
10-1,11,discharge-high,77
10-1,12,discharge-high,77
10-1,13,discharge-high,77
10-1,14,discharge-high,77
10-1,15,discharge-high,77
10-1,16,discharge-high,77
10-1,17,discharge-high,77
10-1,18,discharge-high,77
10-1,19,discharge-high,77
10-1,20,discharge-high,77
10-1,21,discharge-high,77
10-1,22,discharge-high,77
10-1,23,discharge-high,77
10-1,24,discharge-high,77
10-1,25,discharge-high,77
10-1,26,discharge-high,77
10-1,27,discharge-high,77
10-1,28,discharge-high,77
10-1,29,discharge-high,77
10-1,30,discharge-high,77
10-1,31,discharge-high,77
10-1,32,discharge-high,77
10-1,33,discharge-high,77
10-1,34,discharge-high,77
10-1,35,discharge-high,77
10-1,36,discharge-high,77
10-1,37,discharge-high,77
10-1,38,discharge-high,77
10-1,39,discharge-high,77
10-1,40,discharge-high,77
10-1,41,discharge-high,77
10-1,42,discharge-high,77
10-1,43,discharge-high,77
10-1,44,discharge-high,77
10-1,45,discharge-high,77
10-1,46,discharge-high,77
10-1,47,discharge-high,77
10-1,48,discharge-high,77
10-1,49,discharge-high,77
10-1,50,discharge-high,77
10-1,51,discharge-high,77
10-1,52,discharge-high,77
10-1,53,discharge-high,77
10-1,54,discharge-high,77
10-1,55,discharge-high,77
10-1,56,discharge-high,77
10-1,57,discharge-high,77
10-1,58,discharge-high,77
10-1,59,discharge-high,77
10-1,60,discharge-high,77
10-1,61,discharge-high,77
10-1,62,discharge-high,77
10-1,63,discharge-high,77
10-1,64,discharge-high,77
10-1,65,discharge-high,77
10-1,66,discharge-high,77
10-1,67,discharge-high,77
10-1,68,discharge-high,77
10-1,69,discharge-high,77
10-1,70,discharge-high,77
10-1,71,discharge-high,77
10-1,72,discharge-high,77
10-1,73,discharge-high,77
10-1,74,discharge-high,77
10-1,75,discharge-high,77
10-1,76,discharge-high,77
10-1,77,discharge-high,77
10-1,78,discharge-high,77
10-1,79,discharge-high,77
10-1,80,discharge-high,77
10-1,81,discharge-high,77
10-1,82,discharge-high,77
10-1,83,discharge-high,77
10-1,84,discharge-high,77
10-1,85,discharge-high,77
10-1,86,discharge-high,77
10-1,87,discharge-high,77
10-1,88,discharge-high,77
10-1,89,discharge-high,77
10-1,90,discharge-high,77
10-1,91,discharge-high,77
10-1,92,discharge-high,77
10-1,93,discharge-high,77
10-1,94,discharge-high,77
2-2,2429,discharge-high,37
2-2,2430,discharge-high,37
2-2,2431,discharge-high,37
2-2,2432,discharge-high,37
2-2,2433,discharge-high,37
2-2,2434,discharge-high,37
2-2,2435,discharge-high,37
2-2,2436,discharge-high,37
2-2,2437,discharge-high,37
2-2,2438,discharge-high,37
2-2,2439,discharge-high,37
2-2,2440,discharge-high,37
2-2,2441,discharge-high,37
2-2,2442,discharge-high,37
2-2,2443,discharge-high,37
2-2,2444,discharge-high,37
2-2,2445,discharge-high,37
2-2,2446,discharge-high,37
2-2,2447,discharge-high,37
2-2,2448,discharge-high,37
2-2,2449,discharge-high,37
2-2,2450,discharge-high,37
2-2,2451,discharge-high,37
2-2,2452,discharge-high,37
2-2,2453,discharge-high,37
2-2,2454,discharge-high,37
2-2,2455,discharge-high,37
2-2,2456,discharge-high,37
2-2,2457,discharge-high,37
2-2,2458,discharge-high,37
2-2,2459,discharge-high,37
2-2,2460,discharge-high,37
2-2,2461,discharge-high,37
2-2,2462,discharge-high,37
2-2,2463,discharge-high,37
2-2,2464,discharge-high,37
2-2,2465,discharge-high,37
2-2,2466,discharge-high,37
2-2,2467,discharge-high,37
2-2,2468,discharge-high,37
2-2,2469,discharge-high,37
2-2,2470,discharge-high,37
2-2,2471,discharge-high,37
2-2,2472,discharge-high,37
2-2,2473,discharge-high,37
2-2,2474,discharge-high,37
2-2,2475,discharge-high,37
2-2,2476,discharge-high,37
2-2,2477,discharge-high,37
2-2,2478,discharge-high,37
2-2,2479,discharge-high,37
2-2,2480,discharge-high,37
2-2,2481,discharge-high,37
2-2,2482,discharge-high,37
2-2,2483,discharge-high,37
2-2,2484,discharge-high,37
2-2,2485,discharge-high,37
2-2,2486,discharge-high,37
2-2,2487,discharge-high,37
2-2,2488,discharge-high,37
2-2,2489,discharge-high,37
2-2,2490,discharge-high,37
2-2,2491,discharge-high,37
2-2,2492,discharge-high,37
2-2,2493,discharge-high,37
2-2,2494,discharge-high,37
2-2,2495,discharge-high,37
2-2,2496,discharge-high,37
2-2,2497,discharge-high,37
2-2,2498,discharge-high,37
2-2,2499,discharge-high,37
2-2,2500,discharge-high,37
2-2,2501,discharge-high,37
2-2,2502,discharge-high,37
2-2,2503,discharge-high,37
2-2,2504,discharge-high,37
2-2,2505,discharge-high,37
2-2,2506,discharge-high,37
2-2,2507,discharge-high,37
2-2,2508,discharge-high,37
2-2,2509,discharge-high,37
2-2,2510,discharge-high,37
2-2,2511,discharge-high,37
2-2,2512,discharge-high,37
2-2,2513,discharge-high,37
2-2,2514,discharge-high,37
2-2,2515,discharge-high,37
2-2,2516,discharge-high,37
2-2,2517,discharge-high,37
2-2,2518,discharge-high,37
2-2,2519,discharge-high,37
2-2,2520,discharge-high,37
2-2,2521,discharge-high,37
2-2,2522,discharge-high,37
2-2,2523,discharge-high,37
2-2,2524,discharge-high,37
2-2,2525,discharge-high,37
2-2,2526,discharge-high,36
2-2,2527,discharge-high,36
2-2,2528,discharge-high,36
2-2,2529,discharge-high,36
2-2,2530,discharge-high,36
2-2,2531,discharge-high,36
2-2,2532,discharge-high,36
2-2,2533,discharge-high,36
2-2,2534,discharge-high,36
2-2,2535,discharge-high,36
2-2,2536,discharge-high,36
2-2,2537,discharge-high,36
2-2,2538,discharge-high,36
2-2,2539,discharge-high,36
2-2,2540,discharge-high,36
2-2,2541,discharge-high,36
2-2,2542,discharge-high,36
2-2,2543,discharge-high,36
2-2,2544,discharge-high,36
2-2,2545,discharge-high,36
2-2,2546,discharge-high,36
2-2,2547,discharge-high,36
2-2,2548,discharge-high,36
2-2,2549,discharge-high,36
2-2,2550,discharge-high,36
2-2,2551,discharge-high,36
2-2,2552,discharge-high,36
2-2,2553,discharge-high,36
2-2,2554,discharge-high,36
2-2,2555,discharge-high,36
2-2,2556,discharge-high,36
2-2,2557,discharge-high,36
2-2,2558,discharge-high,36
2-2,2559,discharge-high,36
2-2,2560,discharge-high,36
2-2,2561,discharge-high,36
2-2,2562,discharge-high,36
2-2,2563,discharge-high,36
2-2,2564,discharge-high,36
3-1,1763,discharge-high,37
3-1,1764,discharge-high,37
3-1,1765,discharge-high,37
3-1,1766,discharge-high,37
3-1,1767,discharge-high,37
3-1,1768,discharge-high,37
3-1,1769,discharge-high,37
3-1,1770,discharge-high,37
3-1,1771,discharge-high,37
3-1,1772,discharge-high,37
3-1,1773,discharge-high,37
3-1,1774,discharge-high,37
3-1,1775,discharge-high,37
3-1,1776,discharge-high,37
3-1,1777,discharge-high,37
3-1,1778,discharge-high,37
3-1,1779,discharge-high,37
3-1,1780,discharge-high,37
3-1,1781,discharge-high,37
3-1,1782,discharge-high,37
3-1,1783,discharge-high,37
3-1,1784,discharge-high,37
3-1,1785,discharge-high,37
3-1,1786,discharge-high,37
3-1,1787,discharge-high,37
3-1,1788,discharge-high,37
3-1,1789,discharge-high,37
3-1,1790,discharge-high,37
3-1,1791,discharge-high,37
3-1,1792,discharge-high,37
3-1,1793,discharge-high,37
3-1,1794,discharge-high,37
3-1,1795,discharge-high,37
3-1,1796,discharge-high,37
3-1,1797,discharge-high,37
3-1,1798,discharge-high,37
3-1,1799,discharge-high,37
3-1,1800,discharge-high,37
3-1,1801,discharge-high,37
3-1,1802,discharge-high,37
3-1,1803,discharge-high,37
3-1,1804,discharge-high,37
3-1,1805,discharge-high,37
3-1,1806,discharge-high,37
3-1,1807,discharge-high,37
3-1,1808,discharge-high,37
3-1,1809,discharge-high,37
3-1,1810,discharge-high,37
3-1,1811,discharge-high,37
3-1,1812,discharge-high,37
3-1,1813,discharge-high,37
3-1,1814,discharge-high,37
3-1,1815,discharge-high,37
3-1,1816,discharge-high,37
3-1,1817,discharge-high,37
3-1,1818,discharge-high,37
3-1,1819,discharge-high,37
3-1,1820,discharge-high,37
3-1,1821,discharge-high,37
3-1,1822,discharge-high,37
3-1,1823,discharge-high,37
3-1,1824,discharge-high,37
3-1,1825,discharge-high,37
3-1,1826,discharge-high,37
3-1,1827,discharge-high,37
3-1,1830,discharge-high,37
3-1,1832,discharge-high,37
3-1,1834,discharge-high,37
3-1,1836,discharge-high,36
3-1,1837,discharge-high,36
3-1,1838,discharge-high,36
3-1,1839,discharge-high,36
3-1,1842,discharge-high,36
3-1,1844,discharge-high,36
3-1,1846,discharge-high,36
3-1,1848,discharge-high,36
3-1,1851,discharge-high,36
3-1,1853,discharge-high,36
3-1,1856,discharge-high,36
3-1,1858,discharge-high,36
3-1,1861,discharge-high,36
3-1,1863,discharge-high,36
3-1,1865,discharge-high,36
3-1,1866,discharge-high,36
8-1,1,discharge-high,77
8-1,2,discharge-high,77
8-1,3,discharge-high,77
8-1,4,discharge-high,77
8-1,5,discharge-high,77
8-1,6,discharge-high,77
8-1,7,discharge-high,77
8-1,8,discharge-high,77
8-1,9,discharge-high,77
8-1,10,discharge-high,77
8-1,11,discharge-high,77
8-1,12,discharge-high,77
8-1,13,discharge-high,77
8-1,14,discharge-high,77
8-1,15,discharge-high,77
8-1,16,discharge-high,77
8-1,17,discharge-high,77
8-1,18,discharge-high,77
8-1,19,discharge-high,77
8-1,20,discharge-high,77
8-1,21,discharge-high,77
8-1,22,discharge-high,77
8-1,23,discharge-high,77
8-1,24,discharge-high,77
8-1,25,discharge-high,77
8-1,26,discharge-high,77
8-1,27,discharge-high,77
8-1,28,discharge-high,77
8-1,29,discharge-high,77
8-1,30,discharge-high,77
8-1,31,discharge-high,77
8-1,32,discharge-high,77
8-1,33,discharge-high,77
8-1,34,discharge-high,77
8-1,35,discharge-high,77
8-1,36,discharge-high,77
8-1,37,discharge-high,77
8-1,38,discharge-high,77
8-1,39,discharge-high,77
8-1,40,discharge-high,77
8-1,41,discharge-high,77
8-1,42,discharge-high,77
8-1,43,discharge-high,77
8-1,44,discharge-high,77
8-1,45,discharge-high,77
8-1,46,discharge-high,77
8-1,47,discharge-high,77
8-1,48,discharge-high,77
8-1,49,discharge-high,77
8-1,50,discharge-high,77
8-1,51,discharge-high,77
8-1,52,discharge-high,77
8-1,53,discharge-high,77
8-1,54,discharge-high,77
8-1,55,discharge-high,77
8-1,56,discharge-high,77
8-1,57,discharge-high,77
8-1,58,discharge-high,77
8-1,59,discharge-high,77
8-1,60,discharge-high,77
8-1,61,discharge-high,77
8-1,62,discharge-high,77
8-1,63,discharge-high,77
8-1,64,discharge-high,77
8-1,65,discharge-high,77
8-1,66,discharge-high,77
8-1,67,discharge-high,77
8-1,68,discharge-high,77
8-1,69,discharge-high,77
8-1,70,discharge-high,77
8-1,71,discharge-high,77
8-1,72,discharge-high,77
8-1,73,discharge-high,77
8-1,74,discharge-high,77
8-1,75,discharge-high,77
8-1,76,discharge-high,77
8-1,77,discharge-high,77
8-1,78,discharge-high,77
8-1,79,discharge-high,77
8-1,80,discharge-high,77
8-1,81,discharge-high,77
8-1,82,discharge-high,77
8-1,83,discharge-high,77
8-1,84,discharge-high,77
8-1,85,discharge-high,77
8-1,86,discharge-high,77
8-1,87,discharge-high,77
8-1,88,discharge-high,77
8-1,89,discharge-high,77
8-1,90,discharge-high,77
8-1,91,discharge-high,77
8-1,92,discharge-high,77
8-1,93,discharge-high,77
8-1,94,discharge-high,77
8-1,95,discharge-high,77
8-1,96,discharge-high,77
8-1,97,discharge-high,77
8-1,98,discharge-high,77
8-1,99,discharge-high,77
8-1,100,discharge-high,77
8-1,101,discharge-high,77
8-1,102,discharge-high,77
8-1,103,discharge-high,77
8-1,104,discharge-high,77
8-1,105,discharge-high,77
8-1,106,discharge-high,77
8-1,107,discharge-high,77
9-1,235,discharge-high,78
9-1,236,discharge-high,78
9-1,237,discharge-high,78
9-1,238,discharge-high,78
9-1,239,discharge-high,78
9-1,240,discharge-high,78
9-1,241,discharge-high,78
9-1,243,discharge-high,78
9-1,244,discharge-high,78
9-1,245,discharge-high,78
9-1,246,discharge-high,78
9-1,247,discharge-high,78
9-1,248,discharge-high,78
9-1,249,discharge-high,78
9-1,250,discharge-high,78
9-1,251,discharge-high,78
9-1,252,discharge-high,78
9-1,253,discharge-high,78
9-1,254,discharge-high,78
9-1,255,discharge-high,78
9-1,256,discharge-high,78
9-1,257,discharge-high,78
9-1,258,discharge-high,78
9-1,259,discharge-high,78
9-1,260,discharge-high,78
9-1,261,discharge-high,78
9-1,262,discharge-high,78
9-1,263,discharge-high,78
9-1,264,discharge-high,78
9-1,265,discharge-high,78
9-1,266,discharge-high,78
9-1,267,discharge-high,78
9-1,268,discharge-high,78
9-1,269,discharge-high,78
9-1,270,discharge-high,78
9-1,271,discharge-high,78
9-1,272,discharge-high,78
9-1,273,discharge-high,78
9-1,274,discharge-high,78
9-1,275,discharge-high,78
9-1,276,discharge-high,78
9-1,277,discharge-high,78
9-1,278,discharge-high,78
9-1,279,discharge-high,78
9-1,280,discharge-high,78
9-1,281,discharge-high,78
9-1,282,discharge-high,78
9-1,283,discharge-high,78
9-1,284,discharge-high,78
9-1,285,discharge-high,78
9-1,286,discharge-high,78
9-1,287,discharge-high,78
9-1,288,discharge-high,78
9-1,289,discharge-high,78
9-1,290,discharge-high,78
9-1,291,discharge-high,78
9-1,292,discharge-high,78
9-1,293,discharge-high,78
9-1,294,discharge-high,78
9-1,295,discharge-high,78
9-1,296,discharge-high,78
9-1,297,discharge-high,78
9-1,298,discharge-high,78
9-1,299,discharge-high,78
9-1,300,discharge-high,78
9-1,301,discharge-high,78
9-1,302,discharge-high,78
9-1,303,discharge-high,78
9-1,304,discharge-high,78
9-1,305,discharge-high,78
9-1,306,discharge-high,78
9-1,307,discharge-high,78
9-1,308,discharge-high,78
9-1,309,discharge-high,78
9-1,310,discharge-high,78
9-1,311,discharge-high,78
9-1,312,discharge-high,78
9-1,313,discharge-high,78
9-1,314,discharge-high,78
9-1,315,discharge-high,78
9-1,316,discharge-high,78
9-1,317,discharge-high,78
9-1,318,discharge-high,78
9-1,319,discharge-high,78
9-1,320,discharge-high,78
9-1,321,discharge-high,78
9-1,322,discharge-high,78
9-1,323,discharge-high,78
9-1,324,discharge-high,78
9-1,325,discharge-high,78
9-1,326,discharge-high,78
9-1,327,discharge-high,78
9-1,328,discharge-high,78
9-1,329,discharge-high,78
9-1,330,discharge-high,78
9-1,331,discharge-high,78
9-1,332,discharge-high,78
9-1,333,discharge-high,78
9-1,334,discharge-high,78
9-1,335,discharge-high,78
9-1,336,discharge-high,78
9-1,337,discharge-high,78
9-1,338,discharge-high,78
9-1,339,discharge-high,78
9-1,340,discharge-high,78
9-1,341,discharge-high,78
9-1,342,discharge-high,78
9-1,343,discharge-high,78
9-1,344,discharge-high,78
9-1,345,discharge-high,78
9-1,346,discharge-high,78
9-1,347,discharge-high,78
9-1,348,discharge-high,78
9-1,349,discharge-high,78
9-1,350,discharge-high,78
9-1,351,discharge-high,78
9-1,352,discharge-high,78
9-1,353,discharge-high,78
9-1,354,discharge-high,78
9-1,355,discharge-high,78
9-1,356,discharge-high,78
9-1,357,discharge-high,78
9-1,358,discharge-high,78
9-1,359,discharge-high,78
9-1,360,discharge-high,78
9-1,361,discharge-high,78
9-1,362,discharge-high,78
9-1,363,discharge-high,78
9-1,364,discharge-high,78
9-1,365,discharge-high,78
9-1,366,discharge-high,78
9-1,367,discharge-high,78
9-1,368,discharge-high,78
9-1,369,discharge-high,78
9-1,370,discharge-high,78
9-1,371,discharge-high,78
9-1,372,discharge-high,78
9-1,373,discharge-high,78
9-1,374,discharge-high,78
9-1,375,discharge-high,78
9-1,376,discharge-high,78
9-1,377,discharge-high,78
9-1,378,discharge-high,78
9-1,379,discharge-high,78
9-1,380,discharge-high,78
9-1,381,discharge-high,78
9-1,382,discharge-high,78
9-1,383,discharge-high,78
9-1,384,discharge-high,78
9-1,385,discharge-high,78
9-1,386,discharge-high,78
9-1,387,discharge-high,78
9-1,388,discharge-high,78
9-1,389,discharge-high,78
9-1,390,discharge-high,78
9-1,391,discharge-high,78
9-1,392,discharge-high,78
9-1,393,discharge-high,78
9-1,394,discharge-high,78
9-1,395,discharge-high,78
9-1,396,discharge-high,78
9-1,397,discharge-high,78
9-1,398,discharge-high,78
9-1,399,discharge-high,78
9-1,400,discharge-high,78
9-1,401,discharge-high,78
9-1,402,discharge-high,78
9-1,403,discharge-high,77
9-1,404,discharge-high,77
9-1,405,discharge-high,77
9-1,406,discharge-high,77
9-1,407,discharge-high,77
9-1,408,discharge-high,77
9-1,409,discharge-high,77
9-1,410,discharge-high,77
9-1,411,discharge-high,77
9-1,412,discharge-high,77
9-1,413,discharge-high,77
9-1,414,discharge-high,77
9-1,415,discharge-high,77
9-1,416,discharge-high,77
9-1,417,discharge-high,77
9-1,418,discharge-high,77
9-1,419,discharge-high,77
9-1,420,discharge-high,77
9-1,421,discharge-high,77
9-1,422,discharge-high,77
9-1,423,discharge-high,77
9-1,424,discharge-high,77
9-1,425,discharge-high,77
9-1,426,discharge-high,77
9-1,427,discharge-high,77
9-1,428,discharge-high,77
9-1,429,discharge-high,77
9-1,430,discharge-high,77
9-1,431,discharge-high,77
9-1,432,discharge-high,77
9-1,433,discharge-high,77
9-1,434,discharge-high,77
9-1,435,discharge-high,77
9-1,436,discharge-high,77
9-1,437,discharge-high,77
9-1,438,discharge-high,77
9-1,439,discharge-high,77
9-1,440,discharge-high,77
9-1,441,discharge-high,77
9-1,442,discharge-high,77
9-1,443,discharge-high,77
9-1,444,discharge-high,77
9-1,445,discharge-high,77
9-1,446,discharge-high,77
9-1,447,discharge-high,77
9-1,448,discharge-high,77
9-1,449,discharge-high,77
9-1,450,discharge-high,77
9-1,451,discharge-high,77
9-1,452,discharge-high,77
9-1,453,discharge-high,77
9-1,454,discharge-high,77
9-1,455,discharge-high,77
9-1,456,discharge-high,77
9-1,457,discharge-high,77
9-1,458,discharge-high,77
9-1,459,discharge-high,77
9-1,460,discharge-high,77
9-1,461,discharge-high,77
9-1,462,discharge-high,77
9-1,463,discharge-high,77
9-1,464,discharge-high,77
9-1,465,discharge-high,77
9-1,466,discharge-high,77
9-1,467,discharge-high,77
9-1,468,discharge-high,77
9-1,469,discharge-high,77
9-1,470,discharge-high,77
9-1,471,discharge-high,77
9-1,472,discharge-high,77
9-1,473,discharge-high,77
9-1,474,discharge-high,77
9-1,475,discharge-high,77
9-1,476,discharge-high,77
9-1,477,discharge-high,77
9-1,478,discharge-high,77
9-1,479,discharge-high,77
9-1,480,discharge-high,77
9-1,481,discharge-high,77
9-1,482,discharge-high,77
9-1,483,discharge-high,77
9-1,484,discharge-high,77
9-1,485,discharge-high,77
9-1,486,discharge-high,77
9-1,487,discharge-high,77
9-1,488,discharge-high,77
9-1,489,discharge-high,77
9-1,490,discharge-high,77
9-1,491,discharge-high,77
9-1,492,discharge-high,77
9-1,493,discharge-high,77
9-1,494,discharge-high,77
9-1,495,discharge-high,77
9-1,496,discharge-high,77
9-1,497,discharge-high,77
9-1,498,discharge-high,77
9-1,499,discharge-high,77
9-1,500,discharge-high,77
9-1,501,discharge-high,77
9-1,502,discharge-high,77
9-1,503,discharge-high,77
9-1,504,discharge-high,77
9-1,505,discharge-high,77
9-1,506,discharge-high,77
9-1,507,discharge-high,77
9-1,508,discharge-high,77
9-1,509,discharge-high,77
9-1,510,discharge-high,77
9-1,511,discharge-high,77
9-1,512,discharge-high,77
9-1,513,discharge-high,77
9-1,514,discharge-high,77
9-1,515,discharge-high,77
9-1,516,discharge-high,77
9-1,517,discharge-high,77
9-1,518,discharge-high,77
9-1,519,discharge-high,77
9-1,520,discharge-high,77
9-1,521,discharge-high,77
9-1,522,discharge-high,77
9-1,523,discharge-high,77
9-1,524,discharge-high,77
9-1,525,discharge-high,77
9-1,526,discharge-high,77
9-1,527,discharge-high,77
9-1,528,discharge-high,77
9-1,529,discharge-high,77
9-1,530,discharge-high,77
9-1,531,discharge-high,77
9-1,532,discharge-high,77
9-1,533,discharge-high,77
9-1,534,discharge-high,77
9-1,535,discharge-high,77
9-1,536,discharge-high,77
9-1,537,discharge-high,77
9-1,538,discharge-high,77
9-1,539,discharge-high,77
9-1,540,discharge-high,77
9-1,541,discharge-high,77
9-1,542,discharge-high,77
9-1,543,discharge-high,77
9-1,544,discharge-high,77
9-1,545,discharge-high,77
9-1,546,discharge-high,77
9-1,547,discharge-high,77
9-1,548,discharge-high,77
9-1,549,discharge-high,77
9-1,550,discharge-high,77
9-1,551,discharge-high,77
9-1,552,discharge-high,77
9-1,553,discharge-high,77
9-1,554,discharge-high,77
9-1,555,discharge-high,77
9-1,556,discharge-high,77
9-1,557,discharge-high,77
9-1,558,discharge-high,77
9-1,559,discharge-high,77
9-1,560,discharge-high,77
9-1,561,discharge-high,77
9-1,562,discharge-high,77
9-1,563,discharge-high,77
9-1,564,discharge-high,77
9-1,565,discharge-high,77
9-1,566,discharge-high,77
9-1,567,discharge-high,77
9-1,568,discharge-high,77
9-1,569,discharge-high,77
9-1,570,discharge-high,77
9-1,571,discharge-high,77
9-1,572,discharge-high,77
9-1,573,discharge-high,77
9-1,574,discharge-high,77
9-1,575,discharge-high,77
9-1,576,discharge-high,77
9-1,577,discharge-high,77
9-1,578,discharge-high,77
9-1,579,discharge-high,77
9-1,580,discharge-high,77
9-1,581,discharge-high,77
9-1,582,discharge-high,77
9-1,583,discharge-high,77
9-1,584,discharge-high,77
9-1,585,discharge-high,77
9-1,586,discharge-high,77
9-1,587,discharge-high,77
9-1,588,discharge-high,77
9-1,589,discharge-high,77
9-1,590,discharge-high,77
9-1,591,discharge-high,77
9-1,592,discharge-high,77
9-1,593,discharge-high,77
9-1,594,discharge-high,77
9-1,595,discharge-high,77
9-1,596,discharge-high,77
9-1,597,discharge-high,77
9-1,598,discharge-high,77
9-1,599,discharge-high,77
9-1,600,discharge-high,77
9-1,601,discharge-high,77
9-1,602,discharge-high,77
9-1,603,discharge-high,77
9-1,604,discharge-high,77
9-1,605,discharge-high,77
9-1,606,discharge-high,77
9-1,607,discharge-high,77
9-1,608,discharge-high,77
9-1,609,discharge-high,77
9-1,610,discharge-high,77
9-1,611,discharge-high,77
9-1,612,discharge-high,77
9-1,613,discharge-high,77
1-1,1,discharge-mid,275
1-1,2,discharge-mid,275
1-1,3,discharge-mid,275
1-1,4,discharge-mid,274
1-1,5,discharge-mid,274
1-1,6,discharge-mid,274
1-1,7,discharge-mid,275
1-1,8,discharge-mid,275
1-1,9,discharge-mid,275
1-1,10,discharge-mid,275
1-1,11,discharge-mid,275
1-1,12,discharge-mid,274
1-1,13,discharge-mid,274
1-1,14,discharge-mid,274
1-1,15,discharge-mid,274
1-1,16,discharge-mid,274
1-1,17,discharge-mid,274
1-1,18,discharge-mid,274
1-1,19,discharge-mid,274
1-1,20,discharge-mid,274
1-1,21,discharge-mid,273
1-1,22,discharge-mid,273
1-1,23,discharge-mid,273
1-1,24,discharge-mid,273
1-1,25,discharge-mid,273
1-1,26,discharge-mid,273
1-1,27,discharge-mid,273
1-1,28,discharge-mid,273
1-1,29,discharge-mid,273
1-1,30,discharge-mid,273
1-1,31,discharge-mid,273
1-1,32,discharge-mid,273
1-1,33,discharge-mid,273
1-1,34,discharge-mid,273
1-1,35,discharge-mid,273
1-1,36,discharge-mid,273
1-1,37,discharge-mid,273
1-1,38,discharge-mid,273
1-1,39,discharge-mid,273
1-1,40,discharge-mid,273
1-1,41,discharge-mid,273
1-1,42,discharge-mid,272
1-1,43,discharge-mid,272
1-1,44,discharge-mid,272
1-1,45,discharge-mid,272
1-1,46,discharge-mid,272
1-1,47,discharge-mid,272
1-1,48,discharge-mid,272
1-1,49,discharge-mid,272
1-1,50,discharge-mid,272
1-1,51,discharge-mid,272
1-1,52,discharge-mid,272
1-1,53,discharge-mid,272
1-1,54,discharge-mid,272
1-1,55,discharge-mid,272
1-1,56,discharge-mid,272
1-1,57,discharge-mid,271
1-1,58,discharge-mid,271
1-1,59,discharge-mid,271
1-1,60,discharge-mid,271
1-1,61,discharge-mid,271
1-1,62,discharge-mid,271
1-1,63,discharge-mid,271
1-1,64,discharge-mid,271
1-1,65,discharge-mid,271
1-1,66,discharge-mid,271
1-1,67,discharge-mid,271
1-1,68,discharge-mid,271
1-1,69,discharge-mid,271
1-1,70,discharge-mid,271
1-1,71,discharge-mid,271
1-1,72,discharge-mid,271
1-1,73,discharge-mid,271
1-1,74,discharge-mid,271
1-1,75,discharge-mid,271
1-1,76,discharge-mid,271
1-1,77,discharge-mid,271
1-1,78,discharge-mid,271
1-1,79,discharge-mid,271
1-1,80,discharge-mid,270
1-1,81,discharge-mid,270
1-1,82,discharge-mid,270
1-1,83,discharge-mid,270
1-1,84,discharge-mid,270
1-1,85,discharge-mid,270
1-1,86,discharge-mid,270
1-1,87,discharge-mid,270
1-1,88,discharge-mid,270
1-1,89,discharge-mid,270
1-1,90,discharge-mid,270
1-1,91,discharge-mid,270
1-1,92,discharge-mid,270
1-1,93,discharge-mid,270
1-1,94,discharge-mid,270
1-1,95,discharge-mid,270
1-1,96,discharge-mid,270
1-1,97,discharge-mid,270
1-1,98,discharge-mid,269
1-1,99,discharge-mid,269
1-1,100,discharge-mid,269
1-1,101,discharge-mid,269
1-1,102,discharge-mid,269
1-1,103,discharge-mid,269
1-1,104,discharge-mid,269
1-1,105,discharge-mid,269
1-1,106,discharge-mid,269
1-1,107,discharge-mid,269
1-1,108,discharge-mid,269
1-1,109,discharge-mid,269
1-1,110,discharge-mid,269
1-1,111,discharge-mid,269
1-1,112,discharge-mid,269
1-1,113,discharge-mid,269
1-1,114,discharge-mid,269
1-1,115,discharge-mid,269
1-1,116,discharge-mid,269
1-1,117,discharge-mid,269
1-1,118,discharge-mid,269
1-1,119,discharge-mid,269
1-1,120,discharge-mid,269
1-1,121,discharge-mid,269
1-1,122,discharge-mid,269
1-1,123,discharge-mid,269
1-1,124,discharge-mid,269
1-1,125,discharge-mid,269
1-1,126,discharge-mid,268
1-1,127,discharge-mid,268
1-1,128,discharge-mid,268
1-1,129,discharge-mid,268
1-1,130,discharge-mid,268
1-1,131,discharge-mid,268
1-1,132,discharge-mid,268
1-1,133,discharge-mid,268
1-1,134,discharge-mid,268
1-1,135,discharge-mid,268
1-1,136,discharge-mid,268
1-1,137,discharge-mid,268
1-1,138,discharge-mid,268
1-1,139,discharge-mid,268
1-1,140,discharge-mid,268
1-1,141,discharge-mid,268
1-1,142,discharge-mid,268
1-1,143,discharge-mid,268
1-1,144,discharge-mid,268
1-1,145,discharge-mid,268
1-1,146,discharge-mid,268
1-1,147,discharge-mid,268
1-1,148,discharge-mid,268
1-1,149,discharge-mid,268
1-1,150,discharge-mid,268
1-1,151,discharge-mid,268
1-1,152,discharge-mid,268
1-1,153,discharge-mid,268
1-1,154,discharge-mid,268
1-1,155,discharge-mid,267
1-1,156,discharge-mid,267
1-1,157,discharge-mid,267
1-1,158,discharge-mid,267
1-1,159,discharge-mid,267
1-1,160,discharge-mid,267
1-1,161,discharge-mid,267
1-1,162,discharge-mid,267
1-1,163,discharge-mid,267
1-1,164,discharge-mid,267
1-1,165,discharge-mid,267
1-1,166,discharge-mid,267
1-1,167,discharge-mid,267
1-1,168,discharge-mid,267
1-1,169,discharge-mid,267
1-1,170,discharge-mid,267
1-1,171,discharge-mid,267
1-1,172,discharge-mid,267
1-1,173,discharge-mid,267
1-1,174,discharge-mid,267
1-1,175,discharge-mid,267
1-1,176,discharge-mid,267
1-1,177,discharge-mid,267
1-1,178,discharge-mid,267
1-1,179,discharge-mid,267
1-1,180,discharge-mid,267
1-1,181,discharge-mid,267
1-1,182,discharge-mid,267
1-1,183,discharge-mid,267
1-1,184,discharge-mid,267
1-1,185,discharge-mid,266
1-1,186,discharge-mid,266
1-1,187,discharge-mid,266
1-1,188,discharge-mid,266
1-1,189,discharge-mid,266
1-1,190,discharge-mid,266
1-1,191,discharge-mid,266
1-1,192,discharge-mid,266
1-1,193,discharge-mid,266
1-1,194,discharge-mid,266
1-1,195,discharge-mid,266
1-1,196,discharge-mid,266
1-1,197,discharge-mid,266
1-1,198,discharge-mid,266
1-1,199,discharge-mid,266
1-1,200,discharge-mid,266
1-1,201,discharge-mid,266
1-1,202,discharge-mid,266
1-1,203,discharge-mid,266
1-1,204,discharge-mid,266
1-1,205,discharge-mid,266
1-1,206,discharge-mid,266
1-1,207,discharge-mid,266
1-1,208,discharge-mid,266
1-1,209,discharge-mid,266
1-1,210,discharge-mid,266
1-1,211,discharge-mid,266
1-1,212,discharge-mid,266
1-1,213,discharge-mid,266
1-1,214,discharge-mid,266
1-1,215,discharge-mid,266
1-1,216,discharge-mid,266
1-1,217,discharge-mid,266
1-1,218,discharge-mid,266
1-1,219,discharge-mid,266
1-1,220,discharge-mid,266
1-1,221,discharge-mid,266
1-1,222,discharge-mid,266
1-1,223,discharge-mid,266
1-1,224,discharge-mid,266
1-1,225,discharge-mid,266
1-1,226,discharge-mid,266
1-1,227,discharge-mid,266
1-1,228,discharge-mid,266
1-1,229,discharge-mid,266
1-1,230,discharge-mid,266
1-1,231,discharge-mid,266
1-1,232,discharge-mid,266
1-1,233,discharge-mid,265
1-1,234,discharge-mid,265
1-1,235,discharge-mid,265
1-1,236,discharge-mid,265
1-1,237,discharge-mid,265
1-1,238,discharge-mid,265
1-1,239,discharge-mid,265
1-1,240,discharge-mid,265
1-1,241,discharge-mid,265
1-1,242,discharge-mid,265
1-1,243,discharge-mid,265
1-1,244,discharge-mid,265
1-1,245,discharge-mid,265
1-1,246,discharge-mid,265
1-1,247,discharge-mid,265
1-1,248,discharge-mid,265
1-1,249,discharge-mid,265
1-1,250,discharge-mid,265
1-1,251,discharge-mid,265
1-1,252,discharge-mid,265
1-1,253,discharge-mid,265
1-1,254,discharge-mid,265
1-1,255,discharge-mid,265
1-1,256,discharge-mid,265
1-1,257,discharge-mid,264
1-1,258,discharge-mid,264
1-1,259,discharge-mid,264
1-1,260,discharge-mid,264
1-1,261,discharge-mid,264
1-1,262,discharge-mid,264
1-1,263,discharge-mid,264
1-1,264,discharge-mid,264
1-1,265,discharge-mid,264
1-1,266,discharge-mid,264
1-1,267,discharge-mid,264
1-1,268,discharge-mid,264
1-1,269,discharge-mid,264
1-1,270,discharge-mid,264
1-1,271,discharge-mid,264
1-1,272,discharge-mid,264
1-1,273,discharge-mid,264
1-1,274,discharge-mid,264
1-1,275,discharge-mid,264
1-1,276,discharge-mid,264
1-1,277,discharge-mid,264
1-1,278,discharge-mid,264
1-1,279,discharge-mid,264
1-1,280,discharge-mid,264
1-1,281,discharge-mid,264
1-1,282,discharge-mid,264
1-1,283,discharge-mid,264
1-1,284,discharge-mid,264
1-1,285,discharge-mid,264
1-1,286,discharge-mid,264
1-1,287,discharge-mid,264
1-1,288,discharge-mid,264
1-1,289,discharge-mid,264
1-1,290,discharge-mid,264
1-1,291,discharge-mid,264
1-1,292,discharge-mid,264
1-1,293,discharge-mid,264
1-1,294,discharge-mid,264
1-1,295,discharge-mid,264
1-1,296,discharge-mid,264
1-1,297,discharge-mid,263
1-1,298,discharge-mid,263
1-1,299,discharge-mid,263
1-1,300,discharge-mid,263
1-1,301,discharge-mid,263
1-1,302,discharge-mid,264
1-1,303,discharge-mid,264
1-1,304,discharge-mid,264
1-1,305,discharge-mid,264
1-1,306,discharge-mid,264
1-1,307,discharge-mid,264
1-1,308,discharge-mid,264
1-1,309,discharge-mid,264
1-1,310,discharge-mid,264
1-1,311,discharge-mid,264
1-1,312,discharge-mid,264
1-1,313,discharge-mid,264
1-1,314,discharge-mid,264
1-1,315,discharge-mid,264
1-1,316,discharge-mid,264
1-1,317,discharge-mid,264
1-1,318,discharge-mid,264
1-1,319,discharge-mid,264
1-1,320,discharge-mid,263
1-1,321,discharge-mid,263
1-1,322,discharge-mid,263
1-1,323,discharge-mid,263
1-1,324,discharge-mid,263
1-1,325,discharge-mid,263
1-1,326,discharge-mid,263
1-1,327,discharge-mid,263
1-1,328,discharge-mid,263
1-1,329,discharge-mid,263
1-1,330,discharge-mid,263
1-1,331,discharge-mid,263
1-1,332,discharge-mid,263
1-1,333,discharge-mid,263
1-1,334,discharge-mid,263
1-1,335,discharge-mid,263
1-1,336,discharge-mid,263
1-1,337,discharge-mid,263
1-1,338,discharge-mid,263
1-1,339,discharge-mid,263
1-1,340,discharge-mid,263
1-1,341,discharge-mid,263
1-1,342,discharge-mid,263
1-1,343,discharge-mid,263
1-1,344,discharge-mid,263
1-1,345,discharge-mid,263
1-1,346,discharge-mid,263
1-1,347,discharge-mid,263
1-1,348,discharge-mid,263
1-1,349,discharge-mid,263
1-1,350,discharge-mid,263
1-1,351,discharge-mid,263
1-1,352,discharge-mid,263
1-1,353,discharge-mid,263
1-1,354,discharge-mid,263
1-1,355,discharge-mid,263
1-1,356,discharge-mid,262
1-1,357,discharge-mid,262
1-1,358,discharge-mid,262
1-1,359,discharge-mid,262
1-1,360,discharge-mid,262
1-1,361,discharge-mid,262
1-1,362,discharge-mid,262
1-1,363,discharge-mid,262
1-1,364,discharge-mid,262
1-1,365,discharge-mid,262
1-1,366,discharge-mid,262
1-1,367,discharge-mid,262
1-1,368,discharge-mid,262
1-1,369,discharge-mid,262
1-1,370,discharge-mid,262
1-1,371,discharge-mid,262
1-1,372,discharge-mid,262
1-1,373,discharge-mid,262
1-1,374,discharge-mid,262
1-1,375,discharge-mid,262
1-1,376,discharge-mid,262
1-1,377,discharge-mid,262
1-1,378,discharge-mid,262
1-1,379,discharge-mid,262
1-1,380,discharge-mid,262
1-1,381,discharge-mid,262
1-1,382,discharge-mid,262
1-1,383,discharge-mid,262
1-1,384,discharge-mid,262
1-1,385,discharge-mid,261
1-1,386,discharge-mid,261
1-1,387,discharge-mid,261
1-1,388,discharge-mid,261
1-1,389,discharge-mid,261
1-1,390,discharge-mid,261
1-1,391,discharge-mid,261
1-1,392,discharge-mid,261
1-1,393,discharge-mid,261
1-1,394,discharge-mid,261
1-1,395,discharge-mid,261
1-1,396,discharge-mid,261
1-1,397,discharge-mid,261
1-1,398,discharge-mid,261
1-1,399,discharge-mid,261
1-1,400,discharge-mid,261
1-1,401,discharge-mid,261
1-1,402,discharge-mid,261
1-1,403,discharge-mid,261
1-1,404,discharge-mid,261
1-1,405,discharge-mid,261
1-1,406,discharge-mid,261
1-1,407,discharge-mid,261
1-1,408,discharge-mid,261
1-1,409,discharge-mid,261
1-1,410,discharge-mid,261
1-1,411,discharge-mid,261
1-1,412,discharge-mid,261
1-1,413,discharge-mid,261
1-1,414,discharge-mid,261
1-1,415,discharge-mid,261
1-1,416,discharge-mid,261
1-1,417,discharge-mid,261
1-1,418,discharge-mid,260
1-1,419,discharge-mid,260
1-1,420,discharge-mid,260
1-1,421,discharge-mid,260
1-1,422,discharge-mid,260
1-1,423,discharge-mid,260
1-1,424,discharge-mid,260
1-1,425,discharge-mid,260
1-1,426,discharge-mid,260
1-1,427,discharge-mid,260
1-1,428,discharge-mid,260
1-1,429,discharge-mid,260
1-1,430,discharge-mid,260
1-1,431,discharge-mid,260
1-1,432,discharge-mid,260
1-1,433,discharge-mid,260
1-1,434,discharge-mid,260
1-1,435,discharge-mid,260
1-1,436,discharge-mid,260
1-1,437,discharge-mid,260
1-1,438,discharge-mid,260
1-1,439,discharge-mid,260
1-1,440,discharge-mid,260
1-1,441,discharge-mid,260
1-1,442,discharge-mid,260
1-1,443,discharge-mid,260
1-1,444,discharge-mid,260
1-1,445,discharge-mid,260
1-1,446,discharge-mid,260
1-1,447,discharge-mid,259
1-1,448,discharge-mid,259
1-1,449,discharge-mid,259
1-1,450,discharge-mid,259
1-1,451,discharge-mid,259
1-1,452,discharge-mid,259
1-1,453,discharge-mid,259
1-1,454,discharge-mid,259
1-1,455,discharge-mid,259
1-1,456,discharge-mid,259
1-1,457,discharge-mid,259
1-1,458,discharge-mid,259
1-1,459,discharge-mid,259
1-1,460,discharge-mid,259
1-1,461,discharge-mid,259
1-1,462,discharge-mid,259
1-1,463,discharge-mid,259
1-1,464,discharge-mid,259
1-1,465,discharge-mid,259
1-1,466,discharge-mid,259
1-1,467,discharge-mid,259
1-1,468,discharge-mid,259
1-1,469,discharge-mid,259
1-1,470,discharge-mid,259
1-1,471,discharge-mid,258
1-1,472,discharge-mid,258
1-1,473,discharge-mid,258
1-1,474,discharge-mid,258
1-1,475,discharge-mid,258
1-1,476,discharge-mid,258
1-1,477,discharge-mid,258
1-1,478,discharge-mid,258
1-1,479,discharge-mid,258
1-1,480,discharge-mid,258
1-1,481,discharge-mid,258
1-1,482,discharge-mid,258
1-1,483,discharge-mid,258
1-1,484,discharge-mid,258
1-1,485,discharge-mid,258
1-1,486,discharge-mid,258
1-1,487,discharge-mid,258
1-1,488,discharge-mid,258
1-1,489,discharge-mid,258
1-1,490,discharge-mid,258
1-1,491,discharge-mid,258
1-1,492,discharge-mid,258
1-1,493,discharge-mid,258
1-1,494,discharge-mid,258
1-1,495,discharge-mid,258
1-1,496,discharge-mid,258
1-1,497,discharge-mid,258
1-1,498,discharge-mid,258
1-1,499,discharge-mid,258
1-1,500,discharge-mid,258
1-1,501,discharge-mid,257
1-1,502,discharge-mid,257
1-1,503,discharge-mid,257
1-1,504,discharge-mid,257
1-1,505,discharge-mid,257
1-1,506,discharge-mid,257
1-1,507,discharge-mid,257
1-1,508,discharge-mid,257
1-1,509,discharge-mid,257
1-1,510,discharge-mid,257
1-1,511,discharge-mid,257
1-1,512,discharge-mid,257
1-1,513,discharge-mid,257
1-1,514,discharge-mid,257
1-1,515,discharge-mid,257
1-1,516,discharge-mid,257
1-1,517,discharge-mid,257
1-1,518,discharge-mid,257
1-1,519,discharge-mid,257
1-1,520,discharge-mid,257
1-1,521,discharge-mid,257
1-1,522,discharge-mid,256
1-1,523,discharge-mid,256
1-1,524,discharge-mid,256
1-1,525,discharge-mid,256
1-1,526,discharge-mid,256
1-1,527,discharge-mid,256
1-1,528,discharge-mid,256
1-1,529,discharge-mid,256
1-1,530,discharge-mid,256
1-1,531,discharge-mid,256
1-1,532,discharge-mid,256
1-1,533,discharge-mid,256
1-1,534,discharge-mid,256
1-1,535,discharge-mid,256
1-1,536,discharge-mid,256
1-1,537,discharge-mid,256
1-1,538,discharge-mid,256
1-1,539,discharge-mid,256
1-1,540,discharge-mid,256
1-1,541,discharge-mid,256
1-1,542,discharge-mid,256
1-1,543,discharge-mid,256
1-1,544,discharge-mid,256
1-1,545,discharge-mid,256
1-1,546,discharge-mid,256
1-1,547,discharge-mid,256
1-1,548,discharge-mid,256
1-1,549,discharge-mid,256
1-1,550,discharge-mid,256
1-1,551,discharge-mid,256
1-1,552,discharge-mid,256
1-1,553,discharge-mid,255
1-1,554,discharge-mid,255
1-1,555,discharge-mid,255
1-1,556,discharge-mid,255
1-1,557,discharge-mid,255
1-1,558,discharge-mid,255
1-1,559,discharge-mid,255
1-1,560,discharge-mid,255
1-1,561,discharge-mid,255
1-1,562,discharge-mid,255
1-1,563,discharge-mid,255
1-1,564,discharge-mid,255
1-1,565,discharge-mid,255
1-1,566,discharge-mid,255
1-1,567,discharge-mid,255
1-1,568,discharge-mid,255
1-1,569,discharge-mid,255
1-1,570,discharge-mid,255
1-1,571,discharge-mid,255
1-1,572,discharge-mid,255
1-1,573,discharge-mid,255
1-1,574,discharge-mid,255
1-1,575,discharge-mid,255
1-1,576,discharge-mid,255
1-1,577,discharge-mid,255
1-1,578,discharge-mid,255
1-1,579,discharge-mid,254
1-1,580,discharge-mid,254
1-1,581,discharge-mid,254
1-1,582,discharge-mid,254
1-1,583,discharge-mid,254
1-1,584,discharge-mid,254
1-1,585,discharge-mid,254
1-1,586,discharge-mid,254
1-1,587,discharge-mid,254
1-1,588,discharge-mid,254
1-1,589,discharge-mid,254
1-1,590,discharge-mid,254
1-1,591,discharge-mid,254
1-1,592,discharge-mid,254
1-1,593,discharge-mid,254
1-1,594,discharge-mid,254
1-1,595,discharge-mid,254
1-1,596,discharge-mid,254
1-1,597,discharge-mid,253
1-1,598,discharge-mid,253
1-1,599,discharge-mid,253
1-1,600,discharge-mid,253
1-1,601,discharge-mid,253
1-1,602,discharge-mid,253
1-1,603,discharge-mid,253
1-1,604,discharge-mid,253
1-1,605,discharge-mid,253
1-1,606,discharge-mid,253
1-1,607,discharge-mid,253
1-1,608,discharge-mid,253
1-1,609,discharge-mid,253
1-1,610,discharge-mid,253
1-1,611,discharge-mid,253
1-1,612,discharge-mid,253
1-1,613,discharge-mid,253
1-1,614,discharge-mid,253
1-1,615,discharge-mid,254
1-1,616,discharge-mid,254
1-1,617,discharge-mid,254
1-1,618,discharge-mid,254
1-1,619,discharge-mid,254
1-1,620,discharge-mid,254
1-1,621,discharge-mid,254
1-1,622,discharge-mid,253
1-1,623,discharge-mid,253
1-1,624,discharge-mid,253
1-1,625,discharge-mid,253
1-1,626,discharge-mid,253
1-1,627,discharge-mid,253
1-1,628,discharge-mid,253
1-1,629,discharge-mid,253
1-1,630,discharge-mid,253
1-1,631,discharge-mid,253
1-1,632,discharge-mid,253
1-1,633,discharge-mid,253
1-1,634,discharge-mid,253
1-1,635,discharge-mid,253
1-1,636,discharge-mid,253
1-1,637,discharge-mid,253
1-1,638,discharge-mid,253
1-1,639,discharge-mid,253
1-1,640,discharge-mid,252
1-1,641,discharge-mid,252
1-1,642,discharge-mid,252
1-1,643,discharge-mid,252
1-1,644,discharge-mid,252
1-1,645,discharge-mid,252
1-1,646,discharge-mid,252
1-1,647,discharge-mid,252
1-1,648,discharge-mid,252
1-1,649,discharge-mid,252
1-1,650,discharge-mid,252
1-1,651,discharge-mid,252
1-1,652,discharge-mid,252
1-1,653,discharge-mid,252
1-1,654,discharge-mid,252
1-1,655,discharge-mid,252
1-1,656,discharge-mid,252
1-1,657,discharge-mid,252
1-1,658,discharge-mid,252
1-1,659,discharge-mid,251
1-1,660,discharge-mid,251
1-1,661,discharge-mid,251
1-1,662,discharge-mid,251
1-1,663,discharge-mid,251
1-1,664,discharge-mid,251
1-1,665,discharge-mid,251
1-1,666,discharge-mid,251
1-1,667,discharge-mid,251
1-1,668,discharge-mid,251
1-1,669,discharge-mid,251
1-1,670,discharge-mid,251
1-1,671,discharge-mid,251
1-1,672,discharge-mid,251
1-1,673,discharge-mid,251
1-1,674,discharge-mid,251
1-1,675,discharge-mid,251
1-1,676,discharge-mid,250
1-1,677,discharge-mid,250
1-1,678,discharge-mid,250
1-1,679,discharge-mid,250
1-1,680,discharge-mid,250
1-1,681,discharge-mid,250
1-1,682,discharge-mid,250
1-1,683,discharge-mid,250
1-1,684,discharge-mid,250
1-1,685,discharge-mid,250
1-1,686,discharge-mid,250
1-1,687,discharge-mid,250
1-1,688,discharge-mid,250
1-1,689,discharge-mid,250
1-1,690,discharge-mid,250
1-1,691,discharge-mid,250
1-1,692,discharge-mid,250
1-1,693,discharge-mid,249
1-1,694,discharge-mid,249
1-1,695,discharge-mid,249
1-1,696,discharge-mid,249
1-1,697,discharge-mid,249
1-1,698,discharge-mid,249
1-1,699,discharge-mid,249
1-1,700,discharge-mid,249
1-1,701,discharge-mid,249
1-1,702,discharge-mid,249
1-1,703,discharge-mid,249
1-1,704,discharge-mid,249
1-1,705,discharge-mid,249
1-1,706,discharge-mid,249
1-1,707,discharge-mid,249
1-1,708,discharge-mid,249
1-1,709,discharge-mid,248
1-1,710,discharge-mid,248
1-1,711,discharge-mid,248
1-1,712,discharge-mid,248
1-1,713,discharge-mid,248
1-1,714,discharge-mid,248
1-1,715,discharge-mid,248
1-1,716,discharge-mid,248
1-1,717,discharge-mid,248
1-1,718,discharge-mid,248
1-1,719,discharge-mid,248
1-1,720,discharge-mid,248
1-1,721,discharge-mid,248
1-1,722,discharge-mid,248
1-1,723,discharge-mid,247
1-1,724,discharge-mid,247
1-1,725,discharge-mid,247
1-1,726,discharge-mid,247
1-1,727,discharge-mid,247
1-1,728,discharge-mid,247
1-1,729,discharge-mid,247
1-1,730,discharge-mid,247
1-1,731,discharge-mid,247
1-1,732,discharge-mid,247
1-1,733,discharge-mid,247
1-1,734,discharge-mid,247
1-1,735,discharge-mid,247
1-1,736,discharge-mid,247
1-1,737,discharge-mid,247
1-1,738,discharge-mid,246
1-1,739,discharge-mid,246
1-1,740,discharge-mid,246
1-1,741,discharge-mid,246
1-1,742,discharge-mid,246
1-1,743,discharge-mid,246
1-1,744,discharge-mid,246
1-1,745,discharge-mid,246
1-1,746,discharge-mid,246
1-1,747,discharge-mid,246
1-1,748,discharge-mid,246
1-1,749,discharge-mid,246
1-1,750,discharge-mid,245
1-1,751,discharge-mid,245
1-1,752,discharge-mid,245
1-1,753,discharge-mid,245
1-1,754,discharge-mid,245
1-1,755,discharge-mid,245
1-1,756,discharge-mid,245
1-1,757,discharge-mid,245
1-1,758,discharge-mid,245
1-1,759,discharge-mid,245
1-1,760,discharge-mid,245
1-1,761,discharge-mid,245
1-1,762,discharge-mid,245
1-1,763,discharge-mid,245
1-1,764,discharge-mid,245
1-1,765,discharge-mid,245
1-1,766,discharge-mid,245
1-1,767,discharge-mid,245
1-1,768,discharge-mid,244
1-1,769,discharge-mid,244
1-1,770,discharge-mid,244
1-1,771,discharge-mid,244
1-1,772,discharge-mid,244
1-1,773,discharge-mid,244
1-1,774,discharge-mid,244
1-1,775,discharge-mid,244
1-1,776,discharge-mid,244
1-1,777,discharge-mid,244
1-1,778,discharge-mid,244
1-1,779,discharge-mid,243
1-1,780,discharge-mid,243
1-1,781,discharge-mid,243
1-1,782,discharge-mid,243
1-1,783,discharge-mid,243
1-1,784,discharge-mid,243
1-1,785,discharge-mid,243
1-1,786,discharge-mid,243
1-1,787,discharge-mid,243
1-1,788,discharge-mid,243
1-1,789,discharge-mid,243
1-1,790,discharge-mid,243
1-1,791,discharge-mid,243
1-1,792,discharge-mid,243
1-1,793,discharge-mid,242
1-1,794,discharge-mid,242
1-1,795,discharge-mid,242
1-1,796,discharge-mid,242
1-1,797,discharge-mid,242
1-1,798,discharge-mid,243
1-1,799,discharge-mid,243
1-1,800,discharge-mid,243
1-1,801,discharge-mid,243
1-1,802,discharge-mid,243
1-1,803,discharge-mid,243
1-1,804,discharge-mid,243
1-1,805,discharge-mid,243
1-1,806,discharge-mid,242
1-1,807,discharge-mid,242
1-1,808,discharge-mid,242
1-1,809,discharge-mid,242
1-1,810,discharge-mid,242
1-1,811,discharge-mid,242
1-1,812,discharge-mid,242
1-1,813,discharge-mid,242
1-1,814,discharge-mid,242
1-1,815,discharge-mid,242
1-1,816,discharge-mid,242
1-1,817,discharge-mid,242
1-1,818,discharge-mid,241
1-1,819,discharge-mid,241
1-1,820,discharge-mid,241
1-1,821,discharge-mid,241
1-1,822,discharge-mid,241
1-1,823,discharge-mid,241
1-1,824,discharge-mid,241
1-1,825,discharge-mid,241
1-1,826,discharge-mid,241
1-1,827,discharge-mid,241
1-1,828,discharge-mid,241
1-1,829,discharge-mid,241
1-1,830,discharge-mid,241
1-1,831,discharge-mid,240
1-1,832,discharge-mid,240
1-1,833,discharge-mid,240
1-1,834,discharge-mid,240
1-1,835,discharge-mid,240
1-1,836,discharge-mid,240
1-1,837,discharge-mid,240
1-1,838,discharge-mid,240
1-1,839,discharge-mid,240
1-1,840,discharge-mid,240
1-1,841,discharge-mid,239
1-1,842,discharge-mid,239
1-1,843,discharge-mid,239
1-1,844,discharge-mid,239
1-1,845,discharge-mid,239
1-1,846,discharge-mid,239
1-1,847,discharge-mid,239
1-1,848,discharge-mid,239
1-1,849,discharge-mid,239
1-1,850,discharge-mid,239
1-1,851,discharge-mid,239
1-1,852,discharge-mid,239
1-1,853,discharge-mid,239
1-1,854,discharge-mid,238
1-1,855,discharge-mid,238
1-1,856,discharge-mid,238
1-1,857,discharge-mid,238
1-1,858,discharge-mid,238
1-1,859,discharge-mid,238
1-1,860,discharge-mid,238
1-1,861,discharge-mid,238
1-1,862,discharge-mid,237
1-1,863,discharge-mid,237
1-1,864,discharge-mid,237
1-1,865,discharge-mid,237
1-1,866,discharge-mid,237
1-1,867,discharge-mid,237
1-1,868,discharge-mid,237
1-1,869,discharge-mid,237
1-1,870,discharge-mid,237
1-1,871,discharge-mid,237
1-1,872,discharge-mid,237
1-1,873,discharge-mid,237
1-1,874,discharge-mid,237
1-1,875,discharge-mid,237
1-1,876,discharge-mid,236
1-1,877,discharge-mid,236
1-1,878,discharge-mid,236
1-1,879,discharge-mid,236
1-1,880,discharge-mid,236
1-1,881,discharge-mid,236
1-1,882,discharge-mid,236
1-1,883,discharge-mid,236
1-1,884,discharge-mid,236
1-1,885,discharge-mid,236
1-1,886,discharge-mid,235
1-1,887,discharge-mid,235
1-1,888,discharge-mid,235
1-1,889,discharge-mid,235
1-1,890,discharge-mid,235
1-1,891,discharge-mid,235
1-1,892,discharge-mid,235
1-1,893,discharge-mid,235
1-1,894,discharge-mid,235
1-1,895,discharge-mid,235
1-1,896,discharge-mid,235
1-1,897,discharge-mid,234
1-1,898,discharge-mid,234
1-1,899,discharge-mid,234
1-1,900,discharge-mid,234
1-1,901,discharge-mid,234
1-1,902,discharge-mid,234
1-1,903,discharge-mid,234
1-1,904,discharge-mid,234
1-1,905,discharge-mid,234
1-1,906,discharge-mid,234
1-1,907,discharge-mid,234
1-1,908,discharge-mid,234
1-1,909,discharge-mid,234
1-1,910,discharge-mid,233
1-1,911,discharge-mid,233
1-1,912,discharge-mid,233
1-1,913,discharge-mid,233
1-1,914,discharge-mid,233
1-1,915,discharge-mid,233
1-1,916,discharge-mid,233
1-1,917,discharge-mid,233
1-1,918,discharge-mid,233
1-1,919,discharge-mid,232
1-1,920,discharge-mid,232
1-1,921,discharge-mid,232
1-1,922,discharge-mid,232
1-1,923,discharge-mid,232
1-1,924,discharge-mid,232
1-1,925,discharge-mid,232
1-1,926,discharge-mid,232
1-1,927,discharge-mid,232
1-1,928,discharge-mid,232
1-1,929,discharge-mid,232
1-1,930,discharge-mid,232
1-1,931,discharge-mid,232
1-1,932,discharge-mid,232
1-1,933,discharge-mid,232
1-1,934,discharge-mid,232
1-1,935,discharge-mid,232
1-1,936,discharge-mid,232
1-1,937,discharge-mid,232
1-1,938,discharge-mid,231
1-1,939,discharge-mid,231
1-1,940,discharge-mid,231
1-1,941,discharge-mid,231
1-1,942,discharge-mid,231
1-1,943,discharge-mid,231
1-1,944,discharge-mid,231
1-1,945,discharge-mid,231
1-1,946,discharge-mid,231
1-1,947,discharge-mid,231
1-1,948,discharge-mid,231
1-1,949,discharge-mid,230
1-1,950,discharge-mid,230
1-1,951,discharge-mid,230
1-1,952,discharge-mid,230
1-1,953,discharge-mid,230
1-1,954,discharge-mid,230
1-1,955,discharge-mid,230
1-1,956,discharge-mid,230
1-1,957,discharge-mid,230
1-1,958,discharge-mid,230
1-1,959,discharge-mid,230
4-1,1476,discharge-mid,56
4-1,1477,discharge-mid,56
4-1,1478,discharge-mid,56
4-1,1479,discharge-mid,56
4-1,1480,discharge-mid,56
4-1,1481,discharge-mid,56
4-1,1482,discharge-mid,56
4-1,1483,discharge-mid,56
4-1,1484,discharge-mid,56
4-1,1485,discharge-mid,56
4-1,1557,discharge-mid,56
4-1,1558,discharge-mid,56
4-1,1559,discharge-mid,56
4-1,1560,discharge-mid,56
4-1,1561,discharge-mid,56
4-1,1562,discharge-mid,56
4-1,1563,discharge-mid,56
4-1,1564,discharge-mid,56
4-1,1565,discharge-mid,56
4-1,1566,discharge-mid,56
4-1,1567,discharge-mid,56
4-1,1568,discharge-mid,56
4-1,1569,discharge-mid,56
4-1,1570,discharge-mid,56
4-1,1571,discharge-mid,56
4-1,1572,discharge-mid,56
4-1,1573,discharge-mid,56
4-1,1574,discharge-mid,56
4-1,1575,discharge-mid,56
4-1,1576,discharge-mid,56
4-1,1577,discharge-mid,56
4-1,1578,discharge-mid,56
4-1,1579,discharge-mid,56
4-1,1580,discharge-mid,56
4-1,1581,discharge-mid,56
4-1,1582,discharge-mid,56
4-1,1583,discharge-mid,56
4-1,1584,discharge-mid,56
4-1,1585,discharge-mid,56
4-1,1586,discharge-mid,56
4-1,1587,discharge-mid,56
4-1,1588,discharge-mid,56
4-1,1589,discharge-mid,56
4-1,1590,discharge-mid,56
4-1,1591,discharge-mid,56
4-1,1592,discharge-mid,56
4-1,1593,discharge-mid,56
4-1,1594,discharge-mid,56
4-1,1595,discharge-mid,56
4-1,1596,discharge-mid,56
4-1,1597,discharge-mid,56
4-1,1598,discharge-mid,56
4-1,1599,discharge-mid,56
4-1,1600,discharge-mid,56
4-1,1601,discharge-mid,56
4-1,1602,discharge-mid,56
4-1,1603,discharge-mid,56
4-1,1604,discharge-mid,56
4-1,1605,discharge-mid,56
4-1,1606,discharge-mid,56
4-1,1607,discharge-mid,56
4-1,1608,discharge-mid,56
4-1,1609,discharge-mid,56
4-1,1610,discharge-mid,56
4-1,1611,discharge-mid,56
4-1,1612,discharge-mid,56
4-1,1613,discharge-mid,56
4-1,1614,discharge-mid,56
4-1,1615,discharge-mid,56
4-1,1616,discharge-mid,56
4-1,1617,discharge-mid,56
4-1,1618,discharge-mid,56
4-1,1619,discharge-mid,56
4-1,1620,discharge-mid,56
4-1,1621,discharge-mid,56
4-1,1622,discharge-mid,56
4-1,1623,discharge-mid,56
4-1,1624,discharge-mid,56
4-1,1625,discharge-mid,56
4-1,1626,discharge-mid,56
4-1,1627,discharge-mid,55
4-1,1628,discharge-mid,55
4-1,1629,discharge-mid,55
4-1,1630,discharge-mid,55
4-1,1631,discharge-mid,55
4-1,1632,discharge-mid,55
4-1,1633,discharge-mid,55
4-1,1634,discharge-mid,55
4-1,1635,discharge-mid,55
4-1,1636,discharge-mid,55
4-1,1637,discharge-mid,55
4-1,1638,discharge-mid,55
4-1,1639,discharge-mid,55
4-1,1640,discharge-mid,55
4-1,1641,discharge-mid,55
4-1,1642,discharge-mid,55
4-1,1643,discharge-mid,55
4-1,1644,discharge-mid,55
4-1,1645,discharge-mid,55
4-1,1646,discharge-mid,55
4-1,1647,discharge-mid,55
4-1,1648,discharge-mid,55
4-1,1649,discharge-mid,55
4-1,1650,discharge-mid,55
4-1,1651,discharge-mid,55
4-1,1652,discharge-mid,55
4-1,1653,discharge-mid,55
4-1,1654,discharge-mid,55
4-1,1655,discharge-mid,55
4-1,1656,discharge-mid,55
4-1,1657,discharge-mid,55
4-1,1658,discharge-mid,55
4-1,1659,discharge-mid,55
4-1,1660,discharge-mid,55
4-1,1661,discharge-mid,55
4-1,1662,discharge-mid,56
4-1,1663,discharge-mid,56
4-1,1664,discharge-mid,56
4-1,1665,discharge-mid,56
4-1,1666,discharge-mid,56
4-1,1667,discharge-mid,56
4-1,1668,discharge-mid,56
4-1,1669,discharge-mid,56
4-1,1670,discharge-mid,56
4-1,1671,discharge-mid,56
4-1,1672,discharge-mid,56
4-1,1673,discharge-mid,56
4-1,1674,discharge-mid,56
4-1,1675,discharge-mid,56
4-1,1676,discharge-mid,56
4-1,1677,discharge-mid,56
4-1,1678,discharge-mid,56
4-1,1679,discharge-mid,56
4-1,1680,discharge-mid,56
4-1,1681,discharge-mid,56
4-1,1682,discharge-mid,56
4-1,1683,discharge-mid,56
4-1,1684,discharge-mid,56
4-1,1685,discharge-mid,56
4-1,1686,discharge-mid,56
4-1,1687,discharge-mid,56
4-1,1688,discharge-mid,56
4-1,1689,discharge-mid,56
4-1,1690,discharge-mid,56
4-1,1691,discharge-mid,56
4-1,1692,discharge-mid,56
4-1,1693,discharge-mid,56
4-1,1695,discharge-mid,55
4-1,1696,discharge-mid,55
4-1,1697,discharge-mid,55
4-1,1699,discharge-mid,55
4-1,1700,discharge-mid,55
4-1,1702,discharge-mid,55
4-1,1703,discharge-mid,55
4-1,1704,discharge-mid,55
4-1,1706,discharge-mid,55
4-1,1707,discharge-mid,55
4-1,1709,discharge-mid,55
4-1,1710,discharge-mid,55
4-1,1712,discharge-mid,55
4-1,1713,discharge-mid,55
4-1,1714,discharge-mid,55
4-1,1716,discharge-mid,55
4-1,1717,discharge-mid,55
4-1,1719,discharge-mid,55
4-1,1720,discharge-mid,55
4-1,1722,discharge-mid,55
4-1,1723,discharge-mid,55
4-1,1725,discharge-mid,55
4-1,1726,discharge-mid,55
4-1,1727,discharge-mid,55
4-1,1729,discharge-mid,55
4-1,1730,discharge-mid,55
4-1,1732,discharge-mid,55
4-1,1733,discharge-mid,55
4-1,1736,discharge-mid,55
4-1,1737,discharge-mid,55
4-1,1745,discharge-mid,55
4-1,1746,discharge-mid,55
4-1,1747,discharge-mid,55
4-1,1755,discharge-mid,54
4-1,1756,discharge-mid,54
7-1,1508,discharge-mid,56
7-1,1509,discharge-mid,56
7-1,1510,discharge-mid,56
7-1,1511,discharge-mid,56
7-1,1512,discharge-mid,56
7-1,1513,discharge-mid,56
7-1,1514,discharge-mid,56
7-1,1515,discharge-mid,56
7-1,1516,discharge-mid,56
7-1,1517,discharge-mid,56
7-1,1518,discharge-mid,56
7-1,1519,discharge-mid,56
7-1,1520,discharge-mid,56
7-1,1521,discharge-mid,56
7-1,1522,discharge-mid,56
7-1,1523,discharge-mid,56
7-1,1537,discharge-mid,56
7-1,1538,discharge-mid,56
7-1,1539,discharge-mid,56
7-1,1540,discharge-mid,56
7-1,1541,discharge-mid,56
7-1,1542,discharge-mid,56
7-1,1543,discharge-mid,56
7-1,1544,discharge-mid,56
7-1,1545,discharge-mid,56
7-1,1546,discharge-mid,56
7-1,1547,discharge-mid,56
7-1,1548,discharge-mid,56
7-1,1549,discharge-mid,56
7-1,1550,discharge-mid,56
7-1,1551,discharge-mid,56
7-1,1552,discharge-mid,56
7-1,1553,discharge-mid,56
7-1,1554,discharge-mid,56
7-1,1555,discharge-mid,56
7-1,1556,discharge-mid,56
7-1,1557,discharge-mid,56
7-1,1558,discharge-mid,56
7-1,1559,discharge-mid,56
7-1,1560,discharge-mid,56
7-1,1561,discharge-mid,56
7-1,1562,discharge-mid,56
7-1,1563,discharge-mid,56
7-1,1564,discharge-mid,55
7-1,1565,discharge-mid,55
7-1,1566,discharge-mid,55
7-1,1567,discharge-mid,55
7-1,1568,discharge-mid,55
7-1,1569,discharge-mid,55
7-1,1570,discharge-mid,55
7-1,1571,discharge-mid,55
7-1,1572,discharge-mid,55
7-1,1573,discharge-mid,55
7-1,1574,discharge-mid,55
7-1,1575,discharge-mid,55
7-1,1576,discharge-mid,55
7-1,1577,discharge-mid,55
7-1,1578,discharge-mid,55
7-1,1579,discharge-mid,55
7-1,1580,discharge-mid,55
7-1,1581,discharge-mid,55
7-1,1582,discharge-mid,55
7-1,1583,discharge-mid,55
7-1,1584,discharge-mid,55
7-1,1585,discharge-mid,55
7-1,1586,discharge-mid,55
7-1,1587,discharge-mid,56
7-1,1588,discharge-mid,56
7-1,1589,discharge-mid,56
7-1,1590,discharge-mid,54
7-1,1591,discharge-mid,54
7-1,1592,discharge-mid,54
7-1,1593,discharge-mid,54
7-1,1594,discharge-mid,54
7-1,1595,discharge-mid,54
7-1,1596,discharge-mid,54
7-1,1597,discharge-mid,54
7-1,1598,discharge-mid,54
7-1,1599,discharge-mid,54
7-1,1600,discharge-mid,54
7-1,1601,discharge-mid,54
7-1,1602,discharge-mid,54
7-1,1603,discharge-mid,54
7-1,1604,discharge-mid,54
7-1,1605,discharge-mid,54
7-1,1606,discharge-mid,54
7-1,1607,discharge-mid,54
7-1,1608,discharge-mid,54
7-1,1609,discharge-mid,54
7-1,1610,discharge-mid,54
7-1,1611,discharge-mid,54
7-1,1612,discharge-mid,54
7-1,1613,discharge-mid,54
7-1,1614,discharge-mid,54
7-1,1615,discharge-mid,54
7-1,1616,discharge-mid,54
7-1,1617,discharge-mid,54
7-1,1618,discharge-mid,54
1-1,1038,discharge-low,148
1-1,1039,discharge-low,148
1-1,1044,discharge-low,148
1-1,1045,discharge-low,148
1-1,1046,discharge-low,148
1-1,1047,discharge-low,148
1-1,1048,discharge-low,148
1-1,1049,discharge-low,148
1-1,1050,discharge-low,148
1-1,1054,discharge-low,148
1-1,1055,discharge-low,148
1-1,1056,discharge-low,148
1-1,1057,discharge-low,148
1-1,1058,discharge-low,148
1-1,1059,discharge-low,148
1-1,1060,discharge-low,149
1-1,1061,discharge-low,149
1-1,1062,discharge-low,149
1-1,1063,discharge-low,148
1-1,1064,discharge-low,148
1-1,1065,discharge-low,148
1-1,1066,discharge-low,148
1-1,1067,discharge-low,148
1-1,1068,discharge-low,148
1-1,1069,discharge-low,148
1-1,1070,discharge-low,149
1-1,1071,discharge-low,149
1-1,1072,discharge-low,149
1-1,1073,discharge-low,149
1-1,1074,discharge-low,149
1-1,1075,discharge-low,148
1-1,1076,discharge-low,148
1-1,1077,discharge-low,148
1-1,1078,discharge-low,148
1-1,1079,discharge-low,149
1-1,1080,discharge-low,149
1-1,1081,discharge-low,149
1-1,1082,discharge-low,149
1-1,1083,discharge-low,149
1-1,1084,discharge-low,149
1-1,1085,discharge-low,149
1-1,1086,discharge-low,149
1-1,1087,discharge-low,149
1-1,1088,discharge-low,149
1-1,1089,discharge-low,149
1-1,1090,discharge-low,149
1-1,1091,discharge-low,149
1-1,1092,discharge-low,149
1-1,1093,discharge-low,150
1-1,1094,discharge-low,150
1-1,1095,discharge-low,149
1-1,1096,discharge-low,149
1-1,1097,discharge-low,149
1-1,1098,discharge-low,149
1-1,1099,discharge-low,149
1-1,1100,discharge-low,150
1-1,1101,discharge-low,150
1-1,1102,discharge-low,150
1-1,1103,discharge-low,150
1-1,1104,discharge-low,150
1-1,1105,discharge-low,150
1-1,1106,discharge-low,150
1-1,1107,discharge-low,149
1-1,1108,discharge-low,150
1-1,1109,discharge-low,150
1-1,1110,discharge-low,150
1-1,1111,discharge-low,150
1-1,1112,discharge-low,150
1-1,1113,discharge-low,150
1-1,1114,discharge-low,151
1-1,1115,discharge-low,151
1-1,1116,discharge-low,150
1-1,1117,discharge-low,150
1-1,1118,discharge-low,150
1-1,1119,discharge-low,150
1-1,1120,discharge-low,150
1-1,1121,discharge-low,150
1-1,1122,discharge-low,150
1-1,1123,discharge-low,151
1-1,1124,discharge-low,151
1-1,1125,discharge-low,151
1-1,1126,discharge-low,151
1-1,1127,discharge-low,150
1-1,1128,discharge-low,150
1-1,1129,discharge-low,150
1-1,1130,discharge-low,151
1-1,1131,discharge-low,151
1-1,1132,discharge-low,151
1-1,1133,discharge-low,151
1-1,1134,discharge-low,151
1-1,1135,discharge-low,151
1-1,1136,discharge-low,151
1-1,1137,discharge-low,151
1-1,1138,discharge-low,151
1-1,1139,discharge-low,151
1-1,1140,discharge-low,151
1-1,1141,discharge-low,151
1-1,1142,discharge-low,151
1-1,1143,discharge-low,151
1-1,1144,discharge-low,152
1-1,1145,discharge-low,151
1-1,1146,discharge-low,151
1-1,1147,discharge-low,151
1-1,1148,discharge-low,151
1-1,1149,discharge-low,152
1-1,1150,discharge-low,152
1-1,1151,discharge-low,152
1-1,1152,discharge-low,152
1-1,1153,discharge-low,152
1-1,1154,discharge-low,151
1-1,1155,discharge-low,151
1-1,1156,discharge-low,152
1-1,1157,discharge-low,152
1-1,1158,discharge-low,152
1-1,1159,discharge-low,152
1-1,1160,discharge-low,152
1-1,1161,discharge-low,152
1-1,1162,discharge-low,153
1-1,1163,discharge-low,152
1-1,1164,discharge-low,152
1-1,1165,discharge-low,152
1-1,1166,discharge-low,152
1-1,1167,discharge-low,152
1-1,1168,discharge-low,152
1-1,1169,discharge-low,153
1-1,1170,discharge-low,153
1-1,1171,discharge-low,153
1-1,1172,discharge-low,153
1-1,1173,discharge-low,152
1-1,1174,discharge-low,152
1-1,1175,discharge-low,152
1-1,1176,discharge-low,153
1-1,1177,discharge-low,153
1-1,1178,discharge-low,153
1-1,1179,discharge-low,153
1-1,1180,discharge-low,153
1-1,1181,discharge-low,153
1-1,1182,discharge-low,153
1-1,1183,discharge-low,153
1-1,1184,discharge-low,153
1-1,1185,discharge-low,153
1-1,1186,discharge-low,153
1-1,1187,discharge-low,153
1-1,1188,discharge-low,153
1-1,1189,discharge-low,154
1-1,1190,discharge-low,154
1-1,1191,discharge-low,153
1-1,1192,discharge-low,153
1-1,1193,discharge-low,153
1-1,1194,discharge-low,154
1-1,1195,discharge-low,154
1-1,1196,discharge-low,154
1-1,1197,discharge-low,154
1-1,1198,discharge-low,154
1-1,1199,discharge-low,153
1-1,1200,discharge-low,153
1-1,1201,discharge-low,154
1-1,1202,discharge-low,154
1-1,1203,discharge-low,154
1-1,1204,discharge-low,154
1-1,1205,discharge-low,154
1-1,1206,discharge-low,155
1-1,1207,discharge-low,155
1-1,1208,discharge-low,154
1-1,1209,discharge-low,154
1-1,1210,discharge-low,154
1-1,1211,discharge-low,154
1-1,1212,discharge-low,154
1-1,1213,discharge-low,155
1-1,1214,discharge-low,155
1-1,1215,discharge-low,155
1-1,1216,discharge-low,155
1-1,1217,discharge-low,154
1-1,1218,discharge-low,155
1-1,1219,discharge-low,154
1-1,1220,discharge-low,155
1-1,1221,discharge-low,155
1-1,1222,discharge-low,155
1-1,1223,discharge-low,155
1-1,1224,discharge-low,155
1-1,1225,discharge-low,155
1-1,1226,discharge-low,155
1-1,1227,discharge-low,155
1-1,1228,discharge-low,155
1-1,1229,discharge-low,155
1-1,1230,discharge-low,155
1-1,1231,discharge-low,155
1-1,1232,discharge-low,156
1-1,1233,discharge-low,156
1-1,1234,discharge-low,155
1-1,1235,discharge-low,155
1-1,1236,discharge-low,155
1-1,1237,discharge-low,155
1-1,1238,discharge-low,156
1-1,1239,discharge-low,156
1-1,1240,discharge-low,156
1-1,1241,discharge-low,156
1-1,1242,discharge-low,156
1-1,1243,discharge-low,155
1-1,1244,discharge-low,155
1-1,1245,discharge-low,156
1-1,1246,discharge-low,156
1-1,1247,discharge-low,156
1-1,1248,discharge-low,156
1-1,1249,discharge-low,156
1-1,1250,discharge-low,157
1-1,1251,discharge-low,156
1-1,1252,discharge-low,156
1-1,1253,discharge-low,156
1-1,1254,discharge-low,156
1-1,1255,discharge-low,156
1-1,1256,discharge-low,156
1-1,1257,discharge-low,157
1-1,1258,discharge-low,157
1-1,1259,discharge-low,157
1-1,1260,discharge-low,156
1-1,1261,discharge-low,156
1-1,1262,discharge-low,156
1-1,1263,discharge-low,156
1-1,1264,discharge-low,157
1-1,1265,discharge-low,157
1-1,1266,discharge-low,157
1-1,1267,discharge-low,157
1-1,1268,discharge-low,157
1-1,1269,discharge-low,157
1-1,1270,discharge-low,157
1-1,1271,discharge-low,157
1-1,1272,discharge-low,157
1-1,1273,discharge-low,157
1-1,1274,discharge-low,158
1-1,1275,discharge-low,158
1-1,1276,discharge-low,157
1-1,1277,discharge-low,157
1-1,1278,discharge-low,157
1-1,1279,discharge-low,158
1-1,1280,discharge-low,158
1-1,1281,discharge-low,158
1-1,1282,discharge-low,158
1-1,1283,discharge-low,158
1-1,1284,discharge-low,158
1-1,1285,discharge-low,157
1-1,1286,discharge-low,158
1-1,1287,discharge-low,158
1-1,1288,discharge-low,158
1-1,1289,discharge-low,158
1-1,1290,discharge-low,158
1-1,1291,discharge-low,159
1-1,1292,discharge-low,159
1-1,1293,discharge-low,158
1-1,1294,discharge-low,158
1-1,1295,discharge-low,158
1-1,1296,discharge-low,158
1-1,1297,discharge-low,158
1-1,1298,discharge-low,159
1-1,1299,discharge-low,159
1-1,1300,discharge-low,159
1-1,1301,discharge-low,158
1-1,1302,discharge-low,158
1-1,1303,discharge-low,159
1-1,1304,discharge-low,159
1-1,1305,discharge-low,159
1-1,1306,discharge-low,159
1-1,1307,discharge-low,159
1-1,1308,discharge-low,159
1-1,1309,discharge-low,159
1-1,1310,discharge-low,159
1-1,1311,discharge-low,159
1-1,1312,discharge-low,159
1-1,1313,discharge-low,159
1-1,1314,discharge-low,159
1-1,1315,discharge-low,159
1-1,1316,discharge-low,160
1-1,1317,discharge-low,160
1-1,1318,discharge-low,159
1-1,1319,discharge-low,159
1-1,1320,discharge-low,159
1-1,1321,discharge-low,160
1-1,1322,discharge-low,160
1-1,1323,discharge-low,160
1-1,1324,discharge-low,160
1-1,1325,discharge-low,160
1-1,1326,discharge-low,159
1-1,1327,discharge-low,160
1-1,1328,discharge-low,160
1-1,1329,discharge-low,160
1-1,1330,discharge-low,160
1-1,1331,discharge-low,160
1-1,1332,discharge-low,161
1-1,1333,discharge-low,160
1-1,1334,discharge-low,160
1-1,1335,discharge-low,160
1-1,1336,discharge-low,160
1-1,1337,discharge-low,160
1-1,1338,discharge-low,161
1-1,1339,discharge-low,161
1-1,1340,discharge-low,161
2-2,2351,discharge-low,59
2-2,2352,discharge-low,59
2-2,2353,discharge-low,59
2-2,2354,discharge-low,59
2-2,2355,discharge-low,59
2-2,2356,discharge-low,59
2-2,2357,discharge-low,59
2-2,2358,discharge-low,59
2-2,2359,discharge-low,59
2-2,2360,discharge-low,59
2-2,2361,discharge-low,59
2-2,2362,discharge-low,59
2-2,2363,discharge-low,58
2-2,2364,discharge-low,58
2-2,2365,discharge-low,58
2-2,2366,discharge-low,58
2-2,2367,discharge-low,58
2-2,2368,discharge-low,58
2-2,2369,discharge-low,58
2-2,2370,discharge-low,58
2-2,2371,discharge-low,59
2-2,2372,discharge-low,59
2-2,2373,discharge-low,59
2-2,2374,discharge-low,59
2-2,2375,discharge-low,59
2-2,2376,discharge-low,58
2-2,2377,discharge-low,58
2-2,2378,discharge-low,58
2-2,2379,discharge-low,58
2-2,2380,discharge-low,58
2-2,2381,discharge-low,58
2-2,2382,discharge-low,58
2-2,2383,discharge-low,58
2-2,2384,discharge-low,58
2-2,2385,discharge-low,58
2-2,2386,discharge-low,58
2-2,2387,discharge-low,58
2-2,2388,discharge-low,58
2-2,2389,discharge-low,57
2-2,2390,discharge-low,57
2-2,2391,discharge-low,57
2-2,2392,discharge-low,57
2-2,2393,discharge-low,57
2-2,2394,discharge-low,57
2-2,2395,discharge-low,57
2-2,2396,discharge-low,57
2-2,2397,discharge-low,57
2-2,2398,discharge-low,57
2-2,2399,discharge-low,57
2-2,2400,discharge-low,56
2-2,2401,discharge-low,56
2-2,2402,discharge-low,56
2-2,2403,discharge-low,56
2-2,2404,discharge-low,56
2-2,2405,discharge-low,56
2-2,2406,discharge-low,56
2-2,2407,discharge-low,56
2-2,2408,discharge-low,56
2-2,2409,discharge-low,56
2-2,2410,discharge-low,56
2-2,2411,discharge-low,56
2-2,2412,discharge-low,56
2-2,2413,discharge-low,55
2-2,2414,discharge-low,55
2-2,2415,discharge-low,56
2-2,2416,discharge-low,56
2-2,2417,discharge-low,56
2-2,2418,discharge-low,56
2-2,2419,discharge-low,56
2-2,2420,discharge-low,56
2-2,2421,discharge-low,56
2-2,2422,discharge-low,56
2-2,2423,discharge-low,56
2-2,2424,discharge-low,55
2-2,2425,discharge-low,55
2-2,2426,discharge-low,55
2-2,2427,discharge-low,55
2-2,2428,discharge-low,55
6-1,1110,discharge-low,148
6-1,1111,discharge-low,148
6-1,1112,discharge-low,148
6-1,1113,discharge-low,148
6-1,1114,discharge-low,148
6-1,1120,discharge-low,148
6-1,1121,discharge-low,148
6-1,1122,discharge-low,148
6-1,1123,discharge-low,148
6-1,1124,discharge-low,148
6-1,1125,discharge-low,148
6-1,1126,discharge-low,148
6-1,1127,discharge-low,148
6-1,1128,discharge-low,148
6-1,1129,discharge-low,148
6-1,1130,discharge-low,148
6-1,1131,discharge-low,148
6-1,1132,discharge-low,148
6-1,1133,discharge-low,148
6-1,1134,discharge-low,148
6-1,1135,discharge-low,148
6-1,1136,discharge-low,148
6-1,1137,discharge-low,149
6-1,1138,discharge-low,149
6-1,1139,discharge-low,149
6-1,1140,discharge-low,148
6-1,1141,discharge-low,148
6-1,1142,discharge-low,148
6-1,1143,discharge-low,148
6-1,1144,discharge-low,149
6-1,1145,discharge-low,149
6-1,1146,discharge-low,149
6-1,1147,discharge-low,149
6-1,1148,discharge-low,149
6-1,1149,discharge-low,149
6-1,1150,discharge-low,149
6-1,1151,discharge-low,148
6-1,1152,discharge-low,148
6-1,1153,discharge-low,149
6-1,1154,discharge-low,149
6-1,1155,discharge-low,149
6-1,1156,discharge-low,149
6-1,1157,discharge-low,149
6-1,1158,discharge-low,149
6-1,1159,discharge-low,149
6-1,1160,discharge-low,149
6-1,1161,discharge-low,149
6-1,1162,discharge-low,149
6-1,1163,discharge-low,149
6-1,1164,discharge-low,149
6-1,1165,discharge-low,149
6-1,1166,discharge-low,149
6-1,1167,discharge-low,149
6-1,1168,discharge-low,150
6-1,1169,discharge-low,150
6-1,1170,discharge-low,150
6-1,1171,discharge-low,150
6-1,1172,discharge-low,150
6-1,1173,discharge-low,150
6-1,1174,discharge-low,149
6-1,1175,discharge-low,149
6-1,1176,discharge-low,149
6-1,1177,discharge-low,149
6-1,1178,discharge-low,150
6-1,1179,discharge-low,150
6-1,1180,discharge-low,150
6-1,1181,discharge-low,150
6-1,1182,discharge-low,150
6-1,1183,discharge-low,150
6-1,1184,discharge-low,150
6-1,1185,discharge-low,150
6-1,1186,discharge-low,150
6-1,1187,discharge-low,150
6-1,1188,discharge-low,150
6-1,1189,discharge-low,150
6-1,1190,discharge-low,150
6-1,1191,discharge-low,150
6-1,1192,discharge-low,150
6-1,1193,discharge-low,151
6-1,1194,discharge-low,151
6-1,1195,discharge-low,150
6-1,1196,discharge-low,150
6-1,1197,discharge-low,150
6-1,1198,discharge-low,150
6-1,1199,discharge-low,150
6-1,1200,discharge-low,151
6-1,1201,discharge-low,151
6-1,1202,discharge-low,151
6-1,1203,discharge-low,151
6-1,1204,discharge-low,151
6-1,1205,discharge-low,151
6-1,1206,discharge-low,150
6-1,1207,discharge-low,150
6-1,1208,discharge-low,150
6-1,1209,discharge-low,151
6-1,1210,discharge-low,151
6-1,1211,discharge-low,151
6-1,1212,discharge-low,151
6-1,1213,discharge-low,151
6-1,1214,discharge-low,151
6-1,1215,discharge-low,151
6-1,1216,discharge-low,151
6-1,1217,discharge-low,151
6-1,1218,discharge-low,151
6-1,1219,discharge-low,151
6-1,1220,discharge-low,151
6-1,1221,discharge-low,151
6-1,1222,discharge-low,151
6-1,1223,discharge-low,151
6-1,1224,discharge-low,152
6-1,1225,discharge-low,152
6-1,1226,discharge-low,152
6-1,1227,discharge-low,152
6-1,1228,discharge-low,151
6-1,1229,discharge-low,151
6-1,1230,discharge-low,151
6-1,1231,discharge-low,151
6-1,1232,discharge-low,152
6-1,1233,discharge-low,152
6-1,1234,discharge-low,152
6-1,1235,discharge-low,152
6-1,1236,discharge-low,152
6-1,1237,discharge-low,152
6-1,1238,discharge-low,152
6-1,1239,discharge-low,152
6-1,1240,discharge-low,152
6-1,1241,discharge-low,152
6-1,1242,discharge-low,152
6-1,1243,discharge-low,152
6-1,1244,discharge-low,152
6-1,1245,discharge-low,152
6-1,1246,discharge-low,153
6-1,1247,discharge-low,153
6-1,1248,discharge-low,152
6-1,1249,discharge-low,152
6-1,1250,discharge-low,152
6-1,1251,discharge-low,152
6-1,1252,discharge-low,153
6-1,1253,discharge-low,153
6-1,1254,discharge-low,153
6-1,1255,discharge-low,153
6-1,1256,discharge-low,153
6-1,1257,discharge-low,153
6-1,1258,discharge-low,153
6-1,1259,discharge-low,152
6-1,1260,discharge-low,152
6-1,1261,discharge-low,153
6-1,1262,discharge-low,153
6-1,1263,discharge-low,153
6-1,1264,discharge-low,153
6-1,1265,discharge-low,153
6-1,1266,discharge-low,153
6-1,1267,discharge-low,153
6-1,1268,discharge-low,153
6-1,1269,discharge-low,153
6-1,1270,discharge-low,153
6-1,1271,discharge-low,153
6-1,1272,discharge-low,153
6-1,1273,discharge-low,153
6-1,1274,discharge-low,153
6-1,1275,discharge-low,154
6-1,1276,discharge-low,154
6-1,1277,discharge-low,154
6-1,1278,discharge-low,153
6-1,1279,discharge-low,153
6-1,1280,discharge-low,153
6-1,1281,discharge-low,153
6-1,1282,discharge-low,154
6-1,1283,discharge-low,154
6-1,1284,discharge-low,154
6-1,1285,discharge-low,154
6-1,1286,discharge-low,154
6-1,1287,discharge-low,154
6-1,1288,discharge-low,154
6-1,1289,discharge-low,154
6-1,1290,discharge-low,154
6-1,1291,discharge-low,154
6-1,1292,discharge-low,154
6-1,1293,discharge-low,154
6-1,1294,discharge-low,154
6-1,1295,discharge-low,154
6-1,1296,discharge-low,155
6-1,1297,discharge-low,154
6-1,1298,discharge-low,154
6-1,1299,discharge-low,154
6-1,1300,discharge-low,154
6-1,1301,discharge-low,155
6-1,1302,discharge-low,155
6-1,1303,discharge-low,155
6-1,1304,discharge-low,155
6-1,1305,discharge-low,155
6-1,1306,discharge-low,155
6-1,1307,discharge-low,154
6-1,1308,discharge-low,154
6-1,1309,discharge-low,155
6-1,1310,discharge-low,155
6-1,1311,discharge-low,155
6-1,1312,discharge-low,155
6-1,1313,discharge-low,155
6-1,1314,discharge-low,155
6-1,1315,discharge-low,155
6-1,1316,discharge-low,155
6-1,1317,discharge-low,155
6-1,1318,discharge-low,155
6-1,1319,discharge-low,155
6-1,1320,discharge-low,155
6-1,1321,discharge-low,156
6-1,1322,discharge-low,156
6-1,1323,discharge-low,156
6-1,1324,discharge-low,156
6-1,1325,discharge-low,155
6-1,1326,discharge-low,155
6-1,1327,discharge-low,155
6-1,1328,discharge-low,155
6-1,1329,discharge-low,156
6-1,1330,discharge-low,156
6-1,1331,discharge-low,156
6-1,1332,discharge-low,156
6-1,1333,discharge-low,156
6-1,1334,discharge-low,156
6-1,1335,discharge-low,156
6-1,1336,discharge-low,156
6-1,1337,discharge-low,156
6-1,1338,discharge-low,156
6-1,1339,discharge-low,156
6-1,1340,discharge-low,156
6-1,1341,discharge-low,156
6-1,1342,discharge-low,157
6-1,1343,discharge-low,157
6-1,1344,discharge-low,156
6-1,1345,discharge-low,156
6-1,1346,discharge-low,156
6-1,1347,discharge-low,156
6-1,1348,discharge-low,157
6-1,1349,discharge-low,157
6-1,1350,discharge-low,157
6-1,1351,discharge-low,157
6-1,1352,discharge-low,157
6-1,1353,discharge-low,156
6-1,1354,discharge-low,156
6-1,1355,discharge-low,157
6-1,1356,discharge-low,157
6-1,1357,discharge-low,157
6-1,1358,discharge-low,157
6-1,1359,discharge-low,157
6-1,1360,discharge-low,157
6-1,1361,discharge-low,157
6-1,1362,discharge-low,157
6-1,1363,discharge-low,157
6-1,1364,discharge-low,157
6-1,1365,discharge-low,157
6-1,1366,discharge-low,157
6-1,1367,discharge-low,157
6-1,1368,discharge-low,158
6-1,1369,discharge-low,158
6-1,1370,discharge-low,158
6-1,1371,discharge-low,158
6-1,1372,discharge-low,157
6-1,1373,discharge-low,157
6-1,1374,discharge-low,157
6-1,1375,discharge-low,158
6-1,1376,discharge-low,158
6-1,1377,discharge-low,158
6-1,1378,discharge-low,158
6-1,1379,discharge-low,158
6-1,1380,discharge-low,158
6-1,1381,discharge-low,158
6-1,1382,discharge-low,158
6-1,1383,discharge-low,158
6-1,1384,discharge-low,158
6-1,1385,discharge-low,158
6-1,1386,discharge-low,158
6-1,1387,discharge-low,158
6-1,1388,discharge-low,158
6-1,1389,discharge-low,159
6-1,1390,discharge-low,159
6-1,1391,discharge-low,158
6-1,1392,discharge-low,158
6-1,1393,discharge-low,158
6-1,1394,discharge-low,159
6-1,1395,discharge-low,159
6-1,1396,discharge-low,159
6-1,1397,discharge-low,159
6-1,1398,discharge-low,159
6-1,1399,discharge-low,158
6-1,1400,discharge-low,158
6-1,1401,discharge-low,159
6-1,1402,discharge-low,159
6-1,1403,discharge-low,159
6-1,1404,discharge-low,159
6-1,1405,discharge-low,159
6-1,1406,discharge-low,159
6-1,1407,discharge-low,159
6-1,1408,discharge-low,159
6-1,1409,discharge-low,159
6-1,1410,discharge-low,159
6-1,1411,discharge-low,159
6-1,1412,discharge-low,159
6-1,1413,discharge-low,159
6-1,1414,discharge-low,159
6-1,1415,discharge-low,160
6-1,1416,discharge-low,160
6-1,1417,discharge-low,160
6-1,1418,discharge-low,160
6-1,1419,discharge-low,159
6-1,1420,discharge-low,159
6-1,1421,discharge-low,159
6-1,1422,discharge-low,159
6-1,1423,discharge-low,160
6-1,1424,discharge-low,160
6-1,1425,discharge-low,160
6-1,1426,discharge-low,160
6-1,1427,discharge-low,160
6-1,1428,discharge-low,160
6-1,1429,discharge-low,160
6-1,1430,discharge-low,160
6-1,1431,discharge-low,160
6-1,1432,discharge-low,160
6-1,1433,discharge-low,160
6-1,1434,discharge-low,160
6-1,1435,discharge-low,161
6-1,1436,discharge-low,161
6-1,1437,discharge-low,160
6-1,1438,discharge-low,160
6-1,1439,discharge-low,160
6-1,1440,discharge-low,160
6-1,1441,discharge-low,161
6-1,1442,discharge-low,161
6-1,1443,discharge-low,161
6-1,1444,discharge-low,161
6-1,1445,discharge-low,161
6-1,1446,discharge-low,161
6-1,1447,discharge-low,160
6-1,1448,discharge-low,160
6-1,1449,discharge-low,161
6-1,1450,discharge-low,161
6-1,1451,discharge-low,161
6-1,1452,discharge-low,161
6-1,1453,discharge-low,161
6-1,1454,discharge-low,161
6-1,1455,discharge-low,161
6-1,1456,discharge-low,161
6-1,1457,discharge-low,161
6-1,1458,discharge-low,161
6-1,1459,discharge-low,161
6-1,1460,discharge-low,161
6-1,1461,discharge-low,162
6-1,1462,discharge-low,162
6-1,1463,discharge-low,162
6-1,1464,discharge-low,162
6-1,1465,discharge-low,161
6-1,1466,discharge-low,161
6-1,1467,discharge-low,161
6-1,1468,discharge-low,162
6-1,1469,discharge-low,162
6-1,1470,discharge-low,162
6-1,1471,discharge-low,162
6-1,1472,discharge-low,162
6-1,1473,discharge-low,162
6-1,1474,discharge-low,162
6-1,1475,discharge-low,162
6-1,1476,discharge-low,162
6-1,1477,discharge-low,162
6-1,1478,discharge-low,162
6-1,1479,discharge-low,162
6-1,1480,discharge-low,162
6-1,1481,discharge-low,162
6-1,1482,discharge-low,163
6-1,1483,discharge-low,163
6-1,1484,discharge-low,162
6-1,1485,discharge-low,162
6-1,1486,discharge-low,162
6-1,1487,discharge-low,163
6-1,1488,discharge-low,163
6-1,1489,discharge-low,163
6-1,1490,discharge-low,163
6-1,1491,discharge-low,163
6-1,1492,discharge-low,163
6-1,1493,discharge-low,162
6-1,1494,discharge-low,162
6-1,1495,discharge-low,163
6-1,1496,discharge-low,163
6-1,1497,discharge-low,163
6-1,1498,discharge-low,163
6-1,1499,discharge-low,163
6-1,1500,discharge-low,163
6-1,1501,discharge-low,163
6-1,1502,discharge-low,163
6-1,1503,discharge-low,163
6-1,1504,discharge-low,163
6-1,1505,discharge-low,163
6-1,1506,discharge-low,163
6-1,1507,discharge-low,163
6-1,1508,discharge-low,163
6-1,1509,discharge-low,165
6-1,1510,discharge-low,165
6-1,1511,discharge-low,165
6-1,1512,discharge-low,165
6-1,1513,discharge-low,164
6-1,1514,discharge-low,164
6-1,1515,discharge-low,164
6-1,1516,discharge-low,164
6-1,1517,discharge-low,164
6-1,1518,discharge-low,164
6-1,1519,discharge-low,164
6-1,1520,discharge-low,164
6-1,1521,discharge-low,164
6-1,1522,discharge-low,163
6-1,1523,discharge-low,163
6-1,1524,discharge-low,163
6-1,1525,discharge-low,163
6-1,1526,discharge-low,163
