cell_id,cycle,feature,outlier_removed,interpolated_count,"outlier_details_(idx,val)",nan_indices,outlier_details
1-1,14,GLOBAL_REMOVAL,1,0.0,Cycle removed by removal_index.csv,,
1-1,17,GLOBAL_REMOVAL,1,0.0,Cycle removed by removal_index.csv,,
1-1,18,GLOBAL_REMOVAL,1,0.0,Cycle removed by removal_index.csv,,
1-1,19,GLOBAL_REMOVAL,1,0.0,Cycle removed by removal_index.csv,,
1-1,20,GLOBAL_REMOVAL,1,0.0,Cycle removed by removal_index.csv,,
1-1,21,GLOBAL_REMOVAL,1,0.0,Cycle removed by removal_index.csv,,
1-1,22,GLOBAL_REMOVAL,1,0.0,Cycle removed by removal_index.csv,,
1-1,23,GLOBAL_REMOVAL,1,0.0,Cycle removed by removal_index.csv,,
1-1,1410,GLOBAL_REMOVAL,1,0.0,Cycle removed by removal_index.csv,,
1-1,1423,GLOBAL_REMOVAL,1,0.0,Cycle removed by removal_index.csv,,
1-1,1427,GLOBAL_REMOVAL,1,0.0,Cycle removed by removal_index.csv,,
1-1,1428,GLOBAL_REMOVAL,1,0.0,Cycle removed by removal_index.csv,,
1-1,1429,GLOBAL_REMOVAL,1,0.0,Cycle removed by removal_index.csv,,
1-1,1434,GLOBAL_REMOVAL,1,0.0,Cycle removed by removal_index.csv,,
1-1,1435,GLOBAL_REMOVAL,1,0.0,Cycle removed by removal_index.csv,,
1-1,1436,GLOBAL_REMOVAL,1,0.0,Cycle removed by removal_index.csv,,
1-1,1438,GLOBAL_REMOVAL,1,0.0,Cycle removed by removal_index.csv,,
1-1,1439,GLOBAL_REMOVAL,1,0.0,Cycle removed by removal_index.csv,,
1-1,1440,GLOBAL_REMOVAL,1,0.0,Cycle removed by removal_index.csv,,
1-1,1441,GLOBAL_REMOVAL,1,0.0,Cycle removed by removal_index.csv,,
1-1,1442,GLOBAL_REMOVAL,1,0.0,Cycle removed by removal_index.csv,,
1-1,1443,GLOBAL_REMOVAL,1,0.0,Cycle removed by removal_index.csv,,
1-1,1445,GLOBAL_REMOVAL,1,0.0,Cycle removed by removal_index.csv,,
1-1,1446,GLOBAL_REMOVAL,1,0.0,Cycle removed by removal_index.csv,,
1-1,1447,GLOBAL_REMOVAL,1,0.0,Cycle removed by removal_index.csv,,
1-1,1450,GLOBAL_REMOVAL,1,0.0,Cycle removed by removal_index.csv,,
1-1,1451,GLOBAL_REMOVAL,1,0.0,Cycle removed by removal_index.csv,,
1-1,1453,GLOBAL_REMOVAL,1,0.0,Cycle removed by removal_index.csv,,
1-1,1454,GLOBAL_REMOVAL,1,0.0,Cycle removed by removal_index.csv,,
1-1,1455,GLOBAL_REMOVAL,1,0.0,Cycle removed by removal_index.csv,,
1-1,1457,GLOBAL_REMOVAL,1,0.0,Cycle removed by removal_index.csv,,
1-1,1458,GLOBAL_REMOVAL,1,0.0,Cycle removed by removal_index.csv,,
1-1,1459,GLOBAL_REMOVAL,1,0.0,Cycle removed by removal_index.csv,,
1-1,1460,GLOBAL_REMOVAL,1,0.0,Cycle removed by removal_index.csv,,
1-1,1461,GLOBAL_REMOVAL,1,0.0,Cycle removed by removal_index.csv,,
1-1,1462,GLOBAL_REMOVAL,1,0.0,Cycle removed by removal_index.csv,,
1-1,1463,GLOBAL_REMOVAL,1,0.0,Cycle removed by removal_index.csv,,
1-1,1464,GLOBAL_REMOVAL,1,0.0,Cycle removed by removal_index.csv,,
1-1,1465,GLOBAL_REMOVAL,1,0.0,Cycle removed by removal_index.csv,,
1-1,1466,GLOBAL_REMOVAL,1,0.0,Cycle removed by removal_index.csv,,
1-1,1467,GLOBAL_REMOVAL,1,0.0,Cycle removed by removal_index.csv,,
1-1,1468,GLOBAL_REMOVAL,1,0.0,Cycle removed by removal_index.csv,,
1-1,1469,GLOBAL_REMOVAL,1,0.0,Cycle removed by removal_index.csv,,
1-1,1470,GLOBAL_REMOVAL,1,0.0,Cycle removed by removal_index.csv,,
1-1,1471,GLOBAL_REMOVAL,1,0.0,Cycle removed by removal_index.csv,,
1-1,1472,GLOBAL_REMOVAL,1,0.0,Cycle removed by removal_index.csv,,
1-1,1473,GLOBAL_REMOVAL,1,0.0,Cycle removed by removal_index.csv,,
1-1,1474,GLOBAL_REMOVAL,1,0.0,Cycle removed by removal_index.csv,,
1-1,1475,GLOBAL_REMOVAL,1,0.0,Cycle removed by removal_index.csv,,
1-1,1476,GLOBAL_REMOVAL,1,0.0,Cycle removed by removal_index.csv,,
1-1,1477,GLOBAL_REMOVAL,1,0.0,Cycle removed by removal_index.csv,,
1-1,1478,GLOBAL_REMOVAL,1,0.0,Cycle removed by removal_index.csv,,
1-1,1479,GLOBAL_REMOVAL,1,0.0,Cycle removed by removal_index.csv,,
1-1,1480,GLOBAL_REMOVAL,1,0.0,Cycle removed by removal_index.csv,,
1-1,1481,GLOBAL_REMOVAL,1,0.0,Cycle removed by removal_index.csv,,
1-1,1482,GLOBAL_REMOVAL,1,0.0,Cycle removed by removal_index.csv,,
1-1,1483,GLOBAL_REMOVAL,1,0.0,Cycle removed by removal_index.csv,,
1-1,1484,GLOBAL_REMOVAL,1,0.0,Cycle removed by removal_index.csv,,
1-1,1485,GLOBAL_REMOVAL,1,0.0,Cycle removed by removal_index.csv,,
1-1,1486,GLOBAL_REMOVAL,1,0.0,Cycle removed by removal_index.csv,,
1-1,1487,GLOBAL_REMOVAL,1,0.0,Cycle removed by removal_index.csv,,
1-1,1488,GLOBAL_REMOVAL,1,0.0,Cycle removed by removal_index.csv,,
1-1,1489,GLOBAL_REMOVAL,1,0.0,Cycle removed by removal_index.csv,,
1-1,1490,GLOBAL_REMOVAL,1,0.0,Cycle removed by removal_index.csv,,
1-1,1491,GLOBAL_REMOVAL,1,0.0,Cycle removed by removal_index.csv,,
1-1,1492,GLOBAL_REMOVAL,1,0.0,Cycle removed by removal_index.csv,,
1-1,1493,GLOBAL_REMOVAL,1,0.0,Cycle removed by removal_index.csv,,
1-1,1494,GLOBAL_REMOVAL,1,0.0,Cycle removed by removal_index.csv,,
1-1,1495,GLOBAL_REMOVAL,1,0.0,Cycle removed by removal_index.csv,,
1-1,1496,GLOBAL_REMOVAL,1,0.0,Cycle removed by removal_index.csv,,
1-1,1497,GLOBAL_REMOVAL,1,0.0,Cycle removed by removal_index.csv,,
1-1,1498,GLOBAL_REMOVAL,1,0.0,Cycle removed by removal_index.csv,,
1-1,1499,GLOBAL_REMOVAL,1,0.0,Cycle removed by removal_index.csv,,
1-1,1500,GLOBAL_REMOVAL,1,0.0,Cycle removed by removal_index.csv,,
1-1,1501,GLOBAL_REMOVAL,1,0.0,Cycle removed by removal_index.csv,,
1-1,1502,GLOBAL_REMOVAL,1,0.0,Cycle removed by removal_index.csv,,
1-1,1503,GLOBAL_REMOVAL,1,0.0,Cycle removed by removal_index.csv,,
1-1,1504,GLOBAL_REMOVAL,1,0.0,Cycle removed by removal_index.csv,,
1-2,1,GLOBAL_REMOVAL,1,0.0,Cycle removed by removal_index.csv,,
1-2,1217,GLOBAL_REMOVAL,1,0.0,Cycle removed by removal_index.csv,,
1-2,1220,GLOBAL_REMOVAL,1,0.0,Cycle removed by removal_index.csv,,
1-2,1229,GLOBAL_REMOVAL,1,0.0,Cycle removed by removal_index.csv,,
1-2,1230,GLOBAL_REMOVAL,1,0.0,Cycle removed by removal_index.csv,,
1-2,1238,GLOBAL_REMOVAL,1,0.0,Cycle removed by removal_index.csv,,
1-2,1266,GLOBAL_REMOVAL,1,0.0,Cycle removed by removal_index.csv,,
1-2,1337,GLOBAL_REMOVAL,1,0.0,Cycle removed by removal_index.csv,,
1-2,1338,GLOBAL_REMOVAL,1,0.0,Cycle removed by removal_index.csv,,
1-2,1343,GLOBAL_REMOVAL,1,0.0,Cycle removed by removal_index.csv,,
1-2,1657,GLOBAL_REMOVAL,1,0.0,Cycle removed by removal_index.csv,,
1-2,1687,GLOBAL_REMOVAL,1,0.0,Cycle removed by removal_index.csv,,
1-2,1830,GLOBAL_REMOVAL,1,0.0,Cycle removed by removal_index.csv,,
1-2,1831,GLOBAL_REMOVAL,1,0.0,Cycle removed by removal_index.csv,,
1-2,1832,GLOBAL_REMOVAL,1,0.0,Cycle removed by removal_index.csv,,
1-2,1851,GLOBAL_REMOVAL,1,0.0,Cycle removed by removal_index.csv,,
1-2,1897,GLOBAL_REMOVAL,1,0.0,Cycle removed by removal_index.csv,,
1-2,2041,GLOBAL_REMOVAL,1,0.0,Cycle removed by removal_index.csv,,
1-2,2042,GLOBAL_REMOVAL,1,0.0,Cycle removed by removal_index.csv,,
1-2,2054,GLOBAL_REMOVAL,1,0.0,Cycle removed by removal_index.csv,,
1-2,2055,GLOBAL_REMOVAL,1,0.0,Cycle removed by removal_index.csv,,
1-2,2056,GLOBAL_REMOVAL,1,0.0,Cycle removed by removal_index.csv,,
1-2,2059,GLOBAL_REMOVAL,1,0.0,Cycle removed by removal_index.csv,,
1-2,2060,GLOBAL_REMOVAL,1,0.0,Cycle removed by removal_index.csv,,
1-2,2061,GLOBAL_REMOVAL,1,0.0,Cycle removed by removal_index.csv,,
1-2,2062,GLOBAL_REMOVAL,1,0.0,Cycle removed by removal_index.csv,,
1-2,2066,GLOBAL_REMOVAL,1,0.0,Cycle removed by removal_index.csv,,
1-2,2088,GLOBAL_REMOVAL,1,0.0,Cycle removed by removal_index.csv,,
1-2,2090,GLOBAL_REMOVAL,1,0.0,Cycle removed by removal_index.csv,,
1-2,2100,GLOBAL_REMOVAL,1,0.0,Cycle removed by removal_index.csv,,
1-2,2101,GLOBAL_REMOVAL,1,0.0,Cycle removed by removal_index.csv,,
1-2,2117,GLOBAL_REMOVAL,1,0.0,Cycle removed by removal_index.csv,,
1-2,2378,GLOBAL_REMOVAL,1,0.0,Cycle removed by removal_index.csv,,
1-2,2381,GLOBAL_REMOVAL,1,0.0,Cycle removed by removal_index.csv,,
1-2,2389,GLOBAL_REMOVAL,1,0.0,Cycle removed by removal_index.csv,,
1-2,2397,GLOBAL_REMOVAL,1,0.0,Cycle removed by removal_index.csv,,
1-2,2398,GLOBAL_REMOVAL,1,0.0,Cycle removed by removal_index.csv,,
1-2,2411,GLOBAL_REMOVAL,1,0.0,Cycle removed by removal_index.csv,,
1-2,2452,GLOBAL_REMOVAL,1,0.0,Cycle removed by removal_index.csv,,
1-2,2454,GLOBAL_REMOVAL,1,0.0,Cycle removed by removal_index.csv,,
1-3,1,GLOBAL_REMOVAL,1,0.0,Cycle removed by removal_index.csv,,
1-3,2,GLOBAL_REMOVAL,1,0.0,Cycle removed by removal_index.csv,,
1-3,3,GLOBAL_REMOVAL,1,0.0,Cycle removed by removal_index.csv,,
1-3,4,GLOBAL_REMOVAL,1,0.0,Cycle removed by removal_index.csv,,
1-3,5,GLOBAL_REMOVAL,1,0.0,Cycle removed by removal_index.csv,,
1-3,19,GLOBAL_REMOVAL,1,0.0,Cycle removed by removal_index.csv,,
1-3,20,GLOBAL_REMOVAL,1,0.0,Cycle removed by removal_index.csv,,
1-3,33,GLOBAL_REMOVAL,1,0.0,Cycle removed by removal_index.csv,,
1-4,1,GLOBAL_REMOVAL,1,0.0,Cycle removed by removal_index.csv,,
1-4,2,GLOBAL_REMOVAL,1,0.0,Cycle removed by removal_index.csv,,
1-4,3,GLOBAL_REMOVAL,1,0.0,Cycle removed by removal_index.csv,,
1-4,4,GLOBAL_REMOVAL,1,0.0,Cycle removed by removal_index.csv,,
1-4,5,GLOBAL_REMOVAL,1,0.0,Cycle removed by removal_index.csv,,
1-4,6,GLOBAL_REMOVAL,1,0.0,Cycle removed by removal_index.csv,,
1-4,7,GLOBAL_REMOVAL,1,0.0,Cycle removed by removal_index.csv,,
1-4,13,GLOBAL_REMOVAL,1,0.0,Cycle removed by removal_index.csv,,
1-4,20,GLOBAL_REMOVAL,1,0.0,Cycle removed by removal_index.csv,,
1-4,23,GLOBAL_REMOVAL,1,0.0,Cycle removed by removal_index.csv,,
1-4,25,GLOBAL_REMOVAL,1,0.0,Cycle removed by removal_index.csv,,
1-4,26,GLOBAL_REMOVAL,1,0.0,Cycle removed by removal_index.csv,,
1-4,27,GLOBAL_REMOVAL,1,0.0,Cycle removed by removal_index.csv,,
1-4,33,GLOBAL_REMOVAL,1,0.0,Cycle removed by removal_index.csv,,
1-4,36,GLOBAL_REMOVAL,1,0.0,Cycle removed by removal_index.csv,,
1-4,37,GLOBAL_REMOVAL,1,0.0,Cycle removed by removal_index.csv,,
1-4,40,GLOBAL_REMOVAL,1,0.0,Cycle removed by removal_index.csv,,
1-4,1081,GLOBAL_REMOVAL,1,0.0,Cycle removed by removal_index.csv,,
1-4,1082,GLOBAL_REMOVAL,1,0.0,Cycle removed by removal_index.csv,,
1-4,1083,GLOBAL_REMOVAL,1,0.0,Cycle removed by removal_index.csv,,
1-4,1084,GLOBAL_REMOVAL,1,0.0,Cycle removed by removal_index.csv,,
1-4,1086,GLOBAL_REMOVAL,1,0.0,Cycle removed by removal_index.csv,,
1-4,1087,GLOBAL_REMOVAL,1,0.0,Cycle removed by removal_index.csv,,
1-4,1088,GLOBAL_REMOVAL,1,0.0,Cycle removed by removal_index.csv,,
1-4,1089,GLOBAL_REMOVAL,1,0.0,Cycle removed by removal_index.csv,,
1-4,1090,GLOBAL_REMOVAL,1,0.0,Cycle removed by removal_index.csv,,
1-4,1091,GLOBAL_REMOVAL,1,0.0,Cycle removed by removal_index.csv,,
1-4,1092,GLOBAL_REMOVAL,1,0.0,Cycle removed by removal_index.csv,,
1-4,1093,GLOBAL_REMOVAL,1,0.0,Cycle removed by removal_index.csv,,
1-4,1094,GLOBAL_REMOVAL,1,0.0,Cycle removed by removal_index.csv,,
1-4,1095,GLOBAL_REMOVAL,1,0.0,Cycle removed by removal_index.csv,,
1-4,1096,GLOBAL_REMOVAL,1,0.0,Cycle removed by removal_index.csv,,
1-4,1097,GLOBAL_REMOVAL,1,0.0,Cycle removed by removal_index.csv,,
1-4,1098,GLOBAL_REMOVAL,1,0.0,Cycle removed by removal_index.csv,,
1-4,1099,GLOBAL_REMOVAL,1,0.0,Cycle removed by removal_index.csv,,
1-4,1100,GLOBAL_REMOVAL,1,0.0,Cycle removed by removal_index.csv,,
1-4,1101,GLOBAL_REMOVAL,1,0.0,Cycle removed by removal_index.csv,,
1-4,1102,GLOBAL_REMOVAL,1,0.0,Cycle removed by removal_index.csv,,
1-4,1103,GLOBAL_REMOVAL,1,0.0,Cycle removed by removal_index.csv,,
1-4,1104,GLOBAL_REMOVAL,1,0.0,Cycle removed by removal_index.csv,,
1-4,1105,GLOBAL_REMOVAL,1,0.0,Cycle removed by removal_index.csv,,
1-4,1106,GLOBAL_REMOVAL,1,0.0,Cycle removed by removal_index.csv,,
1-4,1107,GLOBAL_REMOVAL,1,0.0,Cycle removed by removal_index.csv,,
1-4,1108,GLOBAL_REMOVAL,1,0.0,Cycle removed by removal_index.csv,,
1-4,1109,GLOBAL_REMOVAL,1,0.0,Cycle removed by removal_index.csv,,
1-4,1110,GLOBAL_REMOVAL,1,0.0,Cycle removed by removal_index.csv,,
1-4,1111,GLOBAL_REMOVAL,1,0.0,Cycle removed by removal_index.csv,,
1-4,1112,GLOBAL_REMOVAL,1,0.0,Cycle removed by removal_index.csv,,
1-4,1113,GLOBAL_REMOVAL,1,0.0,Cycle removed by removal_index.csv,,
1-4,1114,GLOBAL_REMOVAL,1,0.0,Cycle removed by removal_index.csv,,
1-4,1115,GLOBAL_REMOVAL,1,0.0,Cycle removed by removal_index.csv,,
1-4,1116,GLOBAL_REMOVAL,1,0.0,Cycle removed by removal_index.csv,,
1-4,1117,GLOBAL_REMOVAL,1,0.0,Cycle removed by removal_index.csv,,
1-4,1118,GLOBAL_REMOVAL,1,0.0,Cycle removed by removal_index.csv,,
1-4,1119,GLOBAL_REMOVAL,1,0.0,Cycle removed by removal_index.csv,,
1-4,1120,GLOBAL_REMOVAL,1,0.0,Cycle removed by removal_index.csv,,
1-4,1121,GLOBAL_REMOVAL,1,0.0,Cycle removed by removal_index.csv,,
1-4,1122,GLOBAL_REMOVAL,1,0.0,Cycle removed by removal_index.csv,,
1-4,1123,GLOBAL_REMOVAL,1,0.0,Cycle removed by removal_index.csv,,
1-4,1124,GLOBAL_REMOVAL,1,0.0,Cycle removed by removal_index.csv,,
1-4,1125,GLOBAL_REMOVAL,1,0.0,Cycle removed by removal_index.csv,,
1-4,1126,GLOBAL_REMOVAL,1,0.0,Cycle removed by removal_index.csv,,
1-4,1127,GLOBAL_REMOVAL,1,0.0,Cycle removed by removal_index.csv,,
1-4,1128,GLOBAL_REMOVAL,1,0.0,Cycle removed by removal_index.csv,,
1-4,1129,GLOBAL_REMOVAL,1,0.0,Cycle removed by removal_index.csv,,
1-4,1130,GLOBAL_REMOVAL,1,0.0,Cycle removed by removal_index.csv,,
1-4,1131,GLOBAL_REMOVAL,1,0.0,Cycle removed by removal_index.csv,,
1-4,1132,GLOBAL_REMOVAL,1,0.0,Cycle removed by removal_index.csv,,
1-4,1135,GLOBAL_REMOVAL,1,0.0,Cycle removed by removal_index.csv,,
1-4,1136,GLOBAL_REMOVAL,1,0.0,Cycle removed by removal_index.csv,,
1-4,1138,GLOBAL_REMOVAL,1,0.0,Cycle removed by removal_index.csv,,
1-4,1142,GLOBAL_REMOVAL,1,0.0,Cycle removed by removal_index.csv,,
1-4,1143,GLOBAL_REMOVAL,1,0.0,Cycle removed by removal_index.csv,,
1-4,1144,GLOBAL_REMOVAL,1,0.0,Cycle removed by removal_index.csv,,
1-4,1146,GLOBAL_REMOVAL,1,0.0,Cycle removed by removal_index.csv,,
1-4,1159,GLOBAL_REMOVAL,1,0.0,Cycle removed by removal_index.csv,,
1-4,1496,GLOBAL_REMOVAL,1,0.0,Cycle removed by removal_index.csv,,
1-5,1,GLOBAL_REMOVAL,1,0.0,Cycle removed by removal_index.csv,,
1-5,2,GLOBAL_REMOVAL,1,0.0,Cycle removed by removal_index.csv,,
1-5,3,GLOBAL_REMOVAL,1,0.0,Cycle removed by removal_index.csv,,
1-5,4,GLOBAL_REMOVAL,1,0.0,Cycle removed by removal_index.csv,,
1-5,5,GLOBAL_REMOVAL,1,0.0,Cycle removed by removal_index.csv,,
1-5,6,GLOBAL_REMOVAL,1,0.0,Cycle removed by removal_index.csv,,
1-5,7,GLOBAL_REMOVAL,1,0.0,Cycle removed by removal_index.csv,,
1-5,8,GLOBAL_REMOVAL,1,0.0,Cycle removed by removal_index.csv,,
1-5,9,GLOBAL_REMOVAL,1,0.0,Cycle removed by removal_index.csv,,
1-5,358,GLOBAL_REMOVAL,1,0.0,Cycle removed by removal_index.csv,,
1-5,990,GLOBAL_REMOVAL,1,0.0,Cycle removed by removal_index.csv,,
1-5,1598,GLOBAL_REMOVAL,1,0.0,Cycle removed by removal_index.csv,,
1-5,1600,GLOBAL_REMOVAL,1,0.0,Cycle removed by removal_index.csv,,
1-5,1601,GLOBAL_REMOVAL,1,0.0,Cycle removed by removal_index.csv,,
1-5,1602,GLOBAL_REMOVAL,1,0.0,Cycle removed by removal_index.csv,,
1-5,1603,GLOBAL_REMOVAL,1,0.0,Cycle removed by removal_index.csv,,
1-5,1604,GLOBAL_REMOVAL,1,0.0,Cycle removed by removal_index.csv,,
1-5,1605,GLOBAL_REMOVAL,1,0.0,Cycle removed by removal_index.csv,,
1-5,1606,GLOBAL_REMOVAL,1,0.0,Cycle removed by removal_index.csv,,
1-5,1607,GLOBAL_REMOVAL,1,0.0,Cycle removed by removal_index.csv,,
1-5,1608,GLOBAL_REMOVAL,1,0.0,Cycle removed by removal_index.csv,,
1-5,1609,GLOBAL_REMOVAL,1,0.0,Cycle removed by removal_index.csv,,
1-5,1610,GLOBAL_REMOVAL,1,0.0,Cycle removed by removal_index.csv,,
1-5,1611,GLOBAL_REMOVAL,1,0.0,Cycle removed by removal_index.csv,,
1-5,1612,GLOBAL_REMOVAL,1,0.0,Cycle removed by removal_index.csv,,
1-5,1613,GLOBAL_REMOVAL,1,0.0,Cycle removed by removal_index.csv,,
1-5,1614,GLOBAL_REMOVAL,1,0.0,Cycle removed by removal_index.csv,,
1-5,1615,GLOBAL_REMOVAL,1,0.0,Cycle removed by removal_index.csv,,
1-5,1616,GLOBAL_REMOVAL,1,0.0,Cycle removed by removal_index.csv,,
1-5,1617,GLOBAL_REMOVAL,1,0.0,Cycle removed by removal_index.csv,,
1-5,1618,GLOBAL_REMOVAL,1,0.0,Cycle removed by removal_index.csv,,
1-5,1619,GLOBAL_REMOVAL,1,0.0,Cycle removed by removal_index.csv,,
1-5,1620,GLOBAL_REMOVAL,1,0.0,Cycle removed by removal_index.csv,,
1-5,1621,GLOBAL_REMOVAL,1,0.0,Cycle removed by removal_index.csv,,
1-5,1622,GLOBAL_REMOVAL,1,0.0,Cycle removed by removal_index.csv,,
1-5,1623,GLOBAL_REMOVAL,1,0.0,Cycle removed by removal_index.csv,,
1-5,1624,GLOBAL_REMOVAL,1,0.0,Cycle removed by removal_index.csv,,
1-5,1625,GLOBAL_REMOVAL,1,0.0,Cycle removed by removal_index.csv,,
1-5,1626,GLOBAL_REMOVAL,1,0.0,Cycle removed by removal_index.csv,,
1-5,1627,GLOBAL_REMOVAL,1,0.0,Cycle removed by removal_index.csv,,
1-5,1628,GLOBAL_REMOVAL,1,0.0,Cycle removed by removal_index.csv,,
1-5,1629,GLOBAL_REMOVAL,1,0.0,Cycle removed by removal_index.csv,,
1-5,1630,GLOBAL_REMOVAL,1,0.0,Cycle removed by removal_index.csv,,
1-5,1631,GLOBAL_REMOVAL,1,0.0,Cycle removed by removal_index.csv,,
1-5,1632,GLOBAL_REMOVAL,1,0.0,Cycle removed by removal_index.csv,,
1-5,1633,GLOBAL_REMOVAL,1,0.0,Cycle removed by removal_index.csv,,
1-5,1634,GLOBAL_REMOVAL,1,0.0,Cycle removed by removal_index.csv,,
1-5,1635,GLOBAL_REMOVAL,1,0.0,Cycle removed by removal_index.csv,,
1-5,1636,GLOBAL_REMOVAL,1,0.0,Cycle removed by removal_index.csv,,
1-5,1637,GLOBAL_REMOVAL,1,0.0,Cycle removed by removal_index.csv,,
1-5,1638,GLOBAL_REMOVAL,1,0.0,Cycle removed by removal_index.csv,,
1-5,1639,GLOBAL_REMOVAL,1,0.0,Cycle removed by removal_index.csv,,
1-5,1640,GLOBAL_REMOVAL,1,0.0,Cycle removed by removal_index.csv,,
1-5,1641,GLOBAL_REMOVAL,1,0.0,Cycle removed by removal_index.csv,,
1-5,1642,GLOBAL_REMOVAL,1,0.0,Cycle removed by removal_index.csv,,
1-5,1643,GLOBAL_REMOVAL,1,0.0,Cycle removed by removal_index.csv,,
1-5,1644,GLOBAL_REMOVAL,1,0.0,Cycle removed by removal_index.csv,,
1-5,1645,GLOBAL_REMOVAL,1,0.0,Cycle removed by removal_index.csv,,
1-5,1646,GLOBAL_REMOVAL,1,0.0,Cycle removed by removal_index.csv,,
1-5,1647,GLOBAL_REMOVAL,1,0.0,Cycle removed by removal_index.csv,,
1-5,1648,GLOBAL_REMOVAL,1,0.0,Cycle removed by removal_index.csv,,
1-5,1649,GLOBAL_REMOVAL,1,0.0,Cycle removed by removal_index.csv,,
1-5,1650,GLOBAL_REMOVAL,1,0.0,Cycle removed by removal_index.csv,,
1-5,1651,GLOBAL_REMOVAL,1,0.0,Cycle removed by removal_index.csv,,
1-5,1652,GLOBAL_REMOVAL,1,0.0,Cycle removed by removal_index.csv,,
1-5,1653,GLOBAL_REMOVAL,1,0.0,Cycle removed by removal_index.csv,,
1-5,1654,GLOBAL_REMOVAL,1,0.0,Cycle removed by removal_index.csv,,
1-5,1655,GLOBAL_REMOVAL,1,0.0,Cycle removed by removal_index.csv,,
1-5,1656,GLOBAL_REMOVAL,1,0.0,Cycle removed by removal_index.csv,,
1-5,1657,GLOBAL_REMOVAL,1,0.0,Cycle removed by removal_index.csv,,
1-5,1658,GLOBAL_REMOVAL,1,0.0,Cycle removed by removal_index.csv,,
1-5,1659,GLOBAL_REMOVAL,1,0.0,Cycle removed by removal_index.csv,,
1-5,1660,GLOBAL_REMOVAL,1,0.0,Cycle removed by removal_index.csv,,
1-5,1661,GLOBAL_REMOVAL,1,0.0,Cycle removed by removal_index.csv,,
1-5,1662,GLOBAL_REMOVAL,1,0.0,Cycle removed by removal_index.csv,,
1-5,1663,GLOBAL_REMOVAL,1,0.0,Cycle removed by removal_index.csv,,
1-5,1664,GLOBAL_REMOVAL,1,0.0,Cycle removed by removal_index.csv,,
1-5,1665,GLOBAL_REMOVAL,1,0.0,Cycle removed by removal_index.csv,,
1-5,1666,GLOBAL_REMOVAL,1,0.0,Cycle removed by removal_index.csv,,
1-5,1667,GLOBAL_REMOVAL,1,0.0,Cycle removed by removal_index.csv,,
1-5,1668,GLOBAL_REMOVAL,1,0.0,Cycle removed by removal_index.csv,,
1-5,1669,GLOBAL_REMOVAL,1,0.0,Cycle removed by removal_index.csv,,
1-5,1670,GLOBAL_REMOVAL,1,0.0,Cycle removed by removal_index.csv,,
1-5,1671,GLOBAL_REMOVAL,1,0.0,Cycle removed by removal_index.csv,,
1-5,1672,GLOBAL_REMOVAL,1,0.0,Cycle removed by removal_index.csv,,
1-5,1673,GLOBAL_REMOVAL,1,0.0,Cycle removed by removal_index.csv,,
1-5,1674,GLOBAL_REMOVAL,1,0.0,Cycle removed by removal_index.csv,,
1-5,1675,GLOBAL_REMOVAL,1,0.0,Cycle removed by removal_index.csv,,
1-5,1676,GLOBAL_REMOVAL,1,0.0,Cycle removed by removal_index.csv,,
1-5,1677,GLOBAL_REMOVAL,1,0.0,Cycle removed by removal_index.csv,,
1-5,1678,GLOBAL_REMOVAL,1,0.0,Cycle removed by removal_index.csv,,
1-5,1679,GLOBAL_REMOVAL,1,0.0,Cycle removed by removal_index.csv,,
1-5,1680,GLOBAL_REMOVAL,1,0.0,Cycle removed by removal_index.csv,,
1-5,1681,GLOBAL_REMOVAL,1,0.0,Cycle removed by removal_index.csv,,
1-5,1682,GLOBAL_REMOVAL,1,0.0,Cycle removed by removal_index.csv,,
1-5,1683,GLOBAL_REMOVAL,1,0.0,Cycle removed by removal_index.csv,,
1-5,1684,GLOBAL_REMOVAL,1,0.0,Cycle removed by removal_index.csv,,
1-5,1685,GLOBAL_REMOVAL,1,0.0,Cycle removed by removal_index.csv,,
1-5,1686,GLOBAL_REMOVAL,1,0.0,Cycle removed by removal_index.csv,,
1-5,1687,GLOBAL_REMOVAL,1,0.0,Cycle removed by removal_index.csv,,
1-5,1688,GLOBAL_REMOVAL,1,0.0,Cycle removed by removal_index.csv,,
1-5,1689,GLOBAL_REMOVAL,1,0.0,Cycle removed by removal_index.csv,,
1-5,1690,GLOBAL_REMOVAL,1,0.0,Cycle removed by removal_index.csv,,
1-5,1691,GLOBAL_REMOVAL,1,0.0,Cycle removed by removal_index.csv,,
1-5,1692,GLOBAL_REMOVAL,1,0.0,Cycle removed by removal_index.csv,,
1-5,1693,GLOBAL_REMOVAL,1,0.0,Cycle removed by removal_index.csv,,
1-5,1694,GLOBAL_REMOVAL,1,0.0,Cycle removed by removal_index.csv,,
1-5,1695,GLOBAL_REMOVAL,1,0.0,Cycle removed by removal_index.csv,,
1-5,1696,GLOBAL_REMOVAL,1,0.0,Cycle removed by removal_index.csv,,
1-5,1697,GLOBAL_REMOVAL,1,0.0,Cycle removed by removal_index.csv,,
1-5,1698,GLOBAL_REMOVAL,1,0.0,Cycle removed by removal_index.csv,,
1-5,1699,GLOBAL_REMOVAL,1,0.0,Cycle removed by removal_index.csv,,
1-5,1700,GLOBAL_REMOVAL,1,0.0,Cycle removed by removal_index.csv,,
1-5,1701,GLOBAL_REMOVAL,1,0.0,Cycle removed by removal_index.csv,,
1-5,1702,GLOBAL_REMOVAL,1,0.0,Cycle removed by removal_index.csv,,
1-5,1703,GLOBAL_REMOVAL,1,0.0,Cycle removed by removal_index.csv,,
1-5,1704,GLOBAL_REMOVAL,1,0.0,Cycle removed by removal_index.csv,,
1-5,1705,GLOBAL_REMOVAL,1,0.0,Cycle removed by removal_index.csv,,
1-5,1706,GLOBAL_REMOVAL,1,0.0,Cycle removed by removal_index.csv,,
1-5,1707,GLOBAL_REMOVAL,1,0.0,Cycle removed by removal_index.csv,,
1-5,1708,GLOBAL_REMOVAL,1,0.0,Cycle removed by removal_index.csv,,
1-5,1709,GLOBAL_REMOVAL,1,0.0,Cycle removed by removal_index.csv,,
1-5,1726,GLOBAL_REMOVAL,1,0.0,Cycle removed by removal_index.csv,,
1-5,1727,GLOBAL_REMOVAL,1,0.0,Cycle removed by removal_index.csv,,
1-5,1728,GLOBAL_REMOVAL,1,0.0,Cycle removed by removal_index.csv,,
1-5,1729,GLOBAL_REMOVAL,1,0.0,Cycle removed by removal_index.csv,,
1-5,1730,GLOBAL_REMOVAL,1,0.0,Cycle removed by removal_index.csv,,
1-5,1731,GLOBAL_REMOVAL,1,0.0,Cycle removed by removal_index.csv,,
1-5,1732,GLOBAL_REMOVAL,1,0.0,Cycle removed by removal_index.csv,,
1-5,1733,GLOBAL_REMOVAL,1,0.0,Cycle removed by removal_index.csv,,
1-5,1734,GLOBAL_REMOVAL,1,0.0,Cycle removed by removal_index.csv,,
1-5,1735,GLOBAL_REMOVAL,1,0.0,Cycle removed by removal_index.csv,,
1-5,1736,GLOBAL_REMOVAL,1,0.0,Cycle removed by removal_index.csv,,
1-5,1737,GLOBAL_REMOVAL,1,0.0,Cycle removed by removal_index.csv,,
1-5,1738,GLOBAL_REMOVAL,1,0.0,Cycle removed by removal_index.csv,,
1-5,1739,GLOBAL_REMOVAL,1,0.0,Cycle removed by removal_index.csv,,
1-5,1740,GLOBAL_REMOVAL,1,0.0,Cycle removed by removal_index.csv,,
1-5,1741,GLOBAL_REMOVAL,1,0.0,Cycle removed by removal_index.csv,,
1-5,1742,GLOBAL_REMOVAL,1,0.0,Cycle removed by removal_index.csv,,
1-5,1743,GLOBAL_REMOVAL,1,0.0,Cycle removed by removal_index.csv,,
1-5,1744,GLOBAL_REMOVAL,1,0.0,Cycle removed by removal_index.csv,,
1-5,1745,GLOBAL_REMOVAL,1,0.0,Cycle removed by removal_index.csv,,
1-5,1746,GLOBAL_REMOVAL,1,0.0,Cycle removed by removal_index.csv,,
1-5,1747,GLOBAL_REMOVAL,1,0.0,Cycle removed by removal_index.csv,,
1-5,1748,GLOBAL_REMOVAL,1,0.0,Cycle removed by removal_index.csv,,
1-5,1749,GLOBAL_REMOVAL,1,0.0,Cycle removed by removal_index.csv,,
1-5,1750,GLOBAL_REMOVAL,1,0.0,Cycle removed by removal_index.csv,,
1-5,1751,GLOBAL_REMOVAL,1,0.0,Cycle removed by removal_index.csv,,
1-5,1752,GLOBAL_REMOVAL,1,0.0,Cycle removed by removal_index.csv,,
1-5,1753,GLOBAL_REMOVAL,1,0.0,Cycle removed by removal_index.csv,,
1-5,1754,GLOBAL_REMOVAL,1,0.0,Cycle removed by removal_index.csv,,
1-5,1755,GLOBAL_REMOVAL,1,0.0,Cycle removed by removal_index.csv,,
1-5,1756,GLOBAL_REMOVAL,1,0.0,Cycle removed by removal_index.csv,,
1-5,1757,GLOBAL_REMOVAL,1,0.0,Cycle removed by removal_index.csv,,
1-5,1758,GLOBAL_REMOVAL,1,0.0,Cycle removed by removal_index.csv,,
1-5,1759,GLOBAL_REMOVAL,1,0.0,Cycle removed by removal_index.csv,,
1-5,1760,GLOBAL_REMOVAL,1,0.0,Cycle removed by removal_index.csv,,
1-5,1924,GLOBAL_REMOVAL,1,0.0,Cycle removed by removal_index.csv,,
1-5,1925,GLOBAL_REMOVAL,1,0.0,Cycle removed by removal_index.csv,,
1-5,1926,GLOBAL_REMOVAL,1,0.0,Cycle removed by removal_index.csv,,
1-5,1927,GLOBAL_REMOVAL,1,0.0,Cycle removed by removal_index.csv,,
1-5,1928,GLOBAL_REMOVAL,1,0.0,Cycle removed by removal_index.csv,,
1-5,1929,GLOBAL_REMOVAL,1,0.0,Cycle removed by removal_index.csv,,
1-5,1930,GLOBAL_REMOVAL,1,0.0,Cycle removed by removal_index.csv,,
1-5,1931,GLOBAL_REMOVAL,1,0.0,Cycle removed by removal_index.csv,,
1-5,1932,GLOBAL_REMOVAL,1,0.0,Cycle removed by removal_index.csv,,
1-5,1933,GLOBAL_REMOVAL,1,0.0,Cycle removed by removal_index.csv,,
1-5,1934,GLOBAL_REMOVAL,1,0.0,Cycle removed by removal_index.csv,,
1-5,1935,GLOBAL_REMOVAL,1,0.0,Cycle removed by removal_index.csv,,
1-5,1936,GLOBAL_REMOVAL,1,0.0,Cycle removed by removal_index.csv,,
1-5,1937,GLOBAL_REMOVAL,1,0.0,Cycle removed by removal_index.csv,,
1-5,1938,GLOBAL_REMOVAL,1,0.0,Cycle removed by removal_index.csv,,
1-5,1939,GLOBAL_REMOVAL,1,0.0,Cycle removed by removal_index.csv,,
1-5,1940,GLOBAL_REMOVAL,1,0.0,Cycle removed by removal_index.csv,,
1-5,1941,GLOBAL_REMOVAL,1,0.0,Cycle removed by removal_index.csv,,
1-5,1942,GLOBAL_REMOVAL,1,0.0,Cycle removed by removal_index.csv,,
1-5,1943,GLOBAL_REMOVAL,1,0.0,Cycle removed by removal_index.csv,,
1-5,1944,GLOBAL_REMOVAL,1,0.0,Cycle removed by removal_index.csv,,
1-5,1945,GLOBAL_REMOVAL,1,0.0,Cycle removed by removal_index.csv,,
1-5,1946,GLOBAL_REMOVAL,1,0.0,Cycle removed by removal_index.csv,,
1-5,1947,GLOBAL_REMOVAL,1,0.0,Cycle removed by removal_index.csv,,
1-5,1948,GLOBAL_REMOVAL,1,0.0,Cycle removed by removal_index.csv,,
1-5,1949,GLOBAL_REMOVAL,1,0.0,Cycle removed by removal_index.csv,,
1-5,1950,GLOBAL_REMOVAL,1,0.0,Cycle removed by removal_index.csv,,
1-5,1951,GLOBAL_REMOVAL,1,0.0,Cycle removed by removal_index.csv,,
1-5,1952,GLOBAL_REMOVAL,1,0.0,Cycle removed by removal_index.csv,,
1-5,1953,GLOBAL_REMOVAL,1,0.0,Cycle removed by removal_index.csv,,
1-5,1954,GLOBAL_REMOVAL,1,0.0,Cycle removed by removal_index.csv,,
1-5,1955,GLOBAL_REMOVAL,1,0.0,Cycle removed by removal_index.csv,,
1-5,1956,GLOBAL_REMOVAL,1,0.0,Cycle removed by removal_index.csv,,
1-5,1957,GLOBAL_REMOVAL,1,0.0,Cycle removed by removal_index.csv,,
1-5,1958,GLOBAL_REMOVAL,1,0.0,Cycle removed by removal_index.csv,,
1-5,1959,GLOBAL_REMOVAL,1,0.0,Cycle removed by removal_index.csv,,
1-5,1960,GLOBAL_REMOVAL,1,0.0,Cycle removed by removal_index.csv,,
1-5,1961,GLOBAL_REMOVAL,1,0.0,Cycle removed by removal_index.csv,,
1-5,1962,GLOBAL_REMOVAL,1,0.0,Cycle removed by removal_index.csv,,
1-5,1963,GLOBAL_REMOVAL,1,0.0,Cycle removed by removal_index.csv,,
1-5,1964,GLOBAL_REMOVAL,1,0.0,Cycle removed by removal_index.csv,,
1-5,1965,GLOBAL_REMOVAL,1,0.0,Cycle removed by removal_index.csv,,
1-5,1966,GLOBAL_REMOVAL,1,0.0,Cycle removed by removal_index.csv,,
1-5,1967,GLOBAL_REMOVAL,1,0.0,Cycle removed by removal_index.csv,,
1-5,1968,GLOBAL_REMOVAL,1,0.0,Cycle removed by removal_index.csv,,
1-5,1969,GLOBAL_REMOVAL,1,0.0,Cycle removed by removal_index.csv,,
1-5,1970,GLOBAL_REMOVAL,1,0.0,Cycle removed by removal_index.csv,,
1-5,1971,GLOBAL_REMOVAL,1,0.0,Cycle removed by removal_index.csv,,
1-6,1,GLOBAL_REMOVAL,1,0.0,Cycle removed by removal_index.csv,,
1-6,2,GLOBAL_REMOVAL,1,0.0,Cycle removed by removal_index.csv,,
1-6,3,GLOBAL_REMOVAL,1,0.0,Cycle removed by removal_index.csv,,
1-6,4,GLOBAL_REMOVAL,1,0.0,Cycle removed by removal_index.csv,,
1-6,5,GLOBAL_REMOVAL,1,0.0,Cycle removed by removal_index.csv,,
1-6,6,GLOBAL_REMOVAL,1,0.0,Cycle removed by removal_index.csv,,
1-6,7,GLOBAL_REMOVAL,1,0.0,Cycle removed by removal_index.csv,,
1-6,8,GLOBAL_REMOVAL,1,0.0,Cycle removed by removal_index.csv,,
1-6,9,GLOBAL_REMOVAL,1,0.0,Cycle removed by removal_index.csv,,
1-6,10,GLOBAL_REMOVAL,1,0.0,Cycle removed by removal_index.csv,,
1-6,11,GLOBAL_REMOVAL,1,0.0,Cycle removed by removal_index.csv,,
1-6,12,GLOBAL_REMOVAL,1,0.0,Cycle removed by removal_index.csv,,
1-6,13,GLOBAL_REMOVAL,1,0.0,Cycle removed by removal_index.csv,,
1-6,14,GLOBAL_REMOVAL,1,0.0,Cycle removed by removal_index.csv,,
1-6,15,GLOBAL_REMOVAL,1,0.0,Cycle removed by removal_index.csv,,
1-6,16,GLOBAL_REMOVAL,1,0.0,Cycle removed by removal_index.csv,,
1-6,17,GLOBAL_REMOVAL,1,0.0,Cycle removed by removal_index.csv,,
1-6,18,GLOBAL_REMOVAL,1,0.0,Cycle removed by removal_index.csv,,
1-6,19,GLOBAL_REMOVAL,1,0.0,Cycle removed by removal_index.csv,,
1-6,20,GLOBAL_REMOVAL,1,0.0,Cycle removed by removal_index.csv,,
1-6,21,GLOBAL_REMOVAL,1,0.0,Cycle removed by removal_index.csv,,
1-6,22,GLOBAL_REMOVAL,1,0.0,Cycle removed by removal_index.csv,,
1-6,23,GLOBAL_REMOVAL,1,0.0,Cycle removed by removal_index.csv,,
1-6,24,GLOBAL_REMOVAL,1,0.0,Cycle removed by removal_index.csv,,
1-6,25,GLOBAL_REMOVAL,1,0.0,Cycle removed by removal_index.csv,,
1-6,26,GLOBAL_REMOVAL,1,0.0,Cycle removed by removal_index.csv,,
1-6,27,GLOBAL_REMOVAL,1,0.0,Cycle removed by removal_index.csv,,
1-6,28,GLOBAL_REMOVAL,1,0.0,Cycle removed by removal_index.csv,,
1-6,29,GLOBAL_REMOVAL,1,0.0,Cycle removed by removal_index.csv,,
1-6,30,GLOBAL_REMOVAL,1,0.0,Cycle removed by removal_index.csv,,
1-6,31,GLOBAL_REMOVAL,1,0.0,Cycle removed by removal_index.csv,,
1-6,32,GLOBAL_REMOVAL,1,0.0,Cycle removed by removal_index.csv,,
1-6,33,GLOBAL_REMOVAL,1,0.0,Cycle removed by removal_index.csv,,
1-6,34,GLOBAL_REMOVAL,1,0.0,Cycle removed by removal_index.csv,,
1-6,35,GLOBAL_REMOVAL,1,0.0,Cycle removed by removal_index.csv,,
1-6,36,GLOBAL_REMOVAL,1,0.0,Cycle removed by removal_index.csv,,
1-6,37,GLOBAL_REMOVAL,1,0.0,Cycle removed by removal_index.csv,,
1-6,38,GLOBAL_REMOVAL,1,0.0,Cycle removed by removal_index.csv,,
1-6,39,GLOBAL_REMOVAL,1,0.0,Cycle removed by removal_index.csv,,
1-6,40,GLOBAL_REMOVAL,1,0.0,Cycle removed by removal_index.csv,,
1-6,41,GLOBAL_REMOVAL,1,0.0,Cycle removed by removal_index.csv,,
1-6,42,GLOBAL_REMOVAL,1,0.0,Cycle removed by removal_index.csv,,
1-6,43,GLOBAL_REMOVAL,1,0.0,Cycle removed by removal_index.csv,,
1-6,44,GLOBAL_REMOVAL,1,0.0,Cycle removed by removal_index.csv,,
1-6,45,GLOBAL_REMOVAL,1,0.0,Cycle removed by removal_index.csv,,
1-6,46,GLOBAL_REMOVAL,1,0.0,Cycle removed by removal_index.csv,,
1-6,47,GLOBAL_REMOVAL,1,0.0,Cycle removed by removal_index.csv,,
1-6,48,GLOBAL_REMOVAL,1,0.0,Cycle removed by removal_index.csv,,
1-6,49,GLOBAL_REMOVAL,1,0.0,Cycle removed by removal_index.csv,,
1-6,50,GLOBAL_REMOVAL,1,0.0,Cycle removed by removal_index.csv,,
1-6,51,GLOBAL_REMOVAL,1,0.0,Cycle removed by removal_index.csv,,
1-6,52,GLOBAL_REMOVAL,1,0.0,Cycle removed by removal_index.csv,,
1-6,53,GLOBAL_REMOVAL,1,0.0,Cycle removed by removal_index.csv,,
1-6,54,GLOBAL_REMOVAL,1,0.0,Cycle removed by removal_index.csv,,
1-6,55,GLOBAL_REMOVAL,1,0.0,Cycle removed by removal_index.csv,,
1-6,56,GLOBAL_REMOVAL,1,0.0,Cycle removed by removal_index.csv,,
1-6,57,GLOBAL_REMOVAL,1,0.0,Cycle removed by removal_index.csv,,
1-6,58,GLOBAL_REMOVAL,1,0.0,Cycle removed by removal_index.csv,,
1-6,59,GLOBAL_REMOVAL,1,0.0,Cycle removed by removal_index.csv,,
1-6,60,GLOBAL_REMOVAL,1,0.0,Cycle removed by removal_index.csv,,
1-6,61,GLOBAL_REMOVAL,1,0.0,Cycle removed by removal_index.csv,,
1-6,62,GLOBAL_REMOVAL,1,0.0,Cycle removed by removal_index.csv,,
1-6,63,GLOBAL_REMOVAL,1,0.0,Cycle removed by removal_index.csv,,
1-6,64,GLOBAL_REMOVAL,1,0.0,Cycle removed by removal_index.csv,,
1-6,65,GLOBAL_REMOVAL,1,0.0,Cycle removed by removal_index.csv,,
1-6,66,GLOBAL_REMOVAL,1,0.0,Cycle removed by removal_index.csv,,
1-6,67,GLOBAL_REMOVAL,1,0.0,Cycle removed by removal_index.csv,,
1-6,68,GLOBAL_REMOVAL,1,0.0,Cycle removed by removal_index.csv,,
1-6,69,GLOBAL_REMOVAL,1,0.0,Cycle removed by removal_index.csv,,
1-6,70,GLOBAL_REMOVAL,1,0.0,Cycle removed by removal_index.csv,,
1-6,71,GLOBAL_REMOVAL,1,0.0,Cycle removed by removal_index.csv,,
1-6,72,GLOBAL_REMOVAL,1,0.0,Cycle removed by removal_index.csv,,
1-6,73,GLOBAL_REMOVAL,1,0.0,Cycle removed by removal_index.csv,,
1-6,74,GLOBAL_REMOVAL,1,0.0,Cycle removed by removal_index.csv,,
1-6,75,GLOBAL_REMOVAL,1,0.0,Cycle removed by removal_index.csv,,
1-6,76,GLOBAL_REMOVAL,1,0.0,Cycle removed by removal_index.csv,,
1-6,77,GLOBAL_REMOVAL,1,0.0,Cycle removed by removal_index.csv,,
1-6,78,GLOBAL_REMOVAL,1,0.0,Cycle removed by removal_index.csv,,
1-6,79,GLOBAL_REMOVAL,1,0.0,Cycle removed by removal_index.csv,,
1-6,80,GLOBAL_REMOVAL,1,0.0,Cycle removed by removal_index.csv,,
1-6,81,GLOBAL_REMOVAL,1,0.0,Cycle removed by removal_index.csv,,
1-6,82,GLOBAL_REMOVAL,1,0.0,Cycle removed by removal_index.csv,,
1-6,83,GLOBAL_REMOVAL,1,0.0,Cycle removed by removal_index.csv,,
1-6,84,GLOBAL_REMOVAL,1,0.0,Cycle removed by removal_index.csv,,
1-6,85,GLOBAL_REMOVAL,1,0.0,Cycle removed by removal_index.csv,,
1-6,86,GLOBAL_REMOVAL,1,0.0,Cycle removed by removal_index.csv,,
1-6,87,GLOBAL_REMOVAL,1,0.0,Cycle removed by removal_index.csv,,
1-6,88,GLOBAL_REMOVAL,1,0.0,Cycle removed by removal_index.csv,,
1-6,89,GLOBAL_REMOVAL,1,0.0,Cycle removed by removal_index.csv,,
1-6,90,GLOBAL_REMOVAL,1,0.0,Cycle removed by removal_index.csv,,
1-6,91,GLOBAL_REMOVAL,1,0.0,Cycle removed by removal_index.csv,,
1-6,92,GLOBAL_REMOVAL,1,0.0,Cycle removed by removal_index.csv,,
1-6,93,GLOBAL_REMOVAL,1,0.0,Cycle removed by removal_index.csv,,
1-6,94,GLOBAL_REMOVAL,1,0.0,Cycle removed by removal_index.csv,,
1-6,95,GLOBAL_REMOVAL,1,0.0,Cycle removed by removal_index.csv,,
1-6,96,GLOBAL_REMOVAL,1,0.0,Cycle removed by removal_index.csv,,
1-6,97,GLOBAL_REMOVAL,1,0.0,Cycle removed by removal_index.csv,,
1-6,98,GLOBAL_REMOVAL,1,0.0,Cycle removed by removal_index.csv,,
1-6,99,GLOBAL_REMOVAL,1,0.0,Cycle removed by removal_index.csv,,
1-6,100,GLOBAL_REMOVAL,1,0.0,Cycle removed by removal_index.csv,,
1-6,101,GLOBAL_REMOVAL,1,0.0,Cycle removed by removal_index.csv,,
1-6,102,GLOBAL_REMOVAL,1,0.0,Cycle removed by removal_index.csv,,
1-6,103,GLOBAL_REMOVAL,1,0.0,Cycle removed by removal_index.csv,,
1-6,104,GLOBAL_REMOVAL,1,0.0,Cycle removed by removal_index.csv,,
1-6,105,GLOBAL_REMOVAL,1,0.0,Cycle removed by removal_index.csv,,
1-6,106,GLOBAL_REMOVAL,1,0.0,Cycle removed by removal_index.csv,,
1-6,107,GLOBAL_REMOVAL,1,0.0,Cycle removed by removal_index.csv,,
1-6,108,GLOBAL_REMOVAL,1,0.0,Cycle removed by removal_index.csv,,
1-6,109,GLOBAL_REMOVAL,1,0.0,Cycle removed by removal_index.csv,,
1-6,110,GLOBAL_REMOVAL,1,0.0,Cycle removed by removal_index.csv,,
1-6,112,GLOBAL_REMOVAL,1,0.0,Cycle removed by removal_index.csv,,
1-6,113,GLOBAL_REMOVAL,1,0.0,Cycle removed by removal_index.csv,,
1-6,114,GLOBAL_REMOVAL,1,0.0,Cycle removed by removal_index.csv,,
1-6,116,GLOBAL_REMOVAL,1,0.0,Cycle removed by removal_index.csv,,
1-6,117,GLOBAL_REMOVAL,1,0.0,Cycle removed by removal_index.csv,,
1-6,118,GLOBAL_REMOVAL,1,0.0,Cycle removed by removal_index.csv,,
1-6,120,GLOBAL_REMOVAL,1,0.0,Cycle removed by removal_index.csv,,
1-6,121,GLOBAL_REMOVAL,1,0.0,Cycle removed by removal_index.csv,,
1-6,122,GLOBAL_REMOVAL,1,0.0,Cycle removed by removal_index.csv,,
1-6,124,GLOBAL_REMOVAL,1,0.0,Cycle removed by removal_index.csv,,
1-6,125,GLOBAL_REMOVAL,1,0.0,Cycle removed by removal_index.csv,,
1-6,126,GLOBAL_REMOVAL,1,0.0,Cycle removed by removal_index.csv,,
1-6,127,GLOBAL_REMOVAL,1,0.0,Cycle removed by removal_index.csv,,
1-6,136,GLOBAL_REMOVAL,1,0.0,Cycle removed by removal_index.csv,,
1-6,137,GLOBAL_REMOVAL,1,0.0,Cycle removed by removal_index.csv,,
1-6,155,GLOBAL_REMOVAL,1,0.0,Cycle removed by removal_index.csv,,
1-6,1065,GLOBAL_REMOVAL,1,0.0,Cycle removed by removal_index.csv,,
1-6,1068,GLOBAL_REMOVAL,1,0.0,Cycle removed by removal_index.csv,,
1-6,1074,GLOBAL_REMOVAL,1,0.0,Cycle removed by removal_index.csv,,
1-6,1077,GLOBAL_REMOVAL,1,0.0,Cycle removed by removal_index.csv,,
1-6,1078,GLOBAL_REMOVAL,1,0.0,Cycle removed by removal_index.csv,,
1-6,1079,GLOBAL_REMOVAL,1,0.0,Cycle removed by removal_index.csv,,
1-6,1080,GLOBAL_REMOVAL,1,0.0,Cycle removed by removal_index.csv,,
1-6,1081,GLOBAL_REMOVAL,1,0.0,Cycle removed by removal_index.csv,,
1-6,1083,GLOBAL_REMOVAL,1,0.0,Cycle removed by removal_index.csv,,
1-6,1084,GLOBAL_REMOVAL,1,0.0,Cycle removed by removal_index.csv,,
1-6,1085,GLOBAL_REMOVAL,1,0.0,Cycle removed by removal_index.csv,,
1-6,1086,GLOBAL_REMOVAL,1,0.0,Cycle removed by removal_index.csv,,
1-6,1087,GLOBAL_REMOVAL,1,0.0,Cycle removed by removal_index.csv,,
1-6,1088,GLOBAL_REMOVAL,1,0.0,Cycle removed by removal_index.csv,,
1-6,1089,GLOBAL_REMOVAL,1,0.0,Cycle removed by removal_index.csv,,
1-6,1090,GLOBAL_REMOVAL,1,0.0,Cycle removed by removal_index.csv,,
1-6,1091,GLOBAL_REMOVAL,1,0.0,Cycle removed by removal_index.csv,,
1-6,1092,GLOBAL_REMOVAL,1,0.0,Cycle removed by removal_index.csv,,
1-6,1094,GLOBAL_REMOVAL,1,0.0,Cycle removed by removal_index.csv,,
1-6,1095,GLOBAL_REMOVAL,1,0.0,Cycle removed by removal_index.csv,,
1-6,1096,GLOBAL_REMOVAL,1,0.0,Cycle removed by removal_index.csv,,
1-6,1097,GLOBAL_REMOVAL,1,0.0,Cycle removed by removal_index.csv,,
1-6,1098,GLOBAL_REMOVAL,1,0.0,Cycle removed by removal_index.csv,,
1-6,1099,GLOBAL_REMOVAL,1,0.0,Cycle removed by removal_index.csv,,
1-6,1100,GLOBAL_REMOVAL,1,0.0,Cycle removed by removal_index.csv,,
1-6,1101,GLOBAL_REMOVAL,1,0.0,Cycle removed by removal_index.csv,,
1-6,1102,GLOBAL_REMOVAL,1,0.0,Cycle removed by removal_index.csv,,
1-6,1103,GLOBAL_REMOVAL,1,0.0,Cycle removed by removal_index.csv,,
1-6,1104,GLOBAL_REMOVAL,1,0.0,Cycle removed by removal_index.csv,,
1-6,1105,GLOBAL_REMOVAL,1,0.0,Cycle removed by removal_index.csv,,
1-6,1106,GLOBAL_REMOVAL,1,0.0,Cycle removed by removal_index.csv,,
1-6,1107,GLOBAL_REMOVAL,1,0.0,Cycle removed by removal_index.csv,,
1-6,1108,GLOBAL_REMOVAL,1,0.0,Cycle removed by removal_index.csv,,
1-6,1109,GLOBAL_REMOVAL,1,0.0,Cycle removed by removal_index.csv,,
1-6,1110,GLOBAL_REMOVAL,1,0.0,Cycle removed by removal_index.csv,,
1-6,1111,GLOBAL_REMOVAL,1,0.0,Cycle removed by removal_index.csv,,
1-6,1112,GLOBAL_REMOVAL,1,0.0,Cycle removed by removal_index.csv,,
1-6,1113,GLOBAL_REMOVAL,1,0.0,Cycle removed by removal_index.csv,,
1-6,1114,GLOBAL_REMOVAL,1,0.0,Cycle removed by removal_index.csv,,
1-6,1115,GLOBAL_REMOVAL,1,0.0,Cycle removed by removal_index.csv,,
1-6,1116,GLOBAL_REMOVAL,1,0.0,Cycle removed by removal_index.csv,,
1-6,1117,GLOBAL_REMOVAL,1,0.0,Cycle removed by removal_index.csv,,
1-6,1118,GLOBAL_REMOVAL,1,0.0,Cycle removed by removal_index.csv,,
1-6,1119,GLOBAL_REMOVAL,1,0.0,Cycle removed by removal_index.csv,,
1-6,1120,GLOBAL_REMOVAL,1,0.0,Cycle removed by removal_index.csv,,
1-6,1121,GLOBAL_REMOVAL,1,0.0,Cycle removed by removal_index.csv,,
1-6,1122,GLOBAL_REMOVAL,1,0.0,Cycle removed by removal_index.csv,,
1-6,1123,GLOBAL_REMOVAL,1,0.0,Cycle removed by removal_index.csv,,
1-6,1124,GLOBAL_REMOVAL,1,0.0,Cycle removed by removal_index.csv,,
1-6,1125,GLOBAL_REMOVAL,1,0.0,Cycle removed by removal_index.csv,,
1-6,1126,GLOBAL_REMOVAL,1,0.0,Cycle removed by removal_index.csv,,
1-6,1127,GLOBAL_REMOVAL,1,0.0,Cycle removed by removal_index.csv,,
1-6,1128,GLOBAL_REMOVAL,1,0.0,Cycle removed by removal_index.csv,,
1-6,1129,GLOBAL_REMOVAL,1,0.0,Cycle removed by removal_index.csv,,
1-6,1130,GLOBAL_REMOVAL,1,0.0,Cycle removed by removal_index.csv,,
1-6,1131,GLOBAL_REMOVAL,1,0.0,Cycle removed by removal_index.csv,,
1-6,1132,GLOBAL_REMOVAL,1,0.0,Cycle removed by removal_index.csv,,
1-6,1133,GLOBAL_REMOVAL,1,0.0,Cycle removed by removal_index.csv,,
1-6,1134,GLOBAL_REMOVAL,1,0.0,Cycle removed by removal_index.csv,,
1-6,1135,GLOBAL_REMOVAL,1,0.0,Cycle removed by removal_index.csv,,
1-6,1136,GLOBAL_REMOVAL,1,0.0,Cycle removed by removal_index.csv,,
1-6,1137,GLOBAL_REMOVAL,1,0.0,Cycle removed by removal_index.csv,,
1-6,1138,GLOBAL_REMOVAL,1,0.0,Cycle removed by removal_index.csv,,
1-6,1139,GLOBAL_REMOVAL,1,0.0,Cycle removed by removal_index.csv,,
1-6,1140,GLOBAL_REMOVAL,1,0.0,Cycle removed by removal_index.csv,,
1-6,1141,GLOBAL_REMOVAL,1,0.0,Cycle removed by removal_index.csv,,
1-6,1142,GLOBAL_REMOVAL,1,0.0,Cycle removed by removal_index.csv,,
1-6,1143,GLOBAL_REMOVAL,1,0.0,Cycle removed by removal_index.csv,,
1-7,1623,GLOBAL_REMOVAL,1,0.0,Cycle removed by removal_index.csv,,
1-7,1628,GLOBAL_REMOVAL,1,0.0,Cycle removed by removal_index.csv,,
1-7,1632,GLOBAL_REMOVAL,1,0.0,Cycle removed by removal_index.csv,,
1-7,1649,GLOBAL_REMOVAL,1,0.0,Cycle removed by removal_index.csv,,
1-7,1653,GLOBAL_REMOVAL,1,0.0,Cycle removed by removal_index.csv,,
1-7,1654,GLOBAL_REMOVAL,1,0.0,Cycle removed by removal_index.csv,,
1-7,1665,GLOBAL_REMOVAL,1,0.0,Cycle removed by removal_index.csv,,
1-7,1667,GLOBAL_REMOVAL,1,0.0,Cycle removed by removal_index.csv,,
1-7,1670,GLOBAL_REMOVAL,1,0.0,Cycle removed by removal_index.csv,,
1-7,1673,GLOBAL_REMOVAL,1,0.0,Cycle removed by removal_index.csv,,
1-7,1677,GLOBAL_REMOVAL,1,0.0,Cycle removed by removal_index.csv,,
1-7,1678,GLOBAL_REMOVAL,1,0.0,Cycle removed by removal_index.csv,,
10-1,39,GLOBAL_REMOVAL,1,0.0,Cycle removed by removal_index.csv,,
10-1,51,GLOBAL_REMOVAL,1,0.0,Cycle removed by removal_index.csv,,
10-1,56,GLOBAL_REMOVAL,1,0.0,Cycle removed by removal_index.csv,,
10-1,57,GLOBAL_REMOVAL,1,0.0,Cycle removed by removal_index.csv,,
10-1,69,GLOBAL_REMOVAL,1,0.0,Cycle removed by removal_index.csv,,
10-1,75,GLOBAL_REMOVAL,1,0.0,Cycle removed by removal_index.csv,,
10-1,94,GLOBAL_REMOVAL,1,0.0,Cycle removed by removal_index.csv,,
10-1,102,GLOBAL_REMOVAL,1,0.0,Cycle removed by removal_index.csv,,
10-1,108,GLOBAL_REMOVAL,1,0.0,Cycle removed by removal_index.csv,,
10-1,115,GLOBAL_REMOVAL,1,0.0,Cycle removed by removal_index.csv,,
10-1,123,GLOBAL_REMOVAL,1,0.0,Cycle removed by removal_index.csv,,
10-1,139,GLOBAL_REMOVAL,1,0.0,Cycle removed by removal_index.csv,,
10-1,149,GLOBAL_REMOVAL,1,0.0,Cycle removed by removal_index.csv,,
10-1,158,GLOBAL_REMOVAL,1,0.0,Cycle removed by removal_index.csv,,
10-1,175,GLOBAL_REMOVAL,1,0.0,Cycle removed by removal_index.csv,,
10-1,183,GLOBAL_REMOVAL,1,0.0,Cycle removed by removal_index.csv,,
10-1,191,GLOBAL_REMOVAL,1,0.0,Cycle removed by removal_index.csv,,
10-1,202,GLOBAL_REMOVAL,1,0.0,Cycle removed by removal_index.csv,,
10-1,214,GLOBAL_REMOVAL,1,0.0,Cycle removed by removal_index.csv,,
10-2,1,GLOBAL_REMOVAL,1,0.0,Cycle removed by removal_index.csv,,
10-2,2,GLOBAL_REMOVAL,1,0.0,Cycle removed by removal_index.csv,,
10-2,3,GLOBAL_REMOVAL,1,0.0,Cycle removed by removal_index.csv,,
10-2,4,GLOBAL_REMOVAL,1,0.0,Cycle removed by removal_index.csv,,
10-2,5,GLOBAL_REMOVAL,1,0.0,Cycle removed by removal_index.csv,,
10-2,6,GLOBAL_REMOVAL,1,0.0,Cycle removed by removal_index.csv,,
10-2,7,GLOBAL_REMOVAL,1,0.0,Cycle removed by removal_index.csv,,
10-2,8,GLOBAL_REMOVAL,1,0.0,Cycle removed by removal_index.csv,,
10-2,9,GLOBAL_REMOVAL,1,0.0,Cycle removed by removal_index.csv,,
10-2,10,GLOBAL_REMOVAL,1,0.0,Cycle removed by removal_index.csv,,
10-2,11,GLOBAL_REMOVAL,1,0.0,Cycle removed by removal_index.csv,,
10-2,12,GLOBAL_REMOVAL,1,0.0,Cycle removed by removal_index.csv,,
10-2,13,GLOBAL_REMOVAL,1,0.0,Cycle removed by removal_index.csv,,
10-2,14,GLOBAL_REMOVAL,1,0.0,Cycle removed by removal_index.csv,,
10-2,15,GLOBAL_REMOVAL,1,0.0,Cycle removed by removal_index.csv,,
10-2,16,GLOBAL_REMOVAL,1,0.0,Cycle removed by removal_index.csv,,
10-2,17,GLOBAL_REMOVAL,1,0.0,Cycle removed by removal_index.csv,,
10-2,19,GLOBAL_REMOVAL,1,0.0,Cycle removed by removal_index.csv,,
10-3,35,GLOBAL_REMOVAL,1,0.0,Cycle removed by removal_index.csv,,
10-3,46,GLOBAL_REMOVAL,1,0.0,Cycle removed by removal_index.csv,,
10-3,52,GLOBAL_REMOVAL,1,0.0,Cycle removed by removal_index.csv,,
10-3,57,GLOBAL_REMOVAL,1,0.0,Cycle removed by removal_index.csv,,
10-3,58,GLOBAL_REMOVAL,1,0.0,Cycle removed by removal_index.csv,,
10-3,59,GLOBAL_REMOVAL,1,0.0,Cycle removed by removal_index.csv,,
10-3,60,GLOBAL_REMOVAL,1,0.0,Cycle removed by removal_index.csv,,
10-3,61,GLOBAL_REMOVAL,1,0.0,Cycle removed by removal_index.csv,,
10-3,62,GLOBAL_REMOVAL,1,0.0,Cycle removed by removal_index.csv,,
10-3,63,GLOBAL_REMOVAL,1,0.0,Cycle removed by removal_index.csv,,
10-3,64,GLOBAL_REMOVAL,1,0.0,Cycle removed by removal_index.csv,,
10-3,65,GLOBAL_REMOVAL,1,0.0,Cycle removed by removal_index.csv,,
10-3,68,GLOBAL_REMOVAL,1,0.0,Cycle removed by removal_index.csv,,
10-3,69,GLOBAL_REMOVAL,1,0.0,Cycle removed by removal_index.csv,,
10-3,70,GLOBAL_REMOVAL,1,0.0,Cycle removed by removal_index.csv,,
10-3,71,GLOBAL_REMOVAL,1,0.0,Cycle removed by removal_index.csv,,
10-3,72,GLOBAL_REMOVAL,1,0.0,Cycle removed by removal_index.csv,,
10-3,73,GLOBAL_REMOVAL,1,0.0,Cycle removed by removal_index.csv,,
10-3,75,GLOBAL_REMOVAL,1,0.0,Cycle removed by removal_index.csv,,
10-3,76,GLOBAL_REMOVAL,1,0.0,Cycle removed by removal_index.csv,,
10-3,77,GLOBAL_REMOVAL,1,0.0,Cycle removed by removal_index.csv,,
10-3,80,GLOBAL_REMOVAL,1,0.0,Cycle removed by removal_index.csv,,
10-3,81,GLOBAL_REMOVAL,1,0.0,Cycle removed by removal_index.csv,,
10-3,84,GLOBAL_REMOVAL,1,0.0,Cycle removed by removal_index.csv,,
10-3,85,GLOBAL_REMOVAL,1,0.0,Cycle removed by removal_index.csv,,
10-3,91,GLOBAL_REMOVAL,1,0.0,Cycle removed by removal_index.csv,,
10-3,96,GLOBAL_REMOVAL,1,0.0,Cycle removed by removal_index.csv,,
10-3,97,GLOBAL_REMOVAL,1,0.0,Cycle removed by removal_index.csv,,
10-3,98,GLOBAL_REMOVAL,1,0.0,Cycle removed by removal_index.csv,,
10-3,99,GLOBAL_REMOVAL,1,0.0,Cycle removed by removal_index.csv,,
10-3,106,GLOBAL_REMOVAL,1,0.0,Cycle removed by removal_index.csv,,
10-3,111,GLOBAL_REMOVAL,1,0.0,Cycle removed by removal_index.csv,,
10-3,112,GLOBAL_REMOVAL,1,0.0,Cycle removed by removal_index.csv,,
10-3,119,GLOBAL_REMOVAL,1,0.0,Cycle removed by removal_index.csv,,
10-3,125,GLOBAL_REMOVAL,1,0.0,Cycle removed by removal_index.csv,,
10-3,127,GLOBAL_REMOVAL,1,0.0,Cycle removed by removal_index.csv,,
10-3,135,GLOBAL_REMOVAL,1,0.0,Cycle removed by removal_index.csv,,
10-3,140,GLOBAL_REMOVAL,1,0.0,Cycle removed by removal_index.csv,,
10-3,159,GLOBAL_REMOVAL,1,0.0,Cycle removed by removal_index.csv,,
10-3,160,GLOBAL_REMOVAL,1,0.0,Cycle removed by removal_index.csv,,
10-3,181,GLOBAL_REMOVAL,1,0.0,Cycle removed by removal_index.csv,,
10-3,183,GLOBAL_REMOVAL,1,0.0,Cycle removed by removal_index.csv,,
10-3,184,GLOBAL_REMOVAL,1,0.0,Cycle removed by removal_index.csv,,
10-3,219,GLOBAL_REMOVAL,1,0.0,Cycle removed by removal_index.csv,,
10-3,220,GLOBAL_REMOVAL,1,0.0,Cycle removed by removal_index.csv,,
10-3,230,GLOBAL_REMOVAL,1,0.0,Cycle removed by removal_index.csv,,
10-3,1825,GLOBAL_REMOVAL,1,0.0,Cycle removed by removal_index.csv,,
10-3,1826,GLOBAL_REMOVAL,1,0.0,Cycle removed by removal_index.csv,,
10-3,1827,GLOBAL_REMOVAL,1,0.0,Cycle removed by removal_index.csv,,
10-3,1828,GLOBAL_REMOVAL,1,0.0,Cycle removed by removal_index.csv,,
10-3,1829,GLOBAL_REMOVAL,1,0.0,Cycle removed by removal_index.csv,,
10-3,1830,GLOBAL_REMOVAL,1,0.0,Cycle removed by removal_index.csv,,
10-3,1831,GLOBAL_REMOVAL,1,0.0,Cycle removed by removal_index.csv,,
10-3,1832,GLOBAL_REMOVAL,1,0.0,Cycle removed by removal_index.csv,,
10-3,1833,GLOBAL_REMOVAL,1,0.0,Cycle removed by removal_index.csv,,
10-3,1834,GLOBAL_REMOVAL,1,0.0,Cycle removed by removal_index.csv,,
10-3,1835,GLOBAL_REMOVAL,1,0.0,Cycle removed by removal_index.csv,,
10-3,1836,GLOBAL_REMOVAL,1,0.0,Cycle removed by removal_index.csv,,
10-3,1837,GLOBAL_REMOVAL,1,0.0,Cycle removed by removal_index.csv,,
10-3,1838,GLOBAL_REMOVAL,1,0.0,Cycle removed by removal_index.csv,,
10-3,1839,GLOBAL_REMOVAL,1,0.0,Cycle removed by removal_index.csv,,
10-3,1840,GLOBAL_REMOVAL,1,0.0,Cycle removed by removal_index.csv,,
10-3,1841,GLOBAL_REMOVAL,1,0.0,Cycle removed by removal_index.csv,,
10-3,1842,GLOBAL_REMOVAL,1,0.0,Cycle removed by removal_index.csv,,
10-3,1843,GLOBAL_REMOVAL,1,0.0,Cycle removed by removal_index.csv,,
10-3,1844,GLOBAL_REMOVAL,1,0.0,Cycle removed by removal_index.csv,,
10-3,1845,GLOBAL_REMOVAL,1,0.0,Cycle removed by removal_index.csv,,
10-3,1846,GLOBAL_REMOVAL,1,0.0,Cycle removed by removal_index.csv,,
10-3,1847,GLOBAL_REMOVAL,1,0.0,Cycle removed by removal_index.csv,,
10-3,1848,GLOBAL_REMOVAL,1,0.0,Cycle removed by removal_index.csv,,
10-4,1,GLOBAL_REMOVAL,1,0.0,Cycle removed by removal_index.csv,,
10-4,2,GLOBAL_REMOVAL,1,0.0,Cycle removed by removal_index.csv,,
10-4,8,GLOBAL_REMOVAL,1,0.0,Cycle removed by removal_index.csv,,
10-4,9,GLOBAL_REMOVAL,1,0.0,Cycle removed by removal_index.csv,,
10-4,10,GLOBAL_REMOVAL,1,0.0,Cycle removed by removal_index.csv,,
10-4,11,GLOBAL_REMOVAL,1,0.0,Cycle removed by removal_index.csv,,
10-4,12,GLOBAL_REMOVAL,1,0.0,Cycle removed by removal_index.csv,,
10-4,14,GLOBAL_REMOVAL,1,0.0,Cycle removed by removal_index.csv,,
10-4,15,GLOBAL_REMOVAL,1,0.0,Cycle removed by removal_index.csv,,
10-4,20,GLOBAL_REMOVAL,1,0.0,Cycle removed by removal_index.csv,,
10-4,21,GLOBAL_REMOVAL,1,0.0,Cycle removed by removal_index.csv,,
10-4,24,GLOBAL_REMOVAL,1,0.0,Cycle removed by removal_index.csv,,
10-4,67,GLOBAL_REMOVAL,1,0.0,Cycle removed by removal_index.csv,,
10-4,102,GLOBAL_REMOVAL,1,0.0,Cycle removed by removal_index.csv,,
10-4,111,GLOBAL_REMOVAL,1,0.0,Cycle removed by removal_index.csv,,
10-4,112,GLOBAL_REMOVAL,1,0.0,Cycle removed by removal_index.csv,,
10-4,117,GLOBAL_REMOVAL,1,0.0,Cycle removed by removal_index.csv,,
10-4,118,GLOBAL_REMOVAL,1,0.0,Cycle removed by removal_index.csv,,
10-4,121,GLOBAL_REMOVAL,1,0.0,Cycle removed by removal_index.csv,,
10-4,122,GLOBAL_REMOVAL,1,0.0,Cycle removed by removal_index.csv,,
10-4,123,GLOBAL_REMOVAL,1,0.0,Cycle removed by removal_index.csv,,
10-4,141,GLOBAL_REMOVAL,1,0.0,Cycle removed by removal_index.csv,,
10-4,142,GLOBAL_REMOVAL,1,0.0,Cycle removed by removal_index.csv,,
10-4,148,GLOBAL_REMOVAL,1,0.0,Cycle removed by removal_index.csv,,
10-4,158,GLOBAL_REMOVAL,1,0.0,Cycle removed by removal_index.csv,,
10-4,161,GLOBAL_REMOVAL,1,0.0,Cycle removed by removal_index.csv,,
10-4,162,GLOBAL_REMOVAL,1,0.0,Cycle removed by removal_index.csv,,
10-4,168,GLOBAL_REMOVAL,1,0.0,Cycle removed by removal_index.csv,,
10-4,169,GLOBAL_REMOVAL,1,0.0,Cycle removed by removal_index.csv,,
10-4,170,GLOBAL_REMOVAL,1,0.0,Cycle removed by removal_index.csv,,
10-4,171,GLOBAL_REMOVAL,1,0.0,Cycle removed by removal_index.csv,,
10-4,172,GLOBAL_REMOVAL,1,0.0,Cycle removed by removal_index.csv,,
10-4,177,GLOBAL_REMOVAL,1,0.0,Cycle removed by removal_index.csv,,
10-4,178,GLOBAL_REMOVAL,1,0.0,Cycle removed by removal_index.csv,,
10-4,179,GLOBAL_REMOVAL,1,0.0,Cycle removed by removal_index.csv,,
10-4,180,GLOBAL_REMOVAL,1,0.0,Cycle removed by removal_index.csv,,
10-4,181,GLOBAL_REMOVAL,1,0.0,Cycle removed by removal_index.csv,,
10-4,182,GLOBAL_REMOVAL,1,0.0,Cycle removed by removal_index.csv,,
10-4,186,GLOBAL_REMOVAL,1,0.0,Cycle removed by removal_index.csv,,
10-4,187,GLOBAL_REMOVAL,1,0.0,Cycle removed by removal_index.csv,,
10-4,188,GLOBAL_REMOVAL,1,0.0,Cycle removed by removal_index.csv,,
10-4,189,GLOBAL_REMOVAL,1,0.0,Cycle removed by removal_index.csv,,
10-4,190,GLOBAL_REMOVAL,1,0.0,Cycle removed by removal_index.csv,,
10-4,191,GLOBAL_REMOVAL,1,0.0,Cycle removed by removal_index.csv,,
10-4,192,GLOBAL_REMOVAL,1,0.0,Cycle removed by removal_index.csv,,
10-4,195,GLOBAL_REMOVAL,1,0.0,Cycle removed by removal_index.csv,,
10-4,196,GLOBAL_REMOVAL,1,0.0,Cycle removed by removal_index.csv,,
10-4,197,GLOBAL_REMOVAL,1,0.0,Cycle removed by removal_index.csv,,
10-4,198,GLOBAL_REMOVAL,1,0.0,Cycle removed by removal_index.csv,,
10-4,199,GLOBAL_REMOVAL,1,0.0,Cycle removed by removal_index.csv,,
10-4,200,GLOBAL_REMOVAL,1,0.0,Cycle removed by removal_index.csv,,
10-4,201,GLOBAL_REMOVAL,1,0.0,Cycle removed by removal_index.csv,,
10-4,202,GLOBAL_REMOVAL,1,0.0,Cycle removed by removal_index.csv,,
10-4,203,GLOBAL_REMOVAL,1,0.0,Cycle removed by removal_index.csv,,
10-4,205,GLOBAL_REMOVAL,1,0.0,Cycle removed by removal_index.csv,,
10-4,206,GLOBAL_REMOVAL,1,0.0,Cycle removed by removal_index.csv,,
10-4,207,GLOBAL_REMOVAL,1,0.0,Cycle removed by removal_index.csv,,
10-4,208,GLOBAL_REMOVAL,1,0.0,Cycle removed by removal_index.csv,,
10-4,209,GLOBAL_REMOVAL,1,0.0,Cycle removed by removal_index.csv,,
10-4,210,GLOBAL_REMOVAL,1,0.0,Cycle removed by removal_index.csv,,
10-4,211,GLOBAL_REMOVAL,1,0.0,Cycle removed by removal_index.csv,,
10-4,212,GLOBAL_REMOVAL,1,0.0,Cycle removed by removal_index.csv,,
10-4,213,GLOBAL_REMOVAL,1,0.0,Cycle removed by removal_index.csv,,
10-4,214,GLOBAL_REMOVAL,1,0.0,Cycle removed by removal_index.csv,,
10-4,215,GLOBAL_REMOVAL,1,0.0,Cycle removed by removal_index.csv,,
10-4,216,GLOBAL_REMOVAL,1,0.0,Cycle removed by removal_index.csv,,
10-4,217,GLOBAL_REMOVAL,1,0.0,Cycle removed by removal_index.csv,,
10-4,218,GLOBAL_REMOVAL,1,0.0,Cycle removed by removal_index.csv,,
10-4,219,GLOBAL_REMOVAL,1,0.0,Cycle removed by removal_index.csv,,
10-4,220,GLOBAL_REMOVAL,1,0.0,Cycle removed by removal_index.csv,,
10-4,221,GLOBAL_REMOVAL,1,0.0,Cycle removed by removal_index.csv,,
10-4,222,GLOBAL_REMOVAL,1,0.0,Cycle removed by removal_index.csv,,
10-4,223,GLOBAL_REMOVAL,1,0.0,Cycle removed by removal_index.csv,,
10-4,224,GLOBAL_REMOVAL,1,0.0,Cycle removed by removal_index.csv,,
10-4,225,GLOBAL_REMOVAL,1,0.0,Cycle removed by removal_index.csv,,
10-4,226,GLOBAL_REMOVAL,1,0.0,Cycle removed by removal_index.csv,,
10-4,227,GLOBAL_REMOVAL,1,0.0,Cycle removed by removal_index.csv,,
10-4,228,GLOBAL_REMOVAL,1,0.0,Cycle removed by removal_index.csv,,
10-4,229,GLOBAL_REMOVAL,1,0.0,Cycle removed by removal_index.csv,,
10-4,230,GLOBAL_REMOVAL,1,0.0,Cycle removed by removal_index.csv,,
10-4,231,GLOBAL_REMOVAL,1,0.0,Cycle removed by removal_index.csv,,
10-4,233,GLOBAL_REMOVAL,1,0.0,Cycle removed by removal_index.csv,,
10-4,234,GLOBAL_REMOVAL,1,0.0,Cycle removed by removal_index.csv,,
10-4,235,GLOBAL_REMOVAL,1,0.0,Cycle removed by removal_index.csv,,
10-4,236,GLOBAL_REMOVAL,1,0.0,Cycle removed by removal_index.csv,,
10-4,237,GLOBAL_REMOVAL,1,0.0,Cycle removed by removal_index.csv,,
10-4,238,GLOBAL_REMOVAL,1,0.0,Cycle removed by removal_index.csv,,
10-4,239,GLOBAL_REMOVAL,1,0.0,Cycle removed by removal_index.csv,,
10-4,240,GLOBAL_REMOVAL,1,0.0,Cycle removed by removal_index.csv,,
10-4,241,GLOBAL_REMOVAL,1,0.0,Cycle removed by removal_index.csv,,
10-4,242,GLOBAL_REMOVAL,1,0.0,Cycle removed by removal_index.csv,,
10-4,243,GLOBAL_REMOVAL,1,0.0,Cycle removed by removal_index.csv,,
10-4,244,GLOBAL_REMOVAL,1,0.0,Cycle removed by removal_index.csv,,
10-4,245,GLOBAL_REMOVAL,1,0.0,Cycle removed by removal_index.csv,,
10-4,246,GLOBAL_REMOVAL,1,0.0,Cycle removed by removal_index.csv,,
10-4,247,GLOBAL_REMOVAL,1,0.0,Cycle removed by removal_index.csv,,
10-4,248,GLOBAL_REMOVAL,1,0.0,Cycle removed by removal_index.csv,,
10-4,253,GLOBAL_REMOVAL,1,0.0,Cycle removed by removal_index.csv,,
10-4,256,GLOBAL_REMOVAL,1,0.0,Cycle removed by removal_index.csv,,
10-4,257,GLOBAL_REMOVAL,1,0.0,Cycle removed by removal_index.csv,,
10-4,258,GLOBAL_REMOVAL,1,0.0,Cycle removed by removal_index.csv,,
10-4,263,GLOBAL_REMOVAL,1,0.0,Cycle removed by removal_index.csv,,
10-4,264,GLOBAL_REMOVAL,1,0.0,Cycle removed by removal_index.csv,,
10-4,265,GLOBAL_REMOVAL,1,0.0,Cycle removed by removal_index.csv,,
10-4,266,GLOBAL_REMOVAL,1,0.0,Cycle removed by removal_index.csv,,
10-4,267,GLOBAL_REMOVAL,1,0.0,Cycle removed by removal_index.csv,,
10-4,275,GLOBAL_REMOVAL,1,0.0,Cycle removed by removal_index.csv,,
10-4,276,GLOBAL_REMOVAL,1,0.0,Cycle removed by removal_index.csv,,
10-4,285,GLOBAL_REMOVAL,1,0.0,Cycle removed by removal_index.csv,,
10-4,286,GLOBAL_REMOVAL,1,0.0,Cycle removed by removal_index.csv,,
10-4,303,GLOBAL_REMOVAL,1,0.0,Cycle removed by removal_index.csv,,
10-4,304,GLOBAL_REMOVAL,1,0.0,Cycle removed by removal_index.csv,,
10-4,305,GLOBAL_REMOVAL,1,0.0,Cycle removed by removal_index.csv,,
10-4,313,GLOBAL_REMOVAL,1,0.0,Cycle removed by removal_index.csv,,
10-4,322,GLOBAL_REMOVAL,1,0.0,Cycle removed by removal_index.csv,,
10-4,327,GLOBAL_REMOVAL,1,0.0,Cycle removed by removal_index.csv,,
10-4,341,GLOBAL_REMOVAL,1,0.0,Cycle removed by removal_index.csv,,
10-4,349,GLOBAL_REMOVAL,1,0.0,Cycle removed by removal_index.csv,,
10-4,386,GLOBAL_REMOVAL,1,0.0,Cycle removed by removal_index.csv,,
10-4,1798,GLOBAL_REMOVAL,1,0.0,Cycle removed by removal_index.csv,,
10-4,1801,GLOBAL_REMOVAL,1,0.0,Cycle removed by removal_index.csv,,
10-5,1,GLOBAL_REMOVAL,1,0.0,Cycle removed by removal_index.csv,,
10-5,2,GLOBAL_REMOVAL,1,0.0,Cycle removed by removal_index.csv,,
10-5,14,GLOBAL_REMOVAL,1,0.0,Cycle removed by removal_index.csv,,
10-5,29,GLOBAL_REMOVAL,1,0.0,Cycle removed by removal_index.csv,,
10-5,40,GLOBAL_REMOVAL,1,0.0,Cycle removed by removal_index.csv,,
10-5,41,GLOBAL_REMOVAL,1,0.0,Cycle removed by removal_index.csv,,
10-5,42,GLOBAL_REMOVAL,1,0.0,Cycle removed by removal_index.csv,,
10-5,43,GLOBAL_REMOVAL,1,0.0,Cycle removed by removal_index.csv,,
10-5,47,GLOBAL_REMOVAL,1,0.0,Cycle removed by removal_index.csv,,
10-5,50,GLOBAL_REMOVAL,1,0.0,Cycle removed by removal_index.csv,,
10-5,51,GLOBAL_REMOVAL,1,0.0,Cycle removed by removal_index.csv,,
10-5,52,GLOBAL_REMOVAL,1,0.0,Cycle removed by removal_index.csv,,
10-5,55,GLOBAL_REMOVAL,1,0.0,Cycle removed by removal_index.csv,,
10-5,56,GLOBAL_REMOVAL,1,0.0,Cycle removed by removal_index.csv,,
10-5,58,GLOBAL_REMOVAL,1,0.0,Cycle removed by removal_index.csv,,
10-5,59,GLOBAL_REMOVAL,1,0.0,Cycle removed by removal_index.csv,,
10-5,64,GLOBAL_REMOVAL,1,0.0,Cycle removed by removal_index.csv,,
10-5,66,GLOBAL_REMOVAL,1,0.0,Cycle removed by removal_index.csv,,
10-5,67,GLOBAL_REMOVAL,1,0.0,Cycle removed by removal_index.csv,,
10-5,68,GLOBAL_REMOVAL,1,0.0,Cycle removed by removal_index.csv,,
10-5,72,GLOBAL_REMOVAL,1,0.0,Cycle removed by removal_index.csv,,
10-5,73,GLOBAL_REMOVAL,1,0.0,Cycle removed by removal_index.csv,,
10-5,76,GLOBAL_REMOVAL,1,0.0,Cycle removed by removal_index.csv,,
10-5,78,GLOBAL_REMOVAL,1,0.0,Cycle removed by removal_index.csv,,
10-5,83,GLOBAL_REMOVAL,1,0.0,Cycle removed by removal_index.csv,,
10-5,84,GLOBAL_REMOVAL,1,0.0,Cycle removed by removal_index.csv,,
10-5,85,GLOBAL_REMOVAL,1,0.0,Cycle removed by removal_index.csv,,
10-5,86,GLOBAL_REMOVAL,1,0.0,Cycle removed by removal_index.csv,,
10-5,91,GLOBAL_REMOVAL,1,0.0,Cycle removed by removal_index.csv,,
10-5,92,GLOBAL_REMOVAL,1,0.0,Cycle removed by removal_index.csv,,
10-5,95,GLOBAL_REMOVAL,1,0.0,Cycle removed by removal_index.csv,,
10-5,96,GLOBAL_REMOVAL,1,0.0,Cycle removed by removal_index.csv,,
10-5,98,GLOBAL_REMOVAL,1,0.0,Cycle removed by removal_index.csv,,
10-5,109,GLOBAL_REMOVAL,1,0.0,Cycle removed by removal_index.csv,,
10-5,112,GLOBAL_REMOVAL,1,0.0,Cycle removed by removal_index.csv,,
10-5,114,GLOBAL_REMOVAL,1,0.0,Cycle removed by removal_index.csv,,
10-5,117,GLOBAL_REMOVAL,1,0.0,Cycle removed by removal_index.csv,,
10-5,118,GLOBAL_REMOVAL,1,0.0,Cycle removed by removal_index.csv,,
10-5,119,GLOBAL_REMOVAL,1,0.0,Cycle removed by removal_index.csv,,
10-5,121,GLOBAL_REMOVAL,1,0.0,Cycle removed by removal_index.csv,,
10-5,123,GLOBAL_REMOVAL,1,0.0,Cycle removed by removal_index.csv,,
10-5,124,GLOBAL_REMOVAL,1,0.0,Cycle removed by removal_index.csv,,
10-5,126,GLOBAL_REMOVAL,1,0.0,Cycle removed by removal_index.csv,,
10-5,127,GLOBAL_REMOVAL,1,0.0,Cycle removed by removal_index.csv,,
10-5,128,GLOBAL_REMOVAL,1,0.0,Cycle removed by removal_index.csv,,
10-5,130,GLOBAL_REMOVAL,1,0.0,Cycle removed by removal_index.csv,,
10-5,131,GLOBAL_REMOVAL,1,0.0,Cycle removed by removal_index.csv,,
10-5,132,GLOBAL_REMOVAL,1,0.0,Cycle removed by removal_index.csv,,
10-5,135,GLOBAL_REMOVAL,1,0.0,Cycle removed by removal_index.csv,,
10-5,136,GLOBAL_REMOVAL,1,0.0,Cycle removed by removal_index.csv,,
10-5,139,GLOBAL_REMOVAL,1,0.0,Cycle removed by removal_index.csv,,
10-5,140,GLOBAL_REMOVAL,1,0.0,Cycle removed by removal_index.csv,,
10-5,142,GLOBAL_REMOVAL,1,0.0,Cycle removed by removal_index.csv,,
10-5,143,GLOBAL_REMOVAL,1,0.0,Cycle removed by removal_index.csv,,
10-5,144,GLOBAL_REMOVAL,1,0.0,Cycle removed by removal_index.csv,,
10-5,145,GLOBAL_REMOVAL,1,0.0,Cycle removed by removal_index.csv,,
10-5,146,GLOBAL_REMOVAL,1,0.0,Cycle removed by removal_index.csv,,
10-5,147,GLOBAL_REMOVAL,1,0.0,Cycle removed by removal_index.csv,,
10-5,148,GLOBAL_REMOVAL,1,0.0,Cycle removed by removal_index.csv,,
10-5,149,GLOBAL_REMOVAL,1,0.0,Cycle removed by removal_index.csv,,
10-5,150,GLOBAL_REMOVAL,1,0.0,Cycle removed by removal_index.csv,,
10-5,151,GLOBAL_REMOVAL,1,0.0,Cycle removed by removal_index.csv,,
10-5,152,GLOBAL_REMOVAL,1,0.0,Cycle removed by removal_index.csv,,
10-5,154,GLOBAL_REMOVAL,1,0.0,Cycle removed by removal_index.csv,,
10-5,156,GLOBAL_REMOVAL,1,0.0,Cycle removed by removal_index.csv,,
10-5,157,GLOBAL_REMOVAL,1,0.0,Cycle removed by removal_index.csv,,
10-5,159,GLOBAL_REMOVAL,1,0.0,Cycle removed by removal_index.csv,,
10-5,160,GLOBAL_REMOVAL,1,0.0,Cycle removed by removal_index.csv,,
10-5,161,GLOBAL_REMOVAL,1,0.0,Cycle removed by removal_index.csv,,
10-5,162,GLOBAL_REMOVAL,1,0.0,Cycle removed by removal_index.csv,,
10-5,165,GLOBAL_REMOVAL,1,0.0,Cycle removed by removal_index.csv,,
10-5,166,GLOBAL_REMOVAL,1,0.0,Cycle removed by removal_index.csv,,
10-5,167,GLOBAL_REMOVAL,1,0.0,Cycle removed by removal_index.csv,,
10-5,169,GLOBAL_REMOVAL,1,0.0,Cycle removed by removal_index.csv,,
10-5,172,GLOBAL_REMOVAL,1,0.0,Cycle removed by removal_index.csv,,
10-5,173,GLOBAL_REMOVAL,1,0.0,Cycle removed by removal_index.csv,,
10-5,175,GLOBAL_REMOVAL,1,0.0,Cycle removed by removal_index.csv,,
10-5,179,GLOBAL_REMOVAL,1,0.0,Cycle removed by removal_index.csv,,
10-5,180,GLOBAL_REMOVAL,1,0.0,Cycle removed by removal_index.csv,,
10-5,183,GLOBAL_REMOVAL,1,0.0,Cycle removed by removal_index.csv,,
10-5,187,GLOBAL_REMOVAL,1,0.0,Cycle removed by removal_index.csv,,
10-5,194,GLOBAL_REMOVAL,1,0.0,Cycle removed by removal_index.csv,,
10-5,229,GLOBAL_REMOVAL,1,0.0,Cycle removed by removal_index.csv,,
10-5,230,GLOBAL_REMOVAL,1,0.0,Cycle removed by removal_index.csv,,
10-5,235,GLOBAL_REMOVAL,1,0.0,Cycle removed by removal_index.csv,,
10-5,249,GLOBAL_REMOVAL,1,0.0,Cycle removed by removal_index.csv,,
10-5,256,GLOBAL_REMOVAL,1,0.0,Cycle removed by removal_index.csv,,
10-5,313,GLOBAL_REMOVAL,1,0.0,Cycle removed by removal_index.csv,,
10-5,1883,GLOBAL_REMOVAL,1,0.0,Cycle removed by removal_index.csv,,
10-5,1884,GLOBAL_REMOVAL,1,0.0,Cycle removed by removal_index.csv,,
10-5,1885,GLOBAL_REMOVAL,1,0.0,Cycle removed by removal_index.csv,,
10-5,1886,GLOBAL_REMOVAL,1,0.0,Cycle removed by removal_index.csv,,
10-5,1889,GLOBAL_REMOVAL,1,0.0,Cycle removed by removal_index.csv,,
10-5,1890,GLOBAL_REMOVAL,1,0.0,Cycle removed by removal_index.csv,,
10-5,1891,GLOBAL_REMOVAL,1,0.0,Cycle removed by removal_index.csv,,
10-5,1892,GLOBAL_REMOVAL,1,0.0,Cycle removed by removal_index.csv,,
10-5,1895,GLOBAL_REMOVAL,1,0.0,Cycle removed by removal_index.csv,,
10-5,1896,GLOBAL_REMOVAL,1,0.0,Cycle removed by removal_index.csv,,
10-5,1897,GLOBAL_REMOVAL,1,0.0,Cycle removed by removal_index.csv,,
10-5,1898,GLOBAL_REMOVAL,1,0.0,Cycle removed by removal_index.csv,,
10-5,1899,GLOBAL_REMOVAL,1,0.0,Cycle removed by removal_index.csv,,
10-5,1900,GLOBAL_REMOVAL,1,0.0,Cycle removed by removal_index.csv,,
10-5,1901,GLOBAL_REMOVAL,1,0.0,Cycle removed by removal_index.csv,,
10-5,1902,GLOBAL_REMOVAL,1,0.0,Cycle removed by removal_index.csv,,
10-5,1903,GLOBAL_REMOVAL,1,0.0,Cycle removed by removal_index.csv,,
10-5,1904,GLOBAL_REMOVAL,1,0.0,Cycle removed by removal_index.csv,,
10-5,1905,GLOBAL_REMOVAL,1,0.0,Cycle removed by removal_index.csv,,
10-5,1906,GLOBAL_REMOVAL,1,0.0,Cycle removed by removal_index.csv,,
10-5,1907,GLOBAL_REMOVAL,1,0.0,Cycle removed by removal_index.csv,,
10-5,1908,GLOBAL_REMOVAL,1,0.0,Cycle removed by removal_index.csv,,
10-5,1909,GLOBAL_REMOVAL,1,0.0,Cycle removed by removal_index.csv,,
10-5,1910,GLOBAL_REMOVAL,1,0.0,Cycle removed by removal_index.csv,,
10-5,1911,GLOBAL_REMOVAL,1,0.0,Cycle removed by removal_index.csv,,
10-5,1912,GLOBAL_REMOVAL,1,0.0,Cycle removed by removal_index.csv,,
10-5,1913,GLOBAL_REMOVAL,1,0.0,Cycle removed by removal_index.csv,,
10-5,1914,GLOBAL_REMOVAL,1,0.0,Cycle removed by removal_index.csv,,
10-5,1915,GLOBAL_REMOVAL,1,0.0,Cycle removed by removal_index.csv,,
10-5,1916,GLOBAL_REMOVAL,1,0.0,Cycle removed by removal_index.csv,,
10-5,1917,GLOBAL_REMOVAL,1,0.0,Cycle removed by removal_index.csv,,
10-5,1918,GLOBAL_REMOVAL,1,0.0,Cycle removed by removal_index.csv,,
10-5,1919,GLOBAL_REMOVAL,1,0.0,Cycle removed by removal_index.csv,,
10-5,1920,GLOBAL_REMOVAL,1,0.0,Cycle removed by removal_index.csv,,
10-5,1921,GLOBAL_REMOVAL,1,0.0,Cycle removed by removal_index.csv,,
10-5,1922,GLOBAL_REMOVAL,1,0.0,Cycle removed by removal_index.csv,,
10-5,1923,GLOBAL_REMOVAL,1,0.0,Cycle removed by removal_index.csv,,
10-5,1924,GLOBAL_REMOVAL,1,0.0,Cycle removed by removal_index.csv,,
10-5,1925,GLOBAL_REMOVAL,1,0.0,Cycle removed by removal_index.csv,,
10-5,1926,GLOBAL_REMOVAL,1,0.0,Cycle removed by removal_index.csv,,
10-5,1927,GLOBAL_REMOVAL,1,0.0,Cycle removed by removal_index.csv,,
10-5,1928,GLOBAL_REMOVAL,1,0.0,Cycle removed by removal_index.csv,,
10-5,1929,GLOBAL_REMOVAL,1,0.0,Cycle removed by removal_index.csv,,
10-5,1930,GLOBAL_REMOVAL,1,0.0,Cycle removed by removal_index.csv,,
10-5,1931,GLOBAL_REMOVAL,1,0.0,Cycle removed by removal_index.csv,,
10-5,1932,GLOBAL_REMOVAL,1,0.0,Cycle removed by removal_index.csv,,
10-5,1933,GLOBAL_REMOVAL,1,0.0,Cycle removed by removal_index.csv,,
10-5,1934,GLOBAL_REMOVAL,1,0.0,Cycle removed by removal_index.csv,,
10-5,1935,GLOBAL_REMOVAL,1,0.0,Cycle removed by removal_index.csv,,
10-5,1936,GLOBAL_REMOVAL,1,0.0,Cycle removed by removal_index.csv,,
10-5,1937,GLOBAL_REMOVAL,1,0.0,Cycle removed by removal_index.csv,,
10-5,1938,GLOBAL_REMOVAL,1,0.0,Cycle removed by removal_index.csv,,
10-5,1939,GLOBAL_REMOVAL,1,0.0,Cycle removed by removal_index.csv,,
10-5,1940,GLOBAL_REMOVAL,1,0.0,Cycle removed by removal_index.csv,,
10-5,1941,GLOBAL_REMOVAL,1,0.0,Cycle removed by removal_index.csv,,
10-5,1942,GLOBAL_REMOVAL,1,0.0,Cycle removed by removal_index.csv,,
10-5,1943,GLOBAL_REMOVAL,1,0.0,Cycle removed by removal_index.csv,,
10-5,1944,GLOBAL_REMOVAL,1,0.0,Cycle removed by removal_index.csv,,
10-5,1945,GLOBAL_REMOVAL,1,0.0,Cycle removed by removal_index.csv,,
10-5,1946,GLOBAL_REMOVAL,1,0.0,Cycle removed by removal_index.csv,,
10-5,1947,GLOBAL_REMOVAL,1,0.0,Cycle removed by removal_index.csv,,
10-5,1948,GLOBAL_REMOVAL,1,0.0,Cycle removed by removal_index.csv,,
10-5,1949,GLOBAL_REMOVAL,1,0.0,Cycle removed by removal_index.csv,,
10-5,1950,GLOBAL_REMOVAL,1,0.0,Cycle removed by removal_index.csv,,
10-5,1951,GLOBAL_REMOVAL,1,0.0,Cycle removed by removal_index.csv,,
10-5,1952,GLOBAL_REMOVAL,1,0.0,Cycle removed by removal_index.csv,,
10-5,1953,GLOBAL_REMOVAL,1,0.0,Cycle removed by removal_index.csv,,
10-5,1954,GLOBAL_REMOVAL,1,0.0,Cycle removed by removal_index.csv,,
10-5,1955,GLOBAL_REMOVAL,1,0.0,Cycle removed by removal_index.csv,,
10-5,1956,GLOBAL_REMOVAL,1,0.0,Cycle removed by removal_index.csv,,
10-5,1957,GLOBAL_REMOVAL,1,0.0,Cycle removed by removal_index.csv,,
10-5,1958,GLOBAL_REMOVAL,1,0.0,Cycle removed by removal_index.csv,,
10-5,1959,GLOBAL_REMOVAL,1,0.0,Cycle removed by removal_index.csv,,
10-5,1960,GLOBAL_REMOVAL,1,0.0,Cycle removed by removal_index.csv,,
10-5,1961,GLOBAL_REMOVAL,1,0.0,Cycle removed by removal_index.csv,,
10-5,1962,GLOBAL_REMOVAL,1,0.0,Cycle removed by removal_index.csv,,
10-5,1963,GLOBAL_REMOVAL,1,0.0,Cycle removed by removal_index.csv,,
10-5,1964,GLOBAL_REMOVAL,1,0.0,Cycle removed by removal_index.csv,,
10-5,1965,GLOBAL_REMOVAL,1,0.0,Cycle removed by removal_index.csv,,
10-5,1966,GLOBAL_REMOVAL,1,0.0,Cycle removed by removal_index.csv,,
10-5,1967,GLOBAL_REMOVAL,1,0.0,Cycle removed by removal_index.csv,,
10-5,1968,GLOBAL_REMOVAL,1,0.0,Cycle removed by removal_index.csv,,
10-5,1969,GLOBAL_REMOVAL,1,0.0,Cycle removed by removal_index.csv,,
10-5,1970,GLOBAL_REMOVAL,1,0.0,Cycle removed by removal_index.csv,,
10-5,1971,GLOBAL_REMOVAL,1,0.0,Cycle removed by removal_index.csv,,
10-5,1972,GLOBAL_REMOVAL,1,0.0,Cycle removed by removal_index.csv,,
10-5,1973,GLOBAL_REMOVAL,1,0.0,Cycle removed by removal_index.csv,,
10-5,1974,GLOBAL_REMOVAL,1,0.0,Cycle removed by removal_index.csv,,
10-5,1975,GLOBAL_REMOVAL,1,0.0,Cycle removed by removal_index.csv,,
10-5,1976,GLOBAL_REMOVAL,1,0.0,Cycle removed by removal_index.csv,,
10-5,1977,GLOBAL_REMOVAL,1,0.0,Cycle removed by removal_index.csv,,
10-5,1978,GLOBAL_REMOVAL,1,0.0,Cycle removed by removal_index.csv,,
10-5,1979,GLOBAL_REMOVAL,1,0.0,Cycle removed by removal_index.csv,,
10-5,1980,GLOBAL_REMOVAL,1,0.0,Cycle removed by removal_index.csv,,
10-5,1981,GLOBAL_REMOVAL,1,0.0,Cycle removed by removal_index.csv,,
10-5,1982,GLOBAL_REMOVAL,1,0.0,Cycle removed by removal_index.csv,,
10-5,1983,GLOBAL_REMOVAL,1,0.0,Cycle removed by removal_index.csv,,
10-5,1984,GLOBAL_REMOVAL,1,0.0,Cycle removed by removal_index.csv,,
10-5,1985,GLOBAL_REMOVAL,1,0.0,Cycle removed by removal_index.csv,,
10-5,1986,GLOBAL_REMOVAL,1,0.0,Cycle removed by removal_index.csv,,
10-5,1987,GLOBAL_REMOVAL,1,0.0,Cycle removed by removal_index.csv,,
10-5,1988,GLOBAL_REMOVAL,1,0.0,Cycle removed by removal_index.csv,,
10-5,1989,GLOBAL_REMOVAL,1,0.0,Cycle removed by removal_index.csv,,
10-5,1990,GLOBAL_REMOVAL,1,0.0,Cycle removed by removal_index.csv,,
10-5,1991,GLOBAL_REMOVAL,1,0.0,Cycle removed by removal_index.csv,,
10-5,1992,GLOBAL_REMOVAL,1,0.0,Cycle removed by removal_index.csv,,
10-5,1993,GLOBAL_REMOVAL,1,0.0,Cycle removed by removal_index.csv,,
10-5,1994,GLOBAL_REMOVAL,1,0.0,Cycle removed by removal_index.csv,,
10-5,1995,GLOBAL_REMOVAL,1,0.0,Cycle removed by removal_index.csv,,
10-5,1996,GLOBAL_REMOVAL,1,0.0,Cycle removed by removal_index.csv,,
10-5,1997,GLOBAL_REMOVAL,1,0.0,Cycle removed by removal_index.csv,,
10-5,1998,GLOBAL_REMOVAL,1,0.0,Cycle removed by removal_index.csv,,
10-5,1999,GLOBAL_REMOVAL,1,0.0,Cycle removed by removal_index.csv,,
10-5,2000,GLOBAL_REMOVAL,1,0.0,Cycle removed by removal_index.csv,,
10-5,2001,GLOBAL_REMOVAL,1,0.0,Cycle removed by removal_index.csv,,
10-5,2002,GLOBAL_REMOVAL,1,0.0,Cycle removed by removal_index.csv,,
10-5,2003,GLOBAL_REMOVAL,1,0.0,Cycle removed by removal_index.csv,,
10-5,2004,GLOBAL_REMOVAL,1,0.0,Cycle removed by removal_index.csv,,
10-5,2005,GLOBAL_REMOVAL,1,0.0,Cycle removed by removal_index.csv,,
10-5,2006,GLOBAL_REMOVAL,1,0.0,Cycle removed by removal_index.csv,,
10-5,2007,GLOBAL_REMOVAL,1,0.0,Cycle removed by removal_index.csv,,
10-5,2008,GLOBAL_REMOVAL,1,0.0,Cycle removed by removal_index.csv,,
10-5,2009,GLOBAL_REMOVAL,1,0.0,Cycle removed by removal_index.csv,,
10-5,2010,GLOBAL_REMOVAL,1,0.0,Cycle removed by removal_index.csv,,
10-5,2011,GLOBAL_REMOVAL,1,0.0,Cycle removed by removal_index.csv,,
10-5,2012,GLOBAL_REMOVAL,1,0.0,Cycle removed by removal_index.csv,,
10-5,2013,GLOBAL_REMOVAL,1,0.0,Cycle removed by removal_index.csv,,
10-5,2014,GLOBAL_REMOVAL,1,0.0,Cycle removed by removal_index.csv,,
10-5,2015,GLOBAL_REMOVAL,1,0.0,Cycle removed by removal_index.csv,,
10-5,2016,GLOBAL_REMOVAL,1,0.0,Cycle removed by removal_index.csv,,
10-5,2017,GLOBAL_REMOVAL,1,0.0,Cycle removed by removal_index.csv,,
10-5,2018,GLOBAL_REMOVAL,1,0.0,Cycle removed by removal_index.csv,,
10-5,2019,GLOBAL_REMOVAL,1,0.0,Cycle removed by removal_index.csv,,
10-5,2020,GLOBAL_REMOVAL,1,0.0,Cycle removed by removal_index.csv,,
10-5,2021,GLOBAL_REMOVAL,1,0.0,Cycle removed by removal_index.csv,,
10-5,2022,GLOBAL_REMOVAL,1,0.0,Cycle removed by removal_index.csv,,
10-5,2023,GLOBAL_REMOVAL,1,0.0,Cycle removed by removal_index.csv,,
10-5,2024,GLOBAL_REMOVAL,1,0.0,Cycle removed by removal_index.csv,,
10-5,2025,GLOBAL_REMOVAL,1,0.0,Cycle removed by removal_index.csv,,
10-5,2026,GLOBAL_REMOVAL,1,0.0,Cycle removed by removal_index.csv,,
10-5,2027,GLOBAL_REMOVAL,1,0.0,Cycle removed by removal_index.csv,,
10-5,2028,GLOBAL_REMOVAL,1,0.0,Cycle removed by removal_index.csv,,
10-5,2029,GLOBAL_REMOVAL,1,0.0,Cycle removed by removal_index.csv,,
10-5,2030,GLOBAL_REMOVAL,1,0.0,Cycle removed by removal_index.csv,,
10-6,1,GLOBAL_REMOVAL,1,0.0,Cycle removed by removal_index.csv,,
10-6,2,GLOBAL_REMOVAL,1,0.0,Cycle removed by removal_index.csv,,
10-6,3,GLOBAL_REMOVAL,1,0.0,Cycle removed by removal_index.csv,,
10-6,4,GLOBAL_REMOVAL,1,0.0,Cycle removed by removal_index.csv,,
10-6,5,GLOBAL_REMOVAL,1,0.0,Cycle removed by removal_index.csv,,
10-6,6,GLOBAL_REMOVAL,1,0.0,Cycle removed by removal_index.csv,,
10-6,7,GLOBAL_REMOVAL,1,0.0,Cycle removed by removal_index.csv,,
10-6,8,GLOBAL_REMOVAL,1,0.0,Cycle removed by removal_index.csv,,
10-6,9,GLOBAL_REMOVAL,1,0.0,Cycle removed by removal_index.csv,,
10-6,10,GLOBAL_REMOVAL,1,0.0,Cycle removed by removal_index.csv,,
10-6,11,GLOBAL_REMOVAL,1,0.0,Cycle removed by removal_index.csv,,
10-6,12,GLOBAL_REMOVAL,1,0.0,Cycle removed by removal_index.csv,,
10-6,13,GLOBAL_REMOVAL,1,0.0,Cycle removed by removal_index.csv,,
10-6,14,GLOBAL_REMOVAL,1,0.0,Cycle removed by removal_index.csv,,
10-6,15,GLOBAL_REMOVAL,1,0.0,Cycle removed by removal_index.csv,,
10-6,16,GLOBAL_REMOVAL,1,0.0,Cycle removed by removal_index.csv,,
10-6,17,GLOBAL_REMOVAL,1,0.0,Cycle removed by removal_index.csv,,
10-6,18,GLOBAL_REMOVAL,1,0.0,Cycle removed by removal_index.csv,,
10-6,19,GLOBAL_REMOVAL,1,0.0,Cycle removed by removal_index.csv,,
10-6,20,GLOBAL_REMOVAL,1,0.0,Cycle removed by removal_index.csv,,
10-6,21,GLOBAL_REMOVAL,1,0.0,Cycle removed by removal_index.csv,,
10-6,22,GLOBAL_REMOVAL,1,0.0,Cycle removed by removal_index.csv,,
10-6,23,GLOBAL_REMOVAL,1,0.0,Cycle removed by removal_index.csv,,
10-6,24,GLOBAL_REMOVAL,1,0.0,Cycle removed by removal_index.csv,,
10-6,25,GLOBAL_REMOVAL,1,0.0,Cycle removed by removal_index.csv,,
10-6,26,GLOBAL_REMOVAL,1,0.0,Cycle removed by removal_index.csv,,
10-6,27,GLOBAL_REMOVAL,1,0.0,Cycle removed by removal_index.csv,,
10-6,28,GLOBAL_REMOVAL,1,0.0,Cycle removed by removal_index.csv,,
10-6,29,GLOBAL_REMOVAL,1,0.0,Cycle removed by removal_index.csv,,
10-6,30,GLOBAL_REMOVAL,1,0.0,Cycle removed by removal_index.csv,,
10-6,31,GLOBAL_REMOVAL,1,0.0,Cycle removed by removal_index.csv,,
10-6,32,GLOBAL_REMOVAL,1,0.0,Cycle removed by removal_index.csv,,
10-6,33,GLOBAL_REMOVAL,1,0.0,Cycle removed by removal_index.csv,,
10-6,34,GLOBAL_REMOVAL,1,0.0,Cycle removed by removal_index.csv,,
10-6,35,GLOBAL_REMOVAL,1,0.0,Cycle removed by removal_index.csv,,
10-6,36,GLOBAL_REMOVAL,1,0.0,Cycle removed by removal_index.csv,,
10-6,37,GLOBAL_REMOVAL,1,0.0,Cycle removed by removal_index.csv,,
10-6,38,GLOBAL_REMOVAL,1,0.0,Cycle removed by removal_index.csv,,
10-6,39,GLOBAL_REMOVAL,1,0.0,Cycle removed by removal_index.csv,,
10-6,40,GLOBAL_REMOVAL,1,0.0,Cycle removed by removal_index.csv,,
10-6,41,GLOBAL_REMOVAL,1,0.0,Cycle removed by removal_index.csv,,
10-6,42,GLOBAL_REMOVAL,1,0.0,Cycle removed by removal_index.csv,,
10-6,43,GLOBAL_REMOVAL,1,0.0,Cycle removed by removal_index.csv,,
10-6,44,GLOBAL_REMOVAL,1,0.0,Cycle removed by removal_index.csv,,
10-6,45,GLOBAL_REMOVAL,1,0.0,Cycle removed by removal_index.csv,,
10-6,46,GLOBAL_REMOVAL,1,0.0,Cycle removed by removal_index.csv,,
10-6,47,GLOBAL_REMOVAL,1,0.0,Cycle removed by removal_index.csv,,
10-6,48,GLOBAL_REMOVAL,1,0.0,Cycle removed by removal_index.csv,,
10-6,49,GLOBAL_REMOVAL,1,0.0,Cycle removed by removal_index.csv,,
10-6,50,GLOBAL_REMOVAL,1,0.0,Cycle removed by removal_index.csv,,
10-6,51,GLOBAL_REMOVAL,1,0.0,Cycle removed by removal_index.csv,,
10-6,52,GLOBAL_REMOVAL,1,0.0,Cycle removed by removal_index.csv,,
10-6,53,GLOBAL_REMOVAL,1,0.0,Cycle removed by removal_index.csv,,
10-6,54,GLOBAL_REMOVAL,1,0.0,Cycle removed by removal_index.csv,,
10-6,55,GLOBAL_REMOVAL,1,0.0,Cycle removed by removal_index.csv,,
10-6,56,GLOBAL_REMOVAL,1,0.0,Cycle removed by removal_index.csv,,
10-6,57,GLOBAL_REMOVAL,1,0.0,Cycle removed by removal_index.csv,,
10-6,58,GLOBAL_REMOVAL,1,0.0,Cycle removed by removal_index.csv,,
10-6,59,GLOBAL_REMOVAL,1,0.0,Cycle removed by removal_index.csv,,
10-6,60,GLOBAL_REMOVAL,1,0.0,Cycle removed by removal_index.csv,,
10-6,61,GLOBAL_REMOVAL,1,0.0,Cycle removed by removal_index.csv,,
10-6,62,GLOBAL_REMOVAL,1,0.0,Cycle removed by removal_index.csv,,
10-6,63,GLOBAL_REMOVAL,1,0.0,Cycle removed by removal_index.csv,,
10-6,64,GLOBAL_REMOVAL,1,0.0,Cycle removed by removal_index.csv,,
10-6,65,GLOBAL_REMOVAL,1,0.0,Cycle removed by removal_index.csv,,
10-6,66,GLOBAL_REMOVAL,1,0.0,Cycle removed by removal_index.csv,,
10-6,67,GLOBAL_REMOVAL,1,0.0,Cycle removed by removal_index.csv,,
10-6,68,GLOBAL_REMOVAL,1,0.0,Cycle removed by removal_index.csv,,
10-6,69,GLOBAL_REMOVAL,1,0.0,Cycle removed by removal_index.csv,,
10-6,70,GLOBAL_REMOVAL,1,0.0,Cycle removed by removal_index.csv,,
10-6,71,GLOBAL_REMOVAL,1,0.0,Cycle removed by removal_index.csv,,
10-6,72,GLOBAL_REMOVAL,1,0.0,Cycle removed by removal_index.csv,,
10-6,73,GLOBAL_REMOVAL,1,0.0,Cycle removed by removal_index.csv,,
10-6,74,GLOBAL_REMOVAL,1,0.0,Cycle removed by removal_index.csv,,
10-6,75,GLOBAL_REMOVAL,1,0.0,Cycle removed by removal_index.csv,,
10-6,76,GLOBAL_REMOVAL,1,0.0,Cycle removed by removal_index.csv,,
10-6,77,GLOBAL_REMOVAL,1,0.0,Cycle removed by removal_index.csv,,
10-6,78,GLOBAL_REMOVAL,1,0.0,Cycle removed by removal_index.csv,,
10-6,79,GLOBAL_REMOVAL,1,0.0,Cycle removed by removal_index.csv,,
10-6,80,GLOBAL_REMOVAL,1,0.0,Cycle removed by removal_index.csv,,
10-6,81,GLOBAL_REMOVAL,1,0.0,Cycle removed by removal_index.csv,,
10-6,82,GLOBAL_REMOVAL,1,0.0,Cycle removed by removal_index.csv,,
10-6,83,GLOBAL_REMOVAL,1,0.0,Cycle removed by removal_index.csv,,
10-6,84,GLOBAL_REMOVAL,1,0.0,Cycle removed by removal_index.csv,,
10-6,85,GLOBAL_REMOVAL,1,0.0,Cycle removed by removal_index.csv,,
10-6,86,GLOBAL_REMOVAL,1,0.0,Cycle removed by removal_index.csv,,
10-6,87,GLOBAL_REMOVAL,1,0.0,Cycle removed by removal_index.csv,,
10-6,88,GLOBAL_REMOVAL,1,0.0,Cycle removed by removal_index.csv,,
10-6,89,GLOBAL_REMOVAL,1,0.0,Cycle removed by removal_index.csv,,
10-6,90,GLOBAL_REMOVAL,1,0.0,Cycle removed by removal_index.csv,,
10-6,91,GLOBAL_REMOVAL,1,0.0,Cycle removed by removal_index.csv,,
10-6,92,GLOBAL_REMOVAL,1,0.0,Cycle removed by removal_index.csv,,
10-6,93,GLOBAL_REMOVAL,1,0.0,Cycle removed by removal_index.csv,,
10-6,94,GLOBAL_REMOVAL,1,0.0,Cycle removed by removal_index.csv,,
10-6,95,GLOBAL_REMOVAL,1,0.0,Cycle removed by removal_index.csv,,
10-6,96,GLOBAL_REMOVAL,1,0.0,Cycle removed by removal_index.csv,,
10-6,97,GLOBAL_REMOVAL,1,0.0,Cycle removed by removal_index.csv,,
10-6,98,GLOBAL_REMOVAL,1,0.0,Cycle removed by removal_index.csv,,
10-6,99,GLOBAL_REMOVAL,1,0.0,Cycle removed by removal_index.csv,,
10-6,100,GLOBAL_REMOVAL,1,0.0,Cycle removed by removal_index.csv,,
10-6,101,GLOBAL_REMOVAL,1,0.0,Cycle removed by removal_index.csv,,
10-6,102,GLOBAL_REMOVAL,1,0.0,Cycle removed by removal_index.csv,,
10-6,103,GLOBAL_REMOVAL,1,0.0,Cycle removed by removal_index.csv,,
10-6,104,GLOBAL_REMOVAL,1,0.0,Cycle removed by removal_index.csv,,
10-6,105,GLOBAL_REMOVAL,1,0.0,Cycle removed by removal_index.csv,,
10-6,106,GLOBAL_REMOVAL,1,0.0,Cycle removed by removal_index.csv,,
10-6,107,GLOBAL_REMOVAL,1,0.0,Cycle removed by removal_index.csv,,
10-6,108,GLOBAL_REMOVAL,1,0.0,Cycle removed by removal_index.csv,,
10-6,109,GLOBAL_REMOVAL,1,0.0,Cycle removed by removal_index.csv,,
10-6,110,GLOBAL_REMOVAL,1,0.0,Cycle removed by removal_index.csv,,
10-6,111,GLOBAL_REMOVAL,1,0.0,Cycle removed by removal_index.csv,,
10-6,112,GLOBAL_REMOVAL,1,0.0,Cycle removed by removal_index.csv,,
10-6,113,GLOBAL_REMOVAL,1,0.0,Cycle removed by removal_index.csv,,
10-6,114,GLOBAL_REMOVAL,1,0.0,Cycle removed by removal_index.csv,,
10-6,115,GLOBAL_REMOVAL,1,0.0,Cycle removed by removal_index.csv,,
10-6,116,GLOBAL_REMOVAL,1,0.0,Cycle removed by removal_index.csv,,
10-6,117,GLOBAL_REMOVAL,1,0.0,Cycle removed by removal_index.csv,,
10-6,118,GLOBAL_REMOVAL,1,0.0,Cycle removed by removal_index.csv,,
10-6,119,GLOBAL_REMOVAL,1,0.0,Cycle removed by removal_index.csv,,
10-6,120,GLOBAL_REMOVAL,1,0.0,Cycle removed by removal_index.csv,,
10-6,121,GLOBAL_REMOVAL,1,0.0,Cycle removed by removal_index.csv,,
10-6,122,GLOBAL_REMOVAL,1,0.0,Cycle removed by removal_index.csv,,
10-6,123,GLOBAL_REMOVAL,1,0.0,Cycle removed by removal_index.csv,,
10-6,124,GLOBAL_REMOVAL,1,0.0,Cycle removed by removal_index.csv,,
10-6,125,GLOBAL_REMOVAL,1,0.0,Cycle removed by removal_index.csv,,
10-6,126,GLOBAL_REMOVAL,1,0.0,Cycle removed by removal_index.csv,,
10-6,127,GLOBAL_REMOVAL,1,0.0,Cycle removed by removal_index.csv,,
10-6,128,GLOBAL_REMOVAL,1,0.0,Cycle removed by removal_index.csv,,
10-6,129,GLOBAL_REMOVAL,1,0.0,Cycle removed by removal_index.csv,,
10-6,130,GLOBAL_REMOVAL,1,0.0,Cycle removed by removal_index.csv,,
10-6,131,GLOBAL_REMOVAL,1,0.0,Cycle removed by removal_index.csv,,
10-6,132,GLOBAL_REMOVAL,1,0.0,Cycle removed by removal_index.csv,,
10-6,133,GLOBAL_REMOVAL,1,0.0,Cycle removed by removal_index.csv,,
10-6,134,GLOBAL_REMOVAL,1,0.0,Cycle removed by removal_index.csv,,
10-6,135,GLOBAL_REMOVAL,1,0.0,Cycle removed by removal_index.csv,,
10-6,136,GLOBAL_REMOVAL,1,0.0,Cycle removed by removal_index.csv,,
10-6,137,GLOBAL_REMOVAL,1,0.0,Cycle removed by removal_index.csv,,
10-6,138,GLOBAL_REMOVAL,1,0.0,Cycle removed by removal_index.csv,,
10-6,139,GLOBAL_REMOVAL,1,0.0,Cycle removed by removal_index.csv,,
10-6,140,GLOBAL_REMOVAL,1,0.0,Cycle removed by removal_index.csv,,
10-6,141,GLOBAL_REMOVAL,1,0.0,Cycle removed by removal_index.csv,,
10-7,1,GLOBAL_REMOVAL,1,0.0,Cycle removed by removal_index.csv,,
10-7,2,GLOBAL_REMOVAL,1,0.0,Cycle removed by removal_index.csv,,
10-7,3,GLOBAL_REMOVAL,1,0.0,Cycle removed by removal_index.csv,,
10-7,14,GLOBAL_REMOVAL,1,0.0,Cycle removed by removal_index.csv,,
10-7,15,GLOBAL_REMOVAL,1,0.0,Cycle removed by removal_index.csv,,
10-7,31,GLOBAL_REMOVAL,1,0.0,Cycle removed by removal_index.csv,,
10-7,34,GLOBAL_REMOVAL,1,0.0,Cycle removed by removal_index.csv,,
10-7,38,GLOBAL_REMOVAL,1,0.0,Cycle removed by removal_index.csv,,
10-7,40,GLOBAL_REMOVAL,1,0.0,Cycle removed by removal_index.csv,,
10-7,42,GLOBAL_REMOVAL,1,0.0,Cycle removed by removal_index.csv,,
10-7,43,GLOBAL_REMOVAL,1,0.0,Cycle removed by removal_index.csv,,
10-7,44,GLOBAL_REMOVAL,1,0.0,Cycle removed by removal_index.csv,,
10-7,47,GLOBAL_REMOVAL,1,0.0,Cycle removed by removal_index.csv,,
10-7,48,GLOBAL_REMOVAL,1,0.0,Cycle removed by removal_index.csv,,
10-7,49,GLOBAL_REMOVAL,1,0.0,Cycle removed by removal_index.csv,,
10-7,58,GLOBAL_REMOVAL,1,0.0,Cycle removed by removal_index.csv,,
10-7,59,GLOBAL_REMOVAL,1,0.0,Cycle removed by removal_index.csv,,
10-7,60,GLOBAL_REMOVAL,1,0.0,Cycle removed by removal_index.csv,,
10-7,61,GLOBAL_REMOVAL,1,0.0,Cycle removed by removal_index.csv,,
10-7,62,GLOBAL_REMOVAL,1,0.0,Cycle removed by removal_index.csv,,
10-7,64,GLOBAL_REMOVAL,1,0.0,Cycle removed by removal_index.csv,,
10-7,66,GLOBAL_REMOVAL,1,0.0,Cycle removed by removal_index.csv,,
10-7,67,GLOBAL_REMOVAL,1,0.0,Cycle removed by removal_index.csv,,
10-7,68,GLOBAL_REMOVAL,1,0.0,Cycle removed by removal_index.csv,,
10-7,69,GLOBAL_REMOVAL,1,0.0,Cycle removed by removal_index.csv,,
10-7,70,GLOBAL_REMOVAL,1,0.0,Cycle removed by removal_index.csv,,
10-7,71,GLOBAL_REMOVAL,1,0.0,Cycle removed by removal_index.csv,,
10-7,72,GLOBAL_REMOVAL,1,0.0,Cycle removed by removal_index.csv,,
10-7,74,GLOBAL_REMOVAL,1,0.0,Cycle removed by removal_index.csv,,
10-7,76,GLOBAL_REMOVAL,1,0.0,Cycle removed by removal_index.csv,,
10-7,77,GLOBAL_REMOVAL,1,0.0,Cycle removed by removal_index.csv,,
10-7,78,GLOBAL_REMOVAL,1,0.0,Cycle removed by removal_index.csv,,
10-7,79,GLOBAL_REMOVAL,1,0.0,Cycle removed by removal_index.csv,,
10-7,80,GLOBAL_REMOVAL,1,0.0,Cycle removed by removal_index.csv,,
10-7,81,GLOBAL_REMOVAL,1,0.0,Cycle removed by removal_index.csv,,
10-7,83,GLOBAL_REMOVAL,1,0.0,Cycle removed by removal_index.csv,,
10-7,85,GLOBAL_REMOVAL,1,0.0,Cycle removed by removal_index.csv,,
10-7,93,GLOBAL_REMOVAL,1,0.0,Cycle removed by removal_index.csv,,
10-7,94,GLOBAL_REMOVAL,1,0.0,Cycle removed by removal_index.csv,,
10-7,95,GLOBAL_REMOVAL,1,0.0,Cycle removed by removal_index.csv,,
10-7,96,GLOBAL_REMOVAL,1,0.0,Cycle removed by removal_index.csv,,
10-7,97,GLOBAL_REMOVAL,1,0.0,Cycle removed by removal_index.csv,,
10-7,103,GLOBAL_REMOVAL,1,0.0,Cycle removed by removal_index.csv,,
10-7,105,GLOBAL_REMOVAL,1,0.0,Cycle removed by removal_index.csv,,
10-7,107,GLOBAL_REMOVAL,1,0.0,Cycle removed by removal_index.csv,,
10-7,108,GLOBAL_REMOVAL,1,0.0,Cycle removed by removal_index.csv,,
10-7,124,GLOBAL_REMOVAL,1,0.0,Cycle removed by removal_index.csv,,
10-7,126,GLOBAL_REMOVAL,1,0.0,Cycle removed by removal_index.csv,,
10-7,127,GLOBAL_REMOVAL,1,0.0,Cycle removed by removal_index.csv,,
10-7,129,GLOBAL_REMOVAL,1,0.0,Cycle removed by removal_index.csv,,
10-7,130,GLOBAL_REMOVAL,1,0.0,Cycle removed by removal_index.csv,,
10-7,131,GLOBAL_REMOVAL,1,0.0,Cycle removed by removal_index.csv,,
10-7,132,GLOBAL_REMOVAL,1,0.0,Cycle removed by removal_index.csv,,
10-7,133,GLOBAL_REMOVAL,1,0.0,Cycle removed by removal_index.csv,,
10-7,134,GLOBAL_REMOVAL,1,0.0,Cycle removed by removal_index.csv,,
10-7,146,GLOBAL_REMOVAL,1,0.0,Cycle removed by removal_index.csv,,
10-7,150,GLOBAL_REMOVAL,1,0.0,Cycle removed by removal_index.csv,,
10-7,160,GLOBAL_REMOVAL,1,0.0,Cycle removed by removal_index.csv,,
10-7,169,GLOBAL_REMOVAL,1,0.0,Cycle removed by removal_index.csv,,
10-7,172,GLOBAL_REMOVAL,1,0.0,Cycle removed by removal_index.csv,,
10-7,176,GLOBAL_REMOVAL,1,0.0,Cycle removed by removal_index.csv,,
10-7,177,GLOBAL_REMOVAL,1,0.0,Cycle removed by removal_index.csv,,
10-7,196,GLOBAL_REMOVAL,1,0.0,Cycle removed by removal_index.csv,,
10-7,207,GLOBAL_REMOVAL,1,0.0,Cycle removed by removal_index.csv,,
10-7,223,GLOBAL_REMOVAL,1,0.0,Cycle removed by removal_index.csv,,
10-8,5,GLOBAL_REMOVAL,1,0.0,Cycle removed by removal_index.csv,,
10-8,6,GLOBAL_REMOVAL,1,0.0,Cycle removed by removal_index.csv,,
10-8,7,GLOBAL_REMOVAL,1,0.0,Cycle removed by removal_index.csv,,
10-8,8,GLOBAL_REMOVAL,1,0.0,Cycle removed by removal_index.csv,,
10-8,9,GLOBAL_REMOVAL,1,0.0,Cycle removed by removal_index.csv,,
10-8,10,GLOBAL_REMOVAL,1,0.0,Cycle removed by removal_index.csv,,
10-8,11,GLOBAL_REMOVAL,1,0.0,Cycle removed by removal_index.csv,,
10-8,12,GLOBAL_REMOVAL,1,0.0,Cycle removed by removal_index.csv,,
10-8,13,GLOBAL_REMOVAL,1,0.0,Cycle removed by removal_index.csv,,
10-8,14,GLOBAL_REMOVAL,1,0.0,Cycle removed by removal_index.csv,,
10-8,15,GLOBAL_REMOVAL,1,0.0,Cycle removed by removal_index.csv,,
10-8,16,GLOBAL_REMOVAL,1,0.0,Cycle removed by removal_index.csv,,
10-8,17,GLOBAL_REMOVAL,1,0.0,Cycle removed by removal_index.csv,,
10-8,18,GLOBAL_REMOVAL,1,0.0,Cycle removed by removal_index.csv,,
10-8,19,GLOBAL_REMOVAL,1,0.0,Cycle removed by removal_index.csv,,
10-8,20,GLOBAL_REMOVAL,1,0.0,Cycle removed by removal_index.csv,,
10-8,21,GLOBAL_REMOVAL,1,0.0,Cycle removed by removal_index.csv,,
10-8,22,GLOBAL_REMOVAL,1,0.0,Cycle removed by removal_index.csv,,
10-8,23,GLOBAL_REMOVAL,1,0.0,Cycle removed by removal_index.csv,,
10-8,24,GLOBAL_REMOVAL,1,0.0,Cycle removed by removal_index.csv,,
10-8,25,GLOBAL_REMOVAL,1,0.0,Cycle removed by removal_index.csv,,
10-8,26,GLOBAL_REMOVAL,1,0.0,Cycle removed by removal_index.csv,,
10-8,27,GLOBAL_REMOVAL,1,0.0,Cycle removed by removal_index.csv,,
10-8,28,GLOBAL_REMOVAL,1,0.0,Cycle removed by removal_index.csv,,
10-8,29,GLOBAL_REMOVAL,1,0.0,Cycle removed by removal_index.csv,,
10-8,30,GLOBAL_REMOVAL,1,0.0,Cycle removed by removal_index.csv,,
10-8,31,GLOBAL_REMOVAL,1,0.0,Cycle removed by removal_index.csv,,
10-8,32,GLOBAL_REMOVAL,1,0.0,Cycle removed by removal_index.csv,,
10-8,33,GLOBAL_REMOVAL,1,0.0,Cycle removed by removal_index.csv,,
10-8,34,GLOBAL_REMOVAL,1,0.0,Cycle removed by removal_index.csv,,
10-8,35,GLOBAL_REMOVAL,1,0.0,Cycle removed by removal_index.csv,,
10-8,36,GLOBAL_REMOVAL,1,0.0,Cycle removed by removal_index.csv,,
10-8,37,GLOBAL_REMOVAL,1,0.0,Cycle removed by removal_index.csv,,
10-8,38,GLOBAL_REMOVAL,1,0.0,Cycle removed by removal_index.csv,,
10-8,39,GLOBAL_REMOVAL,1,0.0,Cycle removed by removal_index.csv,,
10-8,40,GLOBAL_REMOVAL,1,0.0,Cycle removed by removal_index.csv,,
10-8,41,GLOBAL_REMOVAL,1,0.0,Cycle removed by removal_index.csv,,
10-8,42,GLOBAL_REMOVAL,1,0.0,Cycle removed by removal_index.csv,,
10-8,43,GLOBAL_REMOVAL,1,0.0,Cycle removed by removal_index.csv,,
10-8,44,GLOBAL_REMOVAL,1,0.0,Cycle removed by removal_index.csv,,
10-8,45,GLOBAL_REMOVAL,1,0.0,Cycle removed by removal_index.csv,,
10-8,46,GLOBAL_REMOVAL,1,0.0,Cycle removed by removal_index.csv,,
10-8,47,GLOBAL_REMOVAL,1,0.0,Cycle removed by removal_index.csv,,
10-8,48,GLOBAL_REMOVAL,1,0.0,Cycle removed by removal_index.csv,,
10-8,49,GLOBAL_REMOVAL,1,0.0,Cycle removed by removal_index.csv,,
10-8,50,GLOBAL_REMOVAL,1,0.0,Cycle removed by removal_index.csv,,
10-8,51,GLOBAL_REMOVAL,1,0.0,Cycle removed by removal_index.csv,,
10-8,52,GLOBAL_REMOVAL,1,0.0,Cycle removed by removal_index.csv,,
10-8,53,GLOBAL_REMOVAL,1,0.0,Cycle removed by removal_index.csv,,
10-8,54,GLOBAL_REMOVAL,1,0.0,Cycle removed by removal_index.csv,,
10-8,55,GLOBAL_REMOVAL,1,0.0,Cycle removed by removal_index.csv,,
10-8,56,GLOBAL_REMOVAL,1,0.0,Cycle removed by removal_index.csv,,
10-8,57,GLOBAL_REMOVAL,1,0.0,Cycle removed by removal_index.csv,,
10-8,58,GLOBAL_REMOVAL,1,0.0,Cycle removed by removal_index.csv,,
10-8,59,GLOBAL_REMOVAL,1,0.0,Cycle removed by removal_index.csv,,
10-8,60,GLOBAL_REMOVAL,1,0.0,Cycle removed by removal_index.csv,,
10-8,61,GLOBAL_REMOVAL,1,0.0,Cycle removed by removal_index.csv,,
10-8,62,GLOBAL_REMOVAL,1,0.0,Cycle removed by removal_index.csv,,
10-8,63,GLOBAL_REMOVAL,1,0.0,Cycle removed by removal_index.csv,,
10-8,64,GLOBAL_REMOVAL,1,0.0,Cycle removed by removal_index.csv,,
10-8,65,GLOBAL_REMOVAL,1,0.0,Cycle removed by removal_index.csv,,
10-8,66,GLOBAL_REMOVAL,1,0.0,Cycle removed by removal_index.csv,,
10-8,67,GLOBAL_REMOVAL,1,0.0,Cycle removed by removal_index.csv,,
10-8,68,GLOBAL_REMOVAL,1,0.0,Cycle removed by removal_index.csv,,
10-8,69,GLOBAL_REMOVAL,1,0.0,Cycle removed by removal_index.csv,,
10-8,70,GLOBAL_REMOVAL,1,0.0,Cycle removed by removal_index.csv,,
10-8,71,GLOBAL_REMOVAL,1,0.0,Cycle removed by removal_index.csv,,
10-8,72,GLOBAL_REMOVAL,1,0.0,Cycle removed by removal_index.csv,,
10-8,73,GLOBAL_REMOVAL,1,0.0,Cycle removed by removal_index.csv,,
10-8,74,GLOBAL_REMOVAL,1,0.0,Cycle removed by removal_index.csv,,
10-8,75,GLOBAL_REMOVAL,1,0.0,Cycle removed by removal_index.csv,,
10-8,76,GLOBAL_REMOVAL,1,0.0,Cycle removed by removal_index.csv,,
10-8,77,GLOBAL_REMOVAL,1,0.0,Cycle removed by removal_index.csv,,
10-8,78,GLOBAL_REMOVAL,1,0.0,Cycle removed by removal_index.csv,,
10-8,79,GLOBAL_REMOVAL,1,0.0,Cycle removed by removal_index.csv,,
10-8,80,GLOBAL_REMOVAL,1,0.0,Cycle removed by removal_index.csv,,
10-8,81,GLOBAL_REMOVAL,1,0.0,Cycle removed by removal_index.csv,,
10-8,82,GLOBAL_REMOVAL,1,0.0,Cycle removed by removal_index.csv,,
10-8,83,GLOBAL_REMOVAL,1,0.0,Cycle removed by removal_index.csv,,
10-8,84,GLOBAL_REMOVAL,1,0.0,Cycle removed by removal_index.csv,,
10-8,85,GLOBAL_REMOVAL,1,0.0,Cycle removed by removal_index.csv,,
10-8,86,GLOBAL_REMOVAL,1,0.0,Cycle removed by removal_index.csv,,
10-8,87,GLOBAL_REMOVAL,1,0.0,Cycle removed by removal_index.csv,,
10-8,88,GLOBAL_REMOVAL,1,0.0,Cycle removed by removal_index.csv,,
10-8,89,GLOBAL_REMOVAL,1,0.0,Cycle removed by removal_index.csv,,
10-8,90,GLOBAL_REMOVAL,1,0.0,Cycle removed by removal_index.csv,,
10-8,91,GLOBAL_REMOVAL,1,0.0,Cycle removed by removal_index.csv,,
10-8,92,GLOBAL_REMOVAL,1,0.0,Cycle removed by removal_index.csv,,
10-8,93,GLOBAL_REMOVAL,1,0.0,Cycle removed by removal_index.csv,,
10-8,94,GLOBAL_REMOVAL,1,0.0,Cycle removed by removal_index.csv,,
10-8,96,GLOBAL_REMOVAL,1,0.0,Cycle removed by removal_index.csv,,
10-8,97,GLOBAL_REMOVAL,1,0.0,Cycle removed by removal_index.csv,,
10-8,98,GLOBAL_REMOVAL,1,0.0,Cycle removed by removal_index.csv,,
10-8,99,GLOBAL_REMOVAL,1,0.0,Cycle removed by removal_index.csv,,
10-8,101,GLOBAL_REMOVAL,1,0.0,Cycle removed by removal_index.csv,,
10-8,105,GLOBAL_REMOVAL,1,0.0,Cycle removed by removal_index.csv,,
10-8,111,GLOBAL_REMOVAL,1,0.0,Cycle removed by removal_index.csv,,
10-8,112,GLOBAL_REMOVAL,1,0.0,Cycle removed by removal_index.csv,,
10-8,113,GLOBAL_REMOVAL,1,0.0,Cycle removed by removal_index.csv,,
10-8,114,GLOBAL_REMOVAL,1,0.0,Cycle removed by removal_index.csv,,
10-8,115,GLOBAL_REMOVAL,1,0.0,Cycle removed by removal_index.csv,,
10-8,116,GLOBAL_REMOVAL,1,0.0,Cycle removed by removal_index.csv,,
10-8,120,GLOBAL_REMOVAL,1,0.0,Cycle removed by removal_index.csv,,
10-8,121,GLOBAL_REMOVAL,1,0.0,Cycle removed by removal_index.csv,,
10-8,122,GLOBAL_REMOVAL,1,0.0,Cycle removed by removal_index.csv,,
10-8,123,GLOBAL_REMOVAL,1,0.0,Cycle removed by removal_index.csv,,
10-8,124,GLOBAL_REMOVAL,1,0.0,Cycle removed by removal_index.csv,,
10-8,125,GLOBAL_REMOVAL,1,0.0,Cycle removed by removal_index.csv,,
10-8,126,GLOBAL_REMOVAL,1,0.0,Cycle removed by removal_index.csv,,
10-8,127,GLOBAL_REMOVAL,1,0.0,Cycle removed by removal_index.csv,,
10-8,128,GLOBAL_REMOVAL,1,0.0,Cycle removed by removal_index.csv,,
10-8,131,GLOBAL_REMOVAL,1,0.0,Cycle removed by removal_index.csv,,
10-8,132,GLOBAL_REMOVAL,1,0.0,Cycle removed by removal_index.csv,,
10-8,136,GLOBAL_REMOVAL,1,0.0,Cycle removed by removal_index.csv,,
10-8,137,GLOBAL_REMOVAL,1,0.0,Cycle removed by removal_index.csv,,
10-8,138,GLOBAL_REMOVAL,1,0.0,Cycle removed by removal_index.csv,,
10-8,142,GLOBAL_REMOVAL,1,0.0,Cycle removed by removal_index.csv,,
10-8,143,GLOBAL_REMOVAL,1,0.0,Cycle removed by removal_index.csv,,
10-8,144,GLOBAL_REMOVAL,1,0.0,Cycle removed by removal_index.csv,,
10-8,147,GLOBAL_REMOVAL,1,0.0,Cycle removed by removal_index.csv,,
10-8,150,GLOBAL_REMOVAL,1,0.0,Cycle removed by removal_index.csv,,
10-8,151,GLOBAL_REMOVAL,1,0.0,Cycle removed by removal_index.csv,,
10-8,153,GLOBAL_REMOVAL,1,0.0,Cycle removed by removal_index.csv,,
10-8,155,GLOBAL_REMOVAL,1,0.0,Cycle removed by removal_index.csv,,
10-8,156,GLOBAL_REMOVAL,1,0.0,Cycle removed by removal_index.csv,,
10-8,157,GLOBAL_REMOVAL,1,0.0,Cycle removed by removal_index.csv,,
10-8,159,GLOBAL_REMOVAL,1,0.0,Cycle removed by removal_index.csv,,
10-8,160,GLOBAL_REMOVAL,1,0.0,Cycle removed by removal_index.csv,,
10-8,163,GLOBAL_REMOVAL,1,0.0,Cycle removed by removal_index.csv,,
10-8,164,GLOBAL_REMOVAL,1,0.0,Cycle removed by removal_index.csv,,
10-8,165,GLOBAL_REMOVAL,1,0.0,Cycle removed by removal_index.csv,,
10-8,168,GLOBAL_REMOVAL,1,0.0,Cycle removed by removal_index.csv,,
10-8,170,GLOBAL_REMOVAL,1,0.0,Cycle removed by removal_index.csv,,
10-8,171,GLOBAL_REMOVAL,1,0.0,Cycle removed by removal_index.csv,,
10-8,172,GLOBAL_REMOVAL,1,0.0,Cycle removed by removal_index.csv,,
10-8,173,GLOBAL_REMOVAL,1,0.0,Cycle removed by removal_index.csv,,
10-8,174,GLOBAL_REMOVAL,1,0.0,Cycle removed by removal_index.csv,,
10-8,176,GLOBAL_REMOVAL,1,0.0,Cycle removed by removal_index.csv,,
10-8,178,GLOBAL_REMOVAL,1,0.0,Cycle removed by removal_index.csv,,
10-8,185,GLOBAL_REMOVAL,1,0.0,Cycle removed by removal_index.csv,,
10-8,190,GLOBAL_REMOVAL,1,0.0,Cycle removed by removal_index.csv,,
10-8,192,GLOBAL_REMOVAL,1,0.0,Cycle removed by removal_index.csv,,
10-8,193,GLOBAL_REMOVAL,1,0.0,Cycle removed by removal_index.csv,,
10-8,195,GLOBAL_REMOVAL,1,0.0,Cycle removed by removal_index.csv,,
10-8,196,GLOBAL_REMOVAL,1,0.0,Cycle removed by removal_index.csv,,
10-8,199,GLOBAL_REMOVAL,1,0.0,Cycle removed by removal_index.csv,,
10-8,200,GLOBAL_REMOVAL,1,0.0,Cycle removed by removal_index.csv,,
10-8,201,GLOBAL_REMOVAL,1,0.0,Cycle removed by removal_index.csv,,
10-8,203,GLOBAL_REMOVAL,1,0.0,Cycle removed by removal_index.csv,,
10-8,204,GLOBAL_REMOVAL,1,0.0,Cycle removed by removal_index.csv,,
10-8,205,GLOBAL_REMOVAL,1,0.0,Cycle removed by removal_index.csv,,
10-8,206,GLOBAL_REMOVAL,1,0.0,Cycle removed by removal_index.csv,,
10-8,208,GLOBAL_REMOVAL,1,0.0,Cycle removed by removal_index.csv,,
10-8,210,GLOBAL_REMOVAL,1,0.0,Cycle removed by removal_index.csv,,
10-8,211,GLOBAL_REMOVAL,1,0.0,Cycle removed by removal_index.csv,,
10-8,216,GLOBAL_REMOVAL,1,0.0,Cycle removed by removal_index.csv,,
10-8,218,GLOBAL_REMOVAL,1,0.0,Cycle removed by removal_index.csv,,
10-8,221,GLOBAL_REMOVAL,1,0.0,Cycle removed by removal_index.csv,,
10-8,223,GLOBAL_REMOVAL,1,0.0,Cycle removed by removal_index.csv,,
10-8,231,GLOBAL_REMOVAL,1,0.0,Cycle removed by removal_index.csv,,
10-8,233,GLOBAL_REMOVAL,1,0.0,Cycle removed by removal_index.csv,,
10-8,236,GLOBAL_REMOVAL,1,0.0,Cycle removed by removal_index.csv,,
10-8,238,GLOBAL_REMOVAL,1,0.0,Cycle removed by removal_index.csv,,
10-8,239,GLOBAL_REMOVAL,1,0.0,Cycle removed by removal_index.csv,,
10-8,241,GLOBAL_REMOVAL,1,0.0,Cycle removed by removal_index.csv,,
10-8,244,GLOBAL_REMOVAL,1,0.0,Cycle removed by removal_index.csv,,
10-8,245,GLOBAL_REMOVAL,1,0.0,Cycle removed by removal_index.csv,,
10-8,251,GLOBAL_REMOVAL,1,0.0,Cycle removed by removal_index.csv,,
10-8,252,GLOBAL_REMOVAL,1,0.0,Cycle removed by removal_index.csv,,
10-8,261,GLOBAL_REMOVAL,1,0.0,Cycle removed by removal_index.csv,,
10-8,266,GLOBAL_REMOVAL,1,0.0,Cycle removed by removal_index.csv,,
10-8,271,GLOBAL_REMOVAL,1,0.0,Cycle removed by removal_index.csv,,
10-8,273,GLOBAL_REMOVAL,1,0.0,Cycle removed by removal_index.csv,,
10-8,324,GLOBAL_REMOVAL,1,0.0,Cycle removed by removal_index.csv,,
10-8,354,GLOBAL_REMOVAL,1,0.0,Cycle removed by removal_index.csv,,
10-8,356,GLOBAL_REMOVAL,1,0.0,Cycle removed by removal_index.csv,,
10-8,403,GLOBAL_REMOVAL,1,0.0,Cycle removed by removal_index.csv,,
10-8,1370,GLOBAL_REMOVAL,1,0.0,Cycle removed by removal_index.csv,,
10-8,1373,GLOBAL_REMOVAL,1,0.0,Cycle removed by removal_index.csv,,
10-8,1374,GLOBAL_REMOVAL,1,0.0,Cycle removed by removal_index.csv,,
10-8,1375,GLOBAL_REMOVAL,1,0.0,Cycle removed by removal_index.csv,,
10-8,1376,GLOBAL_REMOVAL,1,0.0,Cycle removed by removal_index.csv,,
10-8,1377,GLOBAL_REMOVAL,1,0.0,Cycle removed by removal_index.csv,,
10-8,1378,GLOBAL_REMOVAL,1,0.0,Cycle removed by removal_index.csv,,
10-8,1379,GLOBAL_REMOVAL,1,0.0,Cycle removed by removal_index.csv,,
10-8,1380,GLOBAL_REMOVAL,1,0.0,Cycle removed by removal_index.csv,,
10-8,1381,GLOBAL_REMOVAL,1,0.0,Cycle removed by removal_index.csv,,
10-8,1382,GLOBAL_REMOVAL,1,0.0,Cycle removed by removal_index.csv,,
10-8,1383,GLOBAL_REMOVAL,1,0.0,Cycle removed by removal_index.csv,,
10-8,1384,GLOBAL_REMOVAL,1,0.0,Cycle removed by removal_index.csv,,
10-8,1385,GLOBAL_REMOVAL,1,0.0,Cycle removed by removal_index.csv,,
10-8,1386,GLOBAL_REMOVAL,1,0.0,Cycle removed by removal_index.csv,,
10-8,1387,GLOBAL_REMOVAL,1,0.0,Cycle removed by removal_index.csv,,
10-8,1388,GLOBAL_REMOVAL,1,0.0,Cycle removed by removal_index.csv,,
10-8,1389,GLOBAL_REMOVAL,1,0.0,Cycle removed by removal_index.csv,,
10-8,1390,GLOBAL_REMOVAL,1,0.0,Cycle removed by removal_index.csv,,
10-8,1391,GLOBAL_REMOVAL,1,0.0,Cycle removed by removal_index.csv,,
10-8,1392,GLOBAL_REMOVAL,1,0.0,Cycle removed by removal_index.csv,,
10-8,1393,GLOBAL_REMOVAL,1,0.0,Cycle removed by removal_index.csv,,
10-8,1394,GLOBAL_REMOVAL,1,0.0,Cycle removed by removal_index.csv,,
10-8,1395,GLOBAL_REMOVAL,1,0.0,Cycle removed by removal_index.csv,,
10-8,1396,GLOBAL_REMOVAL,1,0.0,Cycle removed by removal_index.csv,,
10-8,1397,GLOBAL_REMOVAL,1,0.0,Cycle removed by removal_index.csv,,
10-8,1398,GLOBAL_REMOVAL,1,0.0,Cycle removed by removal_index.csv,,
10-8,1399,GLOBAL_REMOVAL,1,0.0,Cycle removed by removal_index.csv,,
10-8,1400,GLOBAL_REMOVAL,1,0.0,Cycle removed by removal_index.csv,,
2-2,1,GLOBAL_REMOVAL,1,0.0,Cycle removed by removal_index.csv,,
2-2,2642,GLOBAL_REMOVAL,1,0.0,Cycle removed by removal_index.csv,,
2-2,2643,GLOBAL_REMOVAL,1,0.0,Cycle removed by removal_index.csv,,
2-2,2644,GLOBAL_REMOVAL,1,0.0,Cycle removed by removal_index.csv,,
2-2,2648,GLOBAL_REMOVAL,1,0.0,Cycle removed by removal_index.csv,,
2-2,2649,GLOBAL_REMOVAL,1,0.0,Cycle removed by removal_index.csv,,
2-2,2650,GLOBAL_REMOVAL,1,0.0,Cycle removed by removal_index.csv,,
2-2,2651,GLOBAL_REMOVAL,1,0.0,Cycle removed by removal_index.csv,,
2-3,1,GLOBAL_REMOVAL,1,0.0,Cycle removed by removal_index.csv,,
2-3,2,GLOBAL_REMOVAL,1,0.0,Cycle removed by removal_index.csv,,
2-3,3,GLOBAL_REMOVAL,1,0.0,Cycle removed by removal_index.csv,,
2-3,4,GLOBAL_REMOVAL,1,0.0,Cycle removed by removal_index.csv,,
2-3,5,GLOBAL_REMOVAL,1,0.0,Cycle removed by removal_index.csv,,
2-3,22,GLOBAL_REMOVAL,1,0.0,Cycle removed by removal_index.csv,,
2-3,27,GLOBAL_REMOVAL,1,0.0,Cycle removed by removal_index.csv,,
2-3,1687,GLOBAL_REMOVAL,1,0.0,Cycle removed by removal_index.csv,,
2-3,1697,GLOBAL_REMOVAL,1,0.0,Cycle removed by removal_index.csv,,
2-3,1707,GLOBAL_REMOVAL,1,0.0,Cycle removed by removal_index.csv,,
2-3,1714,GLOBAL_REMOVAL,1,0.0,Cycle removed by removal_index.csv,,
2-3,1717,GLOBAL_REMOVAL,1,0.0,Cycle removed by removal_index.csv,,
2-3,1718,GLOBAL_REMOVAL,1,0.0,Cycle removed by removal_index.csv,,
2-3,1719,GLOBAL_REMOVAL,1,0.0,Cycle removed by removal_index.csv,,
2-3,1727,GLOBAL_REMOVAL,1,0.0,Cycle removed by removal_index.csv,,
2-3,1728,GLOBAL_REMOVAL,1,0.0,Cycle removed by removal_index.csv,,
2-3,1729,GLOBAL_REMOVAL,1,0.0,Cycle removed by removal_index.csv,,
2-3,1737,GLOBAL_REMOVAL,1,0.0,Cycle removed by removal_index.csv,,
2-3,1738,GLOBAL_REMOVAL,1,0.0,Cycle removed by removal_index.csv,,
2-3,1739,GLOBAL_REMOVAL,1,0.0,Cycle removed by removal_index.csv,,
2-3,1740,GLOBAL_REMOVAL,1,0.0,Cycle removed by removal_index.csv,,
2-3,1741,GLOBAL_REMOVAL,1,0.0,Cycle removed by removal_index.csv,,
2-3,1742,GLOBAL_REMOVAL,1,0.0,Cycle removed by removal_index.csv,,
2-3,1743,GLOBAL_REMOVAL,1,0.0,Cycle removed by removal_index.csv,,
2-3,1744,GLOBAL_REMOVAL,1,0.0,Cycle removed by removal_index.csv,,
2-3,1745,GLOBAL_REMOVAL,1,0.0,Cycle removed by removal_index.csv,,
2-3,1746,GLOBAL_REMOVAL,1,0.0,Cycle removed by removal_index.csv,,
2-3,1747,GLOBAL_REMOVAL,1,0.0,Cycle removed by removal_index.csv,,
2-3,1748,GLOBAL_REMOVAL,1,0.0,Cycle removed by removal_index.csv,,
2-3,1749,GLOBAL_REMOVAL,1,0.0,Cycle removed by removal_index.csv,,
2-3,1750,GLOBAL_REMOVAL,1,0.0,Cycle removed by removal_index.csv,,
2-3,1751,GLOBAL_REMOVAL,1,0.0,Cycle removed by removal_index.csv,,
2-4,82,GLOBAL_REMOVAL,1,0.0,Cycle removed by removal_index.csv,,
2-4,109,GLOBAL_REMOVAL,1,0.0,Cycle removed by removal_index.csv,,
2-4,130,GLOBAL_REMOVAL,1,0.0,Cycle removed by removal_index.csv,,
2-4,131,GLOBAL_REMOVAL,1,0.0,Cycle removed by removal_index.csv,,
2-4,134,GLOBAL_REMOVAL,1,0.0,Cycle removed by removal_index.csv,,
2-4,135,GLOBAL_REMOVAL,1,0.0,Cycle removed by removal_index.csv,,
2-4,155,GLOBAL_REMOVAL,1,0.0,Cycle removed by removal_index.csv,,
2-4,156,GLOBAL_REMOVAL,1,0.0,Cycle removed by removal_index.csv,,
2-4,284,GLOBAL_REMOVAL,1,0.0,Cycle removed by removal_index.csv,,
2-4,376,GLOBAL_REMOVAL,1,0.0,Cycle removed by removal_index.csv,,
2-4,396,GLOBAL_REMOVAL,1,0.0,Cycle removed by removal_index.csv,,
2-4,398,GLOBAL_REMOVAL,1,0.0,Cycle removed by removal_index.csv,,
2-4,421,GLOBAL_REMOVAL,1,0.0,Cycle removed by removal_index.csv,,
2-4,517,GLOBAL_REMOVAL,1,0.0,Cycle removed by removal_index.csv,,
2-4,520,GLOBAL_REMOVAL,1,0.0,Cycle removed by removal_index.csv,,
2-4,521,GLOBAL_REMOVAL,1,0.0,Cycle removed by removal_index.csv,,
2-4,527,GLOBAL_REMOVAL,1,0.0,Cycle removed by removal_index.csv,,
2-4,577,GLOBAL_REMOVAL,1,0.0,Cycle removed by removal_index.csv,,
2-4,578,GLOBAL_REMOVAL,1,0.0,Cycle removed by removal_index.csv,,
2-4,579,GLOBAL_REMOVAL,1,0.0,Cycle removed by removal_index.csv,,
2-4,614,GLOBAL_REMOVAL,1,0.0,Cycle removed by removal_index.csv,,
2-4,617,GLOBAL_REMOVAL,1,0.0,Cycle removed by removal_index.csv,,
2-4,618,GLOBAL_REMOVAL,1,0.0,Cycle removed by removal_index.csv,,
2-4,623,GLOBAL_REMOVAL,1,0.0,Cycle removed by removal_index.csv,,
2-4,624,GLOBAL_REMOVAL,1,0.0,Cycle removed by removal_index.csv,,
2-4,630,GLOBAL_REMOVAL,1,0.0,Cycle removed by removal_index.csv,,
2-4,864,GLOBAL_REMOVAL,1,0.0,Cycle removed by removal_index.csv,,
2-4,865,GLOBAL_REMOVAL,1,0.0,Cycle removed by removal_index.csv,,
2-4,881,GLOBAL_REMOVAL,1,0.0,Cycle removed by removal_index.csv,,
2-4,897,GLOBAL_REMOVAL,1,0.0,Cycle removed by removal_index.csv,,
2-4,921,GLOBAL_REMOVAL,1,0.0,Cycle removed by removal_index.csv,,
2-4,976,GLOBAL_REMOVAL,1,0.0,Cycle removed by removal_index.csv,,
2-4,978,GLOBAL_REMOVAL,1,0.0,Cycle removed by removal_index.csv,,
2-4,999,GLOBAL_REMOVAL,1,0.0,Cycle removed by removal_index.csv,,
2-4,1003,GLOBAL_REMOVAL,1,0.0,Cycle removed by removal_index.csv,,
2-4,1004,GLOBAL_REMOVAL,1,0.0,Cycle removed by removal_index.csv,,
2-4,1041,GLOBAL_REMOVAL,1,0.0,Cycle removed by removal_index.csv,,
2-4,1042,GLOBAL_REMOVAL,1,0.0,Cycle removed by removal_index.csv,,
2-4,1055,GLOBAL_REMOVAL,1,0.0,Cycle removed by removal_index.csv,,
2-4,1058,GLOBAL_REMOVAL,1,0.0,Cycle removed by removal_index.csv,,
2-4,1170,GLOBAL_REMOVAL,1,0.0,Cycle removed by removal_index.csv,,
2-4,1171,GLOBAL_REMOVAL,1,0.0,Cycle removed by removal_index.csv,,
2-4,1172,GLOBAL_REMOVAL,1,0.0,Cycle removed by removal_index.csv,,
2-4,1197,GLOBAL_REMOVAL,1,0.0,Cycle removed by removal_index.csv,,
2-4,1204,GLOBAL_REMOVAL,1,0.0,Cycle removed by removal_index.csv,,
2-4,1229,GLOBAL_REMOVAL,1,0.0,Cycle removed by removal_index.csv,,
2-4,1266,GLOBAL_REMOVAL,1,0.0,Cycle removed by removal_index.csv,,
2-4,1474,GLOBAL_REMOVAL,1,0.0,Cycle removed by removal_index.csv,,
2-4,1489,GLOBAL_REMOVAL,1,0.0,Cycle removed by removal_index.csv,,
2-4,1490,GLOBAL_REMOVAL,1,0.0,Cycle removed by removal_index.csv,,
2-4,1496,GLOBAL_REMOVAL,1,0.0,Cycle removed by removal_index.csv,,
2-5,1,GLOBAL_REMOVAL,1,0.0,Cycle removed by removal_index.csv,,
2-5,2,GLOBAL_REMOVAL,1,0.0,Cycle removed by removal_index.csv,,
2-5,3,GLOBAL_REMOVAL,1,0.0,Cycle removed by removal_index.csv,,
2-5,4,GLOBAL_REMOVAL,1,0.0,Cycle removed by removal_index.csv,,
2-5,5,GLOBAL_REMOVAL,1,0.0,Cycle removed by removal_index.csv,,
2-5,6,GLOBAL_REMOVAL,1,0.0,Cycle removed by removal_index.csv,,
2-5,7,GLOBAL_REMOVAL,1,0.0,Cycle removed by removal_index.csv,,
2-5,8,GLOBAL_REMOVAL,1,0.0,Cycle removed by removal_index.csv,,
2-5,9,GLOBAL_REMOVAL,1,0.0,Cycle removed by removal_index.csv,,
2-5,114,GLOBAL_REMOVAL,1,0.0,Cycle removed by removal_index.csv,,
2-5,1128,GLOBAL_REMOVAL,1,0.0,Cycle removed by removal_index.csv,,
2-5,1230,GLOBAL_REMOVAL,1,0.0,Cycle removed by removal_index.csv,,
2-5,1238,GLOBAL_REMOVAL,1,0.0,Cycle removed by removal_index.csv,,
2-5,1240,GLOBAL_REMOVAL,1,0.0,Cycle removed by removal_index.csv,,
2-5,1241,GLOBAL_REMOVAL,1,0.0,Cycle removed by removal_index.csv,,
2-5,1245,GLOBAL_REMOVAL,1,0.0,Cycle removed by removal_index.csv,,
2-5,1250,GLOBAL_REMOVAL,1,0.0,Cycle removed by removal_index.csv,,
2-5,1254,GLOBAL_REMOVAL,1,0.0,Cycle removed by removal_index.csv,,
2-5,1255,GLOBAL_REMOVAL,1,0.0,Cycle removed by removal_index.csv,,
2-5,1256,GLOBAL_REMOVAL,1,0.0,Cycle removed by removal_index.csv,,
2-5,1257,GLOBAL_REMOVAL,1,0.0,Cycle removed by removal_index.csv,,
2-5,1258,GLOBAL_REMOVAL,1,0.0,Cycle removed by removal_index.csv,,
2-5,1261,GLOBAL_REMOVAL,1,0.0,Cycle removed by removal_index.csv,,
2-5,1262,GLOBAL_REMOVAL,1,0.0,Cycle removed by removal_index.csv,,
2-5,1263,GLOBAL_REMOVAL,1,0.0,Cycle removed by removal_index.csv,,
2-5,1264,GLOBAL_REMOVAL,1,0.0,Cycle removed by removal_index.csv,,
2-5,1265,GLOBAL_REMOVAL,1,0.0,Cycle removed by removal_index.csv,,
2-5,1266,GLOBAL_REMOVAL,1,0.0,Cycle removed by removal_index.csv,,
2-5,1267,GLOBAL_REMOVAL,1,0.0,Cycle removed by removal_index.csv,,
2-5,1268,GLOBAL_REMOVAL,1,0.0,Cycle removed by removal_index.csv,,
2-5,1269,GLOBAL_REMOVAL,1,0.0,Cycle removed by removal_index.csv,,
2-5,1270,GLOBAL_REMOVAL,1,0.0,Cycle removed by removal_index.csv,,
2-5,1271,GLOBAL_REMOVAL,1,0.0,Cycle removed by removal_index.csv,,
2-5,1272,GLOBAL_REMOVAL,1,0.0,Cycle removed by removal_index.csv,,
2-5,1273,GLOBAL_REMOVAL,1,0.0,Cycle removed by removal_index.csv,,
2-5,1274,GLOBAL_REMOVAL,1,0.0,Cycle removed by removal_index.csv,,
2-5,1275,GLOBAL_REMOVAL,1,0.0,Cycle removed by removal_index.csv,,
2-5,1276,GLOBAL_REMOVAL,1,0.0,Cycle removed by removal_index.csv,,
2-5,1277,GLOBAL_REMOVAL,1,0.0,Cycle removed by removal_index.csv,,
2-5,1278,GLOBAL_REMOVAL,1,0.0,Cycle removed by removal_index.csv,,
2-5,1279,GLOBAL_REMOVAL,1,0.0,Cycle removed by removal_index.csv,,
2-5,1280,GLOBAL_REMOVAL,1,0.0,Cycle removed by removal_index.csv,,
2-5,1281,GLOBAL_REMOVAL,1,0.0,Cycle removed by removal_index.csv,,
2-5,1282,GLOBAL_REMOVAL,1,0.0,Cycle removed by removal_index.csv,,
2-5,1283,GLOBAL_REMOVAL,1,0.0,Cycle removed by removal_index.csv,,
2-5,1284,GLOBAL_REMOVAL,1,0.0,Cycle removed by removal_index.csv,,
2-5,1285,GLOBAL_REMOVAL,1,0.0,Cycle removed by removal_index.csv,,
2-5,1287,GLOBAL_REMOVAL,1,0.0,Cycle removed by removal_index.csv,,
2-5,1288,GLOBAL_REMOVAL,1,0.0,Cycle removed by removal_index.csv,,
2-5,1289,GLOBAL_REMOVAL,1,0.0,Cycle removed by removal_index.csv,,
2-5,1290,GLOBAL_REMOVAL,1,0.0,Cycle removed by removal_index.csv,,
2-5,1291,GLOBAL_REMOVAL,1,0.0,Cycle removed by removal_index.csv,,
2-5,1292,GLOBAL_REMOVAL,1,0.0,Cycle removed by removal_index.csv,,
2-5,1293,GLOBAL_REMOVAL,1,0.0,Cycle removed by removal_index.csv,,
2-5,1294,GLOBAL_REMOVAL,1,0.0,Cycle removed by removal_index.csv,,
2-5,1295,GLOBAL_REMOVAL,1,0.0,Cycle removed by removal_index.csv,,
2-5,1296,GLOBAL_REMOVAL,1,0.0,Cycle removed by removal_index.csv,,
2-5,1297,GLOBAL_REMOVAL,1,0.0,Cycle removed by removal_index.csv,,
2-5,1298,GLOBAL_REMOVAL,1,0.0,Cycle removed by removal_index.csv,,
2-5,1299,GLOBAL_REMOVAL,1,0.0,Cycle removed by removal_index.csv,,
2-5,1300,GLOBAL_REMOVAL,1,0.0,Cycle removed by removal_index.csv,,
2-5,1301,GLOBAL_REMOVAL,1,0.0,Cycle removed by removal_index.csv,,
2-5,1302,GLOBAL_REMOVAL,1,0.0,Cycle removed by removal_index.csv,,
2-5,1303,GLOBAL_REMOVAL,1,0.0,Cycle removed by removal_index.csv,,
2-5,1304,GLOBAL_REMOVAL,1,0.0,Cycle removed by removal_index.csv,,
2-5,1305,GLOBAL_REMOVAL,1,0.0,Cycle removed by removal_index.csv,,
2-5,1306,GLOBAL_REMOVAL,1,0.0,Cycle removed by removal_index.csv,,
2-5,1307,GLOBAL_REMOVAL,1,0.0,Cycle removed by removal_index.csv,,
2-5,1308,GLOBAL_REMOVAL,1,0.0,Cycle removed by removal_index.csv,,
2-5,1309,GLOBAL_REMOVAL,1,0.0,Cycle removed by removal_index.csv,,
2-5,1310,GLOBAL_REMOVAL,1,0.0,Cycle removed by removal_index.csv,,
2-5,1311,GLOBAL_REMOVAL,1,0.0,Cycle removed by removal_index.csv,,
2-5,1312,GLOBAL_REMOVAL,1,0.0,Cycle removed by removal_index.csv,,
2-5,1313,GLOBAL_REMOVAL,1,0.0,Cycle removed by removal_index.csv,,
2-5,1314,GLOBAL_REMOVAL,1,0.0,Cycle removed by removal_index.csv,,
2-5,1315,GLOBAL_REMOVAL,1,0.0,Cycle removed by removal_index.csv,,
2-5,1316,GLOBAL_REMOVAL,1,0.0,Cycle removed by removal_index.csv,,
2-5,1317,GLOBAL_REMOVAL,1,0.0,Cycle removed by removal_index.csv,,
2-5,1318,GLOBAL_REMOVAL,1,0.0,Cycle removed by removal_index.csv,,
2-5,1319,GLOBAL_REMOVAL,1,0.0,Cycle removed by removal_index.csv,,
2-5,1320,GLOBAL_REMOVAL,1,0.0,Cycle removed by removal_index.csv,,
2-5,1321,GLOBAL_REMOVAL,1,0.0,Cycle removed by removal_index.csv,,
2-5,1322,GLOBAL_REMOVAL,1,0.0,Cycle removed by removal_index.csv,,
2-5,1323,GLOBAL_REMOVAL,1,0.0,Cycle removed by removal_index.csv,,
2-5,1324,GLOBAL_REMOVAL,1,0.0,Cycle removed by removal_index.csv,,
2-5,1325,GLOBAL_REMOVAL,1,0.0,Cycle removed by removal_index.csv,,
2-5,1326,GLOBAL_REMOVAL,1,0.0,Cycle removed by removal_index.csv,,
2-5,1327,GLOBAL_REMOVAL,1,0.0,Cycle removed by removal_index.csv,,
2-5,1328,GLOBAL_REMOVAL,1,0.0,Cycle removed by removal_index.csv,,
2-5,1329,GLOBAL_REMOVAL,1,0.0,Cycle removed by removal_index.csv,,
2-5,1330,GLOBAL_REMOVAL,1,0.0,Cycle removed by removal_index.csv,,
2-5,1331,GLOBAL_REMOVAL,1,0.0,Cycle removed by removal_index.csv,,
2-5,1332,GLOBAL_REMOVAL,1,0.0,Cycle removed by removal_index.csv,,
2-5,1333,GLOBAL_REMOVAL,1,0.0,Cycle removed by removal_index.csv,,
2-5,1334,GLOBAL_REMOVAL,1,0.0,Cycle removed by removal_index.csv,,
2-5,1335,GLOBAL_REMOVAL,1,0.0,Cycle removed by removal_index.csv,,
2-5,1336,GLOBAL_REMOVAL,1,0.0,Cycle removed by removal_index.csv,,
2-5,1337,GLOBAL_REMOVAL,1,0.0,Cycle removed by removal_index.csv,,
2-5,1338,GLOBAL_REMOVAL,1,0.0,Cycle removed by removal_index.csv,,
2-5,1339,GLOBAL_REMOVAL,1,0.0,Cycle removed by removal_index.csv,,
2-5,1340,GLOBAL_REMOVAL,1,0.0,Cycle removed by removal_index.csv,,
2-5,1341,GLOBAL_REMOVAL,1,0.0,Cycle removed by removal_index.csv,,
2-5,1342,GLOBAL_REMOVAL,1,0.0,Cycle removed by removal_index.csv,,
2-5,1343,GLOBAL_REMOVAL,1,0.0,Cycle removed by removal_index.csv,,
2-5,1344,GLOBAL_REMOVAL,1,0.0,Cycle removed by removal_index.csv,,
2-5,1345,GLOBAL_REMOVAL,1,0.0,Cycle removed by removal_index.csv,,
2-5,1346,GLOBAL_REMOVAL,1,0.0,Cycle removed by removal_index.csv,,
2-5,1347,GLOBAL_REMOVAL,1,0.0,Cycle removed by removal_index.csv,,
2-5,1348,GLOBAL_REMOVAL,1,0.0,Cycle removed by removal_index.csv,,
2-5,1349,GLOBAL_REMOVAL,1,0.0,Cycle removed by removal_index.csv,,
2-5,1350,GLOBAL_REMOVAL,1,0.0,Cycle removed by removal_index.csv,,
2-5,1351,GLOBAL_REMOVAL,1,0.0,Cycle removed by removal_index.csv,,
2-5,1352,GLOBAL_REMOVAL,1,0.0,Cycle removed by removal_index.csv,,
2-5,1353,GLOBAL_REMOVAL,1,0.0,Cycle removed by removal_index.csv,,
2-5,1354,GLOBAL_REMOVAL,1,0.0,Cycle removed by removal_index.csv,,
2-5,1355,GLOBAL_REMOVAL,1,0.0,Cycle removed by removal_index.csv,,
2-5,1356,GLOBAL_REMOVAL,1,0.0,Cycle removed by removal_index.csv,,
2-5,1357,GLOBAL_REMOVAL,1,0.0,Cycle removed by removal_index.csv,,
2-5,1358,GLOBAL_REMOVAL,1,0.0,Cycle removed by removal_index.csv,,
2-5,1359,GLOBAL_REMOVAL,1,0.0,Cycle removed by removal_index.csv,,
2-5,1360,GLOBAL_REMOVAL,1,0.0,Cycle removed by removal_index.csv,,
2-5,1361,GLOBAL_REMOVAL,1,0.0,Cycle removed by removal_index.csv,,
2-5,1362,GLOBAL_REMOVAL,1,0.0,Cycle removed by removal_index.csv,,
2-5,1363,GLOBAL_REMOVAL,1,0.0,Cycle removed by removal_index.csv,,
2-5,1364,GLOBAL_REMOVAL,1,0.0,Cycle removed by removal_index.csv,,
2-5,1365,GLOBAL_REMOVAL,1,0.0,Cycle removed by removal_index.csv,,
2-5,1366,GLOBAL_REMOVAL,1,0.0,Cycle removed by removal_index.csv,,
2-5,1367,GLOBAL_REMOVAL,1,0.0,Cycle removed by removal_index.csv,,
2-5,1368,GLOBAL_REMOVAL,1,0.0,Cycle removed by removal_index.csv,,
2-5,1369,GLOBAL_REMOVAL,1,0.0,Cycle removed by removal_index.csv,,
2-5,1370,GLOBAL_REMOVAL,1,0.0,Cycle removed by removal_index.csv,,
2-5,1371,GLOBAL_REMOVAL,1,0.0,Cycle removed by removal_index.csv,,
2-5,1372,GLOBAL_REMOVAL,1,0.0,Cycle removed by removal_index.csv,,
2-5,1373,GLOBAL_REMOVAL,1,0.0,Cycle removed by removal_index.csv,,
2-5,1374,GLOBAL_REMOVAL,1,0.0,Cycle removed by removal_index.csv,,
2-5,1375,GLOBAL_REMOVAL,1,0.0,Cycle removed by removal_index.csv,,
2-5,1376,GLOBAL_REMOVAL,1,0.0,Cycle removed by removal_index.csv,,
2-5,1377,GLOBAL_REMOVAL,1,0.0,Cycle removed by removal_index.csv,,
2-5,1378,GLOBAL_REMOVAL,1,0.0,Cycle removed by removal_index.csv,,
2-5,1379,GLOBAL_REMOVAL,1,0.0,Cycle removed by removal_index.csv,,
2-5,1380,GLOBAL_REMOVAL,1,0.0,Cycle removed by removal_index.csv,,
2-5,1381,GLOBAL_REMOVAL,1,0.0,Cycle removed by removal_index.csv,,
2-5,1382,GLOBAL_REMOVAL,1,0.0,Cycle removed by removal_index.csv,,
2-5,1383,GLOBAL_REMOVAL,1,0.0,Cycle removed by removal_index.csv,,
2-5,1384,GLOBAL_REMOVAL,1,0.0,Cycle removed by removal_index.csv,,
2-5,1385,GLOBAL_REMOVAL,1,0.0,Cycle removed by removal_index.csv,,
2-5,1386,GLOBAL_REMOVAL,1,0.0,Cycle removed by removal_index.csv,,
2-6,1,GLOBAL_REMOVAL,1,0.0,Cycle removed by removal_index.csv,,
2-6,2,GLOBAL_REMOVAL,1,0.0,Cycle removed by removal_index.csv,,
2-6,3,GLOBAL_REMOVAL,1,0.0,Cycle removed by removal_index.csv,,
2-6,4,GLOBAL_REMOVAL,1,0.0,Cycle removed by removal_index.csv,,
2-7,1,GLOBAL_REMOVAL,1,0.0,Cycle removed by removal_index.csv,,
2-7,2,GLOBAL_REMOVAL,1,0.0,Cycle removed by removal_index.csv,,
2-7,3,GLOBAL_REMOVAL,1,0.0,Cycle removed by removal_index.csv,,
2-7,4,GLOBAL_REMOVAL,1,0.0,Cycle removed by removal_index.csv,,
2-7,2122,GLOBAL_REMOVAL,1,0.0,Cycle removed by removal_index.csv,,
2-7,2123,GLOBAL_REMOVAL,1,0.0,Cycle removed by removal_index.csv,,
2-7,2124,GLOBAL_REMOVAL,1,0.0,Cycle removed by removal_index.csv,,
2-7,2132,GLOBAL_REMOVAL,1,0.0,Cycle removed by removal_index.csv,,
2-7,2133,GLOBAL_REMOVAL,1,0.0,Cycle removed by removal_index.csv,,
2-7,2134,GLOBAL_REMOVAL,1,0.0,Cycle removed by removal_index.csv,,
2-7,2137,GLOBAL_REMOVAL,1,0.0,Cycle removed by removal_index.csv,,
2-7,2138,GLOBAL_REMOVAL,1,0.0,Cycle removed by removal_index.csv,,
2-7,2139,GLOBAL_REMOVAL,1,0.0,Cycle removed by removal_index.csv,,
2-7,2140,GLOBAL_REMOVAL,1,0.0,Cycle removed by removal_index.csv,,
2-7,2142,GLOBAL_REMOVAL,1,0.0,Cycle removed by removal_index.csv,,
2-7,2143,GLOBAL_REMOVAL,1,0.0,Cycle removed by removal_index.csv,,
2-7,2144,GLOBAL_REMOVAL,1,0.0,Cycle removed by removal_index.csv,,
2-7,2145,GLOBAL_REMOVAL,1,0.0,Cycle removed by removal_index.csv,,
2-7,2146,GLOBAL_REMOVAL,1,0.0,Cycle removed by removal_index.csv,,
2-7,2147,GLOBAL_REMOVAL,1,0.0,Cycle removed by removal_index.csv,,
2-7,2148,GLOBAL_REMOVAL,1,0.0,Cycle removed by removal_index.csv,,
2-7,2151,GLOBAL_REMOVAL,1,0.0,Cycle removed by removal_index.csv,,
2-7,2152,GLOBAL_REMOVAL,1,0.0,Cycle removed by removal_index.csv,,
2-7,2153,GLOBAL_REMOVAL,1,0.0,Cycle removed by removal_index.csv,,
2-7,2155,GLOBAL_REMOVAL,1,0.0,Cycle removed by removal_index.csv,,
2-7,2156,GLOBAL_REMOVAL,1,0.0,Cycle removed by removal_index.csv,,
2-7,2157,GLOBAL_REMOVAL,1,0.0,Cycle removed by removal_index.csv,,
2-7,2158,GLOBAL_REMOVAL,1,0.0,Cycle removed by removal_index.csv,,
2-7,2159,GLOBAL_REMOVAL,1,0.0,Cycle removed by removal_index.csv,,
2-7,2160,GLOBAL_REMOVAL,1,0.0,Cycle removed by removal_index.csv,,
2-7,2161,GLOBAL_REMOVAL,1,0.0,Cycle removed by removal_index.csv,,
2-7,2162,GLOBAL_REMOVAL,1,0.0,Cycle removed by removal_index.csv,,
2-7,2163,GLOBAL_REMOVAL,1,0.0,Cycle removed by removal_index.csv,,
2-7,2164,GLOBAL_REMOVAL,1,0.0,Cycle removed by removal_index.csv,,
2-7,2165,GLOBAL_REMOVAL,1,0.0,Cycle removed by removal_index.csv,,
2-7,2166,GLOBAL_REMOVAL,1,0.0,Cycle removed by removal_index.csv,,
2-7,2167,GLOBAL_REMOVAL,1,0.0,Cycle removed by removal_index.csv,,
2-7,2168,GLOBAL_REMOVAL,1,0.0,Cycle removed by removal_index.csv,,
2-7,2169,GLOBAL_REMOVAL,1,0.0,Cycle removed by removal_index.csv,,
2-7,2170,GLOBAL_REMOVAL,1,0.0,Cycle removed by removal_index.csv,,
2-7,2171,GLOBAL_REMOVAL,1,0.0,Cycle removed by removal_index.csv,,
2-7,2172,GLOBAL_REMOVAL,1,0.0,Cycle removed by removal_index.csv,,
2-7,2173,GLOBAL_REMOVAL,1,0.0,Cycle removed by removal_index.csv,,
2-7,2174,GLOBAL_REMOVAL,1,0.0,Cycle removed by removal_index.csv,,
2-7,2175,GLOBAL_REMOVAL,1,0.0,Cycle removed by removal_index.csv,,
2-7,2176,GLOBAL_REMOVAL,1,0.0,Cycle removed by removal_index.csv,,
2-7,2177,GLOBAL_REMOVAL,1,0.0,Cycle removed by removal_index.csv,,
2-7,2178,GLOBAL_REMOVAL,1,0.0,Cycle removed by removal_index.csv,,
2-7,2179,GLOBAL_REMOVAL,1,0.0,Cycle removed by removal_index.csv,,
2-7,2180,GLOBAL_REMOVAL,1,0.0,Cycle removed by removal_index.csv,,
2-7,2181,GLOBAL_REMOVAL,1,0.0,Cycle removed by removal_index.csv,,
2-7,2182,GLOBAL_REMOVAL,1,0.0,Cycle removed by removal_index.csv,,
2-7,2183,GLOBAL_REMOVAL,1,0.0,Cycle removed by removal_index.csv,,
2-7,2184,GLOBAL_REMOVAL,1,0.0,Cycle removed by removal_index.csv,,
2-7,2185,GLOBAL_REMOVAL,1,0.0,Cycle removed by removal_index.csv,,
2-7,2186,GLOBAL_REMOVAL,1,0.0,Cycle removed by removal_index.csv,,
2-7,2187,GLOBAL_REMOVAL,1,0.0,Cycle removed by removal_index.csv,,
2-7,2188,GLOBAL_REMOVAL,1,0.0,Cycle removed by removal_index.csv,,
2-7,2189,GLOBAL_REMOVAL,1,0.0,Cycle removed by removal_index.csv,,
2-7,2190,GLOBAL_REMOVAL,1,0.0,Cycle removed by removal_index.csv,,
2-7,2191,GLOBAL_REMOVAL,1,0.0,Cycle removed by removal_index.csv,,
2-7,2192,GLOBAL_REMOVAL,1,0.0,Cycle removed by removal_index.csv,,
2-7,2193,GLOBAL_REMOVAL,1,0.0,Cycle removed by removal_index.csv,,
2-7,2194,GLOBAL_REMOVAL,1,0.0,Cycle removed by removal_index.csv,,
2-7,2195,GLOBAL_REMOVAL,1,0.0,Cycle removed by removal_index.csv,,
2-7,2196,GLOBAL_REMOVAL,1,0.0,Cycle removed by removal_index.csv,,
2-7,2197,GLOBAL_REMOVAL,1,0.0,Cycle removed by removal_index.csv,,
2-7,2198,GLOBAL_REMOVAL,1,0.0,Cycle removed by removal_index.csv,,
2-7,2199,GLOBAL_REMOVAL,1,0.0,Cycle removed by removal_index.csv,,
2-7,2200,GLOBAL_REMOVAL,1,0.0,Cycle removed by removal_index.csv,,
2-7,2201,GLOBAL_REMOVAL,1,0.0,Cycle removed by removal_index.csv,,
2-7,2202,GLOBAL_REMOVAL,1,0.0,Cycle removed by removal_index.csv,,
2-8,1,GLOBAL_REMOVAL,1,0.0,Cycle removed by removal_index.csv,,
2-8,2,GLOBAL_REMOVAL,1,0.0,Cycle removed by removal_index.csv,,
2-8,3,GLOBAL_REMOVAL,1,0.0,Cycle removed by removal_index.csv,,
2-8,4,GLOBAL_REMOVAL,1,0.0,Cycle removed by removal_index.csv,,
2-8,5,GLOBAL_REMOVAL,1,0.0,Cycle removed by removal_index.csv,,
2-8,6,GLOBAL_REMOVAL,1,0.0,Cycle removed by removal_index.csv,,
2-8,7,GLOBAL_REMOVAL,1,0.0,Cycle removed by removal_index.csv,,
2-8,8,GLOBAL_REMOVAL,1,0.0,Cycle removed by removal_index.csv,,
2-8,9,GLOBAL_REMOVAL,1,0.0,Cycle removed by removal_index.csv,,
2-8,10,GLOBAL_REMOVAL,1,0.0,Cycle removed by removal_index.csv,,
2-8,11,GLOBAL_REMOVAL,1,0.0,Cycle removed by removal_index.csv,,
2-8,12,GLOBAL_REMOVAL,1,0.0,Cycle removed by removal_index.csv,,
2-8,13,GLOBAL_REMOVAL,1,0.0,Cycle removed by removal_index.csv,,
2-8,14,GLOBAL_REMOVAL,1,0.0,Cycle removed by removal_index.csv,,
2-8,15,GLOBAL_REMOVAL,1,0.0,Cycle removed by removal_index.csv,,
2-8,16,GLOBAL_REMOVAL,1,0.0,Cycle removed by removal_index.csv,,
2-8,17,GLOBAL_REMOVAL,1,0.0,Cycle removed by removal_index.csv,,
2-8,18,GLOBAL_REMOVAL,1,0.0,Cycle removed by removal_index.csv,,
2-8,19,GLOBAL_REMOVAL,1,0.0,Cycle removed by removal_index.csv,,
2-8,20,GLOBAL_REMOVAL,1,0.0,Cycle removed by removal_index.csv,,
2-8,21,GLOBAL_REMOVAL,1,0.0,Cycle removed by removal_index.csv,,
2-8,22,GLOBAL_REMOVAL,1,0.0,Cycle removed by removal_index.csv,,
2-8,23,GLOBAL_REMOVAL,1,0.0,Cycle removed by removal_index.csv,,
2-8,24,GLOBAL_REMOVAL,1,0.0,Cycle removed by removal_index.csv,,
2-8,25,GLOBAL_REMOVAL,1,0.0,Cycle removed by removal_index.csv,,
2-8,26,GLOBAL_REMOVAL,1,0.0,Cycle removed by removal_index.csv,,
2-8,27,GLOBAL_REMOVAL,1,0.0,Cycle removed by removal_index.csv,,
2-8,28,GLOBAL_REMOVAL,1,0.0,Cycle removed by removal_index.csv,,
2-8,29,GLOBAL_REMOVAL,1,0.0,Cycle removed by removal_index.csv,,
2-8,30,GLOBAL_REMOVAL,1,0.0,Cycle removed by removal_index.csv,,
2-8,31,GLOBAL_REMOVAL,1,0.0,Cycle removed by removal_index.csv,,
2-8,32,GLOBAL_REMOVAL,1,0.0,Cycle removed by removal_index.csv,,
2-8,33,GLOBAL_REMOVAL,1,0.0,Cycle removed by removal_index.csv,,
2-8,34,GLOBAL_REMOVAL,1,0.0,Cycle removed by removal_index.csv,,
2-8,35,GLOBAL_REMOVAL,1,0.0,Cycle removed by removal_index.csv,,
2-8,36,GLOBAL_REMOVAL,1,0.0,Cycle removed by removal_index.csv,,
2-8,37,GLOBAL_REMOVAL,1,0.0,Cycle removed by removal_index.csv,,
2-8,38,GLOBAL_REMOVAL,1,0.0,Cycle removed by removal_index.csv,,
2-8,39,GLOBAL_REMOVAL,1,0.0,Cycle removed by removal_index.csv,,
2-8,40,GLOBAL_REMOVAL,1,0.0,Cycle removed by removal_index.csv,,
2-8,41,GLOBAL_REMOVAL,1,0.0,Cycle removed by removal_index.csv,,
2-8,42,GLOBAL_REMOVAL,1,0.0,Cycle removed by removal_index.csv,,
2-8,43,GLOBAL_REMOVAL,1,0.0,Cycle removed by removal_index.csv,,
2-8,44,GLOBAL_REMOVAL,1,0.0,Cycle removed by removal_index.csv,,
2-8,45,GLOBAL_REMOVAL,1,0.0,Cycle removed by removal_index.csv,,
2-8,46,GLOBAL_REMOVAL,1,0.0,Cycle removed by removal_index.csv,,
2-8,47,GLOBAL_REMOVAL,1,0.0,Cycle removed by removal_index.csv,,
2-8,48,GLOBAL_REMOVAL,1,0.0,Cycle removed by removal_index.csv,,
2-8,49,GLOBAL_REMOVAL,1,0.0,Cycle removed by removal_index.csv,,
2-8,50,GLOBAL_REMOVAL,1,0.0,Cycle removed by removal_index.csv,,
2-8,51,GLOBAL_REMOVAL,1,0.0,Cycle removed by removal_index.csv,,
2-8,52,GLOBAL_REMOVAL,1,0.0,Cycle removed by removal_index.csv,,
2-8,53,GLOBAL_REMOVAL,1,0.0,Cycle removed by removal_index.csv,,
2-8,54,GLOBAL_REMOVAL,1,0.0,Cycle removed by removal_index.csv,,
2-8,55,GLOBAL_REMOVAL,1,0.0,Cycle removed by removal_index.csv,,
2-8,56,GLOBAL_REMOVAL,1,0.0,Cycle removed by removal_index.csv,,
2-8,57,GLOBAL_REMOVAL,1,0.0,Cycle removed by removal_index.csv,,
2-8,58,GLOBAL_REMOVAL,1,0.0,Cycle removed by removal_index.csv,,
2-8,59,GLOBAL_REMOVAL,1,0.0,Cycle removed by removal_index.csv,,
2-8,60,GLOBAL_REMOVAL,1,0.0,Cycle removed by removal_index.csv,,
2-8,61,GLOBAL_REMOVAL,1,0.0,Cycle removed by removal_index.csv,,
2-8,62,GLOBAL_REMOVAL,1,0.0,Cycle removed by removal_index.csv,,
2-8,63,GLOBAL_REMOVAL,1,0.0,Cycle removed by removal_index.csv,,
2-8,64,GLOBAL_REMOVAL,1,0.0,Cycle removed by removal_index.csv,,
2-8,65,GLOBAL_REMOVAL,1,0.0,Cycle removed by removal_index.csv,,
2-8,66,GLOBAL_REMOVAL,1,0.0,Cycle removed by removal_index.csv,,
2-8,67,GLOBAL_REMOVAL,1,0.0,Cycle removed by removal_index.csv,,
2-8,68,GLOBAL_REMOVAL,1,0.0,Cycle removed by removal_index.csv,,
2-8,69,GLOBAL_REMOVAL,1,0.0,Cycle removed by removal_index.csv,,
2-8,70,GLOBAL_REMOVAL,1,0.0,Cycle removed by removal_index.csv,,
2-8,71,GLOBAL_REMOVAL,1,0.0,Cycle removed by removal_index.csv,,
2-8,72,GLOBAL_REMOVAL,1,0.0,Cycle removed by removal_index.csv,,
2-8,73,GLOBAL_REMOVAL,1,0.0,Cycle removed by removal_index.csv,,
2-8,74,GLOBAL_REMOVAL,1,0.0,Cycle removed by removal_index.csv,,
2-8,75,GLOBAL_REMOVAL,1,0.0,Cycle removed by removal_index.csv,,
2-8,76,GLOBAL_REMOVAL,1,0.0,Cycle removed by removal_index.csv,,
2-8,77,GLOBAL_REMOVAL,1,0.0,Cycle removed by removal_index.csv,,
2-8,78,GLOBAL_REMOVAL,1,0.0,Cycle removed by removal_index.csv,,
2-8,79,GLOBAL_REMOVAL,1,0.0,Cycle removed by removal_index.csv,,
2-8,80,GLOBAL_REMOVAL,1,0.0,Cycle removed by removal_index.csv,,
2-8,81,GLOBAL_REMOVAL,1,0.0,Cycle removed by removal_index.csv,,
2-8,82,GLOBAL_REMOVAL,1,0.0,Cycle removed by removal_index.csv,,
2-8,83,GLOBAL_REMOVAL,1,0.0,Cycle removed by removal_index.csv,,
2-8,84,GLOBAL_REMOVAL,1,0.0,Cycle removed by removal_index.csv,,
2-8,85,GLOBAL_REMOVAL,1,0.0,Cycle removed by removal_index.csv,,
2-8,86,GLOBAL_REMOVAL,1,0.0,Cycle removed by removal_index.csv,,
2-8,87,GLOBAL_REMOVAL,1,0.0,Cycle removed by removal_index.csv,,
2-8,88,GLOBAL_REMOVAL,1,0.0,Cycle removed by removal_index.csv,,
2-8,89,GLOBAL_REMOVAL,1,0.0,Cycle removed by removal_index.csv,,
2-8,90,GLOBAL_REMOVAL,1,0.0,Cycle removed by removal_index.csv,,
2-8,91,GLOBAL_REMOVAL,1,0.0,Cycle removed by removal_index.csv,,
2-8,92,GLOBAL_REMOVAL,1,0.0,Cycle removed by removal_index.csv,,
2-8,93,GLOBAL_REMOVAL,1,0.0,Cycle removed by removal_index.csv,,
2-8,94,GLOBAL_REMOVAL,1,0.0,Cycle removed by removal_index.csv,,
2-8,95,GLOBAL_REMOVAL,1,0.0,Cycle removed by removal_index.csv,,
2-8,96,GLOBAL_REMOVAL,1,0.0,Cycle removed by removal_index.csv,,
2-8,99,GLOBAL_REMOVAL,1,0.0,Cycle removed by removal_index.csv,,
2-8,100,GLOBAL_REMOVAL,1,0.0,Cycle removed by removal_index.csv,,
2-8,101,GLOBAL_REMOVAL,1,0.0,Cycle removed by removal_index.csv,,
2-8,102,GLOBAL_REMOVAL,1,0.0,Cycle removed by removal_index.csv,,
2-8,103,GLOBAL_REMOVAL,1,0.0,Cycle removed by removal_index.csv,,
2-8,104,GLOBAL_REMOVAL,1,0.0,Cycle removed by removal_index.csv,,
2-8,105,GLOBAL_REMOVAL,1,0.0,Cycle removed by removal_index.csv,,
2-8,106,GLOBAL_REMOVAL,1,0.0,Cycle removed by removal_index.csv,,
2-8,107,GLOBAL_REMOVAL,1,0.0,Cycle removed by removal_index.csv,,
2-8,108,GLOBAL_REMOVAL,1,0.0,Cycle removed by removal_index.csv,,
2-8,109,GLOBAL_REMOVAL,1,0.0,Cycle removed by removal_index.csv,,
2-8,110,GLOBAL_REMOVAL,1,0.0,Cycle removed by removal_index.csv,,
2-8,111,GLOBAL_REMOVAL,1,0.0,Cycle removed by removal_index.csv,,
2-8,112,GLOBAL_REMOVAL,1,0.0,Cycle removed by removal_index.csv,,
2-8,113,GLOBAL_REMOVAL,1,0.0,Cycle removed by removal_index.csv,,
2-8,114,GLOBAL_REMOVAL,1,0.0,Cycle removed by removal_index.csv,,
2-8,115,GLOBAL_REMOVAL,1,0.0,Cycle removed by removal_index.csv,,
2-8,116,GLOBAL_REMOVAL,1,0.0,Cycle removed by removal_index.csv,,
2-8,117,GLOBAL_REMOVAL,1,0.0,Cycle removed by removal_index.csv,,
2-8,118,GLOBAL_REMOVAL,1,0.0,Cycle removed by removal_index.csv,,
2-8,119,GLOBAL_REMOVAL,1,0.0,Cycle removed by removal_index.csv,,
2-8,120,GLOBAL_REMOVAL,1,0.0,Cycle removed by removal_index.csv,,
2-8,121,GLOBAL_REMOVAL,1,0.0,Cycle removed by removal_index.csv,,
2-8,122,GLOBAL_REMOVAL,1,0.0,Cycle removed by removal_index.csv,,
2-8,123,GLOBAL_REMOVAL,1,0.0,Cycle removed by removal_index.csv,,
2-8,124,GLOBAL_REMOVAL,1,0.0,Cycle removed by removal_index.csv,,
2-8,132,GLOBAL_REMOVAL,1,0.0,Cycle removed by removal_index.csv,,
2-8,133,GLOBAL_REMOVAL,1,0.0,Cycle removed by removal_index.csv,,
2-8,134,GLOBAL_REMOVAL,1,0.0,Cycle removed by removal_index.csv,,
2-8,135,GLOBAL_REMOVAL,1,0.0,Cycle removed by removal_index.csv,,
2-8,136,GLOBAL_REMOVAL,1,0.0,Cycle removed by removal_index.csv,,
2-8,137,GLOBAL_REMOVAL,1,0.0,Cycle removed by removal_index.csv,,
2-8,138,GLOBAL_REMOVAL,1,0.0,Cycle removed by removal_index.csv,,
2-8,141,GLOBAL_REMOVAL,1,0.0,Cycle removed by removal_index.csv,,
2-8,142,GLOBAL_REMOVAL,1,0.0,Cycle removed by removal_index.csv,,
2-8,165,GLOBAL_REMOVAL,1,0.0,Cycle removed by removal_index.csv,,
2-8,186,GLOBAL_REMOVAL,1,0.0,Cycle removed by removal_index.csv,,
2-8,189,GLOBAL_REMOVAL,1,0.0,Cycle removed by removal_index.csv,,
2-8,190,GLOBAL_REMOVAL,1,0.0,Cycle removed by removal_index.csv,,
2-8,191,GLOBAL_REMOVAL,1,0.0,Cycle removed by removal_index.csv,,
2-8,192,GLOBAL_REMOVAL,1,0.0,Cycle removed by removal_index.csv,,
2-8,193,GLOBAL_REMOVAL,1,0.0,Cycle removed by removal_index.csv,,
2-8,194,GLOBAL_REMOVAL,1,0.0,Cycle removed by removal_index.csv,,
2-8,195,GLOBAL_REMOVAL,1,0.0,Cycle removed by removal_index.csv,,
2-8,198,GLOBAL_REMOVAL,1,0.0,Cycle removed by removal_index.csv,,
2-8,199,GLOBAL_REMOVAL,1,0.0,Cycle removed by removal_index.csv,,
2-8,203,GLOBAL_REMOVAL,1,0.0,Cycle removed by removal_index.csv,,
2-8,1129,GLOBAL_REMOVAL,1,0.0,Cycle removed by removal_index.csv,,
2-8,1132,GLOBAL_REMOVAL,1,0.0,Cycle removed by removal_index.csv,,
2-8,1134,GLOBAL_REMOVAL,1,0.0,Cycle removed by removal_index.csv,,
2-8,1136,GLOBAL_REMOVAL,1,0.0,Cycle removed by removal_index.csv,,
2-8,1141,GLOBAL_REMOVAL,1,0.0,Cycle removed by removal_index.csv,,
2-8,1146,GLOBAL_REMOVAL,1,0.0,Cycle removed by removal_index.csv,,
2-8,1151,GLOBAL_REMOVAL,1,0.0,Cycle removed by removal_index.csv,,
2-8,1153,GLOBAL_REMOVAL,1,0.0,Cycle removed by removal_index.csv,,
2-8,1155,GLOBAL_REMOVAL,1,0.0,Cycle removed by removal_index.csv,,
2-8,1158,GLOBAL_REMOVAL,1,0.0,Cycle removed by removal_index.csv,,
2-8,1164,GLOBAL_REMOVAL,1,0.0,Cycle removed by removal_index.csv,,
2-8,1165,GLOBAL_REMOVAL,1,0.0,Cycle removed by removal_index.csv,,
2-8,1166,GLOBAL_REMOVAL,1,0.0,Cycle removed by removal_index.csv,,
2-8,1185,GLOBAL_REMOVAL,1,0.0,Cycle removed by removal_index.csv,,
2-8,1186,GLOBAL_REMOVAL,1,0.0,Cycle removed by removal_index.csv,,
2-8,1199,GLOBAL_REMOVAL,1,0.0,Cycle removed by removal_index.csv,,
2-8,1210,GLOBAL_REMOVAL,1,0.0,Cycle removed by removal_index.csv,,
2-8,1212,GLOBAL_REMOVAL,1,0.0,Cycle removed by removal_index.csv,,
2-8,1213,GLOBAL_REMOVAL,1,0.0,Cycle removed by removal_index.csv,,
2-8,1214,GLOBAL_REMOVAL,1,0.0,Cycle removed by removal_index.csv,,
2-8,1215,GLOBAL_REMOVAL,1,0.0,Cycle removed by removal_index.csv,,
2-8,1216,GLOBAL_REMOVAL,1,0.0,Cycle removed by removal_index.csv,,
2-8,1217,GLOBAL_REMOVAL,1,0.0,Cycle removed by removal_index.csv,,
2-8,1218,GLOBAL_REMOVAL,1,0.0,Cycle removed by removal_index.csv,,
2-8,1219,GLOBAL_REMOVAL,1,0.0,Cycle removed by removal_index.csv,,
2-8,1220,GLOBAL_REMOVAL,1,0.0,Cycle removed by removal_index.csv,,
2-8,1461,GLOBAL_REMOVAL,1,0.0,Cycle removed by removal_index.csv,,
2-8,1469,GLOBAL_REMOVAL,1,0.0,Cycle removed by removal_index.csv,,
2-8,1478,GLOBAL_REMOVAL,1,0.0,Cycle removed by removal_index.csv,,
3-1,1,GLOBAL_REMOVAL,1,0.0,Cycle removed by removal_index.csv,,
3-1,2,GLOBAL_REMOVAL,1,0.0,Cycle removed by removal_index.csv,,
3-1,5,GLOBAL_REMOVAL,1,0.0,Cycle removed by removal_index.csv,,
3-1,7,GLOBAL_REMOVAL,1,0.0,Cycle removed by removal_index.csv,,
3-1,9,GLOBAL_REMOVAL,1,0.0,Cycle removed by removal_index.csv,,
3-1,10,GLOBAL_REMOVAL,1,0.0,Cycle removed by removal_index.csv,,
3-1,11,GLOBAL_REMOVAL,1,0.0,Cycle removed by removal_index.csv,,
3-1,12,GLOBAL_REMOVAL,1,0.0,Cycle removed by removal_index.csv,,
3-1,13,GLOBAL_REMOVAL,1,0.0,Cycle removed by removal_index.csv,,
3-1,14,GLOBAL_REMOVAL,1,0.0,Cycle removed by removal_index.csv,,
3-1,15,GLOBAL_REMOVAL,1,0.0,Cycle removed by removal_index.csv,,
3-1,16,GLOBAL_REMOVAL,1,0.0,Cycle removed by removal_index.csv,,
3-1,18,GLOBAL_REMOVAL,1,0.0,Cycle removed by removal_index.csv,,
3-1,19,GLOBAL_REMOVAL,1,0.0,Cycle removed by removal_index.csv,,
3-1,21,GLOBAL_REMOVAL,1,0.0,Cycle removed by removal_index.csv,,
3-1,24,GLOBAL_REMOVAL,1,0.0,Cycle removed by removal_index.csv,,
3-1,753,GLOBAL_REMOVAL,1,0.0,Cycle removed by removal_index.csv,,
3-1,1777,GLOBAL_REMOVAL,1,0.0,Cycle removed by removal_index.csv,,
3-1,1808,GLOBAL_REMOVAL,1,0.0,Cycle removed by removal_index.csv,,
3-2,1,GLOBAL_REMOVAL,1,0.0,Cycle removed by removal_index.csv,,
3-2,2,GLOBAL_REMOVAL,1,0.0,Cycle removed by removal_index.csv,,
3-3,1,GLOBAL_REMOVAL,1,0.0,Cycle removed by removal_index.csv,,
3-3,2,GLOBAL_REMOVAL,1,0.0,Cycle removed by removal_index.csv,,
3-3,3,GLOBAL_REMOVAL,1,0.0,Cycle removed by removal_index.csv,,
3-3,5,GLOBAL_REMOVAL,1,0.0,Cycle removed by removal_index.csv,,
3-3,6,GLOBAL_REMOVAL,1,0.0,Cycle removed by removal_index.csv,,
3-3,9,GLOBAL_REMOVAL,1,0.0,Cycle removed by removal_index.csv,,
3-3,10,GLOBAL_REMOVAL,1,0.0,Cycle removed by removal_index.csv,,
3-3,11,GLOBAL_REMOVAL,1,0.0,Cycle removed by removal_index.csv,,
3-3,13,GLOBAL_REMOVAL,1,0.0,Cycle removed by removal_index.csv,,
3-3,15,GLOBAL_REMOVAL,1,0.0,Cycle removed by removal_index.csv,,
3-3,17,GLOBAL_REMOVAL,1,0.0,Cycle removed by removal_index.csv,,
3-3,18,GLOBAL_REMOVAL,1,0.0,Cycle removed by removal_index.csv,,
3-3,20,GLOBAL_REMOVAL,1,0.0,Cycle removed by removal_index.csv,,
3-3,22,GLOBAL_REMOVAL,1,0.0,Cycle removed by removal_index.csv,,
3-4,1761,GLOBAL_REMOVAL,1,0.0,Cycle removed by removal_index.csv,,
3-4,1762,GLOBAL_REMOVAL,1,0.0,Cycle removed by removal_index.csv,,
3-4,1763,GLOBAL_REMOVAL,1,0.0,Cycle removed by removal_index.csv,,
3-4,1764,GLOBAL_REMOVAL,1,0.0,Cycle removed by removal_index.csv,,
3-4,1765,GLOBAL_REMOVAL,1,0.0,Cycle removed by removal_index.csv,,
3-4,1766,GLOBAL_REMOVAL,1,0.0,Cycle removed by removal_index.csv,,
3-5,1,GLOBAL_REMOVAL,1,0.0,Cycle removed by removal_index.csv,,
3-5,2,GLOBAL_REMOVAL,1,0.0,Cycle removed by removal_index.csv,,
3-5,3,GLOBAL_REMOVAL,1,0.0,Cycle removed by removal_index.csv,,
3-5,4,GLOBAL_REMOVAL,1,0.0,Cycle removed by removal_index.csv,,
3-5,5,GLOBAL_REMOVAL,1,0.0,Cycle removed by removal_index.csv,,
3-5,6,GLOBAL_REMOVAL,1,0.0,Cycle removed by removal_index.csv,,
3-5,7,GLOBAL_REMOVAL,1,0.0,Cycle removed by removal_index.csv,,
3-5,8,GLOBAL_REMOVAL,1,0.0,Cycle removed by removal_index.csv,,
3-5,9,GLOBAL_REMOVAL,1,0.0,Cycle removed by removal_index.csv,,
3-5,10,GLOBAL_REMOVAL,1,0.0,Cycle removed by removal_index.csv,,
3-5,11,GLOBAL_REMOVAL,1,0.0,Cycle removed by removal_index.csv,,
3-5,12,GLOBAL_REMOVAL,1,0.0,Cycle removed by removal_index.csv,,
3-5,13,GLOBAL_REMOVAL,1,0.0,Cycle removed by removal_index.csv,,
3-5,14,GLOBAL_REMOVAL,1,0.0,Cycle removed by removal_index.csv,,
3-5,15,GLOBAL_REMOVAL,1,0.0,Cycle removed by removal_index.csv,,
3-5,16,GLOBAL_REMOVAL,1,0.0,Cycle removed by removal_index.csv,,
3-5,17,GLOBAL_REMOVAL,1,0.0,Cycle removed by removal_index.csv,,
3-5,18,GLOBAL_REMOVAL,1,0.0,Cycle removed by removal_index.csv,,
3-5,1929,GLOBAL_REMOVAL,1,0.0,Cycle removed by removal_index.csv,,
3-5,1930,GLOBAL_REMOVAL,1,0.0,Cycle removed by removal_index.csv,,
3-5,1931,GLOBAL_REMOVAL,1,0.0,Cycle removed by removal_index.csv,,
3-5,1932,GLOBAL_REMOVAL,1,0.0,Cycle removed by removal_index.csv,,
3-5,1933,GLOBAL_REMOVAL,1,0.0,Cycle removed by removal_index.csv,,
3-5,1938,GLOBAL_REMOVAL,1,0.0,Cycle removed by removal_index.csv,,
3-5,1939,GLOBAL_REMOVAL,1,0.0,Cycle removed by removal_index.csv,,
3-5,1940,GLOBAL_REMOVAL,1,0.0,Cycle removed by removal_index.csv,,
3-5,1941,GLOBAL_REMOVAL,1,0.0,Cycle removed by removal_index.csv,,
3-5,1942,GLOBAL_REMOVAL,1,0.0,Cycle removed by removal_index.csv,,
3-5,1943,GLOBAL_REMOVAL,1,0.0,Cycle removed by removal_index.csv,,
3-5,1944,GLOBAL_REMOVAL,1,0.0,Cycle removed by removal_index.csv,,
3-5,1945,GLOBAL_REMOVAL,1,0.0,Cycle removed by removal_index.csv,,
3-5,1946,GLOBAL_REMOVAL,1,0.0,Cycle removed by removal_index.csv,,
3-5,1947,GLOBAL_REMOVAL,1,0.0,Cycle removed by removal_index.csv,,
3-5,1948,GLOBAL_REMOVAL,1,0.0,Cycle removed by removal_index.csv,,
3-5,1949,GLOBAL_REMOVAL,1,0.0,Cycle removed by removal_index.csv,,
3-5,1950,GLOBAL_REMOVAL,1,0.0,Cycle removed by removal_index.csv,,
3-5,1951,GLOBAL_REMOVAL,1,0.0,Cycle removed by removal_index.csv,,
3-5,1952,GLOBAL_REMOVAL,1,0.0,Cycle removed by removal_index.csv,,
3-5,1953,GLOBAL_REMOVAL,1,0.0,Cycle removed by removal_index.csv,,
3-5,1954,GLOBAL_REMOVAL,1,0.0,Cycle removed by removal_index.csv,,
3-5,1955,GLOBAL_REMOVAL,1,0.0,Cycle removed by removal_index.csv,,
3-5,1956,GLOBAL_REMOVAL,1,0.0,Cycle removed by removal_index.csv,,
3-5,1957,GLOBAL_REMOVAL,1,0.0,Cycle removed by removal_index.csv,,
3-5,1958,GLOBAL_REMOVAL,1,0.0,Cycle removed by removal_index.csv,,
3-5,1959,GLOBAL_REMOVAL,1,0.0,Cycle removed by removal_index.csv,,
3-5,1960,GLOBAL_REMOVAL,1,0.0,Cycle removed by removal_index.csv,,
3-5,1961,GLOBAL_REMOVAL,1,0.0,Cycle removed by removal_index.csv,,
3-5,1962,GLOBAL_REMOVAL,1,0.0,Cycle removed by removal_index.csv,,
3-5,1963,GLOBAL_REMOVAL,1,0.0,Cycle removed by removal_index.csv,,
3-5,1964,GLOBAL_REMOVAL,1,0.0,Cycle removed by removal_index.csv,,
3-5,1965,GLOBAL_REMOVAL,1,0.0,Cycle removed by removal_index.csv,,
3-5,1966,GLOBAL_REMOVAL,1,0.0,Cycle removed by removal_index.csv,,
3-5,1967,GLOBAL_REMOVAL,1,0.0,Cycle removed by removal_index.csv,,
3-5,1968,GLOBAL_REMOVAL,1,0.0,Cycle removed by removal_index.csv,,
3-5,1969,GLOBAL_REMOVAL,1,0.0,Cycle removed by removal_index.csv,,
3-5,1970,GLOBAL_REMOVAL,1,0.0,Cycle removed by removal_index.csv,,
3-5,1971,GLOBAL_REMOVAL,1,0.0,Cycle removed by removal_index.csv,,
3-5,1972,GLOBAL_REMOVAL,1,0.0,Cycle removed by removal_index.csv,,
3-5,1973,GLOBAL_REMOVAL,1,0.0,Cycle removed by removal_index.csv,,
3-5,1974,GLOBAL_REMOVAL,1,0.0,Cycle removed by removal_index.csv,,
3-5,1975,GLOBAL_REMOVAL,1,0.0,Cycle removed by removal_index.csv,,
3-5,1976,GLOBAL_REMOVAL,1,0.0,Cycle removed by removal_index.csv,,
3-5,1977,GLOBAL_REMOVAL,1,0.0,Cycle removed by removal_index.csv,,
3-5,1978,GLOBAL_REMOVAL,1,0.0,Cycle removed by removal_index.csv,,
3-5,1979,GLOBAL_REMOVAL,1,0.0,Cycle removed by removal_index.csv,,
3-5,1980,GLOBAL_REMOVAL,1,0.0,Cycle removed by removal_index.csv,,
3-5,1981,GLOBAL_REMOVAL,1,0.0,Cycle removed by removal_index.csv,,
3-5,1982,GLOBAL_REMOVAL,1,0.0,Cycle removed by removal_index.csv,,
3-5,1983,GLOBAL_REMOVAL,1,0.0,Cycle removed by removal_index.csv,,
3-5,1984,GLOBAL_REMOVAL,1,0.0,Cycle removed by removal_index.csv,,
3-5,1985,GLOBAL_REMOVAL,1,0.0,Cycle removed by removal_index.csv,,
3-5,1986,GLOBAL_REMOVAL,1,0.0,Cycle removed by removal_index.csv,,
3-5,1987,GLOBAL_REMOVAL,1,0.0,Cycle removed by removal_index.csv,,
3-5,1988,GLOBAL_REMOVAL,1,0.0,Cycle removed by removal_index.csv,,
3-5,1989,GLOBAL_REMOVAL,1,0.0,Cycle removed by removal_index.csv,,
3-5,1990,GLOBAL_REMOVAL,1,0.0,Cycle removed by removal_index.csv,,
3-5,1991,GLOBAL_REMOVAL,1,0.0,Cycle removed by removal_index.csv,,
3-5,1992,GLOBAL_REMOVAL,1,0.0,Cycle removed by removal_index.csv,,
3-5,1993,GLOBAL_REMOVAL,1,0.0,Cycle removed by removal_index.csv,,
3-5,1994,GLOBAL_REMOVAL,1,0.0,Cycle removed by removal_index.csv,,
3-5,1995,GLOBAL_REMOVAL,1,0.0,Cycle removed by removal_index.csv,,
3-5,1996,GLOBAL_REMOVAL,1,0.0,Cycle removed by removal_index.csv,,
3-5,1997,GLOBAL_REMOVAL,1,0.0,Cycle removed by removal_index.csv,,
3-5,1998,GLOBAL_REMOVAL,1,0.0,Cycle removed by removal_index.csv,,
3-5,1999,GLOBAL_REMOVAL,1,0.0,Cycle removed by removal_index.csv,,
3-5,2000,GLOBAL_REMOVAL,1,0.0,Cycle removed by removal_index.csv,,
3-5,2001,GLOBAL_REMOVAL,1,0.0,Cycle removed by removal_index.csv,,
3-5,2002,GLOBAL_REMOVAL,1,0.0,Cycle removed by removal_index.csv,,
3-5,2003,GLOBAL_REMOVAL,1,0.0,Cycle removed by removal_index.csv,,
3-5,2004,GLOBAL_REMOVAL,1,0.0,Cycle removed by removal_index.csv,,
3-5,2005,GLOBAL_REMOVAL,1,0.0,Cycle removed by removal_index.csv,,
3-5,2006,GLOBAL_REMOVAL,1,0.0,Cycle removed by removal_index.csv,,
3-5,2007,GLOBAL_REMOVAL,1,0.0,Cycle removed by removal_index.csv,,
3-5,2008,GLOBAL_REMOVAL,1,0.0,Cycle removed by removal_index.csv,,
3-5,2009,GLOBAL_REMOVAL,1,0.0,Cycle removed by removal_index.csv,,
3-5,2010,GLOBAL_REMOVAL,1,0.0,Cycle removed by removal_index.csv,,
3-5,2011,GLOBAL_REMOVAL,1,0.0,Cycle removed by removal_index.csv,,
3-5,2012,GLOBAL_REMOVAL,1,0.0,Cycle removed by removal_index.csv,,
3-5,2013,GLOBAL_REMOVAL,1,0.0,Cycle removed by removal_index.csv,,
3-5,2014,GLOBAL_REMOVAL,1,0.0,Cycle removed by removal_index.csv,,
3-5,2015,GLOBAL_REMOVAL,1,0.0,Cycle removed by removal_index.csv,,
3-5,2016,GLOBAL_REMOVAL,1,0.0,Cycle removed by removal_index.csv,,
3-5,2017,GLOBAL_REMOVAL,1,0.0,Cycle removed by removal_index.csv,,
3-5,2018,GLOBAL_REMOVAL,1,0.0,Cycle removed by removal_index.csv,,
3-5,2019,GLOBAL_REMOVAL,1,0.0,Cycle removed by removal_index.csv,,
3-5,2020,GLOBAL_REMOVAL,1,0.0,Cycle removed by removal_index.csv,,
3-5,2021,GLOBAL_REMOVAL,1,0.0,Cycle removed by removal_index.csv,,
3-5,2022,GLOBAL_REMOVAL,1,0.0,Cycle removed by removal_index.csv,,
3-5,2023,GLOBAL_REMOVAL,1,0.0,Cycle removed by removal_index.csv,,
3-5,2024,GLOBAL_REMOVAL,1,0.0,Cycle removed by removal_index.csv,,
3-5,2025,GLOBAL_REMOVAL,1,0.0,Cycle removed by removal_index.csv,,
3-5,2026,GLOBAL_REMOVAL,1,0.0,Cycle removed by removal_index.csv,,
3-5,2027,GLOBAL_REMOVAL,1,0.0,Cycle removed by removal_index.csv,,
3-5,2028,GLOBAL_REMOVAL,1,0.0,Cycle removed by removal_index.csv,,
3-5,2029,GLOBAL_REMOVAL,1,0.0,Cycle removed by removal_index.csv,,
3-5,2030,GLOBAL_REMOVAL,1,0.0,Cycle removed by removal_index.csv,,
3-5,2031,GLOBAL_REMOVAL,1,0.0,Cycle removed by removal_index.csv,,
3-5,2032,GLOBAL_REMOVAL,1,0.0,Cycle removed by removal_index.csv,,
3-5,2033,GLOBAL_REMOVAL,1,0.0,Cycle removed by removal_index.csv,,
3-5,2034,GLOBAL_REMOVAL,1,0.0,Cycle removed by removal_index.csv,,
3-5,2035,GLOBAL_REMOVAL,1,0.0,Cycle removed by removal_index.csv,,
3-5,2036,GLOBAL_REMOVAL,1,0.0,Cycle removed by removal_index.csv,,
3-5,2037,GLOBAL_REMOVAL,1,0.0,Cycle removed by removal_index.csv,,
3-5,2038,GLOBAL_REMOVAL,1,0.0,Cycle removed by removal_index.csv,,
3-5,2039,GLOBAL_REMOVAL,1,0.0,Cycle removed by removal_index.csv,,
3-5,2040,GLOBAL_REMOVAL,1,0.0,Cycle removed by removal_index.csv,,
3-5,2041,GLOBAL_REMOVAL,1,0.0,Cycle removed by removal_index.csv,,
3-5,2042,GLOBAL_REMOVAL,1,0.0,Cycle removed by removal_index.csv,,
3-5,2043,GLOBAL_REMOVAL,1,0.0,Cycle removed by removal_index.csv,,
3-5,2044,GLOBAL_REMOVAL,1,0.0,Cycle removed by removal_index.csv,,
3-5,2045,GLOBAL_REMOVAL,1,0.0,Cycle removed by removal_index.csv,,
3-5,2046,GLOBAL_REMOVAL,1,0.0,Cycle removed by removal_index.csv,,
3-5,2047,GLOBAL_REMOVAL,1,0.0,Cycle removed by removal_index.csv,,
3-5,2048,GLOBAL_REMOVAL,1,0.0,Cycle removed by removal_index.csv,,
3-5,2049,GLOBAL_REMOVAL,1,0.0,Cycle removed by removal_index.csv,,
3-5,2050,GLOBAL_REMOVAL,1,0.0,Cycle removed by removal_index.csv,,
3-5,2051,GLOBAL_REMOVAL,1,0.0,Cycle removed by removal_index.csv,,
3-5,2052,GLOBAL_REMOVAL,1,0.0,Cycle removed by removal_index.csv,,
3-5,2053,GLOBAL_REMOVAL,1,0.0,Cycle removed by removal_index.csv,,
3-5,2054,GLOBAL_REMOVAL,1,0.0,Cycle removed by removal_index.csv,,
3-5,2055,GLOBAL_REMOVAL,1,0.0,Cycle removed by removal_index.csv,,
3-5,2056,GLOBAL_REMOVAL,1,0.0,Cycle removed by removal_index.csv,,
3-5,2057,GLOBAL_REMOVAL,1,0.0,Cycle removed by removal_index.csv,,
3-5,2058,GLOBAL_REMOVAL,1,0.0,Cycle removed by removal_index.csv,,
3-5,2059,GLOBAL_REMOVAL,1,0.0,Cycle removed by removal_index.csv,,
3-5,2060,GLOBAL_REMOVAL,1,0.0,Cycle removed by removal_index.csv,,
3-5,2061,GLOBAL_REMOVAL,1,0.0,Cycle removed by removal_index.csv,,
3-5,2062,GLOBAL_REMOVAL,1,0.0,Cycle removed by removal_index.csv,,
3-5,2063,GLOBAL_REMOVAL,1,0.0,Cycle removed by removal_index.csv,,
3-5,2064,GLOBAL_REMOVAL,1,0.0,Cycle removed by removal_index.csv,,
3-5,2065,GLOBAL_REMOVAL,1,0.0,Cycle removed by removal_index.csv,,
3-5,2066,GLOBAL_REMOVAL,1,0.0,Cycle removed by removal_index.csv,,
3-5,2067,GLOBAL_REMOVAL,1,0.0,Cycle removed by removal_index.csv,,
3-5,2068,GLOBAL_REMOVAL,1,0.0,Cycle removed by removal_index.csv,,
3-5,2069,GLOBAL_REMOVAL,1,0.0,Cycle removed by removal_index.csv,,
3-5,2070,GLOBAL_REMOVAL,1,0.0,Cycle removed by removal_index.csv,,
3-5,2071,GLOBAL_REMOVAL,1,0.0,Cycle removed by removal_index.csv,,
3-5,2072,GLOBAL_REMOVAL,1,0.0,Cycle removed by removal_index.csv,,
3-5,2073,GLOBAL_REMOVAL,1,0.0,Cycle removed by removal_index.csv,,
3-5,2074,GLOBAL_REMOVAL,1,0.0,Cycle removed by removal_index.csv,,
3-5,2075,GLOBAL_REMOVAL,1,0.0,Cycle removed by removal_index.csv,,
3-5,2076,GLOBAL_REMOVAL,1,0.0,Cycle removed by removal_index.csv,,
3-5,2077,GLOBAL_REMOVAL,1,0.0,Cycle removed by removal_index.csv,,
3-5,2078,GLOBAL_REMOVAL,1,0.0,Cycle removed by removal_index.csv,,
3-5,2079,GLOBAL_REMOVAL,1,0.0,Cycle removed by removal_index.csv,,
3-5,2491,GLOBAL_REMOVAL,1,0.0,Cycle removed by removal_index.csv,,
3-5,2492,GLOBAL_REMOVAL,1,0.0,Cycle removed by removal_index.csv,,
3-5,2531,GLOBAL_REMOVAL,1,0.0,Cycle removed by removal_index.csv,,
3-5,2537,GLOBAL_REMOVAL,1,0.0,Cycle removed by removal_index.csv,,
3-5,2548,GLOBAL_REMOVAL,1,0.0,Cycle removed by removal_index.csv,,
3-5,2562,GLOBAL_REMOVAL,1,0.0,Cycle removed by removal_index.csv,,
3-5,2563,GLOBAL_REMOVAL,1,0.0,Cycle removed by removal_index.csv,,
3-5,2564,GLOBAL_REMOVAL,1,0.0,Cycle removed by removal_index.csv,,
3-5,2581,GLOBAL_REMOVAL,1,0.0,Cycle removed by removal_index.csv,,
3-5,2582,GLOBAL_REMOVAL,1,0.0,Cycle removed by removal_index.csv,,
3-5,2590,GLOBAL_REMOVAL,1,0.0,Cycle removed by removal_index.csv,,
3-5,2591,GLOBAL_REMOVAL,1,0.0,Cycle removed by removal_index.csv,,
3-5,2592,GLOBAL_REMOVAL,1,0.0,Cycle removed by removal_index.csv,,
3-5,2593,GLOBAL_REMOVAL,1,0.0,Cycle removed by removal_index.csv,,
3-5,2594,GLOBAL_REMOVAL,1,0.0,Cycle removed by removal_index.csv,,
3-5,2595,GLOBAL_REMOVAL,1,0.0,Cycle removed by removal_index.csv,,
3-5,2596,GLOBAL_REMOVAL,1,0.0,Cycle removed by removal_index.csv,,
3-5,2597,GLOBAL_REMOVAL,1,0.0,Cycle removed by removal_index.csv,,
3-5,2598,GLOBAL_REMOVAL,1,0.0,Cycle removed by removal_index.csv,,
3-5,2599,GLOBAL_REMOVAL,1,0.0,Cycle removed by removal_index.csv,,
3-5,2601,GLOBAL_REMOVAL,1,0.0,Cycle removed by removal_index.csv,,
3-5,2603,GLOBAL_REMOVAL,1,0.0,Cycle removed by removal_index.csv,,
3-5,2611,GLOBAL_REMOVAL,1,0.0,Cycle removed by removal_index.csv,,
3-5,2615,GLOBAL_REMOVAL,1,0.0,Cycle removed by removal_index.csv,,
3-5,2616,GLOBAL_REMOVAL,1,0.0,Cycle removed by removal_index.csv,,
3-5,2618,GLOBAL_REMOVAL,1,0.0,Cycle removed by removal_index.csv,,
3-5,2621,GLOBAL_REMOVAL,1,0.0,Cycle removed by removal_index.csv,,
3-5,2630,GLOBAL_REMOVAL,1,0.0,Cycle removed by removal_index.csv,,
3-5,2631,GLOBAL_REMOVAL,1,0.0,Cycle removed by removal_index.csv,,
3-5,2632,GLOBAL_REMOVAL,1,0.0,Cycle removed by removal_index.csv,,
3-5,2634,GLOBAL_REMOVAL,1,0.0,Cycle removed by removal_index.csv,,
3-5,2649,GLOBAL_REMOVAL,1,0.0,Cycle removed by removal_index.csv,,
3-5,2650,GLOBAL_REMOVAL,1,0.0,Cycle removed by removal_index.csv,,
3-5,2651,GLOBAL_REMOVAL,1,0.0,Cycle removed by removal_index.csv,,
3-5,2653,GLOBAL_REMOVAL,1,0.0,Cycle removed by removal_index.csv,,
3-5,2654,GLOBAL_REMOVAL,1,0.0,Cycle removed by removal_index.csv,,
3-5,2655,GLOBAL_REMOVAL,1,0.0,Cycle removed by removal_index.csv,,
3-5,2656,GLOBAL_REMOVAL,1,0.0,Cycle removed by removal_index.csv,,
3-5,2657,GLOBAL_REMOVAL,1,0.0,Cycle removed by removal_index.csv,,
3-6,1,GLOBAL_REMOVAL,1,0.0,Cycle removed by removal_index.csv,,
3-6,2,GLOBAL_REMOVAL,1,0.0,Cycle removed by removal_index.csv,,
3-6,3,GLOBAL_REMOVAL,1,0.0,Cycle removed by removal_index.csv,,
3-6,1667,GLOBAL_REMOVAL,1,0.0,Cycle removed by removal_index.csv,,
3-6,1700,GLOBAL_REMOVAL,1,0.0,Cycle removed by removal_index.csv,,
3-6,1728,GLOBAL_REMOVAL,1,0.0,Cycle removed by removal_index.csv,,
3-6,1741,GLOBAL_REMOVAL,1,0.0,Cycle removed by removal_index.csv,,
3-6,1742,GLOBAL_REMOVAL,1,0.0,Cycle removed by removal_index.csv,,
3-6,1757,GLOBAL_REMOVAL,1,0.0,Cycle removed by removal_index.csv,,
3-6,1901,GLOBAL_REMOVAL,1,0.0,Cycle removed by removal_index.csv,,
3-6,1921,GLOBAL_REMOVAL,1,0.0,Cycle removed by removal_index.csv,,
3-6,1942,GLOBAL_REMOVAL,1,0.0,Cycle removed by removal_index.csv,,
3-6,1959,GLOBAL_REMOVAL,1,0.0,Cycle removed by removal_index.csv,,
3-6,2057,GLOBAL_REMOVAL,1,0.0,Cycle removed by removal_index.csv,,
3-6,2146,GLOBAL_REMOVAL,1,0.0,Cycle removed by removal_index.csv,,
3-6,2223,GLOBAL_REMOVAL,1,0.0,Cycle removed by removal_index.csv,,
3-6,2261,GLOBAL_REMOVAL,1,0.0,Cycle removed by removal_index.csv,,
3-6,2266,GLOBAL_REMOVAL,1,0.0,Cycle removed by removal_index.csv,,
3-6,2352,GLOBAL_REMOVAL,1,0.0,Cycle removed by removal_index.csv,,
3-6,2353,GLOBAL_REMOVAL,1,0.0,Cycle removed by removal_index.csv,,
3-6,2354,GLOBAL_REMOVAL,1,0.0,Cycle removed by removal_index.csv,,
3-6,2355,GLOBAL_REMOVAL,1,0.0,Cycle removed by removal_index.csv,,
3-6,2356,GLOBAL_REMOVAL,1,0.0,Cycle removed by removal_index.csv,,
3-6,2357,GLOBAL_REMOVAL,1,0.0,Cycle removed by removal_index.csv,,
3-6,2358,GLOBAL_REMOVAL,1,0.0,Cycle removed by removal_index.csv,,
3-6,2359,GLOBAL_REMOVAL,1,0.0,Cycle removed by removal_index.csv,,
3-6,2360,GLOBAL_REMOVAL,1,0.0,Cycle removed by removal_index.csv,,
3-6,2361,GLOBAL_REMOVAL,1,0.0,Cycle removed by removal_index.csv,,
3-6,2362,GLOBAL_REMOVAL,1,0.0,Cycle removed by removal_index.csv,,
3-6,2363,GLOBAL_REMOVAL,1,0.0,Cycle removed by removal_index.csv,,
3-6,2364,GLOBAL_REMOVAL,1,0.0,Cycle removed by removal_index.csv,,
3-6,2365,GLOBAL_REMOVAL,1,0.0,Cycle removed by removal_index.csv,,
3-6,2366,GLOBAL_REMOVAL,1,0.0,Cycle removed by removal_index.csv,,
3-6,2367,GLOBAL_REMOVAL,1,0.0,Cycle removed by removal_index.csv,,
3-6,2368,GLOBAL_REMOVAL,1,0.0,Cycle removed by removal_index.csv,,
3-6,2369,GLOBAL_REMOVAL,1,0.0,Cycle removed by removal_index.csv,,
3-6,2370,GLOBAL_REMOVAL,1,0.0,Cycle removed by removal_index.csv,,
3-6,2371,GLOBAL_REMOVAL,1,0.0,Cycle removed by removal_index.csv,,
3-6,2372,GLOBAL_REMOVAL,1,0.0,Cycle removed by removal_index.csv,,
3-6,2373,GLOBAL_REMOVAL,1,0.0,Cycle removed by removal_index.csv,,
3-6,2374,GLOBAL_REMOVAL,1,0.0,Cycle removed by removal_index.csv,,
3-6,2375,GLOBAL_REMOVAL,1,0.0,Cycle removed by removal_index.csv,,
3-6,2376,GLOBAL_REMOVAL,1,0.0,Cycle removed by removal_index.csv,,
3-6,2377,GLOBAL_REMOVAL,1,0.0,Cycle removed by removal_index.csv,,
3-6,2378,GLOBAL_REMOVAL,1,0.0,Cycle removed by removal_index.csv,,
3-6,2379,GLOBAL_REMOVAL,1,0.0,Cycle removed by removal_index.csv,,
3-6,2380,GLOBAL_REMOVAL,1,0.0,Cycle removed by removal_index.csv,,
3-6,2381,GLOBAL_REMOVAL,1,0.0,Cycle removed by removal_index.csv,,
3-6,2382,GLOBAL_REMOVAL,1,0.0,Cycle removed by removal_index.csv,,
3-6,2383,GLOBAL_REMOVAL,1,0.0,Cycle removed by removal_index.csv,,
3-6,2384,GLOBAL_REMOVAL,1,0.0,Cycle removed by removal_index.csv,,
3-6,2385,GLOBAL_REMOVAL,1,0.0,Cycle removed by removal_index.csv,,
3-6,2386,GLOBAL_REMOVAL,1,0.0,Cycle removed by removal_index.csv,,
3-6,2387,GLOBAL_REMOVAL,1,0.0,Cycle removed by removal_index.csv,,
3-6,2388,GLOBAL_REMOVAL,1,0.0,Cycle removed by removal_index.csv,,
3-6,2389,GLOBAL_REMOVAL,1,0.0,Cycle removed by removal_index.csv,,
3-6,2390,GLOBAL_REMOVAL,1,0.0,Cycle removed by removal_index.csv,,
3-6,2391,GLOBAL_REMOVAL,1,0.0,Cycle removed by removal_index.csv,,
3-6,2392,GLOBAL_REMOVAL,1,0.0,Cycle removed by removal_index.csv,,
3-6,2393,GLOBAL_REMOVAL,1,0.0,Cycle removed by removal_index.csv,,
3-6,2394,GLOBAL_REMOVAL,1,0.0,Cycle removed by removal_index.csv,,
3-6,2395,GLOBAL_REMOVAL,1,0.0,Cycle removed by removal_index.csv,,
3-6,2396,GLOBAL_REMOVAL,1,0.0,Cycle removed by removal_index.csv,,
3-6,2397,GLOBAL_REMOVAL,1,0.0,Cycle removed by removal_index.csv,,
3-6,2398,GLOBAL_REMOVAL,1,0.0,Cycle removed by removal_index.csv,,
3-6,2399,GLOBAL_REMOVAL,1,0.0,Cycle removed by removal_index.csv,,
3-6,2400,GLOBAL_REMOVAL,1,0.0,Cycle removed by removal_index.csv,,
3-6,2401,GLOBAL_REMOVAL,1,0.0,Cycle removed by removal_index.csv,,
3-6,2402,GLOBAL_REMOVAL,1,0.0,Cycle removed by removal_index.csv,,
3-6,2403,GLOBAL_REMOVAL,1,0.0,Cycle removed by removal_index.csv,,
3-6,2404,GLOBAL_REMOVAL,1,0.0,Cycle removed by removal_index.csv,,
3-6,2405,GLOBAL_REMOVAL,1,0.0,Cycle removed by removal_index.csv,,
3-6,2406,GLOBAL_REMOVAL,1,0.0,Cycle removed by removal_index.csv,,
3-6,2407,GLOBAL_REMOVAL,1,0.0,Cycle removed by removal_index.csv,,
3-6,2408,GLOBAL_REMOVAL,1,0.0,Cycle removed by removal_index.csv,,
3-6,2409,GLOBAL_REMOVAL,1,0.0,Cycle removed by removal_index.csv,,
3-6,2410,GLOBAL_REMOVAL,1,0.0,Cycle removed by removal_index.csv,,
3-6,2411,GLOBAL_REMOVAL,1,0.0,Cycle removed by removal_index.csv,,
3-6,2412,GLOBAL_REMOVAL,1,0.0,Cycle removed by removal_index.csv,,
3-6,2413,GLOBAL_REMOVAL,1,0.0,Cycle removed by removal_index.csv,,
3-6,2414,GLOBAL_REMOVAL,1,0.0,Cycle removed by removal_index.csv,,
3-6,2415,GLOBAL_REMOVAL,1,0.0,Cycle removed by removal_index.csv,,
3-6,2416,GLOBAL_REMOVAL,1,0.0,Cycle removed by removal_index.csv,,
3-6,2417,GLOBAL_REMOVAL,1,0.0,Cycle removed by removal_index.csv,,
3-6,2418,GLOBAL_REMOVAL,1,0.0,Cycle removed by removal_index.csv,,
3-6,2419,GLOBAL_REMOVAL,1,0.0,Cycle removed by removal_index.csv,,
3-6,2420,GLOBAL_REMOVAL,1,0.0,Cycle removed by removal_index.csv,,
3-6,2421,GLOBAL_REMOVAL,1,0.0,Cycle removed by removal_index.csv,,
3-6,2422,GLOBAL_REMOVAL,1,0.0,Cycle removed by removal_index.csv,,
3-6,2423,GLOBAL_REMOVAL,1,0.0,Cycle removed by removal_index.csv,,
3-6,2424,GLOBAL_REMOVAL,1,0.0,Cycle removed by removal_index.csv,,
3-6,2425,GLOBAL_REMOVAL,1,0.0,Cycle removed by removal_index.csv,,
3-6,2426,GLOBAL_REMOVAL,1,0.0,Cycle removed by removal_index.csv,,
3-6,2427,GLOBAL_REMOVAL,1,0.0,Cycle removed by removal_index.csv,,
3-6,2428,GLOBAL_REMOVAL,1,0.0,Cycle removed by removal_index.csv,,
3-6,2429,GLOBAL_REMOVAL,1,0.0,Cycle removed by removal_index.csv,,
3-6,2430,GLOBAL_REMOVAL,1,0.0,Cycle removed by removal_index.csv,,
3-6,2431,GLOBAL_REMOVAL,1,0.0,Cycle removed by removal_index.csv,,
3-6,2432,GLOBAL_REMOVAL,1,0.0,Cycle removed by removal_index.csv,,
3-6,2433,GLOBAL_REMOVAL,1,0.0,Cycle removed by removal_index.csv,,
3-6,2434,GLOBAL_REMOVAL,1,0.0,Cycle removed by removal_index.csv,,
3-6,2435,GLOBAL_REMOVAL,1,0.0,Cycle removed by removal_index.csv,,
3-6,2436,GLOBAL_REMOVAL,1,0.0,Cycle removed by removal_index.csv,,
3-6,2437,GLOBAL_REMOVAL,1,0.0,Cycle removed by removal_index.csv,,
3-6,2438,GLOBAL_REMOVAL,1,0.0,Cycle removed by removal_index.csv,,
3-6,2439,GLOBAL_REMOVAL,1,0.0,Cycle removed by removal_index.csv,,
3-6,2440,GLOBAL_REMOVAL,1,0.0,Cycle removed by removal_index.csv,,
3-6,2441,GLOBAL_REMOVAL,1,0.0,Cycle removed by removal_index.csv,,
3-6,2442,GLOBAL_REMOVAL,1,0.0,Cycle removed by removal_index.csv,,
3-6,2443,GLOBAL_REMOVAL,1,0.0,Cycle removed by removal_index.csv,,
3-6,2444,GLOBAL_REMOVAL,1,0.0,Cycle removed by removal_index.csv,,
3-6,2445,GLOBAL_REMOVAL,1,0.0,Cycle removed by removal_index.csv,,
3-6,2446,GLOBAL_REMOVAL,1,0.0,Cycle removed by removal_index.csv,,
3-6,2447,GLOBAL_REMOVAL,1,0.0,Cycle removed by removal_index.csv,,
3-6,2448,GLOBAL_REMOVAL,1,0.0,Cycle removed by removal_index.csv,,
3-6,2449,GLOBAL_REMOVAL,1,0.0,Cycle removed by removal_index.csv,,
3-6,2450,GLOBAL_REMOVAL,1,0.0,Cycle removed by removal_index.csv,,
3-6,2451,GLOBAL_REMOVAL,1,0.0,Cycle removed by removal_index.csv,,
3-6,2452,GLOBAL_REMOVAL,1,0.0,Cycle removed by removal_index.csv,,
3-6,2453,GLOBAL_REMOVAL,1,0.0,Cycle removed by removal_index.csv,,
3-6,2454,GLOBAL_REMOVAL,1,0.0,Cycle removed by removal_index.csv,,
3-6,2455,GLOBAL_REMOVAL,1,0.0,Cycle removed by removal_index.csv,,
3-6,2456,GLOBAL_REMOVAL,1,0.0,Cycle removed by removal_index.csv,,
3-6,2457,GLOBAL_REMOVAL,1,0.0,Cycle removed by removal_index.csv,,
3-6,2458,GLOBAL_REMOVAL,1,0.0,Cycle removed by removal_index.csv,,
3-6,2459,GLOBAL_REMOVAL,1,0.0,Cycle removed by removal_index.csv,,
3-6,2460,GLOBAL_REMOVAL,1,0.0,Cycle removed by removal_index.csv,,
3-6,2461,GLOBAL_REMOVAL,1,0.0,Cycle removed by removal_index.csv,,
3-6,2462,GLOBAL_REMOVAL,1,0.0,Cycle removed by removal_index.csv,,
3-6,2463,GLOBAL_REMOVAL,1,0.0,Cycle removed by removal_index.csv,,
3-6,2464,GLOBAL_REMOVAL,1,0.0,Cycle removed by removal_index.csv,,
3-6,2465,GLOBAL_REMOVAL,1,0.0,Cycle removed by removal_index.csv,,
3-6,2466,GLOBAL_REMOVAL,1,0.0,Cycle removed by removal_index.csv,,
3-6,2467,GLOBAL_REMOVAL,1,0.0,Cycle removed by removal_index.csv,,
3-6,2468,GLOBAL_REMOVAL,1,0.0,Cycle removed by removal_index.csv,,
3-6,2469,GLOBAL_REMOVAL,1,0.0,Cycle removed by removal_index.csv,,
3-6,2470,GLOBAL_REMOVAL,1,0.0,Cycle removed by removal_index.csv,,
3-6,2471,GLOBAL_REMOVAL,1,0.0,Cycle removed by removal_index.csv,,
3-6,2472,GLOBAL_REMOVAL,1,0.0,Cycle removed by removal_index.csv,,
3-6,2473,GLOBAL_REMOVAL,1,0.0,Cycle removed by removal_index.csv,,
3-6,2474,GLOBAL_REMOVAL,1,0.0,Cycle removed by removal_index.csv,,
3-6,2475,GLOBAL_REMOVAL,1,0.0,Cycle removed by removal_index.csv,,
3-6,2476,GLOBAL_REMOVAL,1,0.0,Cycle removed by removal_index.csv,,
3-6,2477,GLOBAL_REMOVAL,1,0.0,Cycle removed by removal_index.csv,,
3-6,2478,GLOBAL_REMOVAL,1,0.0,Cycle removed by removal_index.csv,,
3-6,2479,GLOBAL_REMOVAL,1,0.0,Cycle removed by removal_index.csv,,
3-6,2480,GLOBAL_REMOVAL,1,0.0,Cycle removed by removal_index.csv,,
3-6,2481,GLOBAL_REMOVAL,1,0.0,Cycle removed by removal_index.csv,,
3-6,2482,GLOBAL_REMOVAL,1,0.0,Cycle removed by removal_index.csv,,
3-6,2483,GLOBAL_REMOVAL,1,0.0,Cycle removed by removal_index.csv,,
3-6,2484,GLOBAL_REMOVAL,1,0.0,Cycle removed by removal_index.csv,,
3-6,2485,GLOBAL_REMOVAL,1,0.0,Cycle removed by removal_index.csv,,
3-6,2486,GLOBAL_REMOVAL,1,0.0,Cycle removed by removal_index.csv,,
3-6,2487,GLOBAL_REMOVAL,1,0.0,Cycle removed by removal_index.csv,,
3-6,2488,GLOBAL_REMOVAL,1,0.0,Cycle removed by removal_index.csv,,
3-6,2489,GLOBAL_REMOVAL,1,0.0,Cycle removed by removal_index.csv,,
3-6,2490,GLOBAL_REMOVAL,1,0.0,Cycle removed by removal_index.csv,,
3-6,2491,GLOBAL_REMOVAL,1,0.0,Cycle removed by removal_index.csv,,
3-7,1,GLOBAL_REMOVAL,1,0.0,Cycle removed by removal_index.csv,,
3-7,2337,GLOBAL_REMOVAL,1,0.0,Cycle removed by removal_index.csv,,
3-7,2341,GLOBAL_REMOVAL,1,0.0,Cycle removed by removal_index.csv,,
3-7,2347,GLOBAL_REMOVAL,1,0.0,Cycle removed by removal_index.csv,,
3-7,2348,GLOBAL_REMOVAL,1,0.0,Cycle removed by removal_index.csv,,
3-7,2407,GLOBAL_REMOVAL,1,0.0,Cycle removed by removal_index.csv,,
3-7,2408,GLOBAL_REMOVAL,1,0.0,Cycle removed by removal_index.csv,,
3-7,2409,GLOBAL_REMOVAL,1,0.0,Cycle removed by removal_index.csv,,
3-7,2410,GLOBAL_REMOVAL,1,0.0,Cycle removed by removal_index.csv,,
3-7,2411,GLOBAL_REMOVAL,1,0.0,Cycle removed by removal_index.csv,,
3-7,2412,GLOBAL_REMOVAL,1,0.0,Cycle removed by removal_index.csv,,
3-7,2413,GLOBAL_REMOVAL,1,0.0,Cycle removed by removal_index.csv,,
3-7,2414,GLOBAL_REMOVAL,1,0.0,Cycle removed by removal_index.csv,,
3-7,2454,GLOBAL_REMOVAL,1,0.0,Cycle removed by removal_index.csv,,
3-7,2459,GLOBAL_REMOVAL,1,0.0,Cycle removed by removal_index.csv,,
3-7,2463,GLOBAL_REMOVAL,1,0.0,Cycle removed by removal_index.csv,,
3-7,2472,GLOBAL_REMOVAL,1,0.0,Cycle removed by removal_index.csv,,
3-7,2473,GLOBAL_REMOVAL,1,0.0,Cycle removed by removal_index.csv,,
3-7,2474,GLOBAL_REMOVAL,1,0.0,Cycle removed by removal_index.csv,,
3-7,2475,GLOBAL_REMOVAL,1,0.0,Cycle removed by removal_index.csv,,
3-7,2476,GLOBAL_REMOVAL,1,0.0,Cycle removed by removal_index.csv,,
3-7,2477,GLOBAL_REMOVAL,1,0.0,Cycle removed by removal_index.csv,,
3-7,2478,GLOBAL_REMOVAL,1,0.0,Cycle removed by removal_index.csv,,
3-7,2479,GLOBAL_REMOVAL,1,0.0,Cycle removed by removal_index.csv,,
3-8,1,GLOBAL_REMOVAL,1,0.0,Cycle removed by removal_index.csv,,
3-8,2,GLOBAL_REMOVAL,1,0.0,Cycle removed by removal_index.csv,,
3-8,3,GLOBAL_REMOVAL,1,0.0,Cycle removed by removal_index.csv,,
3-8,4,GLOBAL_REMOVAL,1,0.0,Cycle removed by removal_index.csv,,
3-8,5,GLOBAL_REMOVAL,1,0.0,Cycle removed by removal_index.csv,,
3-8,14,GLOBAL_REMOVAL,1,0.0,Cycle removed by removal_index.csv,,
3-8,16,GLOBAL_REMOVAL,1,0.0,Cycle removed by removal_index.csv,,
3-8,18,GLOBAL_REMOVAL,1,0.0,Cycle removed by removal_index.csv,,
3-8,21,GLOBAL_REMOVAL,1,0.0,Cycle removed by removal_index.csv,,
3-8,2243,GLOBAL_REMOVAL,1,0.0,Cycle removed by removal_index.csv,,
3-8,2306,GLOBAL_REMOVAL,1,0.0,Cycle removed by removal_index.csv,,
3-8,2307,GLOBAL_REMOVAL,1,0.0,Cycle removed by removal_index.csv,,
3-8,2308,GLOBAL_REMOVAL,1,0.0,Cycle removed by removal_index.csv,,
3-8,2309,GLOBAL_REMOVAL,1,0.0,Cycle removed by removal_index.csv,,
3-8,2310,GLOBAL_REMOVAL,1,0.0,Cycle removed by removal_index.csv,,
3-8,2311,GLOBAL_REMOVAL,1,0.0,Cycle removed by removal_index.csv,,
3-8,2313,GLOBAL_REMOVAL,1,0.0,Cycle removed by removal_index.csv,,
3-8,2336,GLOBAL_REMOVAL,1,0.0,Cycle removed by removal_index.csv,,
3-8,2337,GLOBAL_REMOVAL,1,0.0,Cycle removed by removal_index.csv,,
3-8,2338,GLOBAL_REMOVAL,1,0.0,Cycle removed by removal_index.csv,,
3-8,2339,GLOBAL_REMOVAL,1,0.0,Cycle removed by removal_index.csv,,
3-8,2340,GLOBAL_REMOVAL,1,0.0,Cycle removed by removal_index.csv,,
3-8,2341,GLOBAL_REMOVAL,1,0.0,Cycle removed by removal_index.csv,,
3-8,2342,GLOBAL_REMOVAL,1,0.0,Cycle removed by removal_index.csv,,
4-1,1,GLOBAL_REMOVAL,1,0.0,Cycle removed by removal_index.csv,,
4-1,30,GLOBAL_REMOVAL,1,0.0,Cycle removed by removal_index.csv,,
4-1,46,GLOBAL_REMOVAL,1,0.0,Cycle removed by removal_index.csv,,
4-1,61,GLOBAL_REMOVAL,1,0.0,Cycle removed by removal_index.csv,,
4-1,63,GLOBAL_REMOVAL,1,0.0,Cycle removed by removal_index.csv,,
4-1,64,GLOBAL_REMOVAL,1,0.0,Cycle removed by removal_index.csv,,
4-1,65,GLOBAL_REMOVAL,1,0.0,Cycle removed by removal_index.csv,,
4-1,66,GLOBAL_REMOVAL,1,0.0,Cycle removed by removal_index.csv,,
4-1,67,GLOBAL_REMOVAL,1,0.0,Cycle removed by removal_index.csv,,
4-1,68,GLOBAL_REMOVAL,1,0.0,Cycle removed by removal_index.csv,,
4-1,69,GLOBAL_REMOVAL,1,0.0,Cycle removed by removal_index.csv,,
4-1,70,GLOBAL_REMOVAL,1,0.0,Cycle removed by removal_index.csv,,
4-1,71,GLOBAL_REMOVAL,1,0.0,Cycle removed by removal_index.csv,,
4-1,72,GLOBAL_REMOVAL,1,0.0,Cycle removed by removal_index.csv,,
4-1,73,GLOBAL_REMOVAL,1,0.0,Cycle removed by removal_index.csv,,
4-1,74,GLOBAL_REMOVAL,1,0.0,Cycle removed by removal_index.csv,,
4-1,75,GLOBAL_REMOVAL,1,0.0,Cycle removed by removal_index.csv,,
4-1,76,GLOBAL_REMOVAL,1,0.0,Cycle removed by removal_index.csv,,
4-1,77,GLOBAL_REMOVAL,1,0.0,Cycle removed by removal_index.csv,,
4-1,78,GLOBAL_REMOVAL,1,0.0,Cycle removed by removal_index.csv,,
4-1,79,GLOBAL_REMOVAL,1,0.0,Cycle removed by removal_index.csv,,
4-1,80,GLOBAL_REMOVAL,1,0.0,Cycle removed by removal_index.csv,,
4-1,81,GLOBAL_REMOVAL,1,0.0,Cycle removed by removal_index.csv,,
4-1,82,GLOBAL_REMOVAL,1,0.0,Cycle removed by removal_index.csv,,
4-1,83,GLOBAL_REMOVAL,1,0.0,Cycle removed by removal_index.csv,,
4-1,84,GLOBAL_REMOVAL,1,0.0,Cycle removed by removal_index.csv,,
4-1,86,GLOBAL_REMOVAL,1,0.0,Cycle removed by removal_index.csv,,
4-1,87,GLOBAL_REMOVAL,1,0.0,Cycle removed by removal_index.csv,,
4-1,88,GLOBAL_REMOVAL,1,0.0,Cycle removed by removal_index.csv,,
4-1,89,GLOBAL_REMOVAL,1,0.0,Cycle removed by removal_index.csv,,
4-1,90,GLOBAL_REMOVAL,1,0.0,Cycle removed by removal_index.csv,,
4-1,91,GLOBAL_REMOVAL,1,0.0,Cycle removed by removal_index.csv,,
4-1,93,GLOBAL_REMOVAL,1,0.0,Cycle removed by removal_index.csv,,
4-1,94,GLOBAL_REMOVAL,1,0.0,Cycle removed by removal_index.csv,,
4-1,95,GLOBAL_REMOVAL,1,0.0,Cycle removed by removal_index.csv,,
4-1,96,GLOBAL_REMOVAL,1,0.0,Cycle removed by removal_index.csv,,
4-1,97,GLOBAL_REMOVAL,1,0.0,Cycle removed by removal_index.csv,,
4-1,98,GLOBAL_REMOVAL,1,0.0,Cycle removed by removal_index.csv,,
4-1,99,GLOBAL_REMOVAL,1,0.0,Cycle removed by removal_index.csv,,
4-1,104,GLOBAL_REMOVAL,1,0.0,Cycle removed by removal_index.csv,,
4-1,105,GLOBAL_REMOVAL,1,0.0,Cycle removed by removal_index.csv,,
4-1,108,GLOBAL_REMOVAL,1,0.0,Cycle removed by removal_index.csv,,
4-1,109,GLOBAL_REMOVAL,1,0.0,Cycle removed by removal_index.csv,,
4-1,113,GLOBAL_REMOVAL,1,0.0,Cycle removed by removal_index.csv,,
4-1,114,GLOBAL_REMOVAL,1,0.0,Cycle removed by removal_index.csv,,
4-1,117,GLOBAL_REMOVAL,1,0.0,Cycle removed by removal_index.csv,,
4-1,122,GLOBAL_REMOVAL,1,0.0,Cycle removed by removal_index.csv,,
4-1,123,GLOBAL_REMOVAL,1,0.0,Cycle removed by removal_index.csv,,
4-1,127,GLOBAL_REMOVAL,1,0.0,Cycle removed by removal_index.csv,,
4-1,129,GLOBAL_REMOVAL,1,0.0,Cycle removed by removal_index.csv,,
4-1,132,GLOBAL_REMOVAL,1,0.0,Cycle removed by removal_index.csv,,
4-1,135,GLOBAL_REMOVAL,1,0.0,Cycle removed by removal_index.csv,,
4-1,138,GLOBAL_REMOVAL,1,0.0,Cycle removed by removal_index.csv,,
4-1,141,GLOBAL_REMOVAL,1,0.0,Cycle removed by removal_index.csv,,
4-1,144,GLOBAL_REMOVAL,1,0.0,Cycle removed by removal_index.csv,,
4-1,146,GLOBAL_REMOVAL,1,0.0,Cycle removed by removal_index.csv,,
4-1,147,GLOBAL_REMOVAL,1,0.0,Cycle removed by removal_index.csv,,
4-1,150,GLOBAL_REMOVAL,1,0.0,Cycle removed by removal_index.csv,,
4-1,153,GLOBAL_REMOVAL,1,0.0,Cycle removed by removal_index.csv,,
4-1,156,GLOBAL_REMOVAL,1,0.0,Cycle removed by removal_index.csv,,
4-1,161,GLOBAL_REMOVAL,1,0.0,Cycle removed by removal_index.csv,,
4-1,162,GLOBAL_REMOVAL,1,0.0,Cycle removed by removal_index.csv,,
4-1,170,GLOBAL_REMOVAL,1,0.0,Cycle removed by removal_index.csv,,
4-1,215,GLOBAL_REMOVAL,1,0.0,Cycle removed by removal_index.csv,,
4-1,224,GLOBAL_REMOVAL,1,0.0,Cycle removed by removal_index.csv,,
4-1,289,GLOBAL_REMOVAL,1,0.0,Cycle removed by removal_index.csv,,
4-1,291,GLOBAL_REMOVAL,1,0.0,Cycle removed by removal_index.csv,,
4-1,292,GLOBAL_REMOVAL,1,0.0,Cycle removed by removal_index.csv,,
4-1,293,GLOBAL_REMOVAL,1,0.0,Cycle removed by removal_index.csv,,
4-1,294,GLOBAL_REMOVAL,1,0.0,Cycle removed by removal_index.csv,,
4-1,295,GLOBAL_REMOVAL,1,0.0,Cycle removed by removal_index.csv,,
4-1,296,GLOBAL_REMOVAL,1,0.0,Cycle removed by removal_index.csv,,
4-1,297,GLOBAL_REMOVAL,1,0.0,Cycle removed by removal_index.csv,,
4-1,298,GLOBAL_REMOVAL,1,0.0,Cycle removed by removal_index.csv,,
4-1,299,GLOBAL_REMOVAL,1,0.0,Cycle removed by removal_index.csv,,
4-1,300,GLOBAL_REMOVAL,1,0.0,Cycle removed by removal_index.csv,,
4-1,301,GLOBAL_REMOVAL,1,0.0,Cycle removed by removal_index.csv,,
4-1,302,GLOBAL_REMOVAL,1,0.0,Cycle removed by removal_index.csv,,
4-1,303,GLOBAL_REMOVAL,1,0.0,Cycle removed by removal_index.csv,,
4-1,304,GLOBAL_REMOVAL,1,0.0,Cycle removed by removal_index.csv,,
4-1,305,GLOBAL_REMOVAL,1,0.0,Cycle removed by removal_index.csv,,
4-1,306,GLOBAL_REMOVAL,1,0.0,Cycle removed by removal_index.csv,,
4-1,307,GLOBAL_REMOVAL,1,0.0,Cycle removed by removal_index.csv,,
4-1,308,GLOBAL_REMOVAL,1,0.0,Cycle removed by removal_index.csv,,
4-1,309,GLOBAL_REMOVAL,1,0.0,Cycle removed by removal_index.csv,,
4-1,310,GLOBAL_REMOVAL,1,0.0,Cycle removed by removal_index.csv,,
4-1,311,GLOBAL_REMOVAL,1,0.0,Cycle removed by removal_index.csv,,
4-1,312,GLOBAL_REMOVAL,1,0.0,Cycle removed by removal_index.csv,,
4-1,313,GLOBAL_REMOVAL,1,0.0,Cycle removed by removal_index.csv,,
4-1,314,GLOBAL_REMOVAL,1,0.0,Cycle removed by removal_index.csv,,
4-1,315,GLOBAL_REMOVAL,1,0.0,Cycle removed by removal_index.csv,,
4-1,316,GLOBAL_REMOVAL,1,0.0,Cycle removed by removal_index.csv,,
4-1,317,GLOBAL_REMOVAL,1,0.0,Cycle removed by removal_index.csv,,
4-1,318,GLOBAL_REMOVAL,1,0.0,Cycle removed by removal_index.csv,,
4-1,319,GLOBAL_REMOVAL,1,0.0,Cycle removed by removal_index.csv,,
4-1,320,GLOBAL_REMOVAL,1,0.0,Cycle removed by removal_index.csv,,
4-1,321,GLOBAL_REMOVAL,1,0.0,Cycle removed by removal_index.csv,,
4-1,322,GLOBAL_REMOVAL,1,0.0,Cycle removed by removal_index.csv,,
4-1,323,GLOBAL_REMOVAL,1,0.0,Cycle removed by removal_index.csv,,
4-1,324,GLOBAL_REMOVAL,1,0.0,Cycle removed by removal_index.csv,,
4-1,325,GLOBAL_REMOVAL,1,0.0,Cycle removed by removal_index.csv,,
4-1,326,GLOBAL_REMOVAL,1,0.0,Cycle removed by removal_index.csv,,
4-1,327,GLOBAL_REMOVAL,1,0.0,Cycle removed by removal_index.csv,,
4-1,328,GLOBAL_REMOVAL,1,0.0,Cycle removed by removal_index.csv,,
4-1,329,GLOBAL_REMOVAL,1,0.0,Cycle removed by removal_index.csv,,
4-1,334,GLOBAL_REMOVAL,1,0.0,Cycle removed by removal_index.csv,,
4-1,336,GLOBAL_REMOVAL,1,0.0,Cycle removed by removal_index.csv,,
4-1,338,GLOBAL_REMOVAL,1,0.0,Cycle removed by removal_index.csv,,
4-1,339,GLOBAL_REMOVAL,1,0.0,Cycle removed by removal_index.csv,,
4-1,340,GLOBAL_REMOVAL,1,0.0,Cycle removed by removal_index.csv,,
4-1,341,GLOBAL_REMOVAL,1,0.0,Cycle removed by removal_index.csv,,
4-1,342,GLOBAL_REMOVAL,1,0.0,Cycle removed by removal_index.csv,,
4-1,343,GLOBAL_REMOVAL,1,0.0,Cycle removed by removal_index.csv,,
4-1,344,GLOBAL_REMOVAL,1,0.0,Cycle removed by removal_index.csv,,
4-1,345,GLOBAL_REMOVAL,1,0.0,Cycle removed by removal_index.csv,,
4-1,346,GLOBAL_REMOVAL,1,0.0,Cycle removed by removal_index.csv,,
4-1,347,GLOBAL_REMOVAL,1,0.0,Cycle removed by removal_index.csv,,
4-1,348,GLOBAL_REMOVAL,1,0.0,Cycle removed by removal_index.csv,,
4-1,349,GLOBAL_REMOVAL,1,0.0,Cycle removed by removal_index.csv,,
4-1,350,GLOBAL_REMOVAL,1,0.0,Cycle removed by removal_index.csv,,
4-1,351,GLOBAL_REMOVAL,1,0.0,Cycle removed by removal_index.csv,,
4-1,352,GLOBAL_REMOVAL,1,0.0,Cycle removed by removal_index.csv,,
4-1,353,GLOBAL_REMOVAL,1,0.0,Cycle removed by removal_index.csv,,
4-1,354,GLOBAL_REMOVAL,1,0.0,Cycle removed by removal_index.csv,,
4-1,355,GLOBAL_REMOVAL,1,0.0,Cycle removed by removal_index.csv,,
4-1,368,GLOBAL_REMOVAL,1,0.0,Cycle removed by removal_index.csv,,
4-1,369,GLOBAL_REMOVAL,1,0.0,Cycle removed by removal_index.csv,,
4-1,370,GLOBAL_REMOVAL,1,0.0,Cycle removed by removal_index.csv,,
4-1,371,GLOBAL_REMOVAL,1,0.0,Cycle removed by removal_index.csv,,
4-1,372,GLOBAL_REMOVAL,1,0.0,Cycle removed by removal_index.csv,,
4-1,373,GLOBAL_REMOVAL,1,0.0,Cycle removed by removal_index.csv,,
4-1,374,GLOBAL_REMOVAL,1,0.0,Cycle removed by removal_index.csv,,
4-1,375,GLOBAL_REMOVAL,1,0.0,Cycle removed by removal_index.csv,,
4-1,376,GLOBAL_REMOVAL,1,0.0,Cycle removed by removal_index.csv,,
4-1,377,GLOBAL_REMOVAL,1,0.0,Cycle removed by removal_index.csv,,
4-1,378,GLOBAL_REMOVAL,1,0.0,Cycle removed by removal_index.csv,,
4-1,379,GLOBAL_REMOVAL,1,0.0,Cycle removed by removal_index.csv,,
4-1,380,GLOBAL_REMOVAL,1,0.0,Cycle removed by removal_index.csv,,
4-1,381,GLOBAL_REMOVAL,1,0.0,Cycle removed by removal_index.csv,,
4-1,382,GLOBAL_REMOVAL,1,0.0,Cycle removed by removal_index.csv,,
4-1,383,GLOBAL_REMOVAL,1,0.0,Cycle removed by removal_index.csv,,
4-1,384,GLOBAL_REMOVAL,1,0.0,Cycle removed by removal_index.csv,,
4-1,385,GLOBAL_REMOVAL,1,0.0,Cycle removed by removal_index.csv,,
4-1,407,GLOBAL_REMOVAL,1,0.0,Cycle removed by removal_index.csv,,
4-1,408,GLOBAL_REMOVAL,1,0.0,Cycle removed by removal_index.csv,,
4-1,411,GLOBAL_REMOVAL,1,0.0,Cycle removed by removal_index.csv,,
4-1,412,GLOBAL_REMOVAL,1,0.0,Cycle removed by removal_index.csv,,
4-1,413,GLOBAL_REMOVAL,1,0.0,Cycle removed by removal_index.csv,,
4-1,421,GLOBAL_REMOVAL,1,0.0,Cycle removed by removal_index.csv,,
4-1,442,GLOBAL_REMOVAL,1,0.0,Cycle removed by removal_index.csv,,
4-1,640,GLOBAL_REMOVAL,1,0.0,Cycle removed by removal_index.csv,,
4-1,659,GLOBAL_REMOVAL,1,0.0,Cycle removed by removal_index.csv,,
4-1,696,GLOBAL_REMOVAL,1,0.0,Cycle removed by removal_index.csv,,
4-1,701,GLOBAL_REMOVAL,1,0.0,Cycle removed by removal_index.csv,,
4-1,727,GLOBAL_REMOVAL,1,0.0,Cycle removed by removal_index.csv,,
4-1,786,GLOBAL_REMOVAL,1,0.0,Cycle removed by removal_index.csv,,
4-1,853,GLOBAL_REMOVAL,1,0.0,Cycle removed by removal_index.csv,,
4-1,874,GLOBAL_REMOVAL,1,0.0,Cycle removed by removal_index.csv,,
4-1,942,GLOBAL_REMOVAL,1,0.0,Cycle removed by removal_index.csv,,
4-1,949,GLOBAL_REMOVAL,1,0.0,Cycle removed by removal_index.csv,,
4-1,970,GLOBAL_REMOVAL,1,0.0,Cycle removed by removal_index.csv,,
4-1,996,GLOBAL_REMOVAL,1,0.0,Cycle removed by removal_index.csv,,
4-1,1067,GLOBAL_REMOVAL,1,0.0,Cycle removed by removal_index.csv,,
4-1,1159,GLOBAL_REMOVAL,1,0.0,Cycle removed by removal_index.csv,,
4-1,1162,GLOBAL_REMOVAL,1,0.0,Cycle removed by removal_index.csv,,
4-1,1166,GLOBAL_REMOVAL,1,0.0,Cycle removed by removal_index.csv,,
4-1,1172,GLOBAL_REMOVAL,1,0.0,Cycle removed by removal_index.csv,,
4-1,1241,GLOBAL_REMOVAL,1,0.0,Cycle removed by removal_index.csv,,
4-1,1261,GLOBAL_REMOVAL,1,0.0,Cycle removed by removal_index.csv,,
4-1,1564,GLOBAL_REMOVAL,1,0.0,Cycle removed by removal_index.csv,,
4-1,1894,GLOBAL_REMOVAL,1,0.0,Cycle removed by removal_index.csv,,
4-1,1902,GLOBAL_REMOVAL,1,0.0,Cycle removed by removal_index.csv,,
4-1,1941,GLOBAL_REMOVAL,1,0.0,Cycle removed by removal_index.csv,,
4-1,1945,GLOBAL_REMOVAL,1,0.0,Cycle removed by removal_index.csv,,
4-1,1946,GLOBAL_REMOVAL,1,0.0,Cycle removed by removal_index.csv,,
4-1,1950,GLOBAL_REMOVAL,1,0.0,Cycle removed by removal_index.csv,,
4-1,1963,GLOBAL_REMOVAL,1,0.0,Cycle removed by removal_index.csv,,
4-1,1969,GLOBAL_REMOVAL,1,0.0,Cycle removed by removal_index.csv,,
4-1,1983,GLOBAL_REMOVAL,1,0.0,Cycle removed by removal_index.csv,,
4-1,1988,GLOBAL_REMOVAL,1,0.0,Cycle removed by removal_index.csv,,
4-1,1996,GLOBAL_REMOVAL,1,0.0,Cycle removed by removal_index.csv,,
4-1,1998,GLOBAL_REMOVAL,1,0.0,Cycle removed by removal_index.csv,,
4-1,2006,GLOBAL_REMOVAL,1,0.0,Cycle removed by removal_index.csv,,
4-1,2016,GLOBAL_REMOVAL,1,0.0,Cycle removed by removal_index.csv,,
4-1,2017,GLOBAL_REMOVAL,1,0.0,Cycle removed by removal_index.csv,,
4-1,2035,GLOBAL_REMOVAL,1,0.0,Cycle removed by removal_index.csv,,
4-1,2041,GLOBAL_REMOVAL,1,0.0,Cycle removed by removal_index.csv,,
4-1,2050,GLOBAL_REMOVAL,1,0.0,Cycle removed by removal_index.csv,,
4-1,2054,GLOBAL_REMOVAL,1,0.0,Cycle removed by removal_index.csv,,
4-1,2061,GLOBAL_REMOVAL,1,0.0,Cycle removed by removal_index.csv,,
4-1,2067,GLOBAL_REMOVAL,1,0.0,Cycle removed by removal_index.csv,,
4-1,2069,GLOBAL_REMOVAL,1,0.0,Cycle removed by removal_index.csv,,
4-1,2071,GLOBAL_REMOVAL,1,0.0,Cycle removed by removal_index.csv,,
4-1,2074,GLOBAL_REMOVAL,1,0.0,Cycle removed by removal_index.csv,,
4-1,2090,GLOBAL_REMOVAL,1,0.0,Cycle removed by removal_index.csv,,
4-1,2091,GLOBAL_REMOVAL,1,0.0,Cycle removed by removal_index.csv,,
4-1,2093,GLOBAL_REMOVAL,1,0.0,Cycle removed by removal_index.csv,,
4-1,2098,GLOBAL_REMOVAL,1,0.0,Cycle removed by removal_index.csv,,
4-1,2103,GLOBAL_REMOVAL,1,0.0,Cycle removed by removal_index.csv,,
4-1,2104,GLOBAL_REMOVAL,1,0.0,Cycle removed by removal_index.csv,,
4-1,2108,GLOBAL_REMOVAL,1,0.0,Cycle removed by removal_index.csv,,
4-1,2110,GLOBAL_REMOVAL,1,0.0,Cycle removed by removal_index.csv,,
4-1,2112,GLOBAL_REMOVAL,1,0.0,Cycle removed by removal_index.csv,,
4-1,2119,GLOBAL_REMOVAL,1,0.0,Cycle removed by removal_index.csv,,
4-1,2126,GLOBAL_REMOVAL,1,0.0,Cycle removed by removal_index.csv,,
4-1,2127,GLOBAL_REMOVAL,1,0.0,Cycle removed by removal_index.csv,,
4-1,2128,GLOBAL_REMOVAL,1,0.0,Cycle removed by removal_index.csv,,
4-1,2146,GLOBAL_REMOVAL,1,0.0,Cycle removed by removal_index.csv,,
4-1,2151,GLOBAL_REMOVAL,1,0.0,Cycle removed by removal_index.csv,,
4-1,2154,GLOBAL_REMOVAL,1,0.0,Cycle removed by removal_index.csv,,
4-1,2155,GLOBAL_REMOVAL,1,0.0,Cycle removed by removal_index.csv,,
4-1,2165,GLOBAL_REMOVAL,1,0.0,Cycle removed by removal_index.csv,,
4-1,2176,GLOBAL_REMOVAL,1,0.0,Cycle removed by removal_index.csv,,
4-1,2181,GLOBAL_REMOVAL,1,0.0,Cycle removed by removal_index.csv,,
4-1,2184,GLOBAL_REMOVAL,1,0.0,Cycle removed by removal_index.csv,,
4-1,2185,GLOBAL_REMOVAL,1,0.0,Cycle removed by removal_index.csv,,
4-1,2186,GLOBAL_REMOVAL,1,0.0,Cycle removed by removal_index.csv,,
4-1,2187,GLOBAL_REMOVAL,1,0.0,Cycle removed by removal_index.csv,,
4-1,2188,GLOBAL_REMOVAL,1,0.0,Cycle removed by removal_index.csv,,
4-1,2189,GLOBAL_REMOVAL,1,0.0,Cycle removed by removal_index.csv,,
4-1,2193,GLOBAL_REMOVAL,1,0.0,Cycle removed by removal_index.csv,,
4-1,2195,GLOBAL_REMOVAL,1,0.0,Cycle removed by removal_index.csv,,
4-1,2196,GLOBAL_REMOVAL,1,0.0,Cycle removed by removal_index.csv,,
4-1,2197,GLOBAL_REMOVAL,1,0.0,Cycle removed by removal_index.csv,,
4-1,2198,GLOBAL_REMOVAL,1,0.0,Cycle removed by removal_index.csv,,
4-1,2199,GLOBAL_REMOVAL,1,0.0,Cycle removed by removal_index.csv,,
4-1,2200,GLOBAL_REMOVAL,1,0.0,Cycle removed by removal_index.csv,,
4-1,2201,GLOBAL_REMOVAL,1,0.0,Cycle removed by removal_index.csv,,
4-1,2202,GLOBAL_REMOVAL,1,0.0,Cycle removed by removal_index.csv,,
4-1,2203,GLOBAL_REMOVAL,1,0.0,Cycle removed by removal_index.csv,,
4-1,2204,GLOBAL_REMOVAL,1,0.0,Cycle removed by removal_index.csv,,
4-1,2205,GLOBAL_REMOVAL,1,0.0,Cycle removed by removal_index.csv,,
4-1,2206,GLOBAL_REMOVAL,1,0.0,Cycle removed by removal_index.csv,,
4-1,2207,GLOBAL_REMOVAL,1,0.0,Cycle removed by removal_index.csv,,
4-1,2208,GLOBAL_REMOVAL,1,0.0,Cycle removed by removal_index.csv,,
4-1,2209,GLOBAL_REMOVAL,1,0.0,Cycle removed by removal_index.csv,,
4-1,2210,GLOBAL_REMOVAL,1,0.0,Cycle removed by removal_index.csv,,
4-1,2211,GLOBAL_REMOVAL,1,0.0,Cycle removed by removal_index.csv,,
4-1,2212,GLOBAL_REMOVAL,1,0.0,Cycle removed by removal_index.csv,,
4-1,2213,GLOBAL_REMOVAL,1,0.0,Cycle removed by removal_index.csv,,
4-1,2214,GLOBAL_REMOVAL,1,0.0,Cycle removed by removal_index.csv,,
4-1,2215,GLOBAL_REMOVAL,1,0.0,Cycle removed by removal_index.csv,,
4-1,2216,GLOBAL_REMOVAL,1,0.0,Cycle removed by removal_index.csv,,
4-1,2217,GLOBAL_REMOVAL,1,0.0,Cycle removed by removal_index.csv,,
4-2,1,GLOBAL_REMOVAL,1,0.0,Cycle removed by removal_index.csv,,
4-2,2,GLOBAL_REMOVAL,1,0.0,Cycle removed by removal_index.csv,,
4-2,3,GLOBAL_REMOVAL,1,0.0,Cycle removed by removal_index.csv,,
4-2,4,GLOBAL_REMOVAL,1,0.0,Cycle removed by removal_index.csv,,
4-2,5,GLOBAL_REMOVAL,1,0.0,Cycle removed by removal_index.csv,,
4-2,8,GLOBAL_REMOVAL,1,0.0,Cycle removed by removal_index.csv,,
4-2,9,GLOBAL_REMOVAL,1,0.0,Cycle removed by removal_index.csv,,
4-2,10,GLOBAL_REMOVAL,1,0.0,Cycle removed by removal_index.csv,,
4-2,11,GLOBAL_REMOVAL,1,0.0,Cycle removed by removal_index.csv,,
4-2,12,GLOBAL_REMOVAL,1,0.0,Cycle removed by removal_index.csv,,
4-2,13,GLOBAL_REMOVAL,1,0.0,Cycle removed by removal_index.csv,,
4-2,14,GLOBAL_REMOVAL,1,0.0,Cycle removed by removal_index.csv,,
4-2,15,GLOBAL_REMOVAL,1,0.0,Cycle removed by removal_index.csv,,
4-2,16,GLOBAL_REMOVAL,1,0.0,Cycle removed by removal_index.csv,,
4-2,17,GLOBAL_REMOVAL,1,0.0,Cycle removed by removal_index.csv,,
4-2,18,GLOBAL_REMOVAL,1,0.0,Cycle removed by removal_index.csv,,
4-2,19,GLOBAL_REMOVAL,1,0.0,Cycle removed by removal_index.csv,,
4-2,20,GLOBAL_REMOVAL,1,0.0,Cycle removed by removal_index.csv,,
4-2,21,GLOBAL_REMOVAL,1,0.0,Cycle removed by removal_index.csv,,
4-2,22,GLOBAL_REMOVAL,1,0.0,Cycle removed by removal_index.csv,,
4-2,23,GLOBAL_REMOVAL,1,0.0,Cycle removed by removal_index.csv,,
4-2,24,GLOBAL_REMOVAL,1,0.0,Cycle removed by removal_index.csv,,
4-2,25,GLOBAL_REMOVAL,1,0.0,Cycle removed by removal_index.csv,,
4-2,26,GLOBAL_REMOVAL,1,0.0,Cycle removed by removal_index.csv,,
4-2,27,GLOBAL_REMOVAL,1,0.0,Cycle removed by removal_index.csv,,
4-2,28,GLOBAL_REMOVAL,1,0.0,Cycle removed by removal_index.csv,,
4-2,29,GLOBAL_REMOVAL,1,0.0,Cycle removed by removal_index.csv,,
4-2,30,GLOBAL_REMOVAL,1,0.0,Cycle removed by removal_index.csv,,
4-2,31,GLOBAL_REMOVAL,1,0.0,Cycle removed by removal_index.csv,,
4-2,32,GLOBAL_REMOVAL,1,0.0,Cycle removed by removal_index.csv,,
4-2,33,GLOBAL_REMOVAL,1,0.0,Cycle removed by removal_index.csv,,
4-2,34,GLOBAL_REMOVAL,1,0.0,Cycle removed by removal_index.csv,,
4-2,35,GLOBAL_REMOVAL,1,0.0,Cycle removed by removal_index.csv,,
4-2,36,GLOBAL_REMOVAL,1,0.0,Cycle removed by removal_index.csv,,
4-2,37,GLOBAL_REMOVAL,1,0.0,Cycle removed by removal_index.csv,,
4-2,38,GLOBAL_REMOVAL,1,0.0,Cycle removed by removal_index.csv,,
4-2,39,GLOBAL_REMOVAL,1,0.0,Cycle removed by removal_index.csv,,
4-2,40,GLOBAL_REMOVAL,1,0.0,Cycle removed by removal_index.csv,,
4-2,41,GLOBAL_REMOVAL,1,0.0,Cycle removed by removal_index.csv,,
4-2,42,GLOBAL_REMOVAL,1,0.0,Cycle removed by removal_index.csv,,
4-2,43,GLOBAL_REMOVAL,1,0.0,Cycle removed by removal_index.csv,,
4-2,44,GLOBAL_REMOVAL,1,0.0,Cycle removed by removal_index.csv,,
4-2,45,GLOBAL_REMOVAL,1,0.0,Cycle removed by removal_index.csv,,
4-2,46,GLOBAL_REMOVAL,1,0.0,Cycle removed by removal_index.csv,,
4-2,47,GLOBAL_REMOVAL,1,0.0,Cycle removed by removal_index.csv,,
4-2,48,GLOBAL_REMOVAL,1,0.0,Cycle removed by removal_index.csv,,
4-2,49,GLOBAL_REMOVAL,1,0.0,Cycle removed by removal_index.csv,,
4-2,50,GLOBAL_REMOVAL,1,0.0,Cycle removed by removal_index.csv,,
4-2,51,GLOBAL_REMOVAL,1,0.0,Cycle removed by removal_index.csv,,
4-2,52,GLOBAL_REMOVAL,1,0.0,Cycle removed by removal_index.csv,,
4-2,53,GLOBAL_REMOVAL,1,0.0,Cycle removed by removal_index.csv,,
4-2,54,GLOBAL_REMOVAL,1,0.0,Cycle removed by removal_index.csv,,
4-2,55,GLOBAL_REMOVAL,1,0.0,Cycle removed by removal_index.csv,,
4-2,56,GLOBAL_REMOVAL,1,0.0,Cycle removed by removal_index.csv,,
4-2,57,GLOBAL_REMOVAL,1,0.0,Cycle removed by removal_index.csv,,
4-2,58,GLOBAL_REMOVAL,1,0.0,Cycle removed by removal_index.csv,,
4-2,59,GLOBAL_REMOVAL,1,0.0,Cycle removed by removal_index.csv,,
4-2,60,GLOBAL_REMOVAL,1,0.0,Cycle removed by removal_index.csv,,
4-2,61,GLOBAL_REMOVAL,1,0.0,Cycle removed by removal_index.csv,,
4-2,62,GLOBAL_REMOVAL,1,0.0,Cycle removed by removal_index.csv,,
4-2,63,GLOBAL_REMOVAL,1,0.0,Cycle removed by removal_index.csv,,
4-2,64,GLOBAL_REMOVAL,1,0.0,Cycle removed by removal_index.csv,,
4-2,65,GLOBAL_REMOVAL,1,0.0,Cycle removed by removal_index.csv,,
4-2,66,GLOBAL_REMOVAL,1,0.0,Cycle removed by removal_index.csv,,
4-2,67,GLOBAL_REMOVAL,1,0.0,Cycle removed by removal_index.csv,,
4-2,68,GLOBAL_REMOVAL,1,0.0,Cycle removed by removal_index.csv,,
4-2,69,GLOBAL_REMOVAL,1,0.0,Cycle removed by removal_index.csv,,
4-2,70,GLOBAL_REMOVAL,1,0.0,Cycle removed by removal_index.csv,,
4-2,71,GLOBAL_REMOVAL,1,0.0,Cycle removed by removal_index.csv,,
4-2,72,GLOBAL_REMOVAL,1,0.0,Cycle removed by removal_index.csv,,
4-2,73,GLOBAL_REMOVAL,1,0.0,Cycle removed by removal_index.csv,,
4-2,74,GLOBAL_REMOVAL,1,0.0,Cycle removed by removal_index.csv,,
4-2,75,GLOBAL_REMOVAL,1,0.0,Cycle removed by removal_index.csv,,
4-2,76,GLOBAL_REMOVAL,1,0.0,Cycle removed by removal_index.csv,,
4-2,77,GLOBAL_REMOVAL,1,0.0,Cycle removed by removal_index.csv,,
4-2,78,GLOBAL_REMOVAL,1,0.0,Cycle removed by removal_index.csv,,
4-2,79,GLOBAL_REMOVAL,1,0.0,Cycle removed by removal_index.csv,,
4-2,80,GLOBAL_REMOVAL,1,0.0,Cycle removed by removal_index.csv,,
4-2,81,GLOBAL_REMOVAL,1,0.0,Cycle removed by removal_index.csv,,
4-2,82,GLOBAL_REMOVAL,1,0.0,Cycle removed by removal_index.csv,,
4-2,83,GLOBAL_REMOVAL,1,0.0,Cycle removed by removal_index.csv,,
4-2,84,GLOBAL_REMOVAL,1,0.0,Cycle removed by removal_index.csv,,
4-2,85,GLOBAL_REMOVAL,1,0.0,Cycle removed by removal_index.csv,,
4-2,86,GLOBAL_REMOVAL,1,0.0,Cycle removed by removal_index.csv,,
4-2,87,GLOBAL_REMOVAL,1,0.0,Cycle removed by removal_index.csv,,
4-2,88,GLOBAL_REMOVAL,1,0.0,Cycle removed by removal_index.csv,,
4-2,89,GLOBAL_REMOVAL,1,0.0,Cycle removed by removal_index.csv,,
4-2,90,GLOBAL_REMOVAL,1,0.0,Cycle removed by removal_index.csv,,
4-2,91,GLOBAL_REMOVAL,1,0.0,Cycle removed by removal_index.csv,,
4-2,92,GLOBAL_REMOVAL,1,0.0,Cycle removed by removal_index.csv,,
4-2,93,GLOBAL_REMOVAL,1,0.0,Cycle removed by removal_index.csv,,
4-2,94,GLOBAL_REMOVAL,1,0.0,Cycle removed by removal_index.csv,,
4-2,95,GLOBAL_REMOVAL,1,0.0,Cycle removed by removal_index.csv,,
4-2,96,GLOBAL_REMOVAL,1,0.0,Cycle removed by removal_index.csv,,
4-2,97,GLOBAL_REMOVAL,1,0.0,Cycle removed by removal_index.csv,,
4-2,98,GLOBAL_REMOVAL,1,0.0,Cycle removed by removal_index.csv,,
4-2,99,GLOBAL_REMOVAL,1,0.0,Cycle removed by removal_index.csv,,
4-2,100,GLOBAL_REMOVAL,1,0.0,Cycle removed by removal_index.csv,,
4-2,101,GLOBAL_REMOVAL,1,0.0,Cycle removed by removal_index.csv,,
4-2,102,GLOBAL_REMOVAL,1,0.0,Cycle removed by removal_index.csv,,
4-2,103,GLOBAL_REMOVAL,1,0.0,Cycle removed by removal_index.csv,,
4-2,104,GLOBAL_REMOVAL,1,0.0,Cycle removed by removal_index.csv,,
4-2,105,GLOBAL_REMOVAL,1,0.0,Cycle removed by removal_index.csv,,
4-2,106,GLOBAL_REMOVAL,1,0.0,Cycle removed by removal_index.csv,,
4-2,107,GLOBAL_REMOVAL,1,0.0,Cycle removed by removal_index.csv,,
4-2,108,GLOBAL_REMOVAL,1,0.0,Cycle removed by removal_index.csv,,
4-2,109,GLOBAL_REMOVAL,1,0.0,Cycle removed by removal_index.csv,,
4-2,110,GLOBAL_REMOVAL,1,0.0,Cycle removed by removal_index.csv,,
4-2,111,GLOBAL_REMOVAL,1,0.0,Cycle removed by removal_index.csv,,
4-2,112,GLOBAL_REMOVAL,1,0.0,Cycle removed by removal_index.csv,,
4-2,113,GLOBAL_REMOVAL,1,0.0,Cycle removed by removal_index.csv,,
4-2,114,GLOBAL_REMOVAL,1,0.0,Cycle removed by removal_index.csv,,
4-2,115,GLOBAL_REMOVAL,1,0.0,Cycle removed by removal_index.csv,,
4-2,116,GLOBAL_REMOVAL,1,0.0,Cycle removed by removal_index.csv,,
4-2,117,GLOBAL_REMOVAL,1,0.0,Cycle removed by removal_index.csv,,
4-2,118,GLOBAL_REMOVAL,1,0.0,Cycle removed by removal_index.csv,,
4-2,119,GLOBAL_REMOVAL,1,0.0,Cycle removed by removal_index.csv,,
4-2,120,GLOBAL_REMOVAL,1,0.0,Cycle removed by removal_index.csv,,
4-2,121,GLOBAL_REMOVAL,1,0.0,Cycle removed by removal_index.csv,,
4-2,122,GLOBAL_REMOVAL,1,0.0,Cycle removed by removal_index.csv,,
4-2,123,GLOBAL_REMOVAL,1,0.0,Cycle removed by removal_index.csv,,
4-2,124,GLOBAL_REMOVAL,1,0.0,Cycle removed by removal_index.csv,,
4-2,125,GLOBAL_REMOVAL,1,0.0,Cycle removed by removal_index.csv,,
4-2,126,GLOBAL_REMOVAL,1,0.0,Cycle removed by removal_index.csv,,
4-2,127,GLOBAL_REMOVAL,1,0.0,Cycle removed by removal_index.csv,,
4-2,128,GLOBAL_REMOVAL,1,0.0,Cycle removed by removal_index.csv,,
4-2,129,GLOBAL_REMOVAL,1,0.0,Cycle removed by removal_index.csv,,
4-2,130,GLOBAL_REMOVAL,1,0.0,Cycle removed by removal_index.csv,,
4-2,131,GLOBAL_REMOVAL,1,0.0,Cycle removed by removal_index.csv,,
4-2,132,GLOBAL_REMOVAL,1,0.0,Cycle removed by removal_index.csv,,
4-2,133,GLOBAL_REMOVAL,1,0.0,Cycle removed by removal_index.csv,,
4-2,134,GLOBAL_REMOVAL,1,0.0,Cycle removed by removal_index.csv,,
4-2,135,GLOBAL_REMOVAL,1,0.0,Cycle removed by removal_index.csv,,
4-2,136,GLOBAL_REMOVAL,1,0.0,Cycle removed by removal_index.csv,,
4-2,137,GLOBAL_REMOVAL,1,0.0,Cycle removed by removal_index.csv,,
4-2,138,GLOBAL_REMOVAL,1,0.0,Cycle removed by removal_index.csv,,
4-2,139,GLOBAL_REMOVAL,1,0.0,Cycle removed by removal_index.csv,,
4-2,140,GLOBAL_REMOVAL,1,0.0,Cycle removed by removal_index.csv,,
4-2,141,GLOBAL_REMOVAL,1,0.0,Cycle removed by removal_index.csv,,
4-2,142,GLOBAL_REMOVAL,1,0.0,Cycle removed by removal_index.csv,,
4-2,143,GLOBAL_REMOVAL,1,0.0,Cycle removed by removal_index.csv,,
4-2,144,GLOBAL_REMOVAL,1,0.0,Cycle removed by removal_index.csv,,
4-2,145,GLOBAL_REMOVAL,1,0.0,Cycle removed by removal_index.csv,,
4-2,146,GLOBAL_REMOVAL,1,0.0,Cycle removed by removal_index.csv,,
4-2,147,GLOBAL_REMOVAL,1,0.0,Cycle removed by removal_index.csv,,
4-2,156,GLOBAL_REMOVAL,1,0.0,Cycle removed by removal_index.csv,,
4-2,300,GLOBAL_REMOVAL,1,0.0,Cycle removed by removal_index.csv,,
4-2,356,GLOBAL_REMOVAL,1,0.0,Cycle removed by removal_index.csv,,
4-2,357,GLOBAL_REMOVAL,1,0.0,Cycle removed by removal_index.csv,,
4-2,396,GLOBAL_REMOVAL,1,0.0,Cycle removed by removal_index.csv,,
4-2,421,GLOBAL_REMOVAL,1,0.0,Cycle removed by removal_index.csv,,
4-2,457,GLOBAL_REMOVAL,1,0.0,Cycle removed by removal_index.csv,,
4-2,462,GLOBAL_REMOVAL,1,0.0,Cycle removed by removal_index.csv,,
4-2,469,GLOBAL_REMOVAL,1,0.0,Cycle removed by removal_index.csv,,
4-2,477,GLOBAL_REMOVAL,1,0.0,Cycle removed by removal_index.csv,,
4-2,500,GLOBAL_REMOVAL,1,0.0,Cycle removed by removal_index.csv,,
4-2,519,GLOBAL_REMOVAL,1,0.0,Cycle removed by removal_index.csv,,
4-2,537,GLOBAL_REMOVAL,1,0.0,Cycle removed by removal_index.csv,,
4-2,560,GLOBAL_REMOVAL,1,0.0,Cycle removed by removal_index.csv,,
4-2,578,GLOBAL_REMOVAL,1,0.0,Cycle removed by removal_index.csv,,
4-2,595,GLOBAL_REMOVAL,1,0.0,Cycle removed by removal_index.csv,,
4-2,603,GLOBAL_REMOVAL,1,0.0,Cycle removed by removal_index.csv,,
4-2,619,GLOBAL_REMOVAL,1,0.0,Cycle removed by removal_index.csv,,
4-2,696,GLOBAL_REMOVAL,1,0.0,Cycle removed by removal_index.csv,,
4-2,700,GLOBAL_REMOVAL,1,0.0,Cycle removed by removal_index.csv,,
4-2,790,GLOBAL_REMOVAL,1,0.0,Cycle removed by removal_index.csv,,
4-2,1004,GLOBAL_REMOVAL,1,0.0,Cycle removed by removal_index.csv,,
4-2,1029,GLOBAL_REMOVAL,1,0.0,Cycle removed by removal_index.csv,,
4-2,1088,GLOBAL_REMOVAL,1,0.0,Cycle removed by removal_index.csv,,
4-2,1108,GLOBAL_REMOVAL,1,0.0,Cycle removed by removal_index.csv,,
4-2,1119,GLOBAL_REMOVAL,1,0.0,Cycle removed by removal_index.csv,,
4-2,1175,GLOBAL_REMOVAL,1,0.0,Cycle removed by removal_index.csv,,
4-2,1223,GLOBAL_REMOVAL,1,0.0,Cycle removed by removal_index.csv,,
4-2,1737,GLOBAL_REMOVAL,1,0.0,Cycle removed by removal_index.csv,,
4-2,1738,GLOBAL_REMOVAL,1,0.0,Cycle removed by removal_index.csv,,
4-2,1739,GLOBAL_REMOVAL,1,0.0,Cycle removed by removal_index.csv,,
4-2,1743,GLOBAL_REMOVAL,1,0.0,Cycle removed by removal_index.csv,,
4-2,1744,GLOBAL_REMOVAL,1,0.0,Cycle removed by removal_index.csv,,
4-2,1745,GLOBAL_REMOVAL,1,0.0,Cycle removed by removal_index.csv,,
4-2,1746,GLOBAL_REMOVAL,1,0.0,Cycle removed by removal_index.csv,,
4-2,1747,GLOBAL_REMOVAL,1,0.0,Cycle removed by removal_index.csv,,
4-2,1748,GLOBAL_REMOVAL,1,0.0,Cycle removed by removal_index.csv,,
4-2,1749,GLOBAL_REMOVAL,1,0.0,Cycle removed by removal_index.csv,,
4-2,1750,GLOBAL_REMOVAL,1,0.0,Cycle removed by removal_index.csv,,
4-2,1751,GLOBAL_REMOVAL,1,0.0,Cycle removed by removal_index.csv,,
4-2,1752,GLOBAL_REMOVAL,1,0.0,Cycle removed by removal_index.csv,,
4-2,1753,GLOBAL_REMOVAL,1,0.0,Cycle removed by removal_index.csv,,
4-2,1754,GLOBAL_REMOVAL,1,0.0,Cycle removed by removal_index.csv,,
4-2,1755,GLOBAL_REMOVAL,1,0.0,Cycle removed by removal_index.csv,,
4-2,1756,GLOBAL_REMOVAL,1,0.0,Cycle removed by removal_index.csv,,
4-2,1757,GLOBAL_REMOVAL,1,0.0,Cycle removed by removal_index.csv,,
4-2,1758,GLOBAL_REMOVAL,1,0.0,Cycle removed by removal_index.csv,,
4-2,1759,GLOBAL_REMOVAL,1,0.0,Cycle removed by removal_index.csv,,
4-2,1760,GLOBAL_REMOVAL,1,0.0,Cycle removed by removal_index.csv,,
4-2,1761,GLOBAL_REMOVAL,1,0.0,Cycle removed by removal_index.csv,,
4-2,1762,GLOBAL_REMOVAL,1,0.0,Cycle removed by removal_index.csv,,
4-2,1763,GLOBAL_REMOVAL,1,0.0,Cycle removed by removal_index.csv,,
4-2,1764,GLOBAL_REMOVAL,1,0.0,Cycle removed by removal_index.csv,,
4-2,1765,GLOBAL_REMOVAL,1,0.0,Cycle removed by removal_index.csv,,
4-2,1766,GLOBAL_REMOVAL,1,0.0,Cycle removed by removal_index.csv,,
4-2,1767,GLOBAL_REMOVAL,1,0.0,Cycle removed by removal_index.csv,,
4-2,1768,GLOBAL_REMOVAL,1,0.0,Cycle removed by removal_index.csv,,
4-2,1769,GLOBAL_REMOVAL,1,0.0,Cycle removed by removal_index.csv,,
4-2,1770,GLOBAL_REMOVAL,1,0.0,Cycle removed by removal_index.csv,,
4-2,1771,GLOBAL_REMOVAL,1,0.0,Cycle removed by removal_index.csv,,
4-2,1772,GLOBAL_REMOVAL,1,0.0,Cycle removed by removal_index.csv,,
4-2,1773,GLOBAL_REMOVAL,1,0.0,Cycle removed by removal_index.csv,,
4-2,1774,GLOBAL_REMOVAL,1,0.0,Cycle removed by removal_index.csv,,
4-2,1775,GLOBAL_REMOVAL,1,0.0,Cycle removed by removal_index.csv,,
4-2,1776,GLOBAL_REMOVAL,1,0.0,Cycle removed by removal_index.csv,,
4-2,1777,GLOBAL_REMOVAL,1,0.0,Cycle removed by removal_index.csv,,
4-2,1778,GLOBAL_REMOVAL,1,0.0,Cycle removed by removal_index.csv,,
4-2,1779,GLOBAL_REMOVAL,1,0.0,Cycle removed by removal_index.csv,,
4-2,1780,GLOBAL_REMOVAL,1,0.0,Cycle removed by removal_index.csv,,
4-2,1781,GLOBAL_REMOVAL,1,0.0,Cycle removed by removal_index.csv,,
4-2,1782,GLOBAL_REMOVAL,1,0.0,Cycle removed by removal_index.csv,,
4-3,1,GLOBAL_REMOVAL,1,0.0,Cycle removed by removal_index.csv,,
4-3,2,GLOBAL_REMOVAL,1,0.0,Cycle removed by removal_index.csv,,
4-3,3,GLOBAL_REMOVAL,1,0.0,Cycle removed by removal_index.csv,,
4-3,4,GLOBAL_REMOVAL,1,0.0,Cycle removed by removal_index.csv,,
4-3,5,GLOBAL_REMOVAL,1,0.0,Cycle removed by removal_index.csv,,
4-3,6,GLOBAL_REMOVAL,1,0.0,Cycle removed by removal_index.csv,,
4-3,7,GLOBAL_REMOVAL,1,0.0,Cycle removed by removal_index.csv,,
4-3,8,GLOBAL_REMOVAL,1,0.0,Cycle removed by removal_index.csv,,
4-3,9,GLOBAL_REMOVAL,1,0.0,Cycle removed by removal_index.csv,,
4-3,10,GLOBAL_REMOVAL,1,0.0,Cycle removed by removal_index.csv,,
4-3,11,GLOBAL_REMOVAL,1,0.0,Cycle removed by removal_index.csv,,
4-3,12,GLOBAL_REMOVAL,1,0.0,Cycle removed by removal_index.csv,,
4-3,13,GLOBAL_REMOVAL,1,0.0,Cycle removed by removal_index.csv,,
4-3,14,GLOBAL_REMOVAL,1,0.0,Cycle removed by removal_index.csv,,
4-3,15,GLOBAL_REMOVAL,1,0.0,Cycle removed by removal_index.csv,,
4-3,16,GLOBAL_REMOVAL,1,0.0,Cycle removed by removal_index.csv,,
4-3,17,GLOBAL_REMOVAL,1,0.0,Cycle removed by removal_index.csv,,
4-3,18,GLOBAL_REMOVAL,1,0.0,Cycle removed by removal_index.csv,,
4-3,19,GLOBAL_REMOVAL,1,0.0,Cycle removed by removal_index.csv,,
4-3,20,GLOBAL_REMOVAL,1,0.0,Cycle removed by removal_index.csv,,
4-3,21,GLOBAL_REMOVAL,1,0.0,Cycle removed by removal_index.csv,,
4-3,22,GLOBAL_REMOVAL,1,0.0,Cycle removed by removal_index.csv,,
4-3,23,GLOBAL_REMOVAL,1,0.0,Cycle removed by removal_index.csv,,
4-3,24,GLOBAL_REMOVAL,1,0.0,Cycle removed by removal_index.csv,,
4-3,25,GLOBAL_REMOVAL,1,0.0,Cycle removed by removal_index.csv,,
4-3,26,GLOBAL_REMOVAL,1,0.0,Cycle removed by removal_index.csv,,
4-3,27,GLOBAL_REMOVAL,1,0.0,Cycle removed by removal_index.csv,,
4-3,28,GLOBAL_REMOVAL,1,0.0,Cycle removed by removal_index.csv,,
4-3,29,GLOBAL_REMOVAL,1,0.0,Cycle removed by removal_index.csv,,
4-3,30,GLOBAL_REMOVAL,1,0.0,Cycle removed by removal_index.csv,,
4-3,31,GLOBAL_REMOVAL,1,0.0,Cycle removed by removal_index.csv,,
4-3,32,GLOBAL_REMOVAL,1,0.0,Cycle removed by removal_index.csv,,
4-3,33,GLOBAL_REMOVAL,1,0.0,Cycle removed by removal_index.csv,,
4-3,37,GLOBAL_REMOVAL,1,0.0,Cycle removed by removal_index.csv,,
4-3,38,GLOBAL_REMOVAL,1,0.0,Cycle removed by removal_index.csv,,
4-3,41,GLOBAL_REMOVAL,1,0.0,Cycle removed by removal_index.csv,,
4-3,42,GLOBAL_REMOVAL,1,0.0,Cycle removed by removal_index.csv,,
4-3,43,GLOBAL_REMOVAL,1,0.0,Cycle removed by removal_index.csv,,
4-3,44,GLOBAL_REMOVAL,1,0.0,Cycle removed by removal_index.csv,,
4-3,45,GLOBAL_REMOVAL,1,0.0,Cycle removed by removal_index.csv,,
4-3,48,GLOBAL_REMOVAL,1,0.0,Cycle removed by removal_index.csv,,
4-3,72,GLOBAL_REMOVAL,1,0.0,Cycle removed by removal_index.csv,,
4-3,73,GLOBAL_REMOVAL,1,0.0,Cycle removed by removal_index.csv,,
4-3,419,GLOBAL_REMOVAL,1,0.0,Cycle removed by removal_index.csv,,
4-3,486,GLOBAL_REMOVAL,1,0.0,Cycle removed by removal_index.csv,,
4-3,533,GLOBAL_REMOVAL,1,0.0,Cycle removed by removal_index.csv,,
4-3,579,GLOBAL_REMOVAL,1,0.0,Cycle removed by removal_index.csv,,
4-3,842,GLOBAL_REMOVAL,1,0.0,Cycle removed by removal_index.csv,,
4-3,899,GLOBAL_REMOVAL,1,0.0,Cycle removed by removal_index.csv,,
4-3,977,GLOBAL_REMOVAL,1,0.0,Cycle removed by removal_index.csv,,
4-4,10,GLOBAL_REMOVAL,1,0.0,Cycle removed by removal_index.csv,,
4-4,11,GLOBAL_REMOVAL,1,0.0,Cycle removed by removal_index.csv,,
4-4,12,GLOBAL_REMOVAL,1,0.0,Cycle removed by removal_index.csv,,
4-4,13,GLOBAL_REMOVAL,1,0.0,Cycle removed by removal_index.csv,,
4-4,14,GLOBAL_REMOVAL,1,0.0,Cycle removed by removal_index.csv,,
4-4,15,GLOBAL_REMOVAL,1,0.0,Cycle removed by removal_index.csv,,
4-4,16,GLOBAL_REMOVAL,1,0.0,Cycle removed by removal_index.csv,,
4-4,17,GLOBAL_REMOVAL,1,0.0,Cycle removed by removal_index.csv,,
4-4,18,GLOBAL_REMOVAL,1,0.0,Cycle removed by removal_index.csv,,
4-4,20,GLOBAL_REMOVAL,1,0.0,Cycle removed by removal_index.csv,,
4-4,21,GLOBAL_REMOVAL,1,0.0,Cycle removed by removal_index.csv,,
4-4,22,GLOBAL_REMOVAL,1,0.0,Cycle removed by removal_index.csv,,
4-4,23,GLOBAL_REMOVAL,1,0.0,Cycle removed by removal_index.csv,,
4-4,24,GLOBAL_REMOVAL,1,0.0,Cycle removed by removal_index.csv,,
4-4,25,GLOBAL_REMOVAL,1,0.0,Cycle removed by removal_index.csv,,
4-4,673,GLOBAL_REMOVAL,1,0.0,Cycle removed by removal_index.csv,,
4-4,1328,GLOBAL_REMOVAL,1,0.0,Cycle removed by removal_index.csv,,
4-4,1375,GLOBAL_REMOVAL,1,0.0,Cycle removed by removal_index.csv,,
4-4,1378,GLOBAL_REMOVAL,1,0.0,Cycle removed by removal_index.csv,,
4-4,1481,GLOBAL_REMOVAL,1,0.0,Cycle removed by removal_index.csv,,
4-5,2,GLOBAL_REMOVAL,1,0.0,Cycle removed by removal_index.csv,,
4-5,3,GLOBAL_REMOVAL,1,0.0,Cycle removed by removal_index.csv,,
4-5,4,GLOBAL_REMOVAL,1,0.0,Cycle removed by removal_index.csv,,
4-5,5,GLOBAL_REMOVAL,1,0.0,Cycle removed by removal_index.csv,,
4-5,6,GLOBAL_REMOVAL,1,0.0,Cycle removed by removal_index.csv,,
4-5,7,GLOBAL_REMOVAL,1,0.0,Cycle removed by removal_index.csv,,
4-5,8,GLOBAL_REMOVAL,1,0.0,Cycle removed by removal_index.csv,,
4-5,9,GLOBAL_REMOVAL,1,0.0,Cycle removed by removal_index.csv,,
4-5,10,GLOBAL_REMOVAL,1,0.0,Cycle removed by removal_index.csv,,
4-5,11,GLOBAL_REMOVAL,1,0.0,Cycle removed by removal_index.csv,,
4-5,12,GLOBAL_REMOVAL,1,0.0,Cycle removed by removal_index.csv,,
4-5,13,GLOBAL_REMOVAL,1,0.0,Cycle removed by removal_index.csv,,
4-5,14,GLOBAL_REMOVAL,1,0.0,Cycle removed by removal_index.csv,,
4-5,15,GLOBAL_REMOVAL,1,0.0,Cycle removed by removal_index.csv,,
4-5,16,GLOBAL_REMOVAL,1,0.0,Cycle removed by removal_index.csv,,
4-5,17,GLOBAL_REMOVAL,1,0.0,Cycle removed by removal_index.csv,,
4-5,18,GLOBAL_REMOVAL,1,0.0,Cycle removed by removal_index.csv,,
4-5,19,GLOBAL_REMOVAL,1,0.0,Cycle removed by removal_index.csv,,
4-5,20,GLOBAL_REMOVAL,1,0.0,Cycle removed by removal_index.csv,,
4-5,21,GLOBAL_REMOVAL,1,0.0,Cycle removed by removal_index.csv,,
4-5,22,GLOBAL_REMOVAL,1,0.0,Cycle removed by removal_index.csv,,
4-5,23,GLOBAL_REMOVAL,1,0.0,Cycle removed by removal_index.csv,,
4-5,24,GLOBAL_REMOVAL,1,0.0,Cycle removed by removal_index.csv,,
4-5,25,GLOBAL_REMOVAL,1,0.0,Cycle removed by removal_index.csv,,
4-5,26,GLOBAL_REMOVAL,1,0.0,Cycle removed by removal_index.csv,,
4-5,27,GLOBAL_REMOVAL,1,0.0,Cycle removed by removal_index.csv,,
4-5,28,GLOBAL_REMOVAL,1,0.0,Cycle removed by removal_index.csv,,
4-5,29,GLOBAL_REMOVAL,1,0.0,Cycle removed by removal_index.csv,,
4-5,30,GLOBAL_REMOVAL,1,0.0,Cycle removed by removal_index.csv,,
4-5,31,GLOBAL_REMOVAL,1,0.0,Cycle removed by removal_index.csv,,
4-5,32,GLOBAL_REMOVAL,1,0.0,Cycle removed by removal_index.csv,,
4-5,33,GLOBAL_REMOVAL,1,0.0,Cycle removed by removal_index.csv,,
4-5,34,GLOBAL_REMOVAL,1,0.0,Cycle removed by removal_index.csv,,
4-5,35,GLOBAL_REMOVAL,1,0.0,Cycle removed by removal_index.csv,,
4-5,36,GLOBAL_REMOVAL,1,0.0,Cycle removed by removal_index.csv,,
4-5,37,GLOBAL_REMOVAL,1,0.0,Cycle removed by removal_index.csv,,
4-5,38,GLOBAL_REMOVAL,1,0.0,Cycle removed by removal_index.csv,,
4-5,39,GLOBAL_REMOVAL,1,0.0,Cycle removed by removal_index.csv,,
4-5,40,GLOBAL_REMOVAL,1,0.0,Cycle removed by removal_index.csv,,
4-5,41,GLOBAL_REMOVAL,1,0.0,Cycle removed by removal_index.csv,,
4-5,42,GLOBAL_REMOVAL,1,0.0,Cycle removed by removal_index.csv,,
4-5,43,GLOBAL_REMOVAL,1,0.0,Cycle removed by removal_index.csv,,
4-5,44,GLOBAL_REMOVAL,1,0.0,Cycle removed by removal_index.csv,,
4-5,45,GLOBAL_REMOVAL,1,0.0,Cycle removed by removal_index.csv,,
4-5,46,GLOBAL_REMOVAL,1,0.0,Cycle removed by removal_index.csv,,
4-5,47,GLOBAL_REMOVAL,1,0.0,Cycle removed by removal_index.csv,,
4-5,48,GLOBAL_REMOVAL,1,0.0,Cycle removed by removal_index.csv,,
4-5,49,GLOBAL_REMOVAL,1,0.0,Cycle removed by removal_index.csv,,
4-5,50,GLOBAL_REMOVAL,1,0.0,Cycle removed by removal_index.csv,,
4-5,51,GLOBAL_REMOVAL,1,0.0,Cycle removed by removal_index.csv,,
4-5,52,GLOBAL_REMOVAL,1,0.0,Cycle removed by removal_index.csv,,
4-5,53,GLOBAL_REMOVAL,1,0.0,Cycle removed by removal_index.csv,,
4-5,54,GLOBAL_REMOVAL,1,0.0,Cycle removed by removal_index.csv,,
4-5,55,GLOBAL_REMOVAL,1,0.0,Cycle removed by removal_index.csv,,
4-5,56,GLOBAL_REMOVAL,1,0.0,Cycle removed by removal_index.csv,,
4-5,57,GLOBAL_REMOVAL,1,0.0,Cycle removed by removal_index.csv,,
4-5,58,GLOBAL_REMOVAL,1,0.0,Cycle removed by removal_index.csv,,
4-5,59,GLOBAL_REMOVAL,1,0.0,Cycle removed by removal_index.csv,,
4-5,60,GLOBAL_REMOVAL,1,0.0,Cycle removed by removal_index.csv,,
4-5,61,GLOBAL_REMOVAL,1,0.0,Cycle removed by removal_index.csv,,
4-5,62,GLOBAL_REMOVAL,1,0.0,Cycle removed by removal_index.csv,,
4-5,63,GLOBAL_REMOVAL,1,0.0,Cycle removed by removal_index.csv,,
4-5,64,GLOBAL_REMOVAL,1,0.0,Cycle removed by removal_index.csv,,
4-5,65,GLOBAL_REMOVAL,1,0.0,Cycle removed by removal_index.csv,,
4-5,66,GLOBAL_REMOVAL,1,0.0,Cycle removed by removal_index.csv,,
4-5,73,GLOBAL_REMOVAL,1,0.0,Cycle removed by removal_index.csv,,
4-5,74,GLOBAL_REMOVAL,1,0.0,Cycle removed by removal_index.csv,,
4-5,75,GLOBAL_REMOVAL,1,0.0,Cycle removed by removal_index.csv,,
4-5,76,GLOBAL_REMOVAL,1,0.0,Cycle removed by removal_index.csv,,
4-5,85,GLOBAL_REMOVAL,1,0.0,Cycle removed by removal_index.csv,,
4-5,87,GLOBAL_REMOVAL,1,0.0,Cycle removed by removal_index.csv,,
4-5,212,GLOBAL_REMOVAL,1,0.0,Cycle removed by removal_index.csv,,
4-5,559,GLOBAL_REMOVAL,1,0.0,Cycle removed by removal_index.csv,,
4-5,717,GLOBAL_REMOVAL,1,0.0,Cycle removed by removal_index.csv,,
4-5,867,GLOBAL_REMOVAL,1,0.0,Cycle removed by removal_index.csv,,
4-5,939,GLOBAL_REMOVAL,1,0.0,Cycle removed by removal_index.csv,,
4-5,943,GLOBAL_REMOVAL,1,0.0,Cycle removed by removal_index.csv,,
4-5,1547,GLOBAL_REMOVAL,1,0.0,Cycle removed by removal_index.csv,,
4-5,1553,GLOBAL_REMOVAL,1,0.0,Cycle removed by removal_index.csv,,
4-5,1554,GLOBAL_REMOVAL,1,0.0,Cycle removed by removal_index.csv,,
4-5,1558,GLOBAL_REMOVAL,1,0.0,Cycle removed by removal_index.csv,,
4-5,1559,GLOBAL_REMOVAL,1,0.0,Cycle removed by removal_index.csv,,
4-5,1560,GLOBAL_REMOVAL,1,0.0,Cycle removed by removal_index.csv,,
4-5,1561,GLOBAL_REMOVAL,1,0.0,Cycle removed by removal_index.csv,,
4-6,1,GLOBAL_REMOVAL,1,0.0,Cycle removed by removal_index.csv,,
4-6,1347,GLOBAL_REMOVAL,1,0.0,Cycle removed by removal_index.csv,,
4-6,1350,GLOBAL_REMOVAL,1,0.0,Cycle removed by removal_index.csv,,
4-6,1351,GLOBAL_REMOVAL,1,0.0,Cycle removed by removal_index.csv,,
4-6,1352,GLOBAL_REMOVAL,1,0.0,Cycle removed by removal_index.csv,,
4-6,1353,GLOBAL_REMOVAL,1,0.0,Cycle removed by removal_index.csv,,
4-6,1354,GLOBAL_REMOVAL,1,0.0,Cycle removed by removal_index.csv,,
4-6,1355,GLOBAL_REMOVAL,1,0.0,Cycle removed by removal_index.csv,,
4-6,1356,GLOBAL_REMOVAL,1,0.0,Cycle removed by removal_index.csv,,
4-6,1357,GLOBAL_REMOVAL,1,0.0,Cycle removed by removal_index.csv,,
4-6,1358,GLOBAL_REMOVAL,1,0.0,Cycle removed by removal_index.csv,,
4-6,1359,GLOBAL_REMOVAL,1,0.0,Cycle removed by removal_index.csv,,
4-6,1360,GLOBAL_REMOVAL,1,0.0,Cycle removed by removal_index.csv,,
4-6,1361,GLOBAL_REMOVAL,1,0.0,Cycle removed by removal_index.csv,,
4-6,1362,GLOBAL_REMOVAL,1,0.0,Cycle removed by removal_index.csv,,
4-6,1363,GLOBAL_REMOVAL,1,0.0,Cycle removed by removal_index.csv,,
4-6,1364,GLOBAL_REMOVAL,1,0.0,Cycle removed by removal_index.csv,,
4-6,1365,GLOBAL_REMOVAL,1,0.0,Cycle removed by removal_index.csv,,
4-6,1366,GLOBAL_REMOVAL,1,0.0,Cycle removed by removal_index.csv,,
4-6,1367,GLOBAL_REMOVAL,1,0.0,Cycle removed by removal_index.csv,,
4-6,1368,GLOBAL_REMOVAL,1,0.0,Cycle removed by removal_index.csv,,
4-6,1369,GLOBAL_REMOVAL,1,0.0,Cycle removed by removal_index.csv,,
4-6,1370,GLOBAL_REMOVAL,1,0.0,Cycle removed by removal_index.csv,,
4-6,1371,GLOBAL_REMOVAL,1,0.0,Cycle removed by removal_index.csv,,
4-6,1372,GLOBAL_REMOVAL,1,0.0,Cycle removed by removal_index.csv,,
4-6,1373,GLOBAL_REMOVAL,1,0.0,Cycle removed by removal_index.csv,,
4-6,1374,GLOBAL_REMOVAL,1,0.0,Cycle removed by removal_index.csv,,
4-6,1375,GLOBAL_REMOVAL,1,0.0,Cycle removed by removal_index.csv,,
4-6,1376,GLOBAL_REMOVAL,1,0.0,Cycle removed by removal_index.csv,,
4-6,1377,GLOBAL_REMOVAL,1,0.0,Cycle removed by removal_index.csv,,
4-6,1378,GLOBAL_REMOVAL,1,0.0,Cycle removed by removal_index.csv,,
4-6,1379,GLOBAL_REMOVAL,1,0.0,Cycle removed by removal_index.csv,,
4-6,1380,GLOBAL_REMOVAL,1,0.0,Cycle removed by removal_index.csv,,
4-7,1,GLOBAL_REMOVAL,1,0.0,Cycle removed by removal_index.csv,,
4-7,2,GLOBAL_REMOVAL,1,0.0,Cycle removed by removal_index.csv,,
4-7,3,GLOBAL_REMOVAL,1,0.0,Cycle removed by removal_index.csv,,
4-7,4,GLOBAL_REMOVAL,1,0.0,Cycle removed by removal_index.csv,,
4-7,5,GLOBAL_REMOVAL,1,0.0,Cycle removed by removal_index.csv,,
4-7,6,GLOBAL_REMOVAL,1,0.0,Cycle removed by removal_index.csv,,
4-7,7,GLOBAL_REMOVAL,1,0.0,Cycle removed by removal_index.csv,,
4-7,8,GLOBAL_REMOVAL,1,0.0,Cycle removed by removal_index.csv,,
4-7,9,GLOBAL_REMOVAL,1,0.0,Cycle removed by removal_index.csv,,
4-7,10,GLOBAL_REMOVAL,1,0.0,Cycle removed by removal_index.csv,,
4-7,11,GLOBAL_REMOVAL,1,0.0,Cycle removed by removal_index.csv,,
4-7,12,GLOBAL_REMOVAL,1,0.0,Cycle removed by removal_index.csv,,
4-7,13,GLOBAL_REMOVAL,1,0.0,Cycle removed by removal_index.csv,,
4-7,14,GLOBAL_REMOVAL,1,0.0,Cycle removed by removal_index.csv,,
4-7,15,GLOBAL_REMOVAL,1,0.0,Cycle removed by removal_index.csv,,
4-7,16,GLOBAL_REMOVAL,1,0.0,Cycle removed by removal_index.csv,,
4-7,17,GLOBAL_REMOVAL,1,0.0,Cycle removed by removal_index.csv,,
4-7,18,GLOBAL_REMOVAL,1,0.0,Cycle removed by removal_index.csv,,
4-7,68,GLOBAL_REMOVAL,1,0.0,Cycle removed by removal_index.csv,,
4-7,218,GLOBAL_REMOVAL,1,0.0,Cycle removed by removal_index.csv,,
4-7,255,GLOBAL_REMOVAL,1,0.0,Cycle removed by removal_index.csv,,
4-7,258,GLOBAL_REMOVAL,1,0.0,Cycle removed by removal_index.csv,,
4-7,303,GLOBAL_REMOVAL,1,0.0,Cycle removed by removal_index.csv,,
4-7,2182,GLOBAL_REMOVAL,1,0.0,Cycle removed by removal_index.csv,,
4-7,2183,GLOBAL_REMOVAL,1,0.0,Cycle removed by removal_index.csv,,
4-7,2184,GLOBAL_REMOVAL,1,0.0,Cycle removed by removal_index.csv,,
4-7,2186,GLOBAL_REMOVAL,1,0.0,Cycle removed by removal_index.csv,,
4-7,2187,GLOBAL_REMOVAL,1,0.0,Cycle removed by removal_index.csv,,
4-7,2188,GLOBAL_REMOVAL,1,0.0,Cycle removed by removal_index.csv,,
4-7,2189,GLOBAL_REMOVAL,1,0.0,Cycle removed by removal_index.csv,,
4-7,2190,GLOBAL_REMOVAL,1,0.0,Cycle removed by removal_index.csv,,
4-7,2191,GLOBAL_REMOVAL,1,0.0,Cycle removed by removal_index.csv,,
4-7,2192,GLOBAL_REMOVAL,1,0.0,Cycle removed by removal_index.csv,,
4-7,2193,GLOBAL_REMOVAL,1,0.0,Cycle removed by removal_index.csv,,
4-7,2194,GLOBAL_REMOVAL,1,0.0,Cycle removed by removal_index.csv,,
4-7,2195,GLOBAL_REMOVAL,1,0.0,Cycle removed by removal_index.csv,,
4-7,2196,GLOBAL_REMOVAL,1,0.0,Cycle removed by removal_index.csv,,
4-7,2197,GLOBAL_REMOVAL,1,0.0,Cycle removed by removal_index.csv,,
4-7,2198,GLOBAL_REMOVAL,1,0.0,Cycle removed by removal_index.csv,,
4-7,2199,GLOBAL_REMOVAL,1,0.0,Cycle removed by removal_index.csv,,
4-7,2200,GLOBAL_REMOVAL,1,0.0,Cycle removed by removal_index.csv,,
4-7,2201,GLOBAL_REMOVAL,1,0.0,Cycle removed by removal_index.csv,,
4-7,2202,GLOBAL_REMOVAL,1,0.0,Cycle removed by removal_index.csv,,
4-7,2203,GLOBAL_REMOVAL,1,0.0,Cycle removed by removal_index.csv,,
4-7,2204,GLOBAL_REMOVAL,1,0.0,Cycle removed by removal_index.csv,,
4-7,2205,GLOBAL_REMOVAL,1,0.0,Cycle removed by removal_index.csv,,
4-7,2206,GLOBAL_REMOVAL,1,0.0,Cycle removed by removal_index.csv,,
4-7,2207,GLOBAL_REMOVAL,1,0.0,Cycle removed by removal_index.csv,,
4-7,2208,GLOBAL_REMOVAL,1,0.0,Cycle removed by removal_index.csv,,
4-7,2209,GLOBAL_REMOVAL,1,0.0,Cycle removed by removal_index.csv,,
4-7,2210,GLOBAL_REMOVAL,1,0.0,Cycle removed by removal_index.csv,,
4-7,2211,GLOBAL_REMOVAL,1,0.0,Cycle removed by removal_index.csv,,
4-7,2212,GLOBAL_REMOVAL,1,0.0,Cycle removed by removal_index.csv,,
4-7,2213,GLOBAL_REMOVAL,1,0.0,Cycle removed by removal_index.csv,,
4-7,2214,GLOBAL_REMOVAL,1,0.0,Cycle removed by removal_index.csv,,
4-7,2215,GLOBAL_REMOVAL,1,0.0,Cycle removed by removal_index.csv,,
4-7,2216,GLOBAL_REMOVAL,1,0.0,Cycle removed by removal_index.csv,,
4-8,1,GLOBAL_REMOVAL,1,0.0,Cycle removed by removal_index.csv,,
4-8,2,GLOBAL_REMOVAL,1,0.0,Cycle removed by removal_index.csv,,
4-8,3,GLOBAL_REMOVAL,1,0.0,Cycle removed by removal_index.csv,,
4-8,13,GLOBAL_REMOVAL,1,0.0,Cycle removed by removal_index.csv,,
4-8,14,GLOBAL_REMOVAL,1,0.0,Cycle removed by removal_index.csv,,
4-8,15,GLOBAL_REMOVAL,1,0.0,Cycle removed by removal_index.csv,,
4-8,18,GLOBAL_REMOVAL,1,0.0,Cycle removed by removal_index.csv,,
4-8,23,GLOBAL_REMOVAL,1,0.0,Cycle removed by removal_index.csv,,
4-8,26,GLOBAL_REMOVAL,1,0.0,Cycle removed by removal_index.csv,,
4-8,75,GLOBAL_REMOVAL,1,0.0,Cycle removed by removal_index.csv,,
4-8,79,GLOBAL_REMOVAL,1,0.0,Cycle removed by removal_index.csv,,
4-8,85,GLOBAL_REMOVAL,1,0.0,Cycle removed by removal_index.csv,,
4-8,86,GLOBAL_REMOVAL,1,0.0,Cycle removed by removal_index.csv,,
4-8,87,GLOBAL_REMOVAL,1,0.0,Cycle removed by removal_index.csv,,
4-8,191,GLOBAL_REMOVAL,1,0.0,Cycle removed by removal_index.csv,,
4-8,208,GLOBAL_REMOVAL,1,0.0,Cycle removed by removal_index.csv,,
4-8,232,GLOBAL_REMOVAL,1,0.0,Cycle removed by removal_index.csv,,
4-8,325,GLOBAL_REMOVAL,1,0.0,Cycle removed by removal_index.csv,,
4-8,328,GLOBAL_REMOVAL,1,0.0,Cycle removed by removal_index.csv,,
4-8,542,GLOBAL_REMOVAL,1,0.0,Cycle removed by removal_index.csv,,
4-8,1689,GLOBAL_REMOVAL,1,0.0,Cycle removed by removal_index.csv,,
4-8,1703,GLOBAL_REMOVAL,1,0.0,Cycle removed by removal_index.csv,,
5-1,1,GLOBAL_REMOVAL,1,0.0,Cycle removed by removal_index.csv,,
5-2,1,GLOBAL_REMOVAL,1,0.0,Cycle removed by removal_index.csv,,
5-2,2,GLOBAL_REMOVAL,1,0.0,Cycle removed by removal_index.csv,,
5-2,3,GLOBAL_REMOVAL,1,0.0,Cycle removed by removal_index.csv,,
5-2,27,GLOBAL_REMOVAL,1,0.0,Cycle removed by removal_index.csv,,
5-3,1,GLOBAL_REMOVAL,1,0.0,Cycle removed by removal_index.csv,,
5-3,2277,GLOBAL_REMOVAL,1,0.0,Cycle removed by removal_index.csv,,
5-3,2671,GLOBAL_REMOVAL,1,0.0,Cycle removed by removal_index.csv,,
5-3,2672,GLOBAL_REMOVAL,1,0.0,Cycle removed by removal_index.csv,,
5-3,2680,GLOBAL_REMOVAL,1,0.0,Cycle removed by removal_index.csv,,
5-3,2682,GLOBAL_REMOVAL,1,0.0,Cycle removed by removal_index.csv,,
5-3,2683,GLOBAL_REMOVAL,1,0.0,Cycle removed by removal_index.csv,,
5-3,2684,GLOBAL_REMOVAL,1,0.0,Cycle removed by removal_index.csv,,
5-3,2685,GLOBAL_REMOVAL,1,0.0,Cycle removed by removal_index.csv,,
5-3,2686,GLOBAL_REMOVAL,1,0.0,Cycle removed by removal_index.csv,,
5-3,2687,GLOBAL_REMOVAL,1,0.0,Cycle removed by removal_index.csv,,
5-3,2689,GLOBAL_REMOVAL,1,0.0,Cycle removed by removal_index.csv,,
5-4,23,GLOBAL_REMOVAL,1,0.0,Cycle removed by removal_index.csv,,
5-4,36,GLOBAL_REMOVAL,1,0.0,Cycle removed by removal_index.csv,,
5-4,37,GLOBAL_REMOVAL,1,0.0,Cycle removed by removal_index.csv,,
5-4,40,GLOBAL_REMOVAL,1,0.0,Cycle removed by removal_index.csv,,
5-4,41,GLOBAL_REMOVAL,1,0.0,Cycle removed by removal_index.csv,,
5-4,42,GLOBAL_REMOVAL,1,0.0,Cycle removed by removal_index.csv,,
5-4,43,GLOBAL_REMOVAL,1,0.0,Cycle removed by removal_index.csv,,
5-4,44,GLOBAL_REMOVAL,1,0.0,Cycle removed by removal_index.csv,,
5-4,45,GLOBAL_REMOVAL,1,0.0,Cycle removed by removal_index.csv,,
5-4,46,GLOBAL_REMOVAL,1,0.0,Cycle removed by removal_index.csv,,
5-4,47,GLOBAL_REMOVAL,1,0.0,Cycle removed by removal_index.csv,,
5-4,48,GLOBAL_REMOVAL,1,0.0,Cycle removed by removal_index.csv,,
5-4,49,GLOBAL_REMOVAL,1,0.0,Cycle removed by removal_index.csv,,
5-4,50,GLOBAL_REMOVAL,1,0.0,Cycle removed by removal_index.csv,,
5-4,51,GLOBAL_REMOVAL,1,0.0,Cycle removed by removal_index.csv,,
5-4,52,GLOBAL_REMOVAL,1,0.0,Cycle removed by removal_index.csv,,
5-4,53,GLOBAL_REMOVAL,1,0.0,Cycle removed by removal_index.csv,,
5-4,54,GLOBAL_REMOVAL,1,0.0,Cycle removed by removal_index.csv,,
5-4,55,GLOBAL_REMOVAL,1,0.0,Cycle removed by removal_index.csv,,
5-4,56,GLOBAL_REMOVAL,1,0.0,Cycle removed by removal_index.csv,,
5-4,60,GLOBAL_REMOVAL,1,0.0,Cycle removed by removal_index.csv,,
5-4,63,GLOBAL_REMOVAL,1,0.0,Cycle removed by removal_index.csv,,
5-4,64,GLOBAL_REMOVAL,1,0.0,Cycle removed by removal_index.csv,,
5-4,66,GLOBAL_REMOVAL,1,0.0,Cycle removed by removal_index.csv,,
5-4,67,GLOBAL_REMOVAL,1,0.0,Cycle removed by removal_index.csv,,
5-4,68,GLOBAL_REMOVAL,1,0.0,Cycle removed by removal_index.csv,,
5-4,69,GLOBAL_REMOVAL,1,0.0,Cycle removed by removal_index.csv,,
5-4,70,GLOBAL_REMOVAL,1,0.0,Cycle removed by removal_index.csv,,
5-4,71,GLOBAL_REMOVAL,1,0.0,Cycle removed by removal_index.csv,,
5-4,72,GLOBAL_REMOVAL,1,0.0,Cycle removed by removal_index.csv,,
5-4,73,GLOBAL_REMOVAL,1,0.0,Cycle removed by removal_index.csv,,
5-4,77,GLOBAL_REMOVAL,1,0.0,Cycle removed by removal_index.csv,,
5-4,78,GLOBAL_REMOVAL,1,0.0,Cycle removed by removal_index.csv,,
5-4,79,GLOBAL_REMOVAL,1,0.0,Cycle removed by removal_index.csv,,
5-4,81,GLOBAL_REMOVAL,1,0.0,Cycle removed by removal_index.csv,,
5-4,88,GLOBAL_REMOVAL,1,0.0,Cycle removed by removal_index.csv,,
5-4,89,GLOBAL_REMOVAL,1,0.0,Cycle removed by removal_index.csv,,
5-4,90,GLOBAL_REMOVAL,1,0.0,Cycle removed by removal_index.csv,,
5-4,91,GLOBAL_REMOVAL,1,0.0,Cycle removed by removal_index.csv,,
5-4,1925,GLOBAL_REMOVAL,1,0.0,Cycle removed by removal_index.csv,,
5-4,1926,GLOBAL_REMOVAL,1,0.0,Cycle removed by removal_index.csv,,
5-4,1927,GLOBAL_REMOVAL,1,0.0,Cycle removed by removal_index.csv,,
5-4,1934,GLOBAL_REMOVAL,1,0.0,Cycle removed by removal_index.csv,,
5-4,1939,GLOBAL_REMOVAL,1,0.0,Cycle removed by removal_index.csv,,
5-4,1944,GLOBAL_REMOVAL,1,0.0,Cycle removed by removal_index.csv,,
5-4,1945,GLOBAL_REMOVAL,1,0.0,Cycle removed by removal_index.csv,,
5-4,1948,GLOBAL_REMOVAL,1,0.0,Cycle removed by removal_index.csv,,
5-4,1949,GLOBAL_REMOVAL,1,0.0,Cycle removed by removal_index.csv,,
5-4,1950,GLOBAL_REMOVAL,1,0.0,Cycle removed by removal_index.csv,,
5-4,1951,GLOBAL_REMOVAL,1,0.0,Cycle removed by removal_index.csv,,
5-4,1952,GLOBAL_REMOVAL,1,0.0,Cycle removed by removal_index.csv,,
5-4,1953,GLOBAL_REMOVAL,1,0.0,Cycle removed by removal_index.csv,,
5-4,1954,GLOBAL_REMOVAL,1,0.0,Cycle removed by removal_index.csv,,
5-4,1955,GLOBAL_REMOVAL,1,0.0,Cycle removed by removal_index.csv,,
5-4,1956,GLOBAL_REMOVAL,1,0.0,Cycle removed by removal_index.csv,,
5-4,1957,GLOBAL_REMOVAL,1,0.0,Cycle removed by removal_index.csv,,
5-4,1958,GLOBAL_REMOVAL,1,0.0,Cycle removed by removal_index.csv,,
5-4,1959,GLOBAL_REMOVAL,1,0.0,Cycle removed by removal_index.csv,,
5-4,1960,GLOBAL_REMOVAL,1,0.0,Cycle removed by removal_index.csv,,
5-4,1961,GLOBAL_REMOVAL,1,0.0,Cycle removed by removal_index.csv,,
5-4,1962,GLOBAL_REMOVAL,1,0.0,Cycle removed by removal_index.csv,,
5-5,1,GLOBAL_REMOVAL,1,0.0,Cycle removed by removal_index.csv,,
5-5,2,GLOBAL_REMOVAL,1,0.0,Cycle removed by removal_index.csv,,
5-5,3,GLOBAL_REMOVAL,1,0.0,Cycle removed by removal_index.csv,,
5-5,4,GLOBAL_REMOVAL,1,0.0,Cycle removed by removal_index.csv,,
5-5,5,GLOBAL_REMOVAL,1,0.0,Cycle removed by removal_index.csv,,
5-5,6,GLOBAL_REMOVAL,1,0.0,Cycle removed by removal_index.csv,,
5-5,394,GLOBAL_REMOVAL,1,0.0,Cycle removed by removal_index.csv,,
5-5,404,GLOBAL_REMOVAL,1,0.0,Cycle removed by removal_index.csv,,
5-5,841,GLOBAL_REMOVAL,1,0.0,Cycle removed by removal_index.csv,,
5-5,842,GLOBAL_REMOVAL,1,0.0,Cycle removed by removal_index.csv,,
5-5,846,GLOBAL_REMOVAL,1,0.0,Cycle removed by removal_index.csv,,
5-5,850,GLOBAL_REMOVAL,1,0.0,Cycle removed by removal_index.csv,,
5-5,852,GLOBAL_REMOVAL,1,0.0,Cycle removed by removal_index.csv,,
5-5,855,GLOBAL_REMOVAL,1,0.0,Cycle removed by removal_index.csv,,
5-5,856,GLOBAL_REMOVAL,1,0.0,Cycle removed by removal_index.csv,,
5-5,867,GLOBAL_REMOVAL,1,0.0,Cycle removed by removal_index.csv,,
5-5,870,GLOBAL_REMOVAL,1,0.0,Cycle removed by removal_index.csv,,
5-5,876,GLOBAL_REMOVAL,1,0.0,Cycle removed by removal_index.csv,,
5-5,882,GLOBAL_REMOVAL,1,0.0,Cycle removed by removal_index.csv,,
5-5,954,GLOBAL_REMOVAL,1,0.0,Cycle removed by removal_index.csv,,
5-5,1125,GLOBAL_REMOVAL,1,0.0,Cycle removed by removal_index.csv,,
5-5,1131,GLOBAL_REMOVAL,1,0.0,Cycle removed by removal_index.csv,,
5-5,1430,GLOBAL_REMOVAL,1,0.0,Cycle removed by removal_index.csv,,
5-5,1438,GLOBAL_REMOVAL,1,0.0,Cycle removed by removal_index.csv,,
5-5,1439,GLOBAL_REMOVAL,1,0.0,Cycle removed by removal_index.csv,,
5-5,1446,GLOBAL_REMOVAL,1,0.0,Cycle removed by removal_index.csv,,
5-5,1452,GLOBAL_REMOVAL,1,0.0,Cycle removed by removal_index.csv,,
5-5,1454,GLOBAL_REMOVAL,1,0.0,Cycle removed by removal_index.csv,,
5-5,1456,GLOBAL_REMOVAL,1,0.0,Cycle removed by removal_index.csv,,
5-5,1459,GLOBAL_REMOVAL,1,0.0,Cycle removed by removal_index.csv,,
6-1,1566,GLOBAL_REMOVAL,1,0.0,Cycle removed by removal_index.csv,,
6-1,1571,GLOBAL_REMOVAL,1,0.0,Cycle removed by removal_index.csv,,
6-1,1576,GLOBAL_REMOVAL,1,0.0,Cycle removed by removal_index.csv,,
6-1,1577,GLOBAL_REMOVAL,1,0.0,Cycle removed by removal_index.csv,,
6-1,1578,GLOBAL_REMOVAL,1,0.0,Cycle removed by removal_index.csv,,
6-1,1579,GLOBAL_REMOVAL,1,0.0,Cycle removed by removal_index.csv,,
6-1,1581,GLOBAL_REMOVAL,1,0.0,Cycle removed by removal_index.csv,,
6-1,1582,GLOBAL_REMOVAL,1,0.0,Cycle removed by removal_index.csv,,
6-1,1585,GLOBAL_REMOVAL,1,0.0,Cycle removed by removal_index.csv,,
6-1,1587,GLOBAL_REMOVAL,1,0.0,Cycle removed by removal_index.csv,,
6-1,1588,GLOBAL_REMOVAL,1,0.0,Cycle removed by removal_index.csv,,
6-1,1589,GLOBAL_REMOVAL,1,0.0,Cycle removed by removal_index.csv,,
6-1,1590,GLOBAL_REMOVAL,1,0.0,Cycle removed by removal_index.csv,,
6-1,1591,GLOBAL_REMOVAL,1,0.0,Cycle removed by removal_index.csv,,
6-1,1592,GLOBAL_REMOVAL,1,0.0,Cycle removed by removal_index.csv,,
6-1,1593,GLOBAL_REMOVAL,1,0.0,Cycle removed by removal_index.csv,,
6-1,1597,GLOBAL_REMOVAL,1,0.0,Cycle removed by removal_index.csv,,
6-1,1598,GLOBAL_REMOVAL,1,0.0,Cycle removed by removal_index.csv,,
6-1,1601,GLOBAL_REMOVAL,1,0.0,Cycle removed by removal_index.csv,,
6-1,1602,GLOBAL_REMOVAL,1,0.0,Cycle removed by removal_index.csv,,
6-2,1,GLOBAL_REMOVAL,1,0.0,Cycle removed by removal_index.csv,,
6-2,2,GLOBAL_REMOVAL,1,0.0,Cycle removed by removal_index.csv,,
6-2,3,GLOBAL_REMOVAL,1,0.0,Cycle removed by removal_index.csv,,
6-2,4,GLOBAL_REMOVAL,1,0.0,Cycle removed by removal_index.csv,,
6-2,5,GLOBAL_REMOVAL,1,0.0,Cycle removed by removal_index.csv,,
6-2,6,GLOBAL_REMOVAL,1,0.0,Cycle removed by removal_index.csv,,
6-2,30,GLOBAL_REMOVAL,1,0.0,Cycle removed by removal_index.csv,,
6-2,64,GLOBAL_REMOVAL,1,0.0,Cycle removed by removal_index.csv,,
6-2,107,GLOBAL_REMOVAL,1,0.0,Cycle removed by removal_index.csv,,
6-2,173,GLOBAL_REMOVAL,1,0.0,Cycle removed by removal_index.csv,,
6-2,250,GLOBAL_REMOVAL,1,0.0,Cycle removed by removal_index.csv,,
6-2,452,GLOBAL_REMOVAL,1,0.0,Cycle removed by removal_index.csv,,
6-2,1026,GLOBAL_REMOVAL,1,0.0,Cycle removed by removal_index.csv,,
6-2,1474,GLOBAL_REMOVAL,1,0.0,Cycle removed by removal_index.csv,,
6-2,1825,GLOBAL_REMOVAL,1,0.0,Cycle removed by removal_index.csv,,
6-3,1,GLOBAL_REMOVAL,1,0.0,Cycle removed by removal_index.csv,,
6-3,2,GLOBAL_REMOVAL,1,0.0,Cycle removed by removal_index.csv,,
6-3,3,GLOBAL_REMOVAL,1,0.0,Cycle removed by removal_index.csv,,
6-3,4,GLOBAL_REMOVAL,1,0.0,Cycle removed by removal_index.csv,,
6-3,12,GLOBAL_REMOVAL,1,0.0,Cycle removed by removal_index.csv,,
6-3,15,GLOBAL_REMOVAL,1,0.0,Cycle removed by removal_index.csv,,
6-3,19,GLOBAL_REMOVAL,1,0.0,Cycle removed by removal_index.csv,,
6-3,23,GLOBAL_REMOVAL,1,0.0,Cycle removed by removal_index.csv,,
6-3,24,GLOBAL_REMOVAL,1,0.0,Cycle removed by removal_index.csv,,
6-3,25,GLOBAL_REMOVAL,1,0.0,Cycle removed by removal_index.csv,,
6-3,27,GLOBAL_REMOVAL,1,0.0,Cycle removed by removal_index.csv,,
6-3,31,GLOBAL_REMOVAL,1,0.0,Cycle removed by removal_index.csv,,
6-4,4,GLOBAL_REMOVAL,1,0.0,Cycle removed by removal_index.csv,,
6-4,5,GLOBAL_REMOVAL,1,0.0,Cycle removed by removal_index.csv,,
6-4,69,GLOBAL_REMOVAL,1,0.0,Cycle removed by removal_index.csv,,
6-4,82,GLOBAL_REMOVAL,1,0.0,Cycle removed by removal_index.csv,,
6-4,197,GLOBAL_REMOVAL,1,0.0,Cycle removed by removal_index.csv,,
6-4,200,GLOBAL_REMOVAL,1,0.0,Cycle removed by removal_index.csv,,
6-4,291,GLOBAL_REMOVAL,1,0.0,Cycle removed by removal_index.csv,,
6-4,292,GLOBAL_REMOVAL,1,0.0,Cycle removed by removal_index.csv,,
6-4,311,GLOBAL_REMOVAL,1,0.0,Cycle removed by removal_index.csv,,
6-4,332,GLOBAL_REMOVAL,1,0.0,Cycle removed by removal_index.csv,,
6-4,442,GLOBAL_REMOVAL,1,0.0,Cycle removed by removal_index.csv,,
6-4,471,GLOBAL_REMOVAL,1,0.0,Cycle removed by removal_index.csv,,
6-4,479,GLOBAL_REMOVAL,1,0.0,Cycle removed by removal_index.csv,,
6-4,515,GLOBAL_REMOVAL,1,0.0,Cycle removed by removal_index.csv,,
6-4,516,GLOBAL_REMOVAL,1,0.0,Cycle removed by removal_index.csv,,
6-4,517,GLOBAL_REMOVAL,1,0.0,Cycle removed by removal_index.csv,,
6-4,518,GLOBAL_REMOVAL,1,0.0,Cycle removed by removal_index.csv,,
6-4,519,GLOBAL_REMOVAL,1,0.0,Cycle removed by removal_index.csv,,
6-4,645,GLOBAL_REMOVAL,1,0.0,Cycle removed by removal_index.csv,,
6-4,693,GLOBAL_REMOVAL,1,0.0,Cycle removed by removal_index.csv,,
6-4,710,GLOBAL_REMOVAL,1,0.0,Cycle removed by removal_index.csv,,
6-4,836,GLOBAL_REMOVAL,1,0.0,Cycle removed by removal_index.csv,,
6-4,841,GLOBAL_REMOVAL,1,0.0,Cycle removed by removal_index.csv,,
6-4,967,GLOBAL_REMOVAL,1,0.0,Cycle removed by removal_index.csv,,
6-4,972,GLOBAL_REMOVAL,1,0.0,Cycle removed by removal_index.csv,,
6-4,973,GLOBAL_REMOVAL,1,0.0,Cycle removed by removal_index.csv,,
6-4,979,GLOBAL_REMOVAL,1,0.0,Cycle removed by removal_index.csv,,
6-4,991,GLOBAL_REMOVAL,1,0.0,Cycle removed by removal_index.csv,,
6-4,995,GLOBAL_REMOVAL,1,0.0,Cycle removed by removal_index.csv,,
6-4,1000,GLOBAL_REMOVAL,1,0.0,Cycle removed by removal_index.csv,,
6-4,1005,GLOBAL_REMOVAL,1,0.0,Cycle removed by removal_index.csv,,
6-4,1008,GLOBAL_REMOVAL,1,0.0,Cycle removed by removal_index.csv,,
6-4,1015,GLOBAL_REMOVAL,1,0.0,Cycle removed by removal_index.csv,,
6-4,1028,GLOBAL_REMOVAL,1,0.0,Cycle removed by removal_index.csv,,
6-4,1093,GLOBAL_REMOVAL,1,0.0,Cycle removed by removal_index.csv,,
6-4,1165,GLOBAL_REMOVAL,1,0.0,Cycle removed by removal_index.csv,,
6-4,1229,GLOBAL_REMOVAL,1,0.0,Cycle removed by removal_index.csv,,
6-4,1423,GLOBAL_REMOVAL,1,0.0,Cycle removed by removal_index.csv,,
6-4,1426,GLOBAL_REMOVAL,1,0.0,Cycle removed by removal_index.csv,,
6-4,1428,GLOBAL_REMOVAL,1,0.0,Cycle removed by removal_index.csv,,
6-4,1430,GLOBAL_REMOVAL,1,0.0,Cycle removed by removal_index.csv,,
6-4,1447,GLOBAL_REMOVAL,1,0.0,Cycle removed by removal_index.csv,,
6-4,1452,GLOBAL_REMOVAL,1,0.0,Cycle removed by removal_index.csv,,
6-4,1455,GLOBAL_REMOVAL,1,0.0,Cycle removed by removal_index.csv,,
6-4,1457,GLOBAL_REMOVAL,1,0.0,Cycle removed by removal_index.csv,,
6-4,1461,GLOBAL_REMOVAL,1,0.0,Cycle removed by removal_index.csv,,
6-4,1463,GLOBAL_REMOVAL,1,0.0,Cycle removed by removal_index.csv,,
6-4,1465,GLOBAL_REMOVAL,1,0.0,Cycle removed by removal_index.csv,,
6-4,1467,GLOBAL_REMOVAL,1,0.0,Cycle removed by removal_index.csv,,
6-4,1470,GLOBAL_REMOVAL,1,0.0,Cycle removed by removal_index.csv,,
6-4,1486,GLOBAL_REMOVAL,1,0.0,Cycle removed by removal_index.csv,,
6-4,1532,GLOBAL_REMOVAL,1,0.0,Cycle removed by removal_index.csv,,
6-4,1587,GLOBAL_REMOVAL,1,0.0,Cycle removed by removal_index.csv,,
6-4,1596,GLOBAL_REMOVAL,1,0.0,Cycle removed by removal_index.csv,,
6-4,1597,GLOBAL_REMOVAL,1,0.0,Cycle removed by removal_index.csv,,
6-4,1660,GLOBAL_REMOVAL,1,0.0,Cycle removed by removal_index.csv,,
6-4,1670,GLOBAL_REMOVAL,1,0.0,Cycle removed by removal_index.csv,,
6-4,1673,GLOBAL_REMOVAL,1,0.0,Cycle removed by removal_index.csv,,
6-4,1675,GLOBAL_REMOVAL,1,0.0,Cycle removed by removal_index.csv,,
6-4,1703,GLOBAL_REMOVAL,1,0.0,Cycle removed by removal_index.csv,,
6-5,2171,GLOBAL_REMOVAL,1,0.0,Cycle removed by removal_index.csv,,
6-5,2172,GLOBAL_REMOVAL,1,0.0,Cycle removed by removal_index.csv,,
6-5,2173,GLOBAL_REMOVAL,1,0.0,Cycle removed by removal_index.csv,,
6-5,2174,GLOBAL_REMOVAL,1,0.0,Cycle removed by removal_index.csv,,
6-5,2175,GLOBAL_REMOVAL,1,0.0,Cycle removed by removal_index.csv,,
6-5,2176,GLOBAL_REMOVAL,1,0.0,Cycle removed by removal_index.csv,,
6-5,2177,GLOBAL_REMOVAL,1,0.0,Cycle removed by removal_index.csv,,
6-5,2178,GLOBAL_REMOVAL,1,0.0,Cycle removed by removal_index.csv,,
6-6,1,GLOBAL_REMOVAL,1,0.0,Cycle removed by removal_index.csv,,
6-6,2,GLOBAL_REMOVAL,1,0.0,Cycle removed by removal_index.csv,,
6-6,3,GLOBAL_REMOVAL,1,0.0,Cycle removed by removal_index.csv,,
6-6,4,GLOBAL_REMOVAL,1,0.0,Cycle removed by removal_index.csv,,
6-6,5,GLOBAL_REMOVAL,1,0.0,Cycle removed by removal_index.csv,,
6-6,6,GLOBAL_REMOVAL,1,0.0,Cycle removed by removal_index.csv,,
6-6,7,GLOBAL_REMOVAL,1,0.0,Cycle removed by removal_index.csv,,
6-6,8,GLOBAL_REMOVAL,1,0.0,Cycle removed by removal_index.csv,,
6-6,9,GLOBAL_REMOVAL,1,0.0,Cycle removed by removal_index.csv,,
6-6,2224,GLOBAL_REMOVAL,1,0.0,Cycle removed by removal_index.csv,,
6-6,2227,GLOBAL_REMOVAL,1,0.0,Cycle removed by removal_index.csv,,
6-6,2230,GLOBAL_REMOVAL,1,0.0,Cycle removed by removal_index.csv,,
6-6,2233,GLOBAL_REMOVAL,1,0.0,Cycle removed by removal_index.csv,,
6-6,2236,GLOBAL_REMOVAL,1,0.0,Cycle removed by removal_index.csv,,
6-6,2238,GLOBAL_REMOVAL,1,0.0,Cycle removed by removal_index.csv,,
6-6,2239,GLOBAL_REMOVAL,1,0.0,Cycle removed by removal_index.csv,,
6-6,2242,GLOBAL_REMOVAL,1,0.0,Cycle removed by removal_index.csv,,
6-6,2244,GLOBAL_REMOVAL,1,0.0,Cycle removed by removal_index.csv,,
6-6,2245,GLOBAL_REMOVAL,1,0.0,Cycle removed by removal_index.csv,,
6-6,2248,GLOBAL_REMOVAL,1,0.0,Cycle removed by removal_index.csv,,
6-6,2259,GLOBAL_REMOVAL,1,0.0,Cycle removed by removal_index.csv,,
6-6,2260,GLOBAL_REMOVAL,1,0.0,Cycle removed by removal_index.csv,,
6-6,2261,GLOBAL_REMOVAL,1,0.0,Cycle removed by removal_index.csv,,
6-6,2262,GLOBAL_REMOVAL,1,0.0,Cycle removed by removal_index.csv,,
6-6,2263,GLOBAL_REMOVAL,1,0.0,Cycle removed by removal_index.csv,,
6-6,2265,GLOBAL_REMOVAL,1,0.0,Cycle removed by removal_index.csv,,
6-6,2266,GLOBAL_REMOVAL,1,0.0,Cycle removed by removal_index.csv,,
6-6,2268,GLOBAL_REMOVAL,1,0.0,Cycle removed by removal_index.csv,,
6-6,2269,GLOBAL_REMOVAL,1,0.0,Cycle removed by removal_index.csv,,
6-6,2270,GLOBAL_REMOVAL,1,0.0,Cycle removed by removal_index.csv,,
6-6,2271,GLOBAL_REMOVAL,1,0.0,Cycle removed by removal_index.csv,,
6-6,2272,GLOBAL_REMOVAL,1,0.0,Cycle removed by removal_index.csv,,
6-6,2273,GLOBAL_REMOVAL,1,0.0,Cycle removed by removal_index.csv,,
6-6,2274,GLOBAL_REMOVAL,1,0.0,Cycle removed by removal_index.csv,,
6-6,2275,GLOBAL_REMOVAL,1,0.0,Cycle removed by removal_index.csv,,
6-6,2276,GLOBAL_REMOVAL,1,0.0,Cycle removed by removal_index.csv,,
6-6,2277,GLOBAL_REMOVAL,1,0.0,Cycle removed by removal_index.csv,,
6-6,2278,GLOBAL_REMOVAL,1,0.0,Cycle removed by removal_index.csv,,
6-6,2279,GLOBAL_REMOVAL,1,0.0,Cycle removed by removal_index.csv,,
6-6,2280,GLOBAL_REMOVAL,1,0.0,Cycle removed by removal_index.csv,,
6-6,2281,GLOBAL_REMOVAL,1,0.0,Cycle removed by removal_index.csv,,
6-6,2282,GLOBAL_REMOVAL,1,0.0,Cycle removed by removal_index.csv,,
6-6,2283,GLOBAL_REMOVAL,1,0.0,Cycle removed by removal_index.csv,,
6-6,2284,GLOBAL_REMOVAL,1,0.0,Cycle removed by removal_index.csv,,
6-6,2285,GLOBAL_REMOVAL,1,0.0,Cycle removed by removal_index.csv,,
6-6,2286,GLOBAL_REMOVAL,1,0.0,Cycle removed by removal_index.csv,,
6-6,2287,GLOBAL_REMOVAL,1,0.0,Cycle removed by removal_index.csv,,
6-6,2288,GLOBAL_REMOVAL,1,0.0,Cycle removed by removal_index.csv,,
6-6,2289,GLOBAL_REMOVAL,1,0.0,Cycle removed by removal_index.csv,,
6-6,2290,GLOBAL_REMOVAL,1,0.0,Cycle removed by removal_index.csv,,
6-6,2291,GLOBAL_REMOVAL,1,0.0,Cycle removed by removal_index.csv,,
6-6,2292,GLOBAL_REMOVAL,1,0.0,Cycle removed by removal_index.csv,,
6-6,2293,GLOBAL_REMOVAL,1,0.0,Cycle removed by removal_index.csv,,
6-6,2295,GLOBAL_REMOVAL,1,0.0,Cycle removed by removal_index.csv,,
6-6,2296,GLOBAL_REMOVAL,1,0.0,Cycle removed by removal_index.csv,,
6-6,2298,GLOBAL_REMOVAL,1,0.0,Cycle removed by removal_index.csv,,
6-6,2299,GLOBAL_REMOVAL,1,0.0,Cycle removed by removal_index.csv,,
6-6,2300,GLOBAL_REMOVAL,1,0.0,Cycle removed by removal_index.csv,,
6-6,2301,GLOBAL_REMOVAL,1,0.0,Cycle removed by removal_index.csv,,
6-6,2302,GLOBAL_REMOVAL,1,0.0,Cycle removed by removal_index.csv,,
6-6,2303,GLOBAL_REMOVAL,1,0.0,Cycle removed by removal_index.csv,,
6-6,2304,GLOBAL_REMOVAL,1,0.0,Cycle removed by removal_index.csv,,
6-6,2305,GLOBAL_REMOVAL,1,0.0,Cycle removed by removal_index.csv,,
6-6,2306,GLOBAL_REMOVAL,1,0.0,Cycle removed by removal_index.csv,,
6-6,2307,GLOBAL_REMOVAL,1,0.0,Cycle removed by removal_index.csv,,
6-6,2308,GLOBAL_REMOVAL,1,0.0,Cycle removed by removal_index.csv,,
6-6,2309,GLOBAL_REMOVAL,1,0.0,Cycle removed by removal_index.csv,,
6-6,2310,GLOBAL_REMOVAL,1,0.0,Cycle removed by removal_index.csv,,
6-6,2311,GLOBAL_REMOVAL,1,0.0,Cycle removed by removal_index.csv,,
6-6,2312,GLOBAL_REMOVAL,1,0.0,Cycle removed by removal_index.csv,,
6-6,2313,GLOBAL_REMOVAL,1,0.0,Cycle removed by removal_index.csv,,
6-6,2314,GLOBAL_REMOVAL,1,0.0,Cycle removed by removal_index.csv,,
6-6,2315,GLOBAL_REMOVAL,1,0.0,Cycle removed by removal_index.csv,,
6-6,2316,GLOBAL_REMOVAL,1,0.0,Cycle removed by removal_index.csv,,
6-6,2317,GLOBAL_REMOVAL,1,0.0,Cycle removed by removal_index.csv,,
6-6,2318,GLOBAL_REMOVAL,1,0.0,Cycle removed by removal_index.csv,,
6-6,2319,GLOBAL_REMOVAL,1,0.0,Cycle removed by removal_index.csv,,
6-6,2320,GLOBAL_REMOVAL,1,0.0,Cycle removed by removal_index.csv,,
6-6,2321,GLOBAL_REMOVAL,1,0.0,Cycle removed by removal_index.csv,,
6-6,2322,GLOBAL_REMOVAL,1,0.0,Cycle removed by removal_index.csv,,
6-6,2323,GLOBAL_REMOVAL,1,0.0,Cycle removed by removal_index.csv,,
6-6,2324,GLOBAL_REMOVAL,1,0.0,Cycle removed by removal_index.csv,,
6-6,2325,GLOBAL_REMOVAL,1,0.0,Cycle removed by removal_index.csv,,
6-6,2326,GLOBAL_REMOVAL,1,0.0,Cycle removed by removal_index.csv,,
6-6,2327,GLOBAL_REMOVAL,1,0.0,Cycle removed by removal_index.csv,,
6-6,2328,GLOBAL_REMOVAL,1,0.0,Cycle removed by removal_index.csv,,
6-6,2329,GLOBAL_REMOVAL,1,0.0,Cycle removed by removal_index.csv,,
6-6,2330,GLOBAL_REMOVAL,1,0.0,Cycle removed by removal_index.csv,,
6-6,2331,GLOBAL_REMOVAL,1,0.0,Cycle removed by removal_index.csv,,
6-6,2332,GLOBAL_REMOVAL,1,0.0,Cycle removed by removal_index.csv,,
6-6,2333,GLOBAL_REMOVAL,1,0.0,Cycle removed by removal_index.csv,,
6-6,2334,GLOBAL_REMOVAL,1,0.0,Cycle removed by removal_index.csv,,
6-6,2335,GLOBAL_REMOVAL,1,0.0,Cycle removed by removal_index.csv,,
6-6,2336,GLOBAL_REMOVAL,1,0.0,Cycle removed by removal_index.csv,,
6-6,2337,GLOBAL_REMOVAL,1,0.0,Cycle removed by removal_index.csv,,
6-6,2338,GLOBAL_REMOVAL,1,0.0,Cycle removed by removal_index.csv,,
6-6,2339,GLOBAL_REMOVAL,1,0.0,Cycle removed by removal_index.csv,,
6-6,2340,GLOBAL_REMOVAL,1,0.0,Cycle removed by removal_index.csv,,
6-6,2341,GLOBAL_REMOVAL,1,0.0,Cycle removed by removal_index.csv,,
6-6,2342,GLOBAL_REMOVAL,1,0.0,Cycle removed by removal_index.csv,,
6-6,2343,GLOBAL_REMOVAL,1,0.0,Cycle removed by removal_index.csv,,
6-6,2344,GLOBAL_REMOVAL,1,0.0,Cycle removed by removal_index.csv,,
6-6,2345,GLOBAL_REMOVAL,1,0.0,Cycle removed by removal_index.csv,,
6-6,2346,GLOBAL_REMOVAL,1,0.0,Cycle removed by removal_index.csv,,
6-6,2347,GLOBAL_REMOVAL,1,0.0,Cycle removed by removal_index.csv,,
6-6,2348,GLOBAL_REMOVAL,1,0.0,Cycle removed by removal_index.csv,,
6-6,2349,GLOBAL_REMOVAL,1,0.0,Cycle removed by removal_index.csv,,
6-6,2350,GLOBAL_REMOVAL,1,0.0,Cycle removed by removal_index.csv,,
6-6,2351,GLOBAL_REMOVAL,1,0.0,Cycle removed by removal_index.csv,,
6-6,2352,GLOBAL_REMOVAL,1,0.0,Cycle removed by removal_index.csv,,
6-6,2353,GLOBAL_REMOVAL,1,0.0,Cycle removed by removal_index.csv,,
6-6,2354,GLOBAL_REMOVAL,1,0.0,Cycle removed by removal_index.csv,,
6-6,2355,GLOBAL_REMOVAL,1,0.0,Cycle removed by removal_index.csv,,
6-6,2356,GLOBAL_REMOVAL,1,0.0,Cycle removed by removal_index.csv,,
6-6,2357,GLOBAL_REMOVAL,1,0.0,Cycle removed by removal_index.csv,,
6-6,2358,GLOBAL_REMOVAL,1,0.0,Cycle removed by removal_index.csv,,
6-6,2359,GLOBAL_REMOVAL,1,0.0,Cycle removed by removal_index.csv,,
6-6,2360,GLOBAL_REMOVAL,1,0.0,Cycle removed by removal_index.csv,,
6-6,2361,GLOBAL_REMOVAL,1,0.0,Cycle removed by removal_index.csv,,
6-6,2362,GLOBAL_REMOVAL,1,0.0,Cycle removed by removal_index.csv,,
6-6,2363,GLOBAL_REMOVAL,1,0.0,Cycle removed by removal_index.csv,,
6-6,2364,GLOBAL_REMOVAL,1,0.0,Cycle removed by removal_index.csv,,
6-6,2365,GLOBAL_REMOVAL,1,0.0,Cycle removed by removal_index.csv,,
6-6,2366,GLOBAL_REMOVAL,1,0.0,Cycle removed by removal_index.csv,,
6-6,2367,GLOBAL_REMOVAL,1,0.0,Cycle removed by removal_index.csv,,
6-6,2368,GLOBAL_REMOVAL,1,0.0,Cycle removed by removal_index.csv,,
6-6,2369,GLOBAL_REMOVAL,1,0.0,Cycle removed by removal_index.csv,,
6-6,2370,GLOBAL_REMOVAL,1,0.0,Cycle removed by removal_index.csv,,
6-6,2371,GLOBAL_REMOVAL,1,0.0,Cycle removed by removal_index.csv,,
6-6,2372,GLOBAL_REMOVAL,1,0.0,Cycle removed by removal_index.csv,,
6-6,2373,GLOBAL_REMOVAL,1,0.0,Cycle removed by removal_index.csv,,
6-6,2374,GLOBAL_REMOVAL,1,0.0,Cycle removed by removal_index.csv,,
6-6,2375,GLOBAL_REMOVAL,1,0.0,Cycle removed by removal_index.csv,,
6-6,2376,GLOBAL_REMOVAL,1,0.0,Cycle removed by removal_index.csv,,
6-6,2377,GLOBAL_REMOVAL,1,0.0,Cycle removed by removal_index.csv,,
6-6,2378,GLOBAL_REMOVAL,1,0.0,Cycle removed by removal_index.csv,,
6-6,2379,GLOBAL_REMOVAL,1,0.0,Cycle removed by removal_index.csv,,
6-6,2380,GLOBAL_REMOVAL,1,0.0,Cycle removed by removal_index.csv,,
6-6,2381,GLOBAL_REMOVAL,1,0.0,Cycle removed by removal_index.csv,,
6-6,2382,GLOBAL_REMOVAL,1,0.0,Cycle removed by removal_index.csv,,
6-6,2383,GLOBAL_REMOVAL,1,0.0,Cycle removed by removal_index.csv,,
6-6,2384,GLOBAL_REMOVAL,1,0.0,Cycle removed by removal_index.csv,,
6-6,2385,GLOBAL_REMOVAL,1,0.0,Cycle removed by removal_index.csv,,
6-6,2386,GLOBAL_REMOVAL,1,0.0,Cycle removed by removal_index.csv,,
6-6,2387,GLOBAL_REMOVAL,1,0.0,Cycle removed by removal_index.csv,,
6-6,2388,GLOBAL_REMOVAL,1,0.0,Cycle removed by removal_index.csv,,
6-6,2389,GLOBAL_REMOVAL,1,0.0,Cycle removed by removal_index.csv,,
6-6,2390,GLOBAL_REMOVAL,1,0.0,Cycle removed by removal_index.csv,,
6-6,2391,GLOBAL_REMOVAL,1,0.0,Cycle removed by removal_index.csv,,
6-6,2392,GLOBAL_REMOVAL,1,0.0,Cycle removed by removal_index.csv,,
6-6,2393,GLOBAL_REMOVAL,1,0.0,Cycle removed by removal_index.csv,,
6-6,2394,GLOBAL_REMOVAL,1,0.0,Cycle removed by removal_index.csv,,
6-6,2395,GLOBAL_REMOVAL,1,0.0,Cycle removed by removal_index.csv,,
6-6,2396,GLOBAL_REMOVAL,1,0.0,Cycle removed by removal_index.csv,,
6-6,2397,GLOBAL_REMOVAL,1,0.0,Cycle removed by removal_index.csv,,
6-6,2398,GLOBAL_REMOVAL,1,0.0,Cycle removed by removal_index.csv,,
6-6,2399,GLOBAL_REMOVAL,1,0.0,Cycle removed by removal_index.csv,,
6-6,2400,GLOBAL_REMOVAL,1,0.0,Cycle removed by removal_index.csv,,
6-6,2401,GLOBAL_REMOVAL,1,0.0,Cycle removed by removal_index.csv,,
6-6,2402,GLOBAL_REMOVAL,1,0.0,Cycle removed by removal_index.csv,,
6-6,2403,GLOBAL_REMOVAL,1,0.0,Cycle removed by removal_index.csv,,
6-6,2404,GLOBAL_REMOVAL,1,0.0,Cycle removed by removal_index.csv,,
6-6,2405,GLOBAL_REMOVAL,1,0.0,Cycle removed by removal_index.csv,,
6-6,2406,GLOBAL_REMOVAL,1,0.0,Cycle removed by removal_index.csv,,
6-6,2407,GLOBAL_REMOVAL,1,0.0,Cycle removed by removal_index.csv,,
6-6,2408,GLOBAL_REMOVAL,1,0.0,Cycle removed by removal_index.csv,,
6-6,2409,GLOBAL_REMOVAL,1,0.0,Cycle removed by removal_index.csv,,
6-6,2410,GLOBAL_REMOVAL,1,0.0,Cycle removed by removal_index.csv,,
6-6,2411,GLOBAL_REMOVAL,1,0.0,Cycle removed by removal_index.csv,,
6-6,2412,GLOBAL_REMOVAL,1,0.0,Cycle removed by removal_index.csv,,
6-6,2413,GLOBAL_REMOVAL,1,0.0,Cycle removed by removal_index.csv,,
6-6,2414,GLOBAL_REMOVAL,1,0.0,Cycle removed by removal_index.csv,,
6-6,2415,GLOBAL_REMOVAL,1,0.0,Cycle removed by removal_index.csv,,
6-6,2416,GLOBAL_REMOVAL,1,0.0,Cycle removed by removal_index.csv,,
6-6,2417,GLOBAL_REMOVAL,1,0.0,Cycle removed by removal_index.csv,,
6-6,2418,GLOBAL_REMOVAL,1,0.0,Cycle removed by removal_index.csv,,
6-6,2419,GLOBAL_REMOVAL,1,0.0,Cycle removed by removal_index.csv,,
6-6,2420,GLOBAL_REMOVAL,1,0.0,Cycle removed by removal_index.csv,,
6-6,2421,GLOBAL_REMOVAL,1,0.0,Cycle removed by removal_index.csv,,
6-6,2422,GLOBAL_REMOVAL,1,0.0,Cycle removed by removal_index.csv,,
6-6,2423,GLOBAL_REMOVAL,1,0.0,Cycle removed by removal_index.csv,,
6-6,2424,GLOBAL_REMOVAL,1,0.0,Cycle removed by removal_index.csv,,
6-6,2425,GLOBAL_REMOVAL,1,0.0,Cycle removed by removal_index.csv,,
6-6,2426,GLOBAL_REMOVAL,1,0.0,Cycle removed by removal_index.csv,,
6-6,2427,GLOBAL_REMOVAL,1,0.0,Cycle removed by removal_index.csv,,
6-6,2428,GLOBAL_REMOVAL,1,0.0,Cycle removed by removal_index.csv,,
6-6,2429,GLOBAL_REMOVAL,1,0.0,Cycle removed by removal_index.csv,,
6-6,2430,GLOBAL_REMOVAL,1,0.0,Cycle removed by removal_index.csv,,
6-6,2431,GLOBAL_REMOVAL,1,0.0,Cycle removed by removal_index.csv,,
6-6,2432,GLOBAL_REMOVAL,1,0.0,Cycle removed by removal_index.csv,,
6-6,2433,GLOBAL_REMOVAL,1,0.0,Cycle removed by removal_index.csv,,
6-6,2434,GLOBAL_REMOVAL,1,0.0,Cycle removed by removal_index.csv,,
6-6,2435,GLOBAL_REMOVAL,1,0.0,Cycle removed by removal_index.csv,,
6-6,2436,GLOBAL_REMOVAL,1,0.0,Cycle removed by removal_index.csv,,
6-6,2437,GLOBAL_REMOVAL,1,0.0,Cycle removed by removal_index.csv,,
6-6,2438,GLOBAL_REMOVAL,1,0.0,Cycle removed by removal_index.csv,,
6-6,2439,GLOBAL_REMOVAL,1,0.0,Cycle removed by removal_index.csv,,
6-6,2440,GLOBAL_REMOVAL,1,0.0,Cycle removed by removal_index.csv,,
6-6,2441,GLOBAL_REMOVAL,1,0.0,Cycle removed by removal_index.csv,,
6-6,2442,GLOBAL_REMOVAL,1,0.0,Cycle removed by removal_index.csv,,
6-6,2443,GLOBAL_REMOVAL,1,0.0,Cycle removed by removal_index.csv,,
6-6,2444,GLOBAL_REMOVAL,1,0.0,Cycle removed by removal_index.csv,,
6-6,2445,GLOBAL_REMOVAL,1,0.0,Cycle removed by removal_index.csv,,
6-6,2446,GLOBAL_REMOVAL,1,0.0,Cycle removed by removal_index.csv,,
6-6,2447,GLOBAL_REMOVAL,1,0.0,Cycle removed by removal_index.csv,,
6-6,2448,GLOBAL_REMOVAL,1,0.0,Cycle removed by removal_index.csv,,
6-6,2449,GLOBAL_REMOVAL,1,0.0,Cycle removed by removal_index.csv,,
6-6,2450,GLOBAL_REMOVAL,1,0.0,Cycle removed by removal_index.csv,,
6-6,2451,GLOBAL_REMOVAL,1,0.0,Cycle removed by removal_index.csv,,
6-6,2452,GLOBAL_REMOVAL,1,0.0,Cycle removed by removal_index.csv,,
6-6,2453,GLOBAL_REMOVAL,1,0.0,Cycle removed by removal_index.csv,,
6-6,2454,GLOBAL_REMOVAL,1,0.0,Cycle removed by removal_index.csv,,
6-6,2455,GLOBAL_REMOVAL,1,0.0,Cycle removed by removal_index.csv,,
6-6,2456,GLOBAL_REMOVAL,1,0.0,Cycle removed by removal_index.csv,,
6-6,2457,GLOBAL_REMOVAL,1,0.0,Cycle removed by removal_index.csv,,
6-6,2458,GLOBAL_REMOVAL,1,0.0,Cycle removed by removal_index.csv,,
6-6,2459,GLOBAL_REMOVAL,1,0.0,Cycle removed by removal_index.csv,,
6-6,2460,GLOBAL_REMOVAL,1,0.0,Cycle removed by removal_index.csv,,
6-6,2461,GLOBAL_REMOVAL,1,0.0,Cycle removed by removal_index.csv,,
6-6,2462,GLOBAL_REMOVAL,1,0.0,Cycle removed by removal_index.csv,,
6-6,2463,GLOBAL_REMOVAL,1,0.0,Cycle removed by removal_index.csv,,
6-6,2464,GLOBAL_REMOVAL,1,0.0,Cycle removed by removal_index.csv,,
6-6,2465,GLOBAL_REMOVAL,1,0.0,Cycle removed by removal_index.csv,,
6-6,2466,GLOBAL_REMOVAL,1,0.0,Cycle removed by removal_index.csv,,
6-6,2467,GLOBAL_REMOVAL,1,0.0,Cycle removed by removal_index.csv,,
6-6,2468,GLOBAL_REMOVAL,1,0.0,Cycle removed by removal_index.csv,,
6-8,1,GLOBAL_REMOVAL,1,0.0,Cycle removed by removal_index.csv,,
7-1,1,GLOBAL_REMOVAL,1,0.0,Cycle removed by removal_index.csv,,
7-1,48,GLOBAL_REMOVAL,1,0.0,Cycle removed by removal_index.csv,,
7-1,58,GLOBAL_REMOVAL,1,0.0,Cycle removed by removal_index.csv,,
7-1,63,GLOBAL_REMOVAL,1,0.0,Cycle removed by removal_index.csv,,
7-1,85,GLOBAL_REMOVAL,1,0.0,Cycle removed by removal_index.csv,,
7-1,90,GLOBAL_REMOVAL,1,0.0,Cycle removed by removal_index.csv,,
7-1,91,GLOBAL_REMOVAL,1,0.0,Cycle removed by removal_index.csv,,
7-1,104,GLOBAL_REMOVAL,1,0.0,Cycle removed by removal_index.csv,,
7-1,131,GLOBAL_REMOVAL,1,0.0,Cycle removed by removal_index.csv,,
7-1,139,GLOBAL_REMOVAL,1,0.0,Cycle removed by removal_index.csv,,
7-1,146,GLOBAL_REMOVAL,1,0.0,Cycle removed by removal_index.csv,,
7-1,162,GLOBAL_REMOVAL,1,0.0,Cycle removed by removal_index.csv,,
7-1,179,GLOBAL_REMOVAL,1,0.0,Cycle removed by removal_index.csv,,
7-1,185,GLOBAL_REMOVAL,1,0.0,Cycle removed by removal_index.csv,,
7-1,227,GLOBAL_REMOVAL,1,0.0,Cycle removed by removal_index.csv,,
7-1,289,GLOBAL_REMOVAL,1,0.0,Cycle removed by removal_index.csv,,
7-1,290,GLOBAL_REMOVAL,1,0.0,Cycle removed by removal_index.csv,,
7-1,293,GLOBAL_REMOVAL,1,0.0,Cycle removed by removal_index.csv,,
7-1,313,GLOBAL_REMOVAL,1,0.0,Cycle removed by removal_index.csv,,
7-1,346,GLOBAL_REMOVAL,1,0.0,Cycle removed by removal_index.csv,,
7-1,348,GLOBAL_REMOVAL,1,0.0,Cycle removed by removal_index.csv,,
7-1,410,GLOBAL_REMOVAL,1,0.0,Cycle removed by removal_index.csv,,
7-1,465,GLOBAL_REMOVAL,1,0.0,Cycle removed by removal_index.csv,,
7-1,707,GLOBAL_REMOVAL,1,0.0,Cycle removed by removal_index.csv,,
7-1,924,GLOBAL_REMOVAL,1,0.0,Cycle removed by removal_index.csv,,
7-1,1092,GLOBAL_REMOVAL,1,0.0,Cycle removed by removal_index.csv,,
7-1,1192,GLOBAL_REMOVAL,1,0.0,Cycle removed by removal_index.csv,,
7-1,1225,GLOBAL_REMOVAL,1,0.0,Cycle removed by removal_index.csv,,
7-1,1651,GLOBAL_REMOVAL,1,0.0,Cycle removed by removal_index.csv,,
7-2,1,GLOBAL_REMOVAL,1,0.0,Cycle removed by removal_index.csv,,
7-2,2,GLOBAL_REMOVAL,1,0.0,Cycle removed by removal_index.csv,,
7-2,3,GLOBAL_REMOVAL,1,0.0,Cycle removed by removal_index.csv,,
7-2,4,GLOBAL_REMOVAL,1,0.0,Cycle removed by removal_index.csv,,
7-2,5,GLOBAL_REMOVAL,1,0.0,Cycle removed by removal_index.csv,,
7-2,6,GLOBAL_REMOVAL,1,0.0,Cycle removed by removal_index.csv,,
7-2,7,GLOBAL_REMOVAL,1,0.0,Cycle removed by removal_index.csv,,
7-2,8,GLOBAL_REMOVAL,1,0.0,Cycle removed by removal_index.csv,,
7-2,9,GLOBAL_REMOVAL,1,0.0,Cycle removed by removal_index.csv,,
7-2,10,GLOBAL_REMOVAL,1,0.0,Cycle removed by removal_index.csv,,
7-2,11,GLOBAL_REMOVAL,1,0.0,Cycle removed by removal_index.csv,,
7-2,12,GLOBAL_REMOVAL,1,0.0,Cycle removed by removal_index.csv,,
7-2,13,GLOBAL_REMOVAL,1,0.0,Cycle removed by removal_index.csv,,
7-2,14,GLOBAL_REMOVAL,1,0.0,Cycle removed by removal_index.csv,,
7-2,15,GLOBAL_REMOVAL,1,0.0,Cycle removed by removal_index.csv,,
7-2,17,GLOBAL_REMOVAL,1,0.0,Cycle removed by removal_index.csv,,
7-2,18,GLOBAL_REMOVAL,1,0.0,Cycle removed by removal_index.csv,,
7-2,29,GLOBAL_REMOVAL,1,0.0,Cycle removed by removal_index.csv,,
7-2,1798,GLOBAL_REMOVAL,1,0.0,Cycle removed by removal_index.csv,,
7-2,1800,GLOBAL_REMOVAL,1,0.0,Cycle removed by removal_index.csv,,
7-2,1803,GLOBAL_REMOVAL,1,0.0,Cycle removed by removal_index.csv,,
7-2,1805,GLOBAL_REMOVAL,1,0.0,Cycle removed by removal_index.csv,,
7-2,1807,GLOBAL_REMOVAL,1,0.0,Cycle removed by removal_index.csv,,
7-2,1808,GLOBAL_REMOVAL,1,0.0,Cycle removed by removal_index.csv,,
7-2,1809,GLOBAL_REMOVAL,1,0.0,Cycle removed by removal_index.csv,,
7-2,1810,GLOBAL_REMOVAL,1,0.0,Cycle removed by removal_index.csv,,
7-2,1811,GLOBAL_REMOVAL,1,0.0,Cycle removed by removal_index.csv,,
7-2,1812,GLOBAL_REMOVAL,1,0.0,Cycle removed by removal_index.csv,,
7-2,1813,GLOBAL_REMOVAL,1,0.0,Cycle removed by removal_index.csv,,
7-2,1814,GLOBAL_REMOVAL,1,0.0,Cycle removed by removal_index.csv,,
7-2,1815,GLOBAL_REMOVAL,1,0.0,Cycle removed by removal_index.csv,,
7-2,1816,GLOBAL_REMOVAL,1,0.0,Cycle removed by removal_index.csv,,
7-2,1817,GLOBAL_REMOVAL,1,0.0,Cycle removed by removal_index.csv,,
7-2,1818,GLOBAL_REMOVAL,1,0.0,Cycle removed by removal_index.csv,,
7-2,1819,GLOBAL_REMOVAL,1,0.0,Cycle removed by removal_index.csv,,
7-2,1820,GLOBAL_REMOVAL,1,0.0,Cycle removed by removal_index.csv,,
7-2,1821,GLOBAL_REMOVAL,1,0.0,Cycle removed by removal_index.csv,,
7-2,1822,GLOBAL_REMOVAL,1,0.0,Cycle removed by removal_index.csv,,
7-2,1823,GLOBAL_REMOVAL,1,0.0,Cycle removed by removal_index.csv,,
7-2,1824,GLOBAL_REMOVAL,1,0.0,Cycle removed by removal_index.csv,,
7-2,1825,GLOBAL_REMOVAL,1,0.0,Cycle removed by removal_index.csv,,
7-2,1826,GLOBAL_REMOVAL,1,0.0,Cycle removed by removal_index.csv,,
7-2,1827,GLOBAL_REMOVAL,1,0.0,Cycle removed by removal_index.csv,,
7-2,1828,GLOBAL_REMOVAL,1,0.0,Cycle removed by removal_index.csv,,
7-2,1829,GLOBAL_REMOVAL,1,0.0,Cycle removed by removal_index.csv,,
7-2,1830,GLOBAL_REMOVAL,1,0.0,Cycle removed by removal_index.csv,,
7-2,1831,GLOBAL_REMOVAL,1,0.0,Cycle removed by removal_index.csv,,
7-2,1832,GLOBAL_REMOVAL,1,0.0,Cycle removed by removal_index.csv,,
7-2,1833,GLOBAL_REMOVAL,1,0.0,Cycle removed by removal_index.csv,,
7-2,1834,GLOBAL_REMOVAL,1,0.0,Cycle removed by removal_index.csv,,
7-2,1835,GLOBAL_REMOVAL,1,0.0,Cycle removed by removal_index.csv,,
7-2,1836,GLOBAL_REMOVAL,1,0.0,Cycle removed by removal_index.csv,,
7-2,1837,GLOBAL_REMOVAL,1,0.0,Cycle removed by removal_index.csv,,
7-2,1838,GLOBAL_REMOVAL,1,0.0,Cycle removed by removal_index.csv,,
7-2,1839,GLOBAL_REMOVAL,1,0.0,Cycle removed by removal_index.csv,,
7-2,1840,GLOBAL_REMOVAL,1,0.0,Cycle removed by removal_index.csv,,
7-2,1841,GLOBAL_REMOVAL,1,0.0,Cycle removed by removal_index.csv,,
7-2,1842,GLOBAL_REMOVAL,1,0.0,Cycle removed by removal_index.csv,,
7-2,1843,GLOBAL_REMOVAL,1,0.0,Cycle removed by removal_index.csv,,
7-2,1844,GLOBAL_REMOVAL,1,0.0,Cycle removed by removal_index.csv,,
7-2,1845,GLOBAL_REMOVAL,1,0.0,Cycle removed by removal_index.csv,,
7-2,1846,GLOBAL_REMOVAL,1,0.0,Cycle removed by removal_index.csv,,
7-2,1847,GLOBAL_REMOVAL,1,0.0,Cycle removed by removal_index.csv,,
7-2,1848,GLOBAL_REMOVAL,1,0.0,Cycle removed by removal_index.csv,,
7-2,1849,GLOBAL_REMOVAL,1,0.0,Cycle removed by removal_index.csv,,
7-2,1850,GLOBAL_REMOVAL,1,0.0,Cycle removed by removal_index.csv,,
7-2,1851,GLOBAL_REMOVAL,1,0.0,Cycle removed by removal_index.csv,,
7-2,1852,GLOBAL_REMOVAL,1,0.0,Cycle removed by removal_index.csv,,
7-2,1853,GLOBAL_REMOVAL,1,0.0,Cycle removed by removal_index.csv,,
7-2,1854,GLOBAL_REMOVAL,1,0.0,Cycle removed by removal_index.csv,,
7-2,1855,GLOBAL_REMOVAL,1,0.0,Cycle removed by removal_index.csv,,
7-2,1856,GLOBAL_REMOVAL,1,0.0,Cycle removed by removal_index.csv,,
7-2,1857,GLOBAL_REMOVAL,1,0.0,Cycle removed by removal_index.csv,,
7-2,1858,GLOBAL_REMOVAL,1,0.0,Cycle removed by removal_index.csv,,
7-2,1859,GLOBAL_REMOVAL,1,0.0,Cycle removed by removal_index.csv,,
7-2,1860,GLOBAL_REMOVAL,1,0.0,Cycle removed by removal_index.csv,,
7-2,1861,GLOBAL_REMOVAL,1,0.0,Cycle removed by removal_index.csv,,
7-2,1862,GLOBAL_REMOVAL,1,0.0,Cycle removed by removal_index.csv,,
7-2,1863,GLOBAL_REMOVAL,1,0.0,Cycle removed by removal_index.csv,,
7-2,1864,GLOBAL_REMOVAL,1,0.0,Cycle removed by removal_index.csv,,
7-2,1865,GLOBAL_REMOVAL,1,0.0,Cycle removed by removal_index.csv,,
7-2,1866,GLOBAL_REMOVAL,1,0.0,Cycle removed by removal_index.csv,,
7-2,1867,GLOBAL_REMOVAL,1,0.0,Cycle removed by removal_index.csv,,
7-2,1868,GLOBAL_REMOVAL,1,0.0,Cycle removed by removal_index.csv,,
7-2,1869,GLOBAL_REMOVAL,1,0.0,Cycle removed by removal_index.csv,,
7-2,1870,GLOBAL_REMOVAL,1,0.0,Cycle removed by removal_index.csv,,
7-2,1871,GLOBAL_REMOVAL,1,0.0,Cycle removed by removal_index.csv,,
7-2,1872,GLOBAL_REMOVAL,1,0.0,Cycle removed by removal_index.csv,,
7-2,1873,GLOBAL_REMOVAL,1,0.0,Cycle removed by removal_index.csv,,
7-2,1874,GLOBAL_REMOVAL,1,0.0,Cycle removed by removal_index.csv,,
7-2,1875,GLOBAL_REMOVAL,1,0.0,Cycle removed by removal_index.csv,,
7-2,1876,GLOBAL_REMOVAL,1,0.0,Cycle removed by removal_index.csv,,
7-2,1877,GLOBAL_REMOVAL,1,0.0,Cycle removed by removal_index.csv,,
7-2,1878,GLOBAL_REMOVAL,1,0.0,Cycle removed by removal_index.csv,,
7-2,1879,GLOBAL_REMOVAL,1,0.0,Cycle removed by removal_index.csv,,
7-2,1880,GLOBAL_REMOVAL,1,0.0,Cycle removed by removal_index.csv,,
7-2,1881,GLOBAL_REMOVAL,1,0.0,Cycle removed by removal_index.csv,,
7-2,1882,GLOBAL_REMOVAL,1,0.0,Cycle removed by removal_index.csv,,
7-2,1883,GLOBAL_REMOVAL,1,0.0,Cycle removed by removal_index.csv,,
7-2,1884,GLOBAL_REMOVAL,1,0.0,Cycle removed by removal_index.csv,,
7-2,1885,GLOBAL_REMOVAL,1,0.0,Cycle removed by removal_index.csv,,
7-2,1886,GLOBAL_REMOVAL,1,0.0,Cycle removed by removal_index.csv,,
7-2,1887,GLOBAL_REMOVAL,1,0.0,Cycle removed by removal_index.csv,,
7-2,1888,GLOBAL_REMOVAL,1,0.0,Cycle removed by removal_index.csv,,
7-2,1889,GLOBAL_REMOVAL,1,0.0,Cycle removed by removal_index.csv,,
7-2,1890,GLOBAL_REMOVAL,1,0.0,Cycle removed by removal_index.csv,,
7-2,1891,GLOBAL_REMOVAL,1,0.0,Cycle removed by removal_index.csv,,
7-2,1892,GLOBAL_REMOVAL,1,0.0,Cycle removed by removal_index.csv,,
7-2,1893,GLOBAL_REMOVAL,1,0.0,Cycle removed by removal_index.csv,,
7-2,1894,GLOBAL_REMOVAL,1,0.0,Cycle removed by removal_index.csv,,
7-2,1895,GLOBAL_REMOVAL,1,0.0,Cycle removed by removal_index.csv,,
7-2,1896,GLOBAL_REMOVAL,1,0.0,Cycle removed by removal_index.csv,,
7-2,1897,GLOBAL_REMOVAL,1,0.0,Cycle removed by removal_index.csv,,
7-2,1898,GLOBAL_REMOVAL,1,0.0,Cycle removed by removal_index.csv,,
7-2,1899,GLOBAL_REMOVAL,1,0.0,Cycle removed by removal_index.csv,,
7-2,1900,GLOBAL_REMOVAL,1,0.0,Cycle removed by removal_index.csv,,
7-2,1901,GLOBAL_REMOVAL,1,0.0,Cycle removed by removal_index.csv,,
7-2,1902,GLOBAL_REMOVAL,1,0.0,Cycle removed by removal_index.csv,,
7-2,1903,GLOBAL_REMOVAL,1,0.0,Cycle removed by removal_index.csv,,
7-2,1904,GLOBAL_REMOVAL,1,0.0,Cycle removed by removal_index.csv,,
7-2,1905,GLOBAL_REMOVAL,1,0.0,Cycle removed by removal_index.csv,,
7-2,1906,GLOBAL_REMOVAL,1,0.0,Cycle removed by removal_index.csv,,
7-2,1907,GLOBAL_REMOVAL,1,0.0,Cycle removed by removal_index.csv,,
7-2,1908,GLOBAL_REMOVAL,1,0.0,Cycle removed by removal_index.csv,,
7-2,1909,GLOBAL_REMOVAL,1,0.0,Cycle removed by removal_index.csv,,
7-2,1910,GLOBAL_REMOVAL,1,0.0,Cycle removed by removal_index.csv,,
7-2,1911,GLOBAL_REMOVAL,1,0.0,Cycle removed by removal_index.csv,,
7-2,1912,GLOBAL_REMOVAL,1,0.0,Cycle removed by removal_index.csv,,
7-2,1913,GLOBAL_REMOVAL,1,0.0,Cycle removed by removal_index.csv,,
7-2,1914,GLOBAL_REMOVAL,1,0.0,Cycle removed by removal_index.csv,,
7-2,1915,GLOBAL_REMOVAL,1,0.0,Cycle removed by removal_index.csv,,
7-2,1916,GLOBAL_REMOVAL,1,0.0,Cycle removed by removal_index.csv,,
7-2,1917,GLOBAL_REMOVAL,1,0.0,Cycle removed by removal_index.csv,,
7-2,1918,GLOBAL_REMOVAL,1,0.0,Cycle removed by removal_index.csv,,
7-2,1919,GLOBAL_REMOVAL,1,0.0,Cycle removed by removal_index.csv,,
7-2,1920,GLOBAL_REMOVAL,1,0.0,Cycle removed by removal_index.csv,,
7-2,1921,GLOBAL_REMOVAL,1,0.0,Cycle removed by removal_index.csv,,
7-2,1922,GLOBAL_REMOVAL,1,0.0,Cycle removed by removal_index.csv,,
7-2,1923,GLOBAL_REMOVAL,1,0.0,Cycle removed by removal_index.csv,,
7-2,1924,GLOBAL_REMOVAL,1,0.0,Cycle removed by removal_index.csv,,
7-2,1925,GLOBAL_REMOVAL,1,0.0,Cycle removed by removal_index.csv,,
7-2,1926,GLOBAL_REMOVAL,1,0.0,Cycle removed by removal_index.csv,,
7-2,1927,GLOBAL_REMOVAL,1,0.0,Cycle removed by removal_index.csv,,
7-2,1928,GLOBAL_REMOVAL,1,0.0,Cycle removed by removal_index.csv,,
7-2,1929,GLOBAL_REMOVAL,1,0.0,Cycle removed by removal_index.csv,,
7-2,1930,GLOBAL_REMOVAL,1,0.0,Cycle removed by removal_index.csv,,
7-2,1931,GLOBAL_REMOVAL,1,0.0,Cycle removed by removal_index.csv,,
7-2,1932,GLOBAL_REMOVAL,1,0.0,Cycle removed by removal_index.csv,,
7-2,1933,GLOBAL_REMOVAL,1,0.0,Cycle removed by removal_index.csv,,
7-2,1934,GLOBAL_REMOVAL,1,0.0,Cycle removed by removal_index.csv,,
7-2,1935,GLOBAL_REMOVAL,1,0.0,Cycle removed by removal_index.csv,,
7-2,1937,GLOBAL_REMOVAL,1,0.0,Cycle removed by removal_index.csv,,
7-2,1938,GLOBAL_REMOVAL,1,0.0,Cycle removed by removal_index.csv,,
7-2,1940,GLOBAL_REMOVAL,1,0.0,Cycle removed by removal_index.csv,,
7-2,1942,GLOBAL_REMOVAL,1,0.0,Cycle removed by removal_index.csv,,
7-2,1943,GLOBAL_REMOVAL,1,0.0,Cycle removed by removal_index.csv,,
7-2,1944,GLOBAL_REMOVAL,1,0.0,Cycle removed by removal_index.csv,,
7-2,1945,GLOBAL_REMOVAL,1,0.0,Cycle removed by removal_index.csv,,
7-2,1946,GLOBAL_REMOVAL,1,0.0,Cycle removed by removal_index.csv,,
7-2,1947,GLOBAL_REMOVAL,1,0.0,Cycle removed by removal_index.csv,,
7-2,1948,GLOBAL_REMOVAL,1,0.0,Cycle removed by removal_index.csv,,
7-2,1949,GLOBAL_REMOVAL,1,0.0,Cycle removed by removal_index.csv,,
7-2,1950,GLOBAL_REMOVAL,1,0.0,Cycle removed by removal_index.csv,,
7-2,1951,GLOBAL_REMOVAL,1,0.0,Cycle removed by removal_index.csv,,
7-2,1953,GLOBAL_REMOVAL,1,0.0,Cycle removed by removal_index.csv,,
7-2,1954,GLOBAL_REMOVAL,1,0.0,Cycle removed by removal_index.csv,,
7-2,1956,GLOBAL_REMOVAL,1,0.0,Cycle removed by removal_index.csv,,
7-2,1957,GLOBAL_REMOVAL,1,0.0,Cycle removed by removal_index.csv,,
7-2,1959,GLOBAL_REMOVAL,1,0.0,Cycle removed by removal_index.csv,,
7-2,1961,GLOBAL_REMOVAL,1,0.0,Cycle removed by removal_index.csv,,
7-2,1962,GLOBAL_REMOVAL,1,0.0,Cycle removed by removal_index.csv,,
7-2,1963,GLOBAL_REMOVAL,1,0.0,Cycle removed by removal_index.csv,,
7-2,1965,GLOBAL_REMOVAL,1,0.0,Cycle removed by removal_index.csv,,
7-2,1966,GLOBAL_REMOVAL,1,0.0,Cycle removed by removal_index.csv,,
7-2,1967,GLOBAL_REMOVAL,1,0.0,Cycle removed by removal_index.csv,,
7-2,1969,GLOBAL_REMOVAL,1,0.0,Cycle removed by removal_index.csv,,
7-2,1970,GLOBAL_REMOVAL,1,0.0,Cycle removed by removal_index.csv,,
7-2,1972,GLOBAL_REMOVAL,1,0.0,Cycle removed by removal_index.csv,,
7-2,1973,GLOBAL_REMOVAL,1,0.0,Cycle removed by removal_index.csv,,
7-2,1975,GLOBAL_REMOVAL,1,0.0,Cycle removed by removal_index.csv,,
7-2,1976,GLOBAL_REMOVAL,1,0.0,Cycle removed by removal_index.csv,,
7-2,1978,GLOBAL_REMOVAL,1,0.0,Cycle removed by removal_index.csv,,
7-2,1979,GLOBAL_REMOVAL,1,0.0,Cycle removed by removal_index.csv,,
7-2,1981,GLOBAL_REMOVAL,1,0.0,Cycle removed by removal_index.csv,,
7-2,1982,GLOBAL_REMOVAL,1,0.0,Cycle removed by removal_index.csv,,
7-2,1984,GLOBAL_REMOVAL,1,0.0,Cycle removed by removal_index.csv,,
7-2,1985,GLOBAL_REMOVAL,1,0.0,Cycle removed by removal_index.csv,,
7-2,1986,GLOBAL_REMOVAL,1,0.0,Cycle removed by removal_index.csv,,
7-2,1988,GLOBAL_REMOVAL,1,0.0,Cycle removed by removal_index.csv,,
7-2,1990,GLOBAL_REMOVAL,1,0.0,Cycle removed by removal_index.csv,,
7-2,1992,GLOBAL_REMOVAL,1,0.0,Cycle removed by removal_index.csv,,
7-2,1993,GLOBAL_REMOVAL,1,0.0,Cycle removed by removal_index.csv,,
7-2,1995,GLOBAL_REMOVAL,1,0.0,Cycle removed by removal_index.csv,,
7-2,1996,GLOBAL_REMOVAL,1,0.0,Cycle removed by removal_index.csv,,
7-2,1997,GLOBAL_REMOVAL,1,0.0,Cycle removed by removal_index.csv,,
7-2,1999,GLOBAL_REMOVAL,1,0.0,Cycle removed by removal_index.csv,,
7-2,2000,GLOBAL_REMOVAL,1,0.0,Cycle removed by removal_index.csv,,
7-2,2001,GLOBAL_REMOVAL,1,0.0,Cycle removed by removal_index.csv,,
7-2,2003,GLOBAL_REMOVAL,1,0.0,Cycle removed by removal_index.csv,,
7-2,2005,GLOBAL_REMOVAL,1,0.0,Cycle removed by removal_index.csv,,
7-2,2006,GLOBAL_REMOVAL,1,0.0,Cycle removed by removal_index.csv,,
7-2,2007,GLOBAL_REMOVAL,1,0.0,Cycle removed by removal_index.csv,,
7-2,2009,GLOBAL_REMOVAL,1,0.0,Cycle removed by removal_index.csv,,
7-2,2010,GLOBAL_REMOVAL,1,0.0,Cycle removed by removal_index.csv,,
7-2,2011,GLOBAL_REMOVAL,1,0.0,Cycle removed by removal_index.csv,,
7-2,2012,GLOBAL_REMOVAL,1,0.0,Cycle removed by removal_index.csv,,
7-2,2013,GLOBAL_REMOVAL,1,0.0,Cycle removed by removal_index.csv,,
7-2,2014,GLOBAL_REMOVAL,1,0.0,Cycle removed by removal_index.csv,,
7-2,2015,GLOBAL_REMOVAL,1,0.0,Cycle removed by removal_index.csv,,
7-2,2016,GLOBAL_REMOVAL,1,0.0,Cycle removed by removal_index.csv,,
7-2,2017,GLOBAL_REMOVAL,1,0.0,Cycle removed by removal_index.csv,,
7-2,2018,GLOBAL_REMOVAL,1,0.0,Cycle removed by removal_index.csv,,
7-2,2019,GLOBAL_REMOVAL,1,0.0,Cycle removed by removal_index.csv,,
7-2,2020,GLOBAL_REMOVAL,1,0.0,Cycle removed by removal_index.csv,,
7-2,2021,GLOBAL_REMOVAL,1,0.0,Cycle removed by removal_index.csv,,
7-2,2022,GLOBAL_REMOVAL,1,0.0,Cycle removed by removal_index.csv,,
7-2,2023,GLOBAL_REMOVAL,1,0.0,Cycle removed by removal_index.csv,,
7-2,2024,GLOBAL_REMOVAL,1,0.0,Cycle removed by removal_index.csv,,
7-2,2025,GLOBAL_REMOVAL,1,0.0,Cycle removed by removal_index.csv,,
7-2,2026,GLOBAL_REMOVAL,1,0.0,Cycle removed by removal_index.csv,,
7-2,2027,GLOBAL_REMOVAL,1,0.0,Cycle removed by removal_index.csv,,
7-2,2028,GLOBAL_REMOVAL,1,0.0,Cycle removed by removal_index.csv,,
7-2,2029,GLOBAL_REMOVAL,1,0.0,Cycle removed by removal_index.csv,,
7-2,2030,GLOBAL_REMOVAL,1,0.0,Cycle removed by removal_index.csv,,
7-3,1,GLOBAL_REMOVAL,1,0.0,Cycle removed by removal_index.csv,,
7-3,2,GLOBAL_REMOVAL,1,0.0,Cycle removed by removal_index.csv,,
7-3,3,GLOBAL_REMOVAL,1,0.0,Cycle removed by removal_index.csv,,
7-3,4,GLOBAL_REMOVAL,1,0.0,Cycle removed by removal_index.csv,,
7-3,5,GLOBAL_REMOVAL,1,0.0,Cycle removed by removal_index.csv,,
7-3,6,GLOBAL_REMOVAL,1,0.0,Cycle removed by removal_index.csv,,
7-3,7,GLOBAL_REMOVAL,1,0.0,Cycle removed by removal_index.csv,,
7-3,8,GLOBAL_REMOVAL,1,0.0,Cycle removed by removal_index.csv,,
7-3,9,GLOBAL_REMOVAL,1,0.0,Cycle removed by removal_index.csv,,
7-3,10,GLOBAL_REMOVAL,1,0.0,Cycle removed by removal_index.csv,,
7-3,11,GLOBAL_REMOVAL,1,0.0,Cycle removed by removal_index.csv,,
7-3,12,GLOBAL_REMOVAL,1,0.0,Cycle removed by removal_index.csv,,
7-3,13,GLOBAL_REMOVAL,1,0.0,Cycle removed by removal_index.csv,,
7-3,14,GLOBAL_REMOVAL,1,0.0,Cycle removed by removal_index.csv,,
7-3,15,GLOBAL_REMOVAL,1,0.0,Cycle removed by removal_index.csv,,
7-3,16,GLOBAL_REMOVAL,1,0.0,Cycle removed by removal_index.csv,,
7-3,17,GLOBAL_REMOVAL,1,0.0,Cycle removed by removal_index.csv,,
7-3,18,GLOBAL_REMOVAL,1,0.0,Cycle removed by removal_index.csv,,
7-3,19,GLOBAL_REMOVAL,1,0.0,Cycle removed by removal_index.csv,,
7-3,20,GLOBAL_REMOVAL,1,0.0,Cycle removed by removal_index.csv,,
7-3,21,GLOBAL_REMOVAL,1,0.0,Cycle removed by removal_index.csv,,
7-3,22,GLOBAL_REMOVAL,1,0.0,Cycle removed by removal_index.csv,,
7-3,23,GLOBAL_REMOVAL,1,0.0,Cycle removed by removal_index.csv,,
7-3,24,GLOBAL_REMOVAL,1,0.0,Cycle removed by removal_index.csv,,
7-3,25,GLOBAL_REMOVAL,1,0.0,Cycle removed by removal_index.csv,,
7-3,26,GLOBAL_REMOVAL,1,0.0,Cycle removed by removal_index.csv,,
7-3,27,GLOBAL_REMOVAL,1,0.0,Cycle removed by removal_index.csv,,
7-3,28,GLOBAL_REMOVAL,1,0.0,Cycle removed by removal_index.csv,,
7-3,29,GLOBAL_REMOVAL,1,0.0,Cycle removed by removal_index.csv,,
7-3,30,GLOBAL_REMOVAL,1,0.0,Cycle removed by removal_index.csv,,
7-3,31,GLOBAL_REMOVAL,1,0.0,Cycle removed by removal_index.csv,,
7-3,32,GLOBAL_REMOVAL,1,0.0,Cycle removed by removal_index.csv,,
7-3,33,GLOBAL_REMOVAL,1,0.0,Cycle removed by removal_index.csv,,
7-3,34,GLOBAL_REMOVAL,1,0.0,Cycle removed by removal_index.csv,,
7-3,35,GLOBAL_REMOVAL,1,0.0,Cycle removed by removal_index.csv,,
7-3,36,GLOBAL_REMOVAL,1,0.0,Cycle removed by removal_index.csv,,
7-3,37,GLOBAL_REMOVAL,1,0.0,Cycle removed by removal_index.csv,,
7-3,38,GLOBAL_REMOVAL,1,0.0,Cycle removed by removal_index.csv,,
7-3,39,GLOBAL_REMOVAL,1,0.0,Cycle removed by removal_index.csv,,
7-3,40,GLOBAL_REMOVAL,1,0.0,Cycle removed by removal_index.csv,,
7-3,41,GLOBAL_REMOVAL,1,0.0,Cycle removed by removal_index.csv,,
7-3,42,GLOBAL_REMOVAL,1,0.0,Cycle removed by removal_index.csv,,
7-3,43,GLOBAL_REMOVAL,1,0.0,Cycle removed by removal_index.csv,,
7-3,44,GLOBAL_REMOVAL,1,0.0,Cycle removed by removal_index.csv,,
7-3,45,GLOBAL_REMOVAL,1,0.0,Cycle removed by removal_index.csv,,
7-3,46,GLOBAL_REMOVAL,1,0.0,Cycle removed by removal_index.csv,,
7-3,47,GLOBAL_REMOVAL,1,0.0,Cycle removed by removal_index.csv,,
7-3,48,GLOBAL_REMOVAL,1,0.0,Cycle removed by removal_index.csv,,
7-3,49,GLOBAL_REMOVAL,1,0.0,Cycle removed by removal_index.csv,,
7-3,50,GLOBAL_REMOVAL,1,0.0,Cycle removed by removal_index.csv,,
7-3,51,GLOBAL_REMOVAL,1,0.0,Cycle removed by removal_index.csv,,
7-3,52,GLOBAL_REMOVAL,1,0.0,Cycle removed by removal_index.csv,,
7-3,53,GLOBAL_REMOVAL,1,0.0,Cycle removed by removal_index.csv,,
7-3,54,GLOBAL_REMOVAL,1,0.0,Cycle removed by removal_index.csv,,
7-3,55,GLOBAL_REMOVAL,1,0.0,Cycle removed by removal_index.csv,,
7-3,56,GLOBAL_REMOVAL,1,0.0,Cycle removed by removal_index.csv,,
7-3,57,GLOBAL_REMOVAL,1,0.0,Cycle removed by removal_index.csv,,
7-3,58,GLOBAL_REMOVAL,1,0.0,Cycle removed by removal_index.csv,,
7-3,59,GLOBAL_REMOVAL,1,0.0,Cycle removed by removal_index.csv,,
7-3,60,GLOBAL_REMOVAL,1,0.0,Cycle removed by removal_index.csv,,
7-3,61,GLOBAL_REMOVAL,1,0.0,Cycle removed by removal_index.csv,,
7-3,62,GLOBAL_REMOVAL,1,0.0,Cycle removed by removal_index.csv,,
7-3,63,GLOBAL_REMOVAL,1,0.0,Cycle removed by removal_index.csv,,
7-3,64,GLOBAL_REMOVAL,1,0.0,Cycle removed by removal_index.csv,,
7-3,65,GLOBAL_REMOVAL,1,0.0,Cycle removed by removal_index.csv,,
7-3,66,GLOBAL_REMOVAL,1,0.0,Cycle removed by removal_index.csv,,
7-3,67,GLOBAL_REMOVAL,1,0.0,Cycle removed by removal_index.csv,,
7-3,68,GLOBAL_REMOVAL,1,0.0,Cycle removed by removal_index.csv,,
7-3,69,GLOBAL_REMOVAL,1,0.0,Cycle removed by removal_index.csv,,
7-3,70,GLOBAL_REMOVAL,1,0.0,Cycle removed by removal_index.csv,,
7-3,71,GLOBAL_REMOVAL,1,0.0,Cycle removed by removal_index.csv,,
7-3,72,GLOBAL_REMOVAL,1,0.0,Cycle removed by removal_index.csv,,
7-3,73,GLOBAL_REMOVAL,1,0.0,Cycle removed by removal_index.csv,,
7-3,74,GLOBAL_REMOVAL,1,0.0,Cycle removed by removal_index.csv,,
7-3,75,GLOBAL_REMOVAL,1,0.0,Cycle removed by removal_index.csv,,
7-3,76,GLOBAL_REMOVAL,1,0.0,Cycle removed by removal_index.csv,,
7-3,77,GLOBAL_REMOVAL,1,0.0,Cycle removed by removal_index.csv,,
7-3,78,GLOBAL_REMOVAL,1,0.0,Cycle removed by removal_index.csv,,
7-3,79,GLOBAL_REMOVAL,1,0.0,Cycle removed by removal_index.csv,,
7-3,80,GLOBAL_REMOVAL,1,0.0,Cycle removed by removal_index.csv,,
7-3,81,GLOBAL_REMOVAL,1,0.0,Cycle removed by removal_index.csv,,
7-3,82,GLOBAL_REMOVAL,1,0.0,Cycle removed by removal_index.csv,,
7-3,83,GLOBAL_REMOVAL,1,0.0,Cycle removed by removal_index.csv,,
7-3,84,GLOBAL_REMOVAL,1,0.0,Cycle removed by removal_index.csv,,
7-3,85,GLOBAL_REMOVAL,1,0.0,Cycle removed by removal_index.csv,,
7-3,86,GLOBAL_REMOVAL,1,0.0,Cycle removed by removal_index.csv,,
7-3,87,GLOBAL_REMOVAL,1,0.0,Cycle removed by removal_index.csv,,
7-3,88,GLOBAL_REMOVAL,1,0.0,Cycle removed by removal_index.csv,,
7-3,89,GLOBAL_REMOVAL,1,0.0,Cycle removed by removal_index.csv,,
7-3,90,GLOBAL_REMOVAL,1,0.0,Cycle removed by removal_index.csv,,
7-3,91,GLOBAL_REMOVAL,1,0.0,Cycle removed by removal_index.csv,,
7-3,92,GLOBAL_REMOVAL,1,0.0,Cycle removed by removal_index.csv,,
7-3,93,GLOBAL_REMOVAL,1,0.0,Cycle removed by removal_index.csv,,
7-3,94,GLOBAL_REMOVAL,1,0.0,Cycle removed by removal_index.csv,,
7-3,95,GLOBAL_REMOVAL,1,0.0,Cycle removed by removal_index.csv,,
7-3,96,GLOBAL_REMOVAL,1,0.0,Cycle removed by removal_index.csv,,
7-3,97,GLOBAL_REMOVAL,1,0.0,Cycle removed by removal_index.csv,,
7-3,98,GLOBAL_REMOVAL,1,0.0,Cycle removed by removal_index.csv,,
7-3,99,GLOBAL_REMOVAL,1,0.0,Cycle removed by removal_index.csv,,
7-3,100,GLOBAL_REMOVAL,1,0.0,Cycle removed by removal_index.csv,,
7-3,101,GLOBAL_REMOVAL,1,0.0,Cycle removed by removal_index.csv,,
7-3,102,GLOBAL_REMOVAL,1,0.0,Cycle removed by removal_index.csv,,
7-3,103,GLOBAL_REMOVAL,1,0.0,Cycle removed by removal_index.csv,,
7-3,104,GLOBAL_REMOVAL,1,0.0,Cycle removed by removal_index.csv,,
7-3,105,GLOBAL_REMOVAL,1,0.0,Cycle removed by removal_index.csv,,
7-3,106,GLOBAL_REMOVAL,1,0.0,Cycle removed by removal_index.csv,,
7-3,107,GLOBAL_REMOVAL,1,0.0,Cycle removed by removal_index.csv,,
7-3,108,GLOBAL_REMOVAL,1,0.0,Cycle removed by removal_index.csv,,
7-3,109,GLOBAL_REMOVAL,1,0.0,Cycle removed by removal_index.csv,,
7-3,110,GLOBAL_REMOVAL,1,0.0,Cycle removed by removal_index.csv,,
7-3,111,GLOBAL_REMOVAL,1,0.0,Cycle removed by removal_index.csv,,
7-3,112,GLOBAL_REMOVAL,1,0.0,Cycle removed by removal_index.csv,,
7-3,113,GLOBAL_REMOVAL,1,0.0,Cycle removed by removal_index.csv,,
7-3,114,GLOBAL_REMOVAL,1,0.0,Cycle removed by removal_index.csv,,
7-3,115,GLOBAL_REMOVAL,1,0.0,Cycle removed by removal_index.csv,,
7-3,116,GLOBAL_REMOVAL,1,0.0,Cycle removed by removal_index.csv,,
7-3,117,GLOBAL_REMOVAL,1,0.0,Cycle removed by removal_index.csv,,
7-3,118,GLOBAL_REMOVAL,1,0.0,Cycle removed by removal_index.csv,,
7-3,119,GLOBAL_REMOVAL,1,0.0,Cycle removed by removal_index.csv,,
7-3,120,GLOBAL_REMOVAL,1,0.0,Cycle removed by removal_index.csv,,
7-3,121,GLOBAL_REMOVAL,1,0.0,Cycle removed by removal_index.csv,,
7-3,122,GLOBAL_REMOVAL,1,0.0,Cycle removed by removal_index.csv,,
7-3,123,GLOBAL_REMOVAL,1,0.0,Cycle removed by removal_index.csv,,
7-3,124,GLOBAL_REMOVAL,1,0.0,Cycle removed by removal_index.csv,,
7-3,126,GLOBAL_REMOVAL,1,0.0,Cycle removed by removal_index.csv,,
7-3,128,GLOBAL_REMOVAL,1,0.0,Cycle removed by removal_index.csv,,
7-3,129,GLOBAL_REMOVAL,1,0.0,Cycle removed by removal_index.csv,,
7-3,130,GLOBAL_REMOVAL,1,0.0,Cycle removed by removal_index.csv,,
7-3,131,GLOBAL_REMOVAL,1,0.0,Cycle removed by removal_index.csv,,
7-3,132,GLOBAL_REMOVAL,1,0.0,Cycle removed by removal_index.csv,,
7-3,133,GLOBAL_REMOVAL,1,0.0,Cycle removed by removal_index.csv,,
7-3,134,GLOBAL_REMOVAL,1,0.0,Cycle removed by removal_index.csv,,
7-3,135,GLOBAL_REMOVAL,1,0.0,Cycle removed by removal_index.csv,,
7-3,136,GLOBAL_REMOVAL,1,0.0,Cycle removed by removal_index.csv,,
7-3,141,GLOBAL_REMOVAL,1,0.0,Cycle removed by removal_index.csv,,
7-3,142,GLOBAL_REMOVAL,1,0.0,Cycle removed by removal_index.csv,,
7-3,143,GLOBAL_REMOVAL,1,0.0,Cycle removed by removal_index.csv,,
7-3,144,GLOBAL_REMOVAL,1,0.0,Cycle removed by removal_index.csv,,
7-3,148,GLOBAL_REMOVAL,1,0.0,Cycle removed by removal_index.csv,,
7-3,149,GLOBAL_REMOVAL,1,0.0,Cycle removed by removal_index.csv,,
7-3,150,GLOBAL_REMOVAL,1,0.0,Cycle removed by removal_index.csv,,
7-3,152,GLOBAL_REMOVAL,1,0.0,Cycle removed by removal_index.csv,,
7-3,153,GLOBAL_REMOVAL,1,0.0,Cycle removed by removal_index.csv,,
7-3,163,GLOBAL_REMOVAL,1,0.0,Cycle removed by removal_index.csv,,
7-3,164,GLOBAL_REMOVAL,1,0.0,Cycle removed by removal_index.csv,,
7-3,169,GLOBAL_REMOVAL,1,0.0,Cycle removed by removal_index.csv,,
7-3,174,GLOBAL_REMOVAL,1,0.0,Cycle removed by removal_index.csv,,
7-3,175,GLOBAL_REMOVAL,1,0.0,Cycle removed by removal_index.csv,,
7-3,183,GLOBAL_REMOVAL,1,0.0,Cycle removed by removal_index.csv,,
7-3,185,GLOBAL_REMOVAL,1,0.0,Cycle removed by removal_index.csv,,
7-3,195,GLOBAL_REMOVAL,1,0.0,Cycle removed by removal_index.csv,,
7-3,209,GLOBAL_REMOVAL,1,0.0,Cycle removed by removal_index.csv,,
7-3,224,GLOBAL_REMOVAL,1,0.0,Cycle removed by removal_index.csv,,
7-3,247,GLOBAL_REMOVAL,1,0.0,Cycle removed by removal_index.csv,,
7-3,312,GLOBAL_REMOVAL,1,0.0,Cycle removed by removal_index.csv,,
7-3,348,GLOBAL_REMOVAL,1,0.0,Cycle removed by removal_index.csv,,
7-3,469,GLOBAL_REMOVAL,1,0.0,Cycle removed by removal_index.csv,,
7-3,530,GLOBAL_REMOVAL,1,0.0,Cycle removed by removal_index.csv,,
7-3,1259,GLOBAL_REMOVAL,1,0.0,Cycle removed by removal_index.csv,,
7-3,1260,GLOBAL_REMOVAL,1,0.0,Cycle removed by removal_index.csv,,
7-3,1265,GLOBAL_REMOVAL,1,0.0,Cycle removed by removal_index.csv,,
7-3,1266,GLOBAL_REMOVAL,1,0.0,Cycle removed by removal_index.csv,,
7-3,1267,GLOBAL_REMOVAL,1,0.0,Cycle removed by removal_index.csv,,
7-3,1269,GLOBAL_REMOVAL,1,0.0,Cycle removed by removal_index.csv,,
7-3,1270,GLOBAL_REMOVAL,1,0.0,Cycle removed by removal_index.csv,,
7-3,1271,GLOBAL_REMOVAL,1,0.0,Cycle removed by removal_index.csv,,
7-3,1272,GLOBAL_REMOVAL,1,0.0,Cycle removed by removal_index.csv,,
7-3,1273,GLOBAL_REMOVAL,1,0.0,Cycle removed by removal_index.csv,,
7-3,1274,GLOBAL_REMOVAL,1,0.0,Cycle removed by removal_index.csv,,
7-3,1275,GLOBAL_REMOVAL,1,0.0,Cycle removed by removal_index.csv,,
7-3,1276,GLOBAL_REMOVAL,1,0.0,Cycle removed by removal_index.csv,,
7-3,1277,GLOBAL_REMOVAL,1,0.0,Cycle removed by removal_index.csv,,
7-3,1278,GLOBAL_REMOVAL,1,0.0,Cycle removed by removal_index.csv,,
7-3,1279,GLOBAL_REMOVAL,1,0.0,Cycle removed by removal_index.csv,,
7-3,1280,GLOBAL_REMOVAL,1,0.0,Cycle removed by removal_index.csv,,
7-3,1281,GLOBAL_REMOVAL,1,0.0,Cycle removed by removal_index.csv,,
7-3,1282,GLOBAL_REMOVAL,1,0.0,Cycle removed by removal_index.csv,,
7-3,1283,GLOBAL_REMOVAL,1,0.0,Cycle removed by removal_index.csv,,
7-3,1284,GLOBAL_REMOVAL,1,0.0,Cycle removed by removal_index.csv,,
7-3,1285,GLOBAL_REMOVAL,1,0.0,Cycle removed by removal_index.csv,,
7-3,1286,GLOBAL_REMOVAL,1,0.0,Cycle removed by removal_index.csv,,
7-3,1287,GLOBAL_REMOVAL,1,0.0,Cycle removed by removal_index.csv,,
7-3,1288,GLOBAL_REMOVAL,1,0.0,Cycle removed by removal_index.csv,,
7-3,1289,GLOBAL_REMOVAL,1,0.0,Cycle removed by removal_index.csv,,
7-3,1290,GLOBAL_REMOVAL,1,0.0,Cycle removed by removal_index.csv,,
7-3,1291,GLOBAL_REMOVAL,1,0.0,Cycle removed by removal_index.csv,,
7-3,1292,GLOBAL_REMOVAL,1,0.0,Cycle removed by removal_index.csv,,
7-3,1293,GLOBAL_REMOVAL,1,0.0,Cycle removed by removal_index.csv,,
7-3,1294,GLOBAL_REMOVAL,1,0.0,Cycle removed by removal_index.csv,,
7-3,1295,GLOBAL_REMOVAL,1,0.0,Cycle removed by removal_index.csv,,
7-4,1,GLOBAL_REMOVAL,1,0.0,Cycle removed by removal_index.csv,,
7-4,76,GLOBAL_REMOVAL,1,0.0,Cycle removed by removal_index.csv,,
7-4,84,GLOBAL_REMOVAL,1,0.0,Cycle removed by removal_index.csv,,
7-4,85,GLOBAL_REMOVAL,1,0.0,Cycle removed by removal_index.csv,,
7-4,95,GLOBAL_REMOVAL,1,0.0,Cycle removed by removal_index.csv,,
7-4,115,GLOBAL_REMOVAL,1,0.0,Cycle removed by removal_index.csv,,
7-4,128,GLOBAL_REMOVAL,1,0.0,Cycle removed by removal_index.csv,,
7-4,129,GLOBAL_REMOVAL,1,0.0,Cycle removed by removal_index.csv,,
7-4,133,GLOBAL_REMOVAL,1,0.0,Cycle removed by removal_index.csv,,
7-4,140,GLOBAL_REMOVAL,1,0.0,Cycle removed by removal_index.csv,,
7-4,157,GLOBAL_REMOVAL,1,0.0,Cycle removed by removal_index.csv,,
7-5,1,GLOBAL_REMOVAL,1,0.0,Cycle removed by removal_index.csv,,
7-5,2,GLOBAL_REMOVAL,1,0.0,Cycle removed by removal_index.csv,,
7-5,3,GLOBAL_REMOVAL,1,0.0,Cycle removed by removal_index.csv,,
7-5,4,GLOBAL_REMOVAL,1,0.0,Cycle removed by removal_index.csv,,
7-5,5,GLOBAL_REMOVAL,1,0.0,Cycle removed by removal_index.csv,,
7-5,6,GLOBAL_REMOVAL,1,0.0,Cycle removed by removal_index.csv,,
7-5,7,GLOBAL_REMOVAL,1,0.0,Cycle removed by removal_index.csv,,
7-5,8,GLOBAL_REMOVAL,1,0.0,Cycle removed by removal_index.csv,,
7-5,9,GLOBAL_REMOVAL,1,0.0,Cycle removed by removal_index.csv,,
7-5,10,GLOBAL_REMOVAL,1,0.0,Cycle removed by removal_index.csv,,
7-5,11,GLOBAL_REMOVAL,1,0.0,Cycle removed by removal_index.csv,,
7-5,12,GLOBAL_REMOVAL,1,0.0,Cycle removed by removal_index.csv,,
7-5,13,GLOBAL_REMOVAL,1,0.0,Cycle removed by removal_index.csv,,
7-5,14,GLOBAL_REMOVAL,1,0.0,Cycle removed by removal_index.csv,,
7-5,15,GLOBAL_REMOVAL,1,0.0,Cycle removed by removal_index.csv,,
7-5,16,GLOBAL_REMOVAL,1,0.0,Cycle removed by removal_index.csv,,
7-5,17,GLOBAL_REMOVAL,1,0.0,Cycle removed by removal_index.csv,,
7-5,19,GLOBAL_REMOVAL,1,0.0,Cycle removed by removal_index.csv,,
7-5,116,GLOBAL_REMOVAL,1,0.0,Cycle removed by removal_index.csv,,
7-5,158,GLOBAL_REMOVAL,1,0.0,Cycle removed by removal_index.csv,,
7-5,322,GLOBAL_REMOVAL,1,0.0,Cycle removed by removal_index.csv,,
7-5,834,GLOBAL_REMOVAL,1,0.0,Cycle removed by removal_index.csv,,
7-5,860,GLOBAL_REMOVAL,1,0.0,Cycle removed by removal_index.csv,,
7-5,1393,GLOBAL_REMOVAL,1,0.0,Cycle removed by removal_index.csv,,
7-5,1431,GLOBAL_REMOVAL,1,0.0,Cycle removed by removal_index.csv,,
7-5,1467,GLOBAL_REMOVAL,1,0.0,Cycle removed by removal_index.csv,,
7-5,1567,GLOBAL_REMOVAL,1,0.0,Cycle removed by removal_index.csv,,
7-5,1666,GLOBAL_REMOVAL,1,0.0,Cycle removed by removal_index.csv,,
7-5,1748,GLOBAL_REMOVAL,1,0.0,Cycle removed by removal_index.csv,,
7-6,109,GLOBAL_REMOVAL,1,0.0,Cycle removed by removal_index.csv,,
7-6,261,GLOBAL_REMOVAL,1,0.0,Cycle removed by removal_index.csv,,
7-6,661,GLOBAL_REMOVAL,1,0.0,Cycle removed by removal_index.csv,,
7-6,1395,GLOBAL_REMOVAL,1,0.0,Cycle removed by removal_index.csv,,
7-6,1400,GLOBAL_REMOVAL,1,0.0,Cycle removed by removal_index.csv,,
7-6,1401,GLOBAL_REMOVAL,1,0.0,Cycle removed by removal_index.csv,,
7-6,1402,GLOBAL_REMOVAL,1,0.0,Cycle removed by removal_index.csv,,
7-6,1405,GLOBAL_REMOVAL,1,0.0,Cycle removed by removal_index.csv,,
7-6,1406,GLOBAL_REMOVAL,1,0.0,Cycle removed by removal_index.csv,,
7-6,1407,GLOBAL_REMOVAL,1,0.0,Cycle removed by removal_index.csv,,
7-6,1408,GLOBAL_REMOVAL,1,0.0,Cycle removed by removal_index.csv,,
7-6,1409,GLOBAL_REMOVAL,1,0.0,Cycle removed by removal_index.csv,,
7-6,1410,GLOBAL_REMOVAL,1,0.0,Cycle removed by removal_index.csv,,
7-6,1411,GLOBAL_REMOVAL,1,0.0,Cycle removed by removal_index.csv,,
7-6,1412,GLOBAL_REMOVAL,1,0.0,Cycle removed by removal_index.csv,,
7-6,1413,GLOBAL_REMOVAL,1,0.0,Cycle removed by removal_index.csv,,
7-6,1414,GLOBAL_REMOVAL,1,0.0,Cycle removed by removal_index.csv,,
7-6,1415,GLOBAL_REMOVAL,1,0.0,Cycle removed by removal_index.csv,,
7-6,1416,GLOBAL_REMOVAL,1,0.0,Cycle removed by removal_index.csv,,
7-6,1417,GLOBAL_REMOVAL,1,0.0,Cycle removed by removal_index.csv,,
7-6,1418,GLOBAL_REMOVAL,1,0.0,Cycle removed by removal_index.csv,,
7-6,1419,GLOBAL_REMOVAL,1,0.0,Cycle removed by removal_index.csv,,
7-7,1,GLOBAL_REMOVAL,1,0.0,Cycle removed by removal_index.csv,,
7-7,2,GLOBAL_REMOVAL,1,0.0,Cycle removed by removal_index.csv,,
7-7,52,GLOBAL_REMOVAL,1,0.0,Cycle removed by removal_index.csv,,
7-7,69,GLOBAL_REMOVAL,1,0.0,Cycle removed by removal_index.csv,,
7-7,81,GLOBAL_REMOVAL,1,0.0,Cycle removed by removal_index.csv,,
7-7,89,GLOBAL_REMOVAL,1,0.0,Cycle removed by removal_index.csv,,
7-7,109,GLOBAL_REMOVAL,1,0.0,Cycle removed by removal_index.csv,,
7-7,124,GLOBAL_REMOVAL,1,0.0,Cycle removed by removal_index.csv,,
7-7,134,GLOBAL_REMOVAL,1,0.0,Cycle removed by removal_index.csv,,
7-7,141,GLOBAL_REMOVAL,1,0.0,Cycle removed by removal_index.csv,,
7-7,149,GLOBAL_REMOVAL,1,0.0,Cycle removed by removal_index.csv,,
7-7,159,GLOBAL_REMOVAL,1,0.0,Cycle removed by removal_index.csv,,
7-7,167,GLOBAL_REMOVAL,1,0.0,Cycle removed by removal_index.csv,,
7-7,188,GLOBAL_REMOVAL,1,0.0,Cycle removed by removal_index.csv,,
7-7,1647,GLOBAL_REMOVAL,1,0.0,Cycle removed by removal_index.csv,,
7-7,1648,GLOBAL_REMOVAL,1,0.0,Cycle removed by removal_index.csv,,
7-7,1649,GLOBAL_REMOVAL,1,0.0,Cycle removed by removal_index.csv,,
7-7,1650,GLOBAL_REMOVAL,1,0.0,Cycle removed by removal_index.csv,,
7-7,1651,GLOBAL_REMOVAL,1,0.0,Cycle removed by removal_index.csv,,
7-7,1652,GLOBAL_REMOVAL,1,0.0,Cycle removed by removal_index.csv,,
7-7,1653,GLOBAL_REMOVAL,1,0.0,Cycle removed by removal_index.csv,,
7-7,1654,GLOBAL_REMOVAL,1,0.0,Cycle removed by removal_index.csv,,
7-7,1655,GLOBAL_REMOVAL,1,0.0,Cycle removed by removal_index.csv,,
7-7,1656,GLOBAL_REMOVAL,1,0.0,Cycle removed by removal_index.csv,,
7-7,1657,GLOBAL_REMOVAL,1,0.0,Cycle removed by removal_index.csv,,
7-7,1658,GLOBAL_REMOVAL,1,0.0,Cycle removed by removal_index.csv,,
7-7,1659,GLOBAL_REMOVAL,1,0.0,Cycle removed by removal_index.csv,,
7-7,1660,GLOBAL_REMOVAL,1,0.0,Cycle removed by removal_index.csv,,
7-7,1661,GLOBAL_REMOVAL,1,0.0,Cycle removed by removal_index.csv,,
7-7,1662,GLOBAL_REMOVAL,1,0.0,Cycle removed by removal_index.csv,,
7-7,1663,GLOBAL_REMOVAL,1,0.0,Cycle removed by removal_index.csv,,
7-7,1664,GLOBAL_REMOVAL,1,0.0,Cycle removed by removal_index.csv,,
7-7,1665,GLOBAL_REMOVAL,1,0.0,Cycle removed by removal_index.csv,,
7-7,1666,GLOBAL_REMOVAL,1,0.0,Cycle removed by removal_index.csv,,
7-7,1667,GLOBAL_REMOVAL,1,0.0,Cycle removed by removal_index.csv,,
7-7,1668,GLOBAL_REMOVAL,1,0.0,Cycle removed by removal_index.csv,,
7-7,1669,GLOBAL_REMOVAL,1,0.0,Cycle removed by removal_index.csv,,
7-7,1670,GLOBAL_REMOVAL,1,0.0,Cycle removed by removal_index.csv,,
7-7,1671,GLOBAL_REMOVAL,1,0.0,Cycle removed by removal_index.csv,,
7-7,1672,GLOBAL_REMOVAL,1,0.0,Cycle removed by removal_index.csv,,
7-7,1673,GLOBAL_REMOVAL,1,0.0,Cycle removed by removal_index.csv,,
7-7,1674,GLOBAL_REMOVAL,1,0.0,Cycle removed by removal_index.csv,,
7-7,1675,GLOBAL_REMOVAL,1,0.0,Cycle removed by removal_index.csv,,
7-7,1676,GLOBAL_REMOVAL,1,0.0,Cycle removed by removal_index.csv,,
7-7,1677,GLOBAL_REMOVAL,1,0.0,Cycle removed by removal_index.csv,,
7-7,1678,GLOBAL_REMOVAL,1,0.0,Cycle removed by removal_index.csv,,
7-7,1679,GLOBAL_REMOVAL,1,0.0,Cycle removed by removal_index.csv,,
7-7,1680,GLOBAL_REMOVAL,1,0.0,Cycle removed by removal_index.csv,,
7-7,1681,GLOBAL_REMOVAL,1,0.0,Cycle removed by removal_index.csv,,
7-7,1682,GLOBAL_REMOVAL,1,0.0,Cycle removed by removal_index.csv,,
7-7,1683,GLOBAL_REMOVAL,1,0.0,Cycle removed by removal_index.csv,,
7-7,1684,GLOBAL_REMOVAL,1,0.0,Cycle removed by removal_index.csv,,
7-7,1685,GLOBAL_REMOVAL,1,0.0,Cycle removed by removal_index.csv,,
7-8,1,GLOBAL_REMOVAL,1,0.0,Cycle removed by removal_index.csv,,
7-8,2,GLOBAL_REMOVAL,1,0.0,Cycle removed by removal_index.csv,,
7-8,3,GLOBAL_REMOVAL,1,0.0,Cycle removed by removal_index.csv,,
7-8,13,GLOBAL_REMOVAL,1,0.0,Cycle removed by removal_index.csv,,
7-8,15,GLOBAL_REMOVAL,1,0.0,Cycle removed by removal_index.csv,,
7-8,144,GLOBAL_REMOVAL,1,0.0,Cycle removed by removal_index.csv,,
7-8,439,GLOBAL_REMOVAL,1,0.0,Cycle removed by removal_index.csv,,
7-8,1198,GLOBAL_REMOVAL,1,0.0,Cycle removed by removal_index.csv,,
7-8,1900,GLOBAL_REMOVAL,1,0.0,Cycle removed by removal_index.csv,,
7-8,1909,GLOBAL_REMOVAL,1,0.0,Cycle removed by removal_index.csv,,
7-8,1917,GLOBAL_REMOVAL,1,0.0,Cycle removed by removal_index.csv,,
7-8,1918,GLOBAL_REMOVAL,1,0.0,Cycle removed by removal_index.csv,,
7-8,1926,GLOBAL_REMOVAL,1,0.0,Cycle removed by removal_index.csv,,
7-8,1927,GLOBAL_REMOVAL,1,0.0,Cycle removed by removal_index.csv,,
7-8,1935,GLOBAL_REMOVAL,1,0.0,Cycle removed by removal_index.csv,,
7-8,1936,GLOBAL_REMOVAL,1,0.0,Cycle removed by removal_index.csv,,
7-8,1937,GLOBAL_REMOVAL,1,0.0,Cycle removed by removal_index.csv,,
8-1,70,GLOBAL_REMOVAL,1,0.0,Cycle removed by removal_index.csv,,
8-1,80,GLOBAL_REMOVAL,1,0.0,Cycle removed by removal_index.csv,,
8-1,88,GLOBAL_REMOVAL,1,0.0,Cycle removed by removal_index.csv,,
8-1,115,GLOBAL_REMOVAL,1,0.0,Cycle removed by removal_index.csv,,
8-1,153,GLOBAL_REMOVAL,1,0.0,Cycle removed by removal_index.csv,,
8-1,163,GLOBAL_REMOVAL,1,0.0,Cycle removed by removal_index.csv,,
8-1,171,GLOBAL_REMOVAL,1,0.0,Cycle removed by removal_index.csv,,
8-1,211,GLOBAL_REMOVAL,1,0.0,Cycle removed by removal_index.csv,,
8-2,1,GLOBAL_REMOVAL,1,0.0,Cycle removed by removal_index.csv,,
8-3,1,GLOBAL_REMOVAL,1,0.0,Cycle removed by removal_index.csv,,
8-3,2,GLOBAL_REMOVAL,1,0.0,Cycle removed by removal_index.csv,,
8-4,151,GLOBAL_REMOVAL,1,0.0,Cycle removed by removal_index.csv,,
8-4,414,GLOBAL_REMOVAL,1,0.0,Cycle removed by removal_index.csv,,
8-4,1868,GLOBAL_REMOVAL,1,0.0,Cycle removed by removal_index.csv,,
8-4,1875,GLOBAL_REMOVAL,1,0.0,Cycle removed by removal_index.csv,,
8-4,1876,GLOBAL_REMOVAL,1,0.0,Cycle removed by removal_index.csv,,
8-4,1877,GLOBAL_REMOVAL,1,0.0,Cycle removed by removal_index.csv,,
8-4,1881,GLOBAL_REMOVAL,1,0.0,Cycle removed by removal_index.csv,,
8-4,1882,GLOBAL_REMOVAL,1,0.0,Cycle removed by removal_index.csv,,
8-4,1883,GLOBAL_REMOVAL,1,0.0,Cycle removed by removal_index.csv,,
8-4,1884,GLOBAL_REMOVAL,1,0.0,Cycle removed by removal_index.csv,,
8-4,1885,GLOBAL_REMOVAL,1,0.0,Cycle removed by removal_index.csv,,
8-5,1,GLOBAL_REMOVAL,1,0.0,Cycle removed by removal_index.csv,,
8-5,62,GLOBAL_REMOVAL,1,0.0,Cycle removed by removal_index.csv,,
8-5,79,GLOBAL_REMOVAL,1,0.0,Cycle removed by removal_index.csv,,
8-5,87,GLOBAL_REMOVAL,1,0.0,Cycle removed by removal_index.csv,,
8-5,99,GLOBAL_REMOVAL,1,0.0,Cycle removed by removal_index.csv,,
8-5,108,GLOBAL_REMOVAL,1,0.0,Cycle removed by removal_index.csv,,
8-5,114,GLOBAL_REMOVAL,1,0.0,Cycle removed by removal_index.csv,,
8-5,123,GLOBAL_REMOVAL,1,0.0,Cycle removed by removal_index.csv,,
8-5,132,GLOBAL_REMOVAL,1,0.0,Cycle removed by removal_index.csv,,
8-5,724,GLOBAL_REMOVAL,1,0.0,Cycle removed by removal_index.csv,,
8-5,773,GLOBAL_REMOVAL,1,0.0,Cycle removed by removal_index.csv,,
8-6,1,GLOBAL_REMOVAL,1,0.0,Cycle removed by removal_index.csv,,
8-6,2,GLOBAL_REMOVAL,1,0.0,Cycle removed by removal_index.csv,,
8-6,3,GLOBAL_REMOVAL,1,0.0,Cycle removed by removal_index.csv,,
8-6,4,GLOBAL_REMOVAL,1,0.0,Cycle removed by removal_index.csv,,
8-6,5,GLOBAL_REMOVAL,1,0.0,Cycle removed by removal_index.csv,,
8-6,6,GLOBAL_REMOVAL,1,0.0,Cycle removed by removal_index.csv,,
8-6,7,GLOBAL_REMOVAL,1,0.0,Cycle removed by removal_index.csv,,
8-6,8,GLOBAL_REMOVAL,1,0.0,Cycle removed by removal_index.csv,,
8-6,9,GLOBAL_REMOVAL,1,0.0,Cycle removed by removal_index.csv,,
8-6,10,GLOBAL_REMOVAL,1,0.0,Cycle removed by removal_index.csv,,
8-6,11,GLOBAL_REMOVAL,1,0.0,Cycle removed by removal_index.csv,,
8-6,12,GLOBAL_REMOVAL,1,0.0,Cycle removed by removal_index.csv,,
8-6,13,GLOBAL_REMOVAL,1,0.0,Cycle removed by removal_index.csv,,
8-6,14,GLOBAL_REMOVAL,1,0.0,Cycle removed by removal_index.csv,,
8-6,15,GLOBAL_REMOVAL,1,0.0,Cycle removed by removal_index.csv,,
8-6,16,GLOBAL_REMOVAL,1,0.0,Cycle removed by removal_index.csv,,
8-6,17,GLOBAL_REMOVAL,1,0.0,Cycle removed by removal_index.csv,,
8-6,18,GLOBAL_REMOVAL,1,0.0,Cycle removed by removal_index.csv,,
8-6,19,GLOBAL_REMOVAL,1,0.0,Cycle removed by removal_index.csv,,
8-6,20,GLOBAL_REMOVAL,1,0.0,Cycle removed by removal_index.csv,,
8-6,21,GLOBAL_REMOVAL,1,0.0,Cycle removed by removal_index.csv,,
8-6,22,GLOBAL_REMOVAL,1,0.0,Cycle removed by removal_index.csv,,
8-6,23,GLOBAL_REMOVAL,1,0.0,Cycle removed by removal_index.csv,,
8-6,24,GLOBAL_REMOVAL,1,0.0,Cycle removed by removal_index.csv,,
8-6,25,GLOBAL_REMOVAL,1,0.0,Cycle removed by removal_index.csv,,
8-6,26,GLOBAL_REMOVAL,1,0.0,Cycle removed by removal_index.csv,,
8-6,27,GLOBAL_REMOVAL,1,0.0,Cycle removed by removal_index.csv,,
8-6,28,GLOBAL_REMOVAL,1,0.0,Cycle removed by removal_index.csv,,
8-6,29,GLOBAL_REMOVAL,1,0.0,Cycle removed by removal_index.csv,,
8-6,30,GLOBAL_REMOVAL,1,0.0,Cycle removed by removal_index.csv,,
8-6,31,GLOBAL_REMOVAL,1,0.0,Cycle removed by removal_index.csv,,
8-6,32,GLOBAL_REMOVAL,1,0.0,Cycle removed by removal_index.csv,,
8-6,33,GLOBAL_REMOVAL,1,0.0,Cycle removed by removal_index.csv,,
8-6,34,GLOBAL_REMOVAL,1,0.0,Cycle removed by removal_index.csv,,
8-6,35,GLOBAL_REMOVAL,1,0.0,Cycle removed by removal_index.csv,,
8-6,36,GLOBAL_REMOVAL,1,0.0,Cycle removed by removal_index.csv,,
8-6,37,GLOBAL_REMOVAL,1,0.0,Cycle removed by removal_index.csv,,
8-6,38,GLOBAL_REMOVAL,1,0.0,Cycle removed by removal_index.csv,,
8-6,39,GLOBAL_REMOVAL,1,0.0,Cycle removed by removal_index.csv,,
8-6,40,GLOBAL_REMOVAL,1,0.0,Cycle removed by removal_index.csv,,
8-6,41,GLOBAL_REMOVAL,1,0.0,Cycle removed by removal_index.csv,,
8-6,42,GLOBAL_REMOVAL,1,0.0,Cycle removed by removal_index.csv,,
8-6,43,GLOBAL_REMOVAL,1,0.0,Cycle removed by removal_index.csv,,
8-6,44,GLOBAL_REMOVAL,1,0.0,Cycle removed by removal_index.csv,,
8-6,45,GLOBAL_REMOVAL,1,0.0,Cycle removed by removal_index.csv,,
8-6,46,GLOBAL_REMOVAL,1,0.0,Cycle removed by removal_index.csv,,
8-6,47,GLOBAL_REMOVAL,1,0.0,Cycle removed by removal_index.csv,,
8-6,48,GLOBAL_REMOVAL,1,0.0,Cycle removed by removal_index.csv,,
8-6,49,GLOBAL_REMOVAL,1,0.0,Cycle removed by removal_index.csv,,
8-6,50,GLOBAL_REMOVAL,1,0.0,Cycle removed by removal_index.csv,,
8-6,51,GLOBAL_REMOVAL,1,0.0,Cycle removed by removal_index.csv,,
8-6,52,GLOBAL_REMOVAL,1,0.0,Cycle removed by removal_index.csv,,
8-6,53,GLOBAL_REMOVAL,1,0.0,Cycle removed by removal_index.csv,,
8-6,54,GLOBAL_REMOVAL,1,0.0,Cycle removed by removal_index.csv,,
8-6,55,GLOBAL_REMOVAL,1,0.0,Cycle removed by removal_index.csv,,
8-6,56,GLOBAL_REMOVAL,1,0.0,Cycle removed by removal_index.csv,,
8-6,57,GLOBAL_REMOVAL,1,0.0,Cycle removed by removal_index.csv,,
8-6,58,GLOBAL_REMOVAL,1,0.0,Cycle removed by removal_index.csv,,
8-6,59,GLOBAL_REMOVAL,1,0.0,Cycle removed by removal_index.csv,,
8-6,60,GLOBAL_REMOVAL,1,0.0,Cycle removed by removal_index.csv,,
8-6,61,GLOBAL_REMOVAL,1,0.0,Cycle removed by removal_index.csv,,
8-6,62,GLOBAL_REMOVAL,1,0.0,Cycle removed by removal_index.csv,,
8-6,63,GLOBAL_REMOVAL,1,0.0,Cycle removed by removal_index.csv,,
8-6,64,GLOBAL_REMOVAL,1,0.0,Cycle removed by removal_index.csv,,
8-6,65,GLOBAL_REMOVAL,1,0.0,Cycle removed by removal_index.csv,,
8-6,66,GLOBAL_REMOVAL,1,0.0,Cycle removed by removal_index.csv,,
8-6,67,GLOBAL_REMOVAL,1,0.0,Cycle removed by removal_index.csv,,
8-6,68,GLOBAL_REMOVAL,1,0.0,Cycle removed by removal_index.csv,,
8-6,69,GLOBAL_REMOVAL,1,0.0,Cycle removed by removal_index.csv,,
8-6,71,GLOBAL_REMOVAL,1,0.0,Cycle removed by removal_index.csv,,
8-6,72,GLOBAL_REMOVAL,1,0.0,Cycle removed by removal_index.csv,,
8-6,73,GLOBAL_REMOVAL,1,0.0,Cycle removed by removal_index.csv,,
8-6,74,GLOBAL_REMOVAL,1,0.0,Cycle removed by removal_index.csv,,
8-6,75,GLOBAL_REMOVAL,1,0.0,Cycle removed by removal_index.csv,,
8-6,76,GLOBAL_REMOVAL,1,0.0,Cycle removed by removal_index.csv,,
8-6,78,GLOBAL_REMOVAL,1,0.0,Cycle removed by removal_index.csv,,
8-6,79,GLOBAL_REMOVAL,1,0.0,Cycle removed by removal_index.csv,,
8-6,80,GLOBAL_REMOVAL,1,0.0,Cycle removed by removal_index.csv,,
8-6,81,GLOBAL_REMOVAL,1,0.0,Cycle removed by removal_index.csv,,
8-6,82,GLOBAL_REMOVAL,1,0.0,Cycle removed by removal_index.csv,,
8-6,83,GLOBAL_REMOVAL,1,0.0,Cycle removed by removal_index.csv,,
8-6,84,GLOBAL_REMOVAL,1,0.0,Cycle removed by removal_index.csv,,
8-6,85,GLOBAL_REMOVAL,1,0.0,Cycle removed by removal_index.csv,,
8-6,86,GLOBAL_REMOVAL,1,0.0,Cycle removed by removal_index.csv,,
8-6,87,GLOBAL_REMOVAL,1,0.0,Cycle removed by removal_index.csv,,
8-6,88,GLOBAL_REMOVAL,1,0.0,Cycle removed by removal_index.csv,,
8-6,89,GLOBAL_REMOVAL,1,0.0,Cycle removed by removal_index.csv,,
8-6,90,GLOBAL_REMOVAL,1,0.0,Cycle removed by removal_index.csv,,
8-6,91,GLOBAL_REMOVAL,1,0.0,Cycle removed by removal_index.csv,,
8-6,92,GLOBAL_REMOVAL,1,0.0,Cycle removed by removal_index.csv,,
8-6,93,GLOBAL_REMOVAL,1,0.0,Cycle removed by removal_index.csv,,
8-6,94,GLOBAL_REMOVAL,1,0.0,Cycle removed by removal_index.csv,,
8-6,95,GLOBAL_REMOVAL,1,0.0,Cycle removed by removal_index.csv,,
8-6,97,GLOBAL_REMOVAL,1,0.0,Cycle removed by removal_index.csv,,
8-6,98,GLOBAL_REMOVAL,1,0.0,Cycle removed by removal_index.csv,,
8-6,99,GLOBAL_REMOVAL,1,0.0,Cycle removed by removal_index.csv,,
8-6,100,GLOBAL_REMOVAL,1,0.0,Cycle removed by removal_index.csv,,
8-6,101,GLOBAL_REMOVAL,1,0.0,Cycle removed by removal_index.csv,,
8-6,102,GLOBAL_REMOVAL,1,0.0,Cycle removed by removal_index.csv,,
8-6,103,GLOBAL_REMOVAL,1,0.0,Cycle removed by removal_index.csv,,
8-6,104,GLOBAL_REMOVAL,1,0.0,Cycle removed by removal_index.csv,,
8-6,105,GLOBAL_REMOVAL,1,0.0,Cycle removed by removal_index.csv,,
8-6,106,GLOBAL_REMOVAL,1,0.0,Cycle removed by removal_index.csv,,
8-6,107,GLOBAL_REMOVAL,1,0.0,Cycle removed by removal_index.csv,,
8-6,108,GLOBAL_REMOVAL,1,0.0,Cycle removed by removal_index.csv,,
8-6,109,GLOBAL_REMOVAL,1,0.0,Cycle removed by removal_index.csv,,
8-6,110,GLOBAL_REMOVAL,1,0.0,Cycle removed by removal_index.csv,,
8-6,111,GLOBAL_REMOVAL,1,0.0,Cycle removed by removal_index.csv,,
8-6,112,GLOBAL_REMOVAL,1,0.0,Cycle removed by removal_index.csv,,
8-6,113,GLOBAL_REMOVAL,1,0.0,Cycle removed by removal_index.csv,,
8-6,114,GLOBAL_REMOVAL,1,0.0,Cycle removed by removal_index.csv,,
8-6,116,GLOBAL_REMOVAL,1,0.0,Cycle removed by removal_index.csv,,
8-6,117,GLOBAL_REMOVAL,1,0.0,Cycle removed by removal_index.csv,,
8-6,118,GLOBAL_REMOVAL,1,0.0,Cycle removed by removal_index.csv,,
8-6,119,GLOBAL_REMOVAL,1,0.0,Cycle removed by removal_index.csv,,
8-6,120,GLOBAL_REMOVAL,1,0.0,Cycle removed by removal_index.csv,,
8-6,121,GLOBAL_REMOVAL,1,0.0,Cycle removed by removal_index.csv,,
8-6,122,GLOBAL_REMOVAL,1,0.0,Cycle removed by removal_index.csv,,
8-6,123,GLOBAL_REMOVAL,1,0.0,Cycle removed by removal_index.csv,,
8-6,124,GLOBAL_REMOVAL,1,0.0,Cycle removed by removal_index.csv,,
8-6,125,GLOBAL_REMOVAL,1,0.0,Cycle removed by removal_index.csv,,
8-6,126,GLOBAL_REMOVAL,1,0.0,Cycle removed by removal_index.csv,,
8-6,127,GLOBAL_REMOVAL,1,0.0,Cycle removed by removal_index.csv,,
8-6,128,GLOBAL_REMOVAL,1,0.0,Cycle removed by removal_index.csv,,
8-6,129,GLOBAL_REMOVAL,1,0.0,Cycle removed by removal_index.csv,,
8-6,130,GLOBAL_REMOVAL,1,0.0,Cycle removed by removal_index.csv,,
8-6,131,GLOBAL_REMOVAL,1,0.0,Cycle removed by removal_index.csv,,
8-6,132,GLOBAL_REMOVAL,1,0.0,Cycle removed by removal_index.csv,,
8-6,135,GLOBAL_REMOVAL,1,0.0,Cycle removed by removal_index.csv,,
8-6,137,GLOBAL_REMOVAL,1,0.0,Cycle removed by removal_index.csv,,
8-6,140,GLOBAL_REMOVAL,1,0.0,Cycle removed by removal_index.csv,,
8-6,141,GLOBAL_REMOVAL,1,0.0,Cycle removed by removal_index.csv,,
8-6,142,GLOBAL_REMOVAL,1,0.0,Cycle removed by removal_index.csv,,
8-6,151,GLOBAL_REMOVAL,1,0.0,Cycle removed by removal_index.csv,,
8-6,164,GLOBAL_REMOVAL,1,0.0,Cycle removed by removal_index.csv,,
8-6,165,GLOBAL_REMOVAL,1,0.0,Cycle removed by removal_index.csv,,
8-6,166,GLOBAL_REMOVAL,1,0.0,Cycle removed by removal_index.csv,,
8-6,167,GLOBAL_REMOVAL,1,0.0,Cycle removed by removal_index.csv,,
8-6,168,GLOBAL_REMOVAL,1,0.0,Cycle removed by removal_index.csv,,
8-6,169,GLOBAL_REMOVAL,1,0.0,Cycle removed by removal_index.csv,,
8-6,170,GLOBAL_REMOVAL,1,0.0,Cycle removed by removal_index.csv,,
8-6,171,GLOBAL_REMOVAL,1,0.0,Cycle removed by removal_index.csv,,
8-6,172,GLOBAL_REMOVAL,1,0.0,Cycle removed by removal_index.csv,,
8-6,174,GLOBAL_REMOVAL,1,0.0,Cycle removed by removal_index.csv,,
8-6,175,GLOBAL_REMOVAL,1,0.0,Cycle removed by removal_index.csv,,
8-6,177,GLOBAL_REMOVAL,1,0.0,Cycle removed by removal_index.csv,,
8-6,2251,GLOBAL_REMOVAL,1,0.0,Cycle removed by removal_index.csv,,
8-6,2252,GLOBAL_REMOVAL,1,0.0,Cycle removed by removal_index.csv,,
8-6,2255,GLOBAL_REMOVAL,1,0.0,Cycle removed by removal_index.csv,,
8-6,2257,GLOBAL_REMOVAL,1,0.0,Cycle removed by removal_index.csv,,
8-6,2259,GLOBAL_REMOVAL,1,0.0,Cycle removed by removal_index.csv,,
8-6,2261,GLOBAL_REMOVAL,1,0.0,Cycle removed by removal_index.csv,,
8-6,2264,GLOBAL_REMOVAL,1,0.0,Cycle removed by removal_index.csv,,
8-6,2266,GLOBAL_REMOVAL,1,0.0,Cycle removed by removal_index.csv,,
8-6,2267,GLOBAL_REMOVAL,1,0.0,Cycle removed by removal_index.csv,,
8-6,2268,GLOBAL_REMOVAL,1,0.0,Cycle removed by removal_index.csv,,
8-6,2270,GLOBAL_REMOVAL,1,0.0,Cycle removed by removal_index.csv,,
8-6,2271,GLOBAL_REMOVAL,1,0.0,Cycle removed by removal_index.csv,,
8-6,2275,GLOBAL_REMOVAL,1,0.0,Cycle removed by removal_index.csv,,
8-6,2282,GLOBAL_REMOVAL,1,0.0,Cycle removed by removal_index.csv,,
8-6,2283,GLOBAL_REMOVAL,1,0.0,Cycle removed by removal_index.csv,,
8-6,2293,GLOBAL_REMOVAL,1,0.0,Cycle removed by removal_index.csv,,
8-6,2303,GLOBAL_REMOVAL,1,0.0,Cycle removed by removal_index.csv,,
8-6,2304,GLOBAL_REMOVAL,1,0.0,Cycle removed by removal_index.csv,,
8-6,2322,GLOBAL_REMOVAL,1,0.0,Cycle removed by removal_index.csv,,
8-6,2356,GLOBAL_REMOVAL,1,0.0,Cycle removed by removal_index.csv,,
8-6,2363,GLOBAL_REMOVAL,1,0.0,Cycle removed by removal_index.csv,,
8-7,54,GLOBAL_REMOVAL,1,0.0,Cycle removed by removal_index.csv,,
8-7,71,GLOBAL_REMOVAL,1,0.0,Cycle removed by removal_index.csv,,
8-7,72,GLOBAL_REMOVAL,1,0.0,Cycle removed by removal_index.csv,,
8-7,78,GLOBAL_REMOVAL,1,0.0,Cycle removed by removal_index.csv,,
8-7,86,GLOBAL_REMOVAL,1,0.0,Cycle removed by removal_index.csv,,
8-7,97,GLOBAL_REMOVAL,1,0.0,Cycle removed by removal_index.csv,,
8-7,98,GLOBAL_REMOVAL,1,0.0,Cycle removed by removal_index.csv,,
8-7,105,GLOBAL_REMOVAL,1,0.0,Cycle removed by removal_index.csv,,
8-7,116,GLOBAL_REMOVAL,1,0.0,Cycle removed by removal_index.csv,,
8-7,127,GLOBAL_REMOVAL,1,0.0,Cycle removed by removal_index.csv,,
8-7,137,GLOBAL_REMOVAL,1,0.0,Cycle removed by removal_index.csv,,
8-7,159,GLOBAL_REMOVAL,1,0.0,Cycle removed by removal_index.csv,,
8-7,171,GLOBAL_REMOVAL,1,0.0,Cycle removed by removal_index.csv,,
8-7,172,GLOBAL_REMOVAL,1,0.0,Cycle removed by removal_index.csv,,
8-7,173,GLOBAL_REMOVAL,1,0.0,Cycle removed by removal_index.csv,,
8-7,184,GLOBAL_REMOVAL,1,0.0,Cycle removed by removal_index.csv,,
8-7,836,GLOBAL_REMOVAL,1,0.0,Cycle removed by removal_index.csv,,
8-7,1947,GLOBAL_REMOVAL,1,0.0,Cycle removed by removal_index.csv,,
8-7,1987,GLOBAL_REMOVAL,1,0.0,Cycle removed by removal_index.csv,,
8-8,1,GLOBAL_REMOVAL,1,0.0,Cycle removed by removal_index.csv,,
8-8,2,GLOBAL_REMOVAL,1,0.0,Cycle removed by removal_index.csv,,
9-1,1,GLOBAL_REMOVAL,1,0.0,Cycle removed by removal_index.csv,,
9-1,2,GLOBAL_REMOVAL,1,0.0,Cycle removed by removal_index.csv,,
9-1,3,GLOBAL_REMOVAL,1,0.0,Cycle removed by removal_index.csv,,
9-1,4,GLOBAL_REMOVAL,1,0.0,Cycle removed by removal_index.csv,,
9-1,5,GLOBAL_REMOVAL,1,0.0,Cycle removed by removal_index.csv,,
9-1,6,GLOBAL_REMOVAL,1,0.0,Cycle removed by removal_index.csv,,
9-1,7,GLOBAL_REMOVAL,1,0.0,Cycle removed by removal_index.csv,,
9-1,8,GLOBAL_REMOVAL,1,0.0,Cycle removed by removal_index.csv,,
9-1,9,GLOBAL_REMOVAL,1,0.0,Cycle removed by removal_index.csv,,
9-1,10,GLOBAL_REMOVAL,1,0.0,Cycle removed by removal_index.csv,,
9-1,11,GLOBAL_REMOVAL,1,0.0,Cycle removed by removal_index.csv,,
9-1,12,GLOBAL_REMOVAL,1,0.0,Cycle removed by removal_index.csv,,
9-1,13,GLOBAL_REMOVAL,1,0.0,Cycle removed by removal_index.csv,,
9-1,14,GLOBAL_REMOVAL,1,0.0,Cycle removed by removal_index.csv,,
9-1,16,GLOBAL_REMOVAL,1,0.0,Cycle removed by removal_index.csv,,
9-1,2054,GLOBAL_REMOVAL,1,0.0,Cycle removed by removal_index.csv,,
9-1,2055,GLOBAL_REMOVAL,1,0.0,Cycle removed by removal_index.csv,,
9-1,2057,GLOBAL_REMOVAL,1,0.0,Cycle removed by removal_index.csv,,
9-2,1,GLOBAL_REMOVAL,1,0.0,Cycle removed by removal_index.csv,,
9-2,2,GLOBAL_REMOVAL,1,0.0,Cycle removed by removal_index.csv,,
9-2,5,GLOBAL_REMOVAL,1,0.0,Cycle removed by removal_index.csv,,
9-2,6,GLOBAL_REMOVAL,1,0.0,Cycle removed by removal_index.csv,,
9-2,8,GLOBAL_REMOVAL,1,0.0,Cycle removed by removal_index.csv,,
9-2,10,GLOBAL_REMOVAL,1,0.0,Cycle removed by removal_index.csv,,
9-2,65,GLOBAL_REMOVAL,1,0.0,Cycle removed by removal_index.csv,,
9-2,219,GLOBAL_REMOVAL,1,0.0,Cycle removed by removal_index.csv,,
9-2,220,GLOBAL_REMOVAL,1,0.0,Cycle removed by removal_index.csv,,
9-2,265,GLOBAL_REMOVAL,1,0.0,Cycle removed by removal_index.csv,,
9-2,307,GLOBAL_REMOVAL,1,0.0,Cycle removed by removal_index.csv,,
9-2,325,GLOBAL_REMOVAL,1,0.0,Cycle removed by removal_index.csv,,
9-2,326,GLOBAL_REMOVAL,1,0.0,Cycle removed by removal_index.csv,,
9-2,696,GLOBAL_REMOVAL,1,0.0,Cycle removed by removal_index.csv,,
9-2,826,GLOBAL_REMOVAL,1,0.0,Cycle removed by removal_index.csv,,
9-2,1213,GLOBAL_REMOVAL,1,0.0,Cycle removed by removal_index.csv,,
9-2,1282,GLOBAL_REMOVAL,1,0.0,Cycle removed by removal_index.csv,,
9-2,1299,GLOBAL_REMOVAL,1,0.0,Cycle removed by removal_index.csv,,
9-2,1443,GLOBAL_REMOVAL,1,0.0,Cycle removed by removal_index.csv,,
9-2,1472,GLOBAL_REMOVAL,1,0.0,Cycle removed by removal_index.csv,,
9-2,1542,GLOBAL_REMOVAL,1,0.0,Cycle removed by removal_index.csv,,
9-2,1543,GLOBAL_REMOVAL,1,0.0,Cycle removed by removal_index.csv,,
9-2,2078,GLOBAL_REMOVAL,1,0.0,Cycle removed by removal_index.csv,,
9-2,2089,GLOBAL_REMOVAL,1,0.0,Cycle removed by removal_index.csv,,
9-2,2098,GLOBAL_REMOVAL,1,0.0,Cycle removed by removal_index.csv,,
9-2,2099,GLOBAL_REMOVAL,1,0.0,Cycle removed by removal_index.csv,,
9-2,2108,GLOBAL_REMOVAL,1,0.0,Cycle removed by removal_index.csv,,
9-2,2109,GLOBAL_REMOVAL,1,0.0,Cycle removed by removal_index.csv,,
9-2,2110,GLOBAL_REMOVAL,1,0.0,Cycle removed by removal_index.csv,,
9-2,2118,GLOBAL_REMOVAL,1,0.0,Cycle removed by removal_index.csv,,
9-2,2119,GLOBAL_REMOVAL,1,0.0,Cycle removed by removal_index.csv,,
9-2,2120,GLOBAL_REMOVAL,1,0.0,Cycle removed by removal_index.csv,,
9-2,2128,GLOBAL_REMOVAL,1,0.0,Cycle removed by removal_index.csv,,
9-2,2129,GLOBAL_REMOVAL,1,0.0,Cycle removed by removal_index.csv,,
9-2,2130,GLOBAL_REMOVAL,1,0.0,Cycle removed by removal_index.csv,,
9-2,2138,GLOBAL_REMOVAL,1,0.0,Cycle removed by removal_index.csv,,
9-2,2139,GLOBAL_REMOVAL,1,0.0,Cycle removed by removal_index.csv,,
9-2,2140,GLOBAL_REMOVAL,1,0.0,Cycle removed by removal_index.csv,,
9-3,1,GLOBAL_REMOVAL,1,0.0,Cycle removed by removal_index.csv,,
9-3,2,GLOBAL_REMOVAL,1,0.0,Cycle removed by removal_index.csv,,
9-3,3,GLOBAL_REMOVAL,1,0.0,Cycle removed by removal_index.csv,,
9-3,4,GLOBAL_REMOVAL,1,0.0,Cycle removed by removal_index.csv,,
9-3,5,GLOBAL_REMOVAL,1,0.0,Cycle removed by removal_index.csv,,
9-3,6,GLOBAL_REMOVAL,1,0.0,Cycle removed by removal_index.csv,,
9-3,7,GLOBAL_REMOVAL,1,0.0,Cycle removed by removal_index.csv,,
9-3,8,GLOBAL_REMOVAL,1,0.0,Cycle removed by removal_index.csv,,
9-3,9,GLOBAL_REMOVAL,1,0.0,Cycle removed by removal_index.csv,,
9-3,10,GLOBAL_REMOVAL,1,0.0,Cycle removed by removal_index.csv,,
9-3,11,GLOBAL_REMOVAL,1,0.0,Cycle removed by removal_index.csv,,
9-3,12,GLOBAL_REMOVAL,1,0.0,Cycle removed by removal_index.csv,,
9-3,13,GLOBAL_REMOVAL,1,0.0,Cycle removed by removal_index.csv,,
9-3,14,GLOBAL_REMOVAL,1,0.0,Cycle removed by removal_index.csv,,
9-3,15,GLOBAL_REMOVAL,1,0.0,Cycle removed by removal_index.csv,,
9-3,16,GLOBAL_REMOVAL,1,0.0,Cycle removed by removal_index.csv,,
9-3,17,GLOBAL_REMOVAL,1,0.0,Cycle removed by removal_index.csv,,
9-3,18,GLOBAL_REMOVAL,1,0.0,Cycle removed by removal_index.csv,,
9-3,21,GLOBAL_REMOVAL,1,0.0,Cycle removed by removal_index.csv,,
9-3,23,GLOBAL_REMOVAL,1,0.0,Cycle removed by removal_index.csv,,
9-3,25,GLOBAL_REMOVAL,1,0.0,Cycle removed by removal_index.csv,,
9-3,44,GLOBAL_REMOVAL,1,0.0,Cycle removed by removal_index.csv,,
9-3,49,GLOBAL_REMOVAL,1,0.0,Cycle removed by removal_index.csv,,
9-3,52,GLOBAL_REMOVAL,1,0.0,Cycle removed by removal_index.csv,,
9-3,70,GLOBAL_REMOVAL,1,0.0,Cycle removed by removal_index.csv,,
9-3,76,GLOBAL_REMOVAL,1,0.0,Cycle removed by removal_index.csv,,
9-3,137,GLOBAL_REMOVAL,1,0.0,Cycle removed by removal_index.csv,,
9-3,139,GLOBAL_REMOVAL,1,0.0,Cycle removed by removal_index.csv,,
9-3,140,GLOBAL_REMOVAL,1,0.0,Cycle removed by removal_index.csv,,
9-3,150,GLOBAL_REMOVAL,1,0.0,Cycle removed by removal_index.csv,,
9-3,151,GLOBAL_REMOVAL,1,0.0,Cycle removed by removal_index.csv,,
9-3,167,GLOBAL_REMOVAL,1,0.0,Cycle removed by removal_index.csv,,
9-3,177,GLOBAL_REMOVAL,1,0.0,Cycle removed by removal_index.csv,,
9-3,178,GLOBAL_REMOVAL,1,0.0,Cycle removed by removal_index.csv,,
9-3,179,GLOBAL_REMOVAL,1,0.0,Cycle removed by removal_index.csv,,
9-3,180,GLOBAL_REMOVAL,1,0.0,Cycle removed by removal_index.csv,,
9-3,188,GLOBAL_REMOVAL,1,0.0,Cycle removed by removal_index.csv,,
9-3,193,GLOBAL_REMOVAL,1,0.0,Cycle removed by removal_index.csv,,
9-3,195,GLOBAL_REMOVAL,1,0.0,Cycle removed by removal_index.csv,,
9-3,197,GLOBAL_REMOVAL,1,0.0,Cycle removed by removal_index.csv,,
9-3,203,GLOBAL_REMOVAL,1,0.0,Cycle removed by removal_index.csv,,
9-3,204,GLOBAL_REMOVAL,1,0.0,Cycle removed by removal_index.csv,,
9-3,205,GLOBAL_REMOVAL,1,0.0,Cycle removed by removal_index.csv,,
9-3,216,GLOBAL_REMOVAL,1,0.0,Cycle removed by removal_index.csv,,
9-3,217,GLOBAL_REMOVAL,1,0.0,Cycle removed by removal_index.csv,,
9-3,231,GLOBAL_REMOVAL,1,0.0,Cycle removed by removal_index.csv,,
9-3,232,GLOBAL_REMOVAL,1,0.0,Cycle removed by removal_index.csv,,
9-3,233,GLOBAL_REMOVAL,1,0.0,Cycle removed by removal_index.csv,,
9-3,234,GLOBAL_REMOVAL,1,0.0,Cycle removed by removal_index.csv,,
9-3,235,GLOBAL_REMOVAL,1,0.0,Cycle removed by removal_index.csv,,
9-3,236,GLOBAL_REMOVAL,1,0.0,Cycle removed by removal_index.csv,,
9-3,239,GLOBAL_REMOVAL,1,0.0,Cycle removed by removal_index.csv,,
9-3,244,GLOBAL_REMOVAL,1,0.0,Cycle removed by removal_index.csv,,
9-3,245,GLOBAL_REMOVAL,1,0.0,Cycle removed by removal_index.csv,,
9-3,247,GLOBAL_REMOVAL,1,0.0,Cycle removed by removal_index.csv,,
9-3,250,GLOBAL_REMOVAL,1,0.0,Cycle removed by removal_index.csv,,
9-3,251,GLOBAL_REMOVAL,1,0.0,Cycle removed by removal_index.csv,,
9-3,252,GLOBAL_REMOVAL,1,0.0,Cycle removed by removal_index.csv,,
9-3,257,GLOBAL_REMOVAL,1,0.0,Cycle removed by removal_index.csv,,
9-3,258,GLOBAL_REMOVAL,1,0.0,Cycle removed by removal_index.csv,,
9-3,259,GLOBAL_REMOVAL,1,0.0,Cycle removed by removal_index.csv,,
9-3,260,GLOBAL_REMOVAL,1,0.0,Cycle removed by removal_index.csv,,
9-3,261,GLOBAL_REMOVAL,1,0.0,Cycle removed by removal_index.csv,,
9-3,262,GLOBAL_REMOVAL,1,0.0,Cycle removed by removal_index.csv,,
9-3,267,GLOBAL_REMOVAL,1,0.0,Cycle removed by removal_index.csv,,
9-3,270,GLOBAL_REMOVAL,1,0.0,Cycle removed by removal_index.csv,,
9-3,273,GLOBAL_REMOVAL,1,0.0,Cycle removed by removal_index.csv,,
9-3,277,GLOBAL_REMOVAL,1,0.0,Cycle removed by removal_index.csv,,
9-3,285,GLOBAL_REMOVAL,1,0.0,Cycle removed by removal_index.csv,,
9-3,332,GLOBAL_REMOVAL,1,0.0,Cycle removed by removal_index.csv,,
9-3,333,GLOBAL_REMOVAL,1,0.0,Cycle removed by removal_index.csv,,
9-3,334,GLOBAL_REMOVAL,1,0.0,Cycle removed by removal_index.csv,,
9-3,343,GLOBAL_REMOVAL,1,0.0,Cycle removed by removal_index.csv,,
9-3,346,GLOBAL_REMOVAL,1,0.0,Cycle removed by removal_index.csv,,
9-3,354,GLOBAL_REMOVAL,1,0.0,Cycle removed by removal_index.csv,,
9-3,355,GLOBAL_REMOVAL,1,0.0,Cycle removed by removal_index.csv,,
9-3,356,GLOBAL_REMOVAL,1,0.0,Cycle removed by removal_index.csv,,
9-3,357,GLOBAL_REMOVAL,1,0.0,Cycle removed by removal_index.csv,,
9-3,358,GLOBAL_REMOVAL,1,0.0,Cycle removed by removal_index.csv,,
9-3,383,GLOBAL_REMOVAL,1,0.0,Cycle removed by removal_index.csv,,
9-3,394,GLOBAL_REMOVAL,1,0.0,Cycle removed by removal_index.csv,,
9-3,433,GLOBAL_REMOVAL,1,0.0,Cycle removed by removal_index.csv,,
9-3,468,GLOBAL_REMOVAL,1,0.0,Cycle removed by removal_index.csv,,
9-3,484,GLOBAL_REMOVAL,1,0.0,Cycle removed by removal_index.csv,,
9-3,499,GLOBAL_REMOVAL,1,0.0,Cycle removed by removal_index.csv,,
9-3,509,GLOBAL_REMOVAL,1,0.0,Cycle removed by removal_index.csv,,
9-3,566,GLOBAL_REMOVAL,1,0.0,Cycle removed by removal_index.csv,,
9-3,585,GLOBAL_REMOVAL,1,0.0,Cycle removed by removal_index.csv,,
9-3,587,GLOBAL_REMOVAL,1,0.0,Cycle removed by removal_index.csv,,
9-3,695,GLOBAL_REMOVAL,1,0.0,Cycle removed by removal_index.csv,,
9-3,709,GLOBAL_REMOVAL,1,0.0,Cycle removed by removal_index.csv,,
9-3,713,GLOBAL_REMOVAL,1,0.0,Cycle removed by removal_index.csv,,
9-3,714,GLOBAL_REMOVAL,1,0.0,Cycle removed by removal_index.csv,,
9-3,733,GLOBAL_REMOVAL,1,0.0,Cycle removed by removal_index.csv,,
9-3,750,GLOBAL_REMOVAL,1,0.0,Cycle removed by removal_index.csv,,
9-3,794,GLOBAL_REMOVAL,1,0.0,Cycle removed by removal_index.csv,,
9-3,837,GLOBAL_REMOVAL,1,0.0,Cycle removed by removal_index.csv,,
9-3,866,GLOBAL_REMOVAL,1,0.0,Cycle removed by removal_index.csv,,
9-3,870,GLOBAL_REMOVAL,1,0.0,Cycle removed by removal_index.csv,,
9-3,888,GLOBAL_REMOVAL,1,0.0,Cycle removed by removal_index.csv,,
9-3,941,GLOBAL_REMOVAL,1,0.0,Cycle removed by removal_index.csv,,
9-3,946,GLOBAL_REMOVAL,1,0.0,Cycle removed by removal_index.csv,,
9-3,1014,GLOBAL_REMOVAL,1,0.0,Cycle removed by removal_index.csv,,
9-3,1028,GLOBAL_REMOVAL,1,0.0,Cycle removed by removal_index.csv,,
9-3,1048,GLOBAL_REMOVAL,1,0.0,Cycle removed by removal_index.csv,,
9-3,1071,GLOBAL_REMOVAL,1,0.0,Cycle removed by removal_index.csv,,
9-3,1119,GLOBAL_REMOVAL,1,0.0,Cycle removed by removal_index.csv,,
9-3,1334,GLOBAL_REMOVAL,1,0.0,Cycle removed by removal_index.csv,,
9-3,1428,GLOBAL_REMOVAL,1,0.0,Cycle removed by removal_index.csv,,
9-3,1453,GLOBAL_REMOVAL,1,0.0,Cycle removed by removal_index.csv,,
9-3,1456,GLOBAL_REMOVAL,1,0.0,Cycle removed by removal_index.csv,,
9-3,1552,GLOBAL_REMOVAL,1,0.0,Cycle removed by removal_index.csv,,
9-3,1553,GLOBAL_REMOVAL,1,0.0,Cycle removed by removal_index.csv,,
9-3,1572,GLOBAL_REMOVAL,1,0.0,Cycle removed by removal_index.csv,,
9-3,1666,GLOBAL_REMOVAL,1,0.0,Cycle removed by removal_index.csv,,
9-3,1726,GLOBAL_REMOVAL,1,0.0,Cycle removed by removal_index.csv,,
9-3,1798,GLOBAL_REMOVAL,1,0.0,Cycle removed by removal_index.csv,,
9-3,1824,GLOBAL_REMOVAL,1,0.0,Cycle removed by removal_index.csv,,
9-4,1,GLOBAL_REMOVAL,1,0.0,Cycle removed by removal_index.csv,,
9-4,2,GLOBAL_REMOVAL,1,0.0,Cycle removed by removal_index.csv,,
9-4,3,GLOBAL_REMOVAL,1,0.0,Cycle removed by removal_index.csv,,
9-4,4,GLOBAL_REMOVAL,1,0.0,Cycle removed by removal_index.csv,,
9-4,5,GLOBAL_REMOVAL,1,0.0,Cycle removed by removal_index.csv,,
9-4,6,GLOBAL_REMOVAL,1,0.0,Cycle removed by removal_index.csv,,
9-4,7,GLOBAL_REMOVAL,1,0.0,Cycle removed by removal_index.csv,,
9-4,8,GLOBAL_REMOVAL,1,0.0,Cycle removed by removal_index.csv,,
9-4,9,GLOBAL_REMOVAL,1,0.0,Cycle removed by removal_index.csv,,
9-4,10,GLOBAL_REMOVAL,1,0.0,Cycle removed by removal_index.csv,,
9-4,11,GLOBAL_REMOVAL,1,0.0,Cycle removed by removal_index.csv,,
9-4,12,GLOBAL_REMOVAL,1,0.0,Cycle removed by removal_index.csv,,
9-4,13,GLOBAL_REMOVAL,1,0.0,Cycle removed by removal_index.csv,,
9-4,14,GLOBAL_REMOVAL,1,0.0,Cycle removed by removal_index.csv,,
9-4,15,GLOBAL_REMOVAL,1,0.0,Cycle removed by removal_index.csv,,
9-4,16,GLOBAL_REMOVAL,1,0.0,Cycle removed by removal_index.csv,,
9-4,17,GLOBAL_REMOVAL,1,0.0,Cycle removed by removal_index.csv,,
9-4,18,GLOBAL_REMOVAL,1,0.0,Cycle removed by removal_index.csv,,
9-4,19,GLOBAL_REMOVAL,1,0.0,Cycle removed by removal_index.csv,,
9-4,20,GLOBAL_REMOVAL,1,0.0,Cycle removed by removal_index.csv,,
9-4,21,GLOBAL_REMOVAL,1,0.0,Cycle removed by removal_index.csv,,
9-4,22,GLOBAL_REMOVAL,1,0.0,Cycle removed by removal_index.csv,,
9-4,24,GLOBAL_REMOVAL,1,0.0,Cycle removed by removal_index.csv,,
9-4,346,GLOBAL_REMOVAL,1,0.0,Cycle removed by removal_index.csv,,
9-5,1,GLOBAL_REMOVAL,1,0.0,Cycle removed by removal_index.csv,,
9-5,2,GLOBAL_REMOVAL,1,0.0,Cycle removed by removal_index.csv,,
9-5,6,GLOBAL_REMOVAL,1,0.0,Cycle removed by removal_index.csv,,
9-5,7,GLOBAL_REMOVAL,1,0.0,Cycle removed by removal_index.csv,,
9-5,9,GLOBAL_REMOVAL,1,0.0,Cycle removed by removal_index.csv,,
9-5,10,GLOBAL_REMOVAL,1,0.0,Cycle removed by removal_index.csv,,
9-5,735,GLOBAL_REMOVAL,1,0.0,Cycle removed by removal_index.csv,,
9-5,747,GLOBAL_REMOVAL,1,0.0,Cycle removed by removal_index.csv,,
9-6,1,GLOBAL_REMOVAL,1,0.0,Cycle removed by removal_index.csv,,
9-6,2,GLOBAL_REMOVAL,1,0.0,Cycle removed by removal_index.csv,,
9-6,3,GLOBAL_REMOVAL,1,0.0,Cycle removed by removal_index.csv,,
9-6,51,GLOBAL_REMOVAL,1,0.0,Cycle removed by removal_index.csv,,
9-6,57,GLOBAL_REMOVAL,1,0.0,Cycle removed by removal_index.csv,,
9-6,159,GLOBAL_REMOVAL,1,0.0,Cycle removed by removal_index.csv,,
9-6,204,GLOBAL_REMOVAL,1,0.0,Cycle removed by removal_index.csv,,
9-6,233,GLOBAL_REMOVAL,1,0.0,Cycle removed by removal_index.csv,,
9-6,254,GLOBAL_REMOVAL,1,0.0,Cycle removed by removal_index.csv,,
9-6,260,GLOBAL_REMOVAL,1,0.0,Cycle removed by removal_index.csv,,
9-6,289,GLOBAL_REMOVAL,1,0.0,Cycle removed by removal_index.csv,,
9-6,310,GLOBAL_REMOVAL,1,0.0,Cycle removed by removal_index.csv,,
9-6,316,GLOBAL_REMOVAL,1,0.0,Cycle removed by removal_index.csv,,
9-6,362,GLOBAL_REMOVAL,1,0.0,Cycle removed by removal_index.csv,,
9-6,363,GLOBAL_REMOVAL,1,0.0,Cycle removed by removal_index.csv,,
9-6,418,GLOBAL_REMOVAL,1,0.0,Cycle removed by removal_index.csv,,
9-6,442,GLOBAL_REMOVAL,1,0.0,Cycle removed by removal_index.csv,,
9-6,570,GLOBAL_REMOVAL,1,0.0,Cycle removed by removal_index.csv,,
9-6,571,GLOBAL_REMOVAL,1,0.0,Cycle removed by removal_index.csv,,
9-6,584,GLOBAL_REMOVAL,1,0.0,Cycle removed by removal_index.csv,,
9-6,963,GLOBAL_REMOVAL,1,0.0,Cycle removed by removal_index.csv,,
9-6,995,GLOBAL_REMOVAL,1,0.0,Cycle removed by removal_index.csv,,
9-6,1055,GLOBAL_REMOVAL,1,0.0,Cycle removed by removal_index.csv,,
9-6,1057,GLOBAL_REMOVAL,1,0.0,Cycle removed by removal_index.csv,,
9-6,1089,GLOBAL_REMOVAL,1,0.0,Cycle removed by removal_index.csv,,
9-6,1593,GLOBAL_REMOVAL,1,0.0,Cycle removed by removal_index.csv,,
9-6,1735,GLOBAL_REMOVAL,1,0.0,Cycle removed by removal_index.csv,,
9-6,1736,GLOBAL_REMOVAL,1,0.0,Cycle removed by removal_index.csv,,
9-6,1737,GLOBAL_REMOVAL,1,0.0,Cycle removed by removal_index.csv,,
9-6,1738,GLOBAL_REMOVAL,1,0.0,Cycle removed by removal_index.csv,,
9-6,1739,GLOBAL_REMOVAL,1,0.0,Cycle removed by removal_index.csv,,
9-6,1740,GLOBAL_REMOVAL,1,0.0,Cycle removed by removal_index.csv,,
9-6,1741,GLOBAL_REMOVAL,1,0.0,Cycle removed by removal_index.csv,,
9-6,1742,GLOBAL_REMOVAL,1,0.0,Cycle removed by removal_index.csv,,
9-7,1,GLOBAL_REMOVAL,1,0.0,Cycle removed by removal_index.csv,,
9-7,2,GLOBAL_REMOVAL,1,0.0,Cycle removed by removal_index.csv,,
9-7,3,GLOBAL_REMOVAL,1,0.0,Cycle removed by removal_index.csv,,
9-7,4,GLOBAL_REMOVAL,1,0.0,Cycle removed by removal_index.csv,,
9-7,5,GLOBAL_REMOVAL,1,0.0,Cycle removed by removal_index.csv,,
9-7,6,GLOBAL_REMOVAL,1,0.0,Cycle removed by removal_index.csv,,
9-7,7,GLOBAL_REMOVAL,1,0.0,Cycle removed by removal_index.csv,,
9-7,8,GLOBAL_REMOVAL,1,0.0,Cycle removed by removal_index.csv,,
9-7,9,GLOBAL_REMOVAL,1,0.0,Cycle removed by removal_index.csv,,
9-7,10,GLOBAL_REMOVAL,1,0.0,Cycle removed by removal_index.csv,,
9-7,11,GLOBAL_REMOVAL,1,0.0,Cycle removed by removal_index.csv,,
9-7,12,GLOBAL_REMOVAL,1,0.0,Cycle removed by removal_index.csv,,
9-7,13,GLOBAL_REMOVAL,1,0.0,Cycle removed by removal_index.csv,,
9-7,14,GLOBAL_REMOVAL,1,0.0,Cycle removed by removal_index.csv,,
9-7,15,GLOBAL_REMOVAL,1,0.0,Cycle removed by removal_index.csv,,
9-7,16,GLOBAL_REMOVAL,1,0.0,Cycle removed by removal_index.csv,,
9-7,17,GLOBAL_REMOVAL,1,0.0,Cycle removed by removal_index.csv,,
9-7,18,GLOBAL_REMOVAL,1,0.0,Cycle removed by removal_index.csv,,
9-7,19,GLOBAL_REMOVAL,1,0.0,Cycle removed by removal_index.csv,,
9-7,20,GLOBAL_REMOVAL,1,0.0,Cycle removed by removal_index.csv,,
9-7,21,GLOBAL_REMOVAL,1,0.0,Cycle removed by removal_index.csv,,
9-7,22,GLOBAL_REMOVAL,1,0.0,Cycle removed by removal_index.csv,,
9-7,23,GLOBAL_REMOVAL,1,0.0,Cycle removed by removal_index.csv,,
9-7,24,GLOBAL_REMOVAL,1,0.0,Cycle removed by removal_index.csv,,
9-7,25,GLOBAL_REMOVAL,1,0.0,Cycle removed by removal_index.csv,,
9-7,26,GLOBAL_REMOVAL,1,0.0,Cycle removed by removal_index.csv,,
9-7,27,GLOBAL_REMOVAL,1,0.0,Cycle removed by removal_index.csv,,
9-7,28,GLOBAL_REMOVAL,1,0.0,Cycle removed by removal_index.csv,,
9-7,32,GLOBAL_REMOVAL,1,0.0,Cycle removed by removal_index.csv,,
9-7,33,GLOBAL_REMOVAL,1,0.0,Cycle removed by removal_index.csv,,
9-7,35,GLOBAL_REMOVAL,1,0.0,Cycle removed by removal_index.csv,,
9-7,44,GLOBAL_REMOVAL,1,0.0,Cycle removed by removal_index.csv,,
9-7,45,GLOBAL_REMOVAL,1,0.0,Cycle removed by removal_index.csv,,
9-7,50,GLOBAL_REMOVAL,1,0.0,Cycle removed by removal_index.csv,,
9-7,51,GLOBAL_REMOVAL,1,0.0,Cycle removed by removal_index.csv,,
9-7,52,GLOBAL_REMOVAL,1,0.0,Cycle removed by removal_index.csv,,
9-7,53,GLOBAL_REMOVAL,1,0.0,Cycle removed by removal_index.csv,,
9-7,54,GLOBAL_REMOVAL,1,0.0,Cycle removed by removal_index.csv,,
9-7,59,GLOBAL_REMOVAL,1,0.0,Cycle removed by removal_index.csv,,
9-7,60,GLOBAL_REMOVAL,1,0.0,Cycle removed by removal_index.csv,,
9-7,61,GLOBAL_REMOVAL,1,0.0,Cycle removed by removal_index.csv,,
9-7,63,GLOBAL_REMOVAL,1,0.0,Cycle removed by removal_index.csv,,
9-7,67,GLOBAL_REMOVAL,1,0.0,Cycle removed by removal_index.csv,,
9-7,72,GLOBAL_REMOVAL,1,0.0,Cycle removed by removal_index.csv,,
9-7,198,GLOBAL_REMOVAL,1,0.0,Cycle removed by removal_index.csv,,
9-7,203,GLOBAL_REMOVAL,1,0.0,Cycle removed by removal_index.csv,,
9-7,274,GLOBAL_REMOVAL,1,0.0,Cycle removed by removal_index.csv,,
9-7,291,GLOBAL_REMOVAL,1,0.0,Cycle removed by removal_index.csv,,
9-7,313,GLOBAL_REMOVAL,1,0.0,Cycle removed by removal_index.csv,,
9-7,320,GLOBAL_REMOVAL,1,0.0,Cycle removed by removal_index.csv,,
9-7,323,GLOBAL_REMOVAL,1,0.0,Cycle removed by removal_index.csv,,
9-7,334,GLOBAL_REMOVAL,1,0.0,Cycle removed by removal_index.csv,,
9-7,615,GLOBAL_REMOVAL,1,0.0,Cycle removed by removal_index.csv,,
9-7,627,GLOBAL_REMOVAL,1,0.0,Cycle removed by removal_index.csv,,
9-7,632,GLOBAL_REMOVAL,1,0.0,Cycle removed by removal_index.csv,,
9-7,681,GLOBAL_REMOVAL,1,0.0,Cycle removed by removal_index.csv,,
9-7,708,GLOBAL_REMOVAL,1,0.0,Cycle removed by removal_index.csv,,
9-7,777,GLOBAL_REMOVAL,1,0.0,Cycle removed by removal_index.csv,,
9-7,840,GLOBAL_REMOVAL,1,0.0,Cycle removed by removal_index.csv,,
9-7,1317,GLOBAL_REMOVAL,1,0.0,Cycle removed by removal_index.csv,,
9-7,1349,GLOBAL_REMOVAL,1,0.0,Cycle removed by removal_index.csv,,
9-7,1457,GLOBAL_REMOVAL,1,0.0,Cycle removed by removal_index.csv,,
9-7,1496,GLOBAL_REMOVAL,1,0.0,Cycle removed by removal_index.csv,,
9-7,1544,GLOBAL_REMOVAL,1,0.0,Cycle removed by removal_index.csv,,
9-7,1569,GLOBAL_REMOVAL,1,0.0,Cycle removed by removal_index.csv,,
9-7,1600,GLOBAL_REMOVAL,1,0.0,Cycle removed by removal_index.csv,,
9-7,1659,GLOBAL_REMOVAL,1,0.0,Cycle removed by removal_index.csv,,
9-7,1997,GLOBAL_REMOVAL,1,0.0,Cycle removed by removal_index.csv,,
9-7,2006,GLOBAL_REMOVAL,1,0.0,Cycle removed by removal_index.csv,,
9-8,1,GLOBAL_REMOVAL,1,0.0,Cycle removed by removal_index.csv,,
9-8,3,GLOBAL_REMOVAL,1,0.0,Cycle removed by removal_index.csv,,
9-8,4,GLOBAL_REMOVAL,1,0.0,Cycle removed by removal_index.csv,,
9-8,76,GLOBAL_REMOVAL,1,0.0,Cycle removed by removal_index.csv,,
9-8,300,GLOBAL_REMOVAL,1,0.0,Cycle removed by removal_index.csv,,
9-8,421,GLOBAL_REMOVAL,1,0.0,Cycle removed by removal_index.csv,,
9-8,628,GLOBAL_REMOVAL,1,0.0,Cycle removed by removal_index.csv,,
9-8,663,GLOBAL_REMOVAL,1,0.0,Cycle removed by removal_index.csv,,
9-8,703,GLOBAL_REMOVAL,1,0.0,Cycle removed by removal_index.csv,,
9-8,798,GLOBAL_REMOVAL,1,0.0,Cycle removed by removal_index.csv,,
9-8,816,GLOBAL_REMOVAL,1,0.0,Cycle removed by removal_index.csv,,
9-8,938,GLOBAL_REMOVAL,1,0.0,Cycle removed by removal_index.csv,,
9-8,943,GLOBAL_REMOVAL,1,0.0,Cycle removed by removal_index.csv,,
9-8,992,GLOBAL_REMOVAL,1,0.0,Cycle removed by removal_index.csv,,
9-8,1044,GLOBAL_REMOVAL,1,0.0,Cycle removed by removal_index.csv,,
9-8,1058,GLOBAL_REMOVAL,1,0.0,Cycle removed by removal_index.csv,,
9-8,1378,GLOBAL_REMOVAL,1,0.0,Cycle removed by removal_index.csv,,
9-8,1441,GLOBAL_REMOVAL,1,0.0,Cycle removed by removal_index.csv,,
9-8,1454,GLOBAL_REMOVAL,1,0.0,Cycle removed by removal_index.csv,,
9-8,1462,GLOBAL_REMOVAL,1,0.0,Cycle removed by removal_index.csv,,
9-8,1468,GLOBAL_REMOVAL,1,0.0,Cycle removed by removal_index.csv,,
9-8,1499,GLOBAL_REMOVAL,1,0.0,Cycle removed by removal_index.csv,,
9-8,1501,GLOBAL_REMOVAL,1,0.0,Cycle removed by removal_index.csv,,
9-8,1540,GLOBAL_REMOVAL,1,0.0,Cycle removed by removal_index.csv,,
9-8,1566,GLOBAL_REMOVAL,1,0.0,Cycle removed by removal_index.csv,,
9-8,1696,GLOBAL_REMOVAL,1,0.0,Cycle removed by removal_index.csv,,
9-8,1724,GLOBAL_REMOVAL,1,0.0,Cycle removed by removal_index.csv,,
9-8,1738,GLOBAL_REMOVAL,1,0.0,Cycle removed by removal_index.csv,,
9-8,1785,GLOBAL_REMOVAL,1,0.0,Cycle removed by removal_index.csv,,
9-8,1792,GLOBAL_REMOVAL,1,0.0,Cycle removed by removal_index.csv,,
9-8,1897,GLOBAL_REMOVAL,1,0.0,Cycle removed by removal_index.csv,,
9-8,1899,GLOBAL_REMOVAL,1,0.0,Cycle removed by removal_index.csv,,
1-8,168,Consistency(>5%),1,,,,"RelErr:1918.10%,SumQ:1.177,IntQ:23.753"
