,cell,cyc,soc_label,mode_label,capacity,c1_15_power_var,SOC,Mode,Scenario,,,,
0,b1c0,2,-2,0,1.0706892,4.766728401,H(100-70%),Discharge,Discharge_H(100-70%),,,,
1,b1c0,2,-2,0,1.0706892,0.001410055,H(100-70%),Discharge,Discharge_H(100-70%),,,행 레이블,합계 : c1_15_power_var
2,b1c0,2,-2,0,1.0706892,3.562114716,H(100-70%),Discharge,Discharge_H(100-70%),,,2,8.330253172
3,b1c0,7,-2,0,1.0739917,5.667217731,H(100-70%),Discharge,Discharge_H(100-70%),,,7,10.10004392
4,b1c0,7,-2,0,1.0739917,0.001584675,H(100-70%),Discharge,Discharge_H(100-70%),,,14,8.135266422
5,b1c0,7,-2,0,1.0739917,4.431241512,H(100-70%),Discharge,Discharge_H(100-70%),,,19,8.084029358
6,b1c0,14,-2,0,1.0750562,4.581690311,H(100-70%),Discharge,Discharge_H(100-70%),,,24,11.08814297
7,b1c0,14,-2,0,1.0750562,0.001627802,H(100-70%),Discharge,Discharge_H(100-70%),,,29,8.099913287
8,b1c0,14,-2,0,1.0750562,3.551948309,H(100-70%),Discharge,Discharge_H(100-70%),,,34,8.173617925
9,b1c0,19,-2,0,1.0761871,4.669418812,H(100-70%),Discharge,Discharge_H(100-70%),,,39,7.93768758
10,b1c0,19,-2,0,1.0761871,0.001558941,H(100-70%),Discharge,Discharge_H(100-70%),,,44,7.335035134
11,b1c0,19,-2,0,1.0761871,3.413051605,H(100-70%),Discharge,Discharge_H(100-70%),,,49,8.598655652
12,b1c0,24,-2,0,1.0754509,6.173304081,H(100-70%),Discharge,Discharge_H(100-70%),,,54,7.96278926
13,b1c0,24,-2,0,1.0754509,0.001640413,H(100-70%),Discharge,Discharge_H(100-70%),,,59,7.951722325
14,b1c0,24,-2,0,1.0754509,4.913198471,H(100-70%),Discharge,Discharge_H(100-70%),,,64,8.147421202
15,b1c0,29,-2,0,1.0764797,3.469477654,H(100-70%),Discharge,Discharge_H(100-70%),,,69,8.193133294
16,b1c0,29,-2,0,1.0764797,0.001345802,H(100-70%),Discharge,Discharge_H(100-70%),,,74,8.199051374
17,b1c0,29,-2,0,1.0764797,4.629089832,H(100-70%),Discharge,Discharge_H(100-70%),,,79,8.396035265
18,b1c0,34,-2,0,1.0766319,4.607762337,H(100-70%),Discharge,Discharge_H(100-70%),,,84,8.189489528
19,b1c0,34,-2,0,1.0766319,0.001503076,H(100-70%),Discharge,Discharge_H(100-70%),,,89,8.506780608
20,b1c0,34,-2,0,1.0766319,3.564352512,H(100-70%),Discharge,Discharge_H(100-70%),,,94,8.216554691
21,b1c0,39,-2,0,1.0766507,4.446755409,H(100-70%),Discharge,Discharge_H(100-70%),,,99,8.029592863
22,b1c0,39,-2,0,1.0766507,0.001574461,H(100-70%),Discharge,Discharge_H(100-70%),,,104,8.669242116
23,b1c0,39,-2,0,1.0766507,3.48935771,H(100-70%),Discharge,Discharge_H(100-70%),,,109,8.253050052
24,b1c0,44,-2,0,1.0768414,3.221174479,H(100-70%),Discharge,Discharge_H(100-70%),,,114,8.358303353
25,b1c0,44,-2,0,1.0768414,0.001552631,H(100-70%),Discharge,Discharge_H(100-70%),,,119,9.338298855
26,b1c0,44,-2,0,1.0768414,4.112308025,H(100-70%),Discharge,Discharge_H(100-70%),,,124,7.877016436
27,b1c0,49,-2,0,1.0768253,4.852499962,H(100-70%),Discharge,Discharge_H(100-70%),,,129,7.534384345
28,b1c0,49,-2,0,1.0768253,0.001450967,H(100-70%),Discharge,Discharge_H(100-70%),,,134,8.280023458
29,b1c0,49,-2,0,1.0768253,3.744704723,H(100-70%),Discharge,Discharge_H(100-70%),,,139,7.856725828
30,b1c0,54,-2,0,1.076785,4.48961401,H(100-70%),Discharge,Discharge_H(100-70%),,,144,8.38667714
31,b1c0,54,-2,0,1.076785,0.001588307,H(100-70%),Discharge,Discharge_H(100-70%),,,149,50.79669284
32,b1c0,54,-2,0,1.076785,3.471586943,H(100-70%),Discharge,Discharge_H(100-70%),,,154,8.001996315
33,b1c0,59,-2,0,1.0752628,3.471442223,H(100-70%),Discharge,Discharge_H(100-70%),,,159,9.286942031
34,b1c0,59,-2,0,1.0752628,0.001575649,H(100-70%),Discharge,Discharge_H(100-70%),,,164,8.358688887
35,b1c0,59,-2,0,1.0752628,4.478704453,H(100-70%),Discharge,Discharge_H(100-70%),,,169,8.116162049
36,b1c0,64,-2,0,1.0769807,4.617373943,H(100-70%),Discharge,Discharge_H(100-70%),,,174,8.529431897
37,b1c0,64,-2,0,1.0769807,0.001568874,H(100-70%),Discharge,Discharge_H(100-70%),,,179,7.542219251
38,b1c0,64,-2,0,1.0769807,3.528478384,H(100-70%),Discharge,Discharge_H(100-70%),,,184,7.236133189
39,b1c0,69,-2,0,1.0766476,4.58911562,H(100-70%),Discharge,Discharge_H(100-70%),,,189,8.172375409
40,b1c0,69,-2,0,1.0766476,0.001755893,H(100-70%),Discharge,Discharge_H(100-70%),,,194,8.012831902
41,b1c0,69,-2,0,1.0766476,3.602261782,H(100-70%),Discharge,Discharge_H(100-70%),,,199,8.193396709
42,b1c0,74,-2,0,1.0763736,3.582235575,H(100-70%),Discharge,Discharge_H(100-70%),,,204,7.998785602
43,b1c0,74,-2,0,1.0763736,0.001594299,H(100-70%),Discharge,Discharge_H(100-70%),,,209,8.892328457
44,b1c0,74,-2,0,1.0763736,4.6152215,H(100-70%),Discharge,Discharge_H(100-70%),,,214,8.01069338
45,b1c0,79,-2,0,1.0762045,4.700122356,H(100-70%),Discharge,Discharge_H(100-70%),,,219,8.426248401
46,b1c0,79,-2,0,1.0762045,0.001685928,H(100-70%),Discharge,Discharge_H(100-70%),,,224,7.998815368
47,b1c0,79,-2,0,1.0762045,3.69422698,H(100-70%),Discharge,Discharge_H(100-70%),,,229,7.796354389
48,b1c0,84,-2,0,1.0762265,4.614236832,H(100-70%),Discharge,Discharge_H(100-70%),,,234,8.14445134
49,b1c0,84,-2,0,1.0762265,0.001539155,H(100-70%),Discharge,Discharge_H(100-70%),,,239,8.506980633
50,b1c0,84,-2,0,1.0762265,3.573713541,H(100-70%),Discharge,Discharge_H(100-70%),,,244,8.177025159
51,b1c0,89,-2,0,1.0749464,3.778801918,H(100-70%),Discharge,Discharge_H(100-70%),,,249,9.784711683
52,b1c0,89,-2,0,1.0749464,0.001626952,H(100-70%),Discharge,Discharge_H(100-70%),,,254,7.878302877
53,b1c0,89,-2,0,1.0749464,4.726351738,H(100-70%),Discharge,Discharge_H(100-70%),,,259,7.893519973
54,b1c0,94,-2,0,1.0758985,4.583694458,H(100-70%),Discharge,Discharge_H(100-70%),,,264,7.834305673
55,b1c0,94,-2,0,1.0758985,0.00150304,H(100-70%),Discharge,Discharge_H(100-70%),,,269,7.992994563
56,b1c0,94,-2,0,1.0758985,3.631357193,H(100-70%),Discharge,Discharge_H(100-70%),,,274,7.467255999
57,b1c0,99,-2,0,1.0758784,4.552044392,H(100-70%),Discharge,Discharge_H(100-70%),,,279,7.825442395
58,b1c0,99,-2,0,1.0758784,0.001601091,H(100-70%),Discharge,Discharge_H(100-70%),,,284,7.492866457
59,b1c0,99,-2,0,1.0758784,3.47594738,H(100-70%),Discharge,Discharge_H(100-70%),,,289,7.851048789
60,b1c0,104,-2,0,1.0757833,3.721530676,H(100-70%),Discharge,Discharge_H(100-70%),,,294,8.088534492
61,b1c0,104,-2,0,1.0757833,0.001431914,H(100-70%),Discharge,Discharge_H(100-70%),,,299,8.885548129
62,b1c0,104,-2,0,1.0757833,4.946279526,H(100-70%),Discharge,Discharge_H(100-70%),,,304,7.825857038
63,b1c0,109,-2,0,1.0757282,4.633536816,H(100-70%),Discharge,Discharge_H(100-70%),,,309,8.401859202
64,b1c0,109,-2,0,1.0757282,0.001788341,H(100-70%),Discharge,Discharge_H(100-70%),,,314,8.554087452
65,b1c0,109,-2,0,1.0757282,3.617724895,H(100-70%),Discharge,Discharge_H(100-70%),,,319,8.110279884
66,b1c0,114,-2,0,1.0755961,4.653560162,H(100-70%),Discharge,Discharge_H(100-70%),,,324,8.135062643
67,b1c0,114,-2,0,1.0755961,0.001616761,H(100-70%),Discharge,Discharge_H(100-70%),,,329,8.271521545
68,b1c0,114,-2,0,1.0755961,3.703126431,H(100-70%),Discharge,Discharge_H(100-70%),,,334,8.679893347
69,b1c0,119,-2,0,1.0755045,4.09945631,H(100-70%),Discharge,Discharge_H(100-70%),,,339,8.278038705
70,b1c0,119,-2,0,1.0755045,5.237164021,H(100-70%),Discharge,Discharge_H(100-70%),,,344,7.163845397
71,b1c0,119,-2,0,1.0755045,0.001678524,H(100-70%),Discharge,Discharge_H(100-70%),,,349,7.946987603
72,b1c0,124,-2,0,1.0751811,4.417739391,H(100-70%),Discharge,Discharge_H(100-70%),,,354,7.997523804
73,b1c0,124,-2,0,1.0751811,0.001563441,H(100-70%),Discharge,Discharge_H(100-70%),,,359,8.616458826
74,b1c0,124,-2,0,1.0751811,3.457713604,H(100-70%),Discharge,Discharge_H(100-70%),,,364,7.942857111
75,b1c0,129,-2,0,1.0752187,4.243029594,H(100-70%),Discharge,Discharge_H(100-70%),,,369,7.287263087
76,b1c0,129,-2,0,1.0752187,0.001701211,H(100-70%),Discharge,Discharge_H(100-70%),,,374,7.999190867
77,b1c0,129,-2,0,1.0752187,3.28965354,H(100-70%),Discharge,Discharge_H(100-70%),,,379,8.62354886
78,b1c0,134,-2,0,1.0744451,4.68162632,H(100-70%),Discharge,Discharge_H(100-70%),,,384,7.90792855
79,b1c0,134,-2,0,1.0744451,0.001491669,H(100-70%),Discharge,Discharge_H(100-70%),,,389,7.65758905
80,b1c0,134,-2,0,1.0744451,3.59690547,H(100-70%),Discharge,Discharge_H(100-70%),,,394,8.186733815
81,b1c0,139,-2,0,1.0747689,4.425507545,H(100-70%),Discharge,Discharge_H(100-70%),,,399,7.563182056
82,b1c0,139,-2,0,1.0747689,0.001684563,H(100-70%),Discharge,Discharge_H(100-70%),,,404,7.699004568
83,b1c0,139,-2,0,1.0747689,3.42953372,H(100-70%),Discharge,Discharge_H(100-70%),,,409,7.629628403
84,b1c0,144,-2,0,1.0746906,0.001706952,H(100-70%),Discharge,Discharge_H(100-70%),,,414,7.851945118
85,b1c0,144,-2,0,1.0746906,3.612802505,H(100-70%),Discharge,Discharge_H(100-70%),,,419,8.311175227
86,b1c0,144,-2,0,1.0746906,4.772167683,H(100-70%),Discharge,Discharge_H(100-70%),,,424,7.933019412
87,b1c0,149,-2,0,1.0740879,24.90225983,H(100-70%),Discharge,Discharge_H(100-70%),,,429,8.473878059
88,b1c0,149,-2,0,1.0740879,0.038071621,H(100-70%),Discharge,Discharge_H(100-70%),,,434,8.331925584
89,b1c0,149,-2,0,1.0740879,25.85636139,H(100-70%),Discharge,Discharge_H(100-70%),,,439,7.592377144
90,b1c0,154,-2,0,1.0742306,4.548767567,H(100-70%),Discharge,Discharge_H(100-70%),,,444,8.069229398
91,b1c0,154,-2,0,1.0742306,0.001684941,H(100-70%),Discharge,Discharge_H(100-70%),,,449,8.342308082
92,b1c0,154,-2,0,1.0742306,3.451543808,H(100-70%),Discharge,Discharge_H(100-70%),,,454,7.390175569
93,b1c0,159,-2,0,1.0738961,0.001610305,H(100-70%),Discharge,Discharge_H(100-70%),,,459,8.043002721
94,b1c0,159,-2,0,1.0738961,5.166472435,H(100-70%),Discharge,Discharge_H(100-70%),,,464,7.906816452
95,b1c0,159,-2,0,1.0738961,4.118859291,H(100-70%),Discharge,Discharge_H(100-70%),,,469,7.515637218
96,b1c0,164,-2,0,1.071436,4.724590778,H(100-70%),Discharge,Discharge_H(100-70%),,,474,7.984478593
97,b1c0,164,-2,0,1.071436,0.001399573,H(100-70%),Discharge,Discharge_H(100-70%),,,479,7.852671469
98,b1c0,164,-2,0,1.071436,3.632698536,H(100-70%),Discharge,Discharge_H(100-70%),,,484,8.317019332
99,b1c0,169,-2,0,1.0730176,0.001489149,H(100-70%),Discharge,Discharge_H(100-70%),,,489,8.631393171
100,b1c0,169,-2,0,1.0730176,3.564774275,H(100-70%),Discharge,Discharge_H(100-70%),,,494,8.758711819
101,b1c0,169,-2,0,1.0730176,4.549898624,H(100-70%),Discharge,Discharge_H(100-70%),,,499,7.818711006
102,b1c0,174,-2,0,1.0700154,3.722614527,H(100-70%),Discharge,Discharge_H(100-70%),,,504,7.777760154
103,b1c0,174,-2,0,1.0700154,0.001644926,H(100-70%),Discharge,Discharge_H(100-70%),,,509,8.159686961
104,b1c0,174,-2,0,1.0700154,4.805172443,H(100-70%),Discharge,Discharge_H(100-70%),,,514,7.947779833
105,b1c0,179,-2,0,1.07152,4.305065155,H(100-70%),Discharge,Discharge_H(100-70%),,,519,8.580676424
106,b1c0,179,-2,0,1.07152,0.001579851,H(100-70%),Discharge,Discharge_H(100-70%),,,524,7.616456563
107,b1c0,179,-2,0,1.07152,3.235574245,H(100-70%),Discharge,Discharge_H(100-70%),,,529,8.464032877
108,b1c0,184,-2,0,1.0734123,4.057186604,H(100-70%),Discharge,Discharge_H(100-70%),,,534,7.755474944
109,b1c0,184,-2,0,1.0734123,0.001493067,H(100-70%),Discharge,Discharge_H(100-70%),,,539,8.48681937
110,b1c0,184,-2,0,1.0734123,3.177453518,H(100-70%),Discharge,Discharge_H(100-70%),,,544,8.880446423
111,b1c0,189,-2,0,1.0719339,4.594088554,H(100-70%),Discharge,Discharge_H(100-70%),,,549,8.501101829
112,b1c0,189,-2,0,1.0719339,0.00155255,H(100-70%),Discharge,Discharge_H(100-70%),,,554,8.098689277
113,b1c0,189,-2,0,1.0719339,3.576734304,H(100-70%),Discharge,Discharge_H(100-70%),,,559,8.182195042
114,b1c0,194,-2,0,1.0696446,4.536402702,H(100-70%),Discharge,Discharge_H(100-70%),,,564,8.236393071
115,b1c0,194,-2,0,1.0696446,0.001560664,H(100-70%),Discharge,Discharge_H(100-70%),,,569,8.021678006
116,b1c0,194,-2,0,1.0696446,3.474868536,H(100-70%),Discharge,Discharge_H(100-70%),,,574,8.463972981
117,b1c0,199,-2,0,1.0644047,0.001596592,H(100-70%),Discharge,Discharge_H(100-70%),,,579,8.329611222
118,b1c0,199,-2,0,1.0644047,3.484622478,H(100-70%),Discharge,Discharge_H(100-70%),,,584,8.303468675
119,b1c0,199,-2,0,1.0644047,4.707177639,H(100-70%),Discharge,Discharge_H(100-70%),,,589,7.583927491
120,b1c0,204,-2,0,1.0711106,4.519948959,H(100-70%),Discharge,Discharge_H(100-70%),,,594,8.092532441
121,b1c0,204,-2,0,1.0711106,0.001625644,H(100-70%),Discharge,Discharge_H(100-70%),,,599,8.322120816
122,b1c0,204,-2,0,1.0711106,3.477210999,H(100-70%),Discharge,Discharge_H(100-70%),,,604,7.987680138
123,b1c0,209,-2,0,1.0730858,5.00942564,H(100-70%),Discharge,Discharge_H(100-70%),,,609,8.229830226
124,b1c0,209,-2,0,1.0730858,0.001478628,H(100-70%),Discharge,Discharge_H(100-70%),,,614,8.178334088
125,b1c0,209,-2,0,1.0730858,3.881424189,H(100-70%),Discharge,Discharge_H(100-70%),,,619,8.164636098
126,b1c0,214,-2,0,1.0726694,0.001409599,H(100-70%),Discharge,Discharge_H(100-70%),,,624,7.922857528
127,b1c0,214,-2,0,1.0726694,4.48777771,H(100-70%),Discharge,Discharge_H(100-70%),,,629,7.922524329
128,b1c0,214,-2,0,1.0726694,3.521506071,H(100-70%),Discharge,Discharge_H(100-70%),,,634,8.796036274
129,b1c0,219,-2,0,1.0722263,4.761492729,H(100-70%),Discharge,Discharge_H(100-70%),,,639,8.258880065
130,b1c0,219,-2,0,1.0722263,0.001571029,H(100-70%),Discharge,Discharge_H(100-70%),,,644,7.907773763
131,b1c0,219,-2,0,1.0722263,3.663184643,H(100-70%),Discharge,Discharge_H(100-70%),,,649,8.515244186
132,b1c0,224,-2,0,1.0726638,0.001750062,H(100-70%),Discharge,Discharge_H(100-70%),,,654,7.800404203
133,b1c0,224,-2,0,1.0726638,3.575946569,H(100-70%),Discharge,Discharge_H(100-70%),,,659,8.776748856
134,b1c0,224,-2,0,1.0726638,4.421118736,H(100-70%),Discharge,Discharge_H(100-70%),,,664,8.192011543
135,b1c0,229,-2,0,1.0679137,0.001697159,H(100-70%),Discharge,Discharge_H(100-70%),,,669,8.76451395
136,b1c0,229,-2,0,1.0679137,3.380123138,H(100-70%),Discharge,Discharge_H(100-70%),,,674,8.777822506
137,b1c0,229,-2,0,1.0679137,4.414534092,H(100-70%),Discharge,Discharge_H(100-70%),,,679,8.207765064
138,b1c0,234,-2,0,1.0723016,3.50064373,H(100-70%),Discharge,Discharge_H(100-70%),,,684,9.199711757
139,b1c0,234,-2,0,1.0723016,4.64236784,H(100-70%),Discharge,Discharge_H(100-70%),,,689,7.74192678
140,b1c0,234,-2,0,1.0723016,0.00143977,H(100-70%),Discharge,Discharge_H(100-70%),,,694,8.323712198
141,b1c0,239,-2,0,1.0634056,4.699179649,H(100-70%),Discharge,Discharge_H(100-70%),,,699,8.231264643
142,b1c0,239,-2,0,1.0634056,0.001606679,H(100-70%),Discharge,Discharge_H(100-70%),,,704,7.318123438
143,b1c0,239,-2,0,1.0634056,3.806194305,H(100-70%),Discharge,Discharge_H(100-70%),,,709,7.730969958
144,b1c0,244,-2,0,1.0711093,4.590914726,H(100-70%),Discharge,Discharge_H(100-70%),,,714,8.100935978
145,b1c0,244,-2,0,1.0711093,0.001528343,H(100-70%),Discharge,Discharge_H(100-70%),,,719,8.336879618
146,b1c0,244,-2,0,1.0711093,3.58458209,H(100-70%),Discharge,Discharge_H(100-70%),,,724,8.072556644
147,b1c0,249,-2,0,1.0716952,5.52798748,H(100-70%),Discharge,Discharge_H(100-70%),,,729,8.484363103
148,b1c0,249,-2,0,1.0716952,0.001444185,H(100-70%),Discharge,Discharge_H(100-70%),,,734,9.642743118
149,b1c0,249,-2,0,1.0716952,4.255280018,H(100-70%),Discharge,Discharge_H(100-70%),,,739,7.920514055
150,b1c0,254,-2,0,1.0665704,4.416249752,H(100-70%),Discharge,Discharge_H(100-70%),,,744,7.597778148
151,b1c0,254,-2,0,1.0665704,0.001660888,H(100-70%),Discharge,Discharge_H(100-70%),,,749,8.564884862
152,b1c0,254,-2,0,1.0665704,3.460392237,H(100-70%),Discharge,Discharge_H(100-70%),,,754,8.531441978
153,b1c0,259,-2,0,1.062722,0.001666641,H(100-70%),Discharge,Discharge_H(100-70%),,,759,8.097335522
154,b1c0,259,-2,0,1.062722,3.404314518,H(100-70%),Discharge,Discharge_H(100-70%),,,764,8.243366994
155,b1c0,259,-2,0,1.062722,4.487538815,H(100-70%),Discharge,Discharge_H(100-70%),,,769,8.356496096
156,b1c0,264,-2,0,1.070429,4.43437767,H(100-70%),Discharge,Discharge_H(100-70%),,,774,7.720164336
157,b1c0,264,-2,0,1.070429,0.001340299,H(100-70%),Discharge,Discharge_H(100-70%),,,779,7.675890697
158,b1c0,264,-2,0,1.070429,3.398587704,H(100-70%),Discharge,Discharge_H(100-70%),,,784,8.405529947
159,b1c0,269,-2,0,1.0709585,4.459881306,H(100-70%),Discharge,Discharge_H(100-70%),,,789,7.963104001
160,b1c0,269,-2,0,1.0709585,0.001657264,H(100-70%),Discharge,Discharge_H(100-70%),,,794,7.906160074
161,b1c0,269,-2,0,1.0709585,3.531455994,H(100-70%),Discharge,Discharge_H(100-70%),,,799,8.777909661
162,b1c0,274,-2,0,1.0707847,0.001572777,H(100-70%),Discharge,Discharge_H(100-70%),,,804,7.812590416
163,b1c0,274,-2,0,1.0707847,4.208354473,H(100-70%),Discharge,Discharge_H(100-70%),,,809,8.267669147
164,b1c0,274,-2,0,1.0707847,3.257328749,H(100-70%),Discharge,Discharge_H(100-70%),,,814,8.812916678
165,b1c0,279,-2,0,1.0699091,4.338668346,H(100-70%),Discharge,Discharge_H(100-70%),,,819,8.25352988
166,b1c0,279,-2,0,1.0699091,0.001651368,H(100-70%),Discharge,Discharge_H(100-70%),,,824,7.987521563
167,b1c0,279,-2,0,1.0699091,3.485122681,H(100-70%),Discharge,Discharge_H(100-70%),,,829,8.776803381
168,b1c0,284,-2,0,1.0651459,0.001509369,H(100-70%),Discharge,Discharge_H(100-70%),,,834,8.113408745
169,b1c0,284,-2,0,1.0651459,3.277960062,H(100-70%),Discharge,Discharge_H(100-70%),,,839,8.484997217
170,b1c0,284,-2,0,1.0651459,4.213397026,H(100-70%),Discharge,Discharge_H(100-70%),,,844,7.670493492
171,b1c0,289,-2,0,1.0695846,0.001694522,H(100-70%),Discharge,Discharge_H(100-70%),,,849,8.466954012
172,b1c0,289,-2,0,1.0695846,3.380365849,H(100-70%),Discharge,Discharge_H(100-70%),,,854,8.176385886
173,b1c0,289,-2,0,1.0695846,4.468988419,H(100-70%),Discharge,Discharge_H(100-70%),,,859,8.808299538
174,b1c0,294,-2,0,1.0646312,4.512176037,H(100-70%),Discharge,Discharge_H(100-70%),,,864,8.833872129
175,b1c0,294,-2,0,1.0646312,0.001392501,H(100-70%),Discharge,Discharge_H(100-70%),,,869,7.83527143
176,b1c0,294,-2,0,1.0646312,3.574965954,H(100-70%),Discharge,Discharge_H(100-70%),,,874,9.264963539
177,b1c0,299,-2,0,1.0697434,5.003193378,H(100-70%),Discharge,Discharge_H(100-70%),,,879,9.035258345
178,b1c0,299,-2,0,1.0697434,0.001555695,H(100-70%),Discharge,Discharge_H(100-70%),,,884,8.249215011
179,b1c0,299,-2,0,1.0697434,3.880799055,H(100-70%),Discharge,Discharge_H(100-70%),,,889,8.533704025
180,b1c0,304,-2,0,1.0667444,3.48511076,H(100-70%),Discharge,Discharge_H(100-70%),,,894,8.765120117
181,b1c0,304,-2,0,1.0667444,0.001520032,H(100-70%),Discharge,Discharge_H(100-70%),,,899,8.012372751
182,b1c0,304,-2,0,1.0667444,4.339226246,H(100-70%),Discharge,Discharge_H(100-70%),,,904,8.009556584
183,b1c0,309,-2,0,1.0696694,4.754355431,H(100-70%),Discharge,Discharge_H(100-70%),,,909,8.060908658
184,b1c0,309,-2,0,1.0696694,0.00135199,H(100-70%),Discharge,Discharge_H(100-70%),,,914,8.464966948
185,b1c0,309,-2,0,1.0696694,3.646151781,H(100-70%),Discharge,Discharge_H(100-70%),,,919,8.772648901
186,b1c0,314,-2,0,1.0648649,4.895040989,H(100-70%),Discharge,Discharge_H(100-70%),,,924,9.152917308
187,b1c0,314,-2,0,1.0648649,0.00157576,H(100-70%),Discharge,Discharge_H(100-70%),,,929,8.97277238
188,b1c0,314,-2,0,1.0648649,3.657470703,H(100-70%),Discharge,Discharge_H(100-70%),,,934,8.544232251
189,b1c0,319,-2,0,1.0693067,3.554297924,H(100-70%),Discharge,Discharge_H(100-70%),,,939,8.990437468
190,b1c0,319,-2,0,1.0693067,0.001740303,H(100-70%),Discharge,Discharge_H(100-70%),,,944,8.75157277
191,b1c0,319,-2,0,1.0693067,4.554241657,H(100-70%),Discharge,Discharge_H(100-70%),,,949,8.278840991
192,b1c0,324,-2,0,1.0661716,4.636446476,H(100-70%),Discharge,Discharge_H(100-70%),,,954,8.035704405
193,b1c0,324,-2,0,1.0661716,0.001470515,H(100-70%),Discharge,Discharge_H(100-70%),,,959,9.90429956
194,b1c0,324,-2,0,1.0661716,3.497145653,H(100-70%),Discharge,Discharge_H(100-70%),,,964,8.403034452
195,b1c0,329,-2,0,1.0673405,4.64735508,H(100-70%),Discharge,Discharge_H(100-70%),,,969,8.610966066
196,b1c0,329,-2,0,1.0673405,0.001482463,H(100-70%),Discharge,Discharge_H(100-70%),,,974,8.24899117
197,b1c0,329,-2,0,1.0673405,3.622684002,H(100-70%),Discharge,Discharge_H(100-70%),,,979,8.588121199
198,b1c0,334,-2,0,1.0695329,4.917094231,H(100-70%),Discharge,Discharge_H(100-70%),,,984,8.468202277
199,b1c0,334,-2,0,1.0695329,0.001701685,H(100-70%),Discharge,Discharge_H(100-70%),,,989,8.637210364
200,b1c0,334,-2,0,1.0695329,3.761097431,H(100-70%),Discharge,Discharge_H(100-70%),,,994,8.86565014
201,b1c0,339,-2,0,1.070029,3.593142986,H(100-70%),Discharge,Discharge_H(100-70%),,,999,8.415127208
202,b1c0,339,-2,0,1.070029,4.683334351,H(100-70%),Discharge,Discharge_H(100-70%),,,1004,8.579228562
203,b1c0,339,-2,0,1.070029,0.001561368,H(100-70%),Discharge,Discharge_H(100-70%),,,1009,8.625522061
204,b1c0,344,-2,0,1.0674061,0.001533843,H(100-70%),Discharge,Discharge_H(100-70%),,,1014,8.297745611
205,b1c0,344,-2,0,1.0674061,3.098286152,H(100-70%),Discharge,Discharge_H(100-70%),,,1019,9.019189855
206,b1c0,344,-2,0,1.0674061,4.064025402,H(100-70%),Discharge,Discharge_H(100-70%),,,1024,8.385904031
207,b1c0,349,-2,0,1.0676738,3.477561951,H(100-70%),Discharge,Discharge_H(100-70%),,,1029,8.163496789
208,b1c0,349,-2,0,1.0676738,0.001619313,H(100-70%),Discharge,Discharge_H(100-70%),,,1034,8.262692672
209,b1c0,349,-2,0,1.0676738,4.467806339,H(100-70%),Discharge,Discharge_H(100-70%),,,1039,8.518837822
210,b1c0,354,-2,0,1.0683092,4.640829563,H(100-70%),Discharge,Discharge_H(100-70%),,,1044,8.260560665
211,b1c0,354,-2,0,1.0683092,0.001388093,H(100-70%),Discharge,Discharge_H(100-70%),,,1049,7.978138847
212,b1c0,354,-2,0,1.0683092,3.355306149,H(100-70%),Discharge,Discharge_H(100-70%),,,1054,7.435898748
213,b1c0,359,-2,0,1.0650654,4.775301456,H(100-70%),Discharge,Discharge_H(100-70%),,,1059,8.946516138
214,b1c0,359,-2,0,1.0650654,0.001666479,H(100-70%),Discharge,Discharge_H(100-70%),,,1064,9.023933821
215,b1c0,359,-2,0,1.0650654,3.839490891,H(100-70%),Discharge,Discharge_H(100-70%),,,1069,8.840470573
216,b1c0,364,-2,0,1.0687932,4.451504707,H(100-70%),Discharge,Discharge_H(100-70%),,,1074,7.827605067
217,b1c0,364,-2,0,1.0687932,0.001406992,H(100-70%),Discharge,Discharge_H(100-70%),,,1079,8.214432898
218,b1c0,364,-2,0,1.0687932,3.489945412,H(100-70%),Discharge,Discharge_H(100-70%),,,1084,10.36696827
219,b1c0,369,-2,0,1.0686384,4.117177963,H(100-70%),Discharge,Discharge_H(100-70%),,,1089,8.517048819
220,b1c0,369,-2,0,1.0686384,0.001442365,H(100-70%),Discharge,Discharge_H(100-70%),,,1094,8.598746055
221,b1c0,369,-2,0,1.0686384,3.168642759,H(100-70%),Discharge,Discharge_H(100-70%),,,1099,8.399332214
222,b1c0,374,-2,0,1.0675855,0.001650155,H(100-70%),Discharge,Discharge_H(100-70%),,,1104,8.682694637
223,b1c0,374,-2,0,1.0675855,3.420552969,H(100-70%),Discharge,Discharge_H(100-70%),,,1109,8.519671171
224,b1c0,374,-2,0,1.0675855,4.576987743,H(100-70%),Discharge,Discharge_H(100-70%),,,1114,8.689895477
225,b1c0,379,-2,0,1.0594556,4.879237652,H(100-70%),Discharge,Discharge_H(100-70%),,,1119,7.826160465
226,b1c0,379,-2,0,1.0594556,0.001582736,H(100-70%),Discharge,Discharge_H(100-70%),,,1124,8.519357492
227,b1c0,379,-2,0,1.0594556,3.742728472,H(100-70%),Discharge,Discharge_H(100-70%),,,1129,7.948317046
228,b1c0,384,-2,0,1.0673084,4.459315777,H(100-70%),Discharge,Discharge_H(100-70%),,,1134,8.577312495
229,b1c0,384,-2,0,1.0673084,0.001834237,H(100-70%),Discharge,Discharge_H(100-70%),,,1139,8.119318318
230,b1c0,384,-2,0,1.0673084,3.446778536,H(100-70%),Discharge,Discharge_H(100-70%),,,1144,8.859980989
231,b1c0,389,-2,0,1.0499117,0.001850458,H(100-70%),Discharge,Discharge_H(100-70%),,,1149,8.260688543
232,b1c0,389,-2,0,1.0499117,4.319390774,H(100-70%),Discharge,Discharge_H(100-70%),,,1154,8.298841036
233,b1c0,389,-2,0,1.0499117,3.336347818,H(100-70%),Discharge,Discharge_H(100-70%),,,1159,8.175498248
234,b1c0,394,-2,0,1.0636747,4.729196548,H(100-70%),Discharge,Discharge_H(100-70%),,,1164,8.023602879
235,b1c0,394,-2,0,1.0636747,0.001521679,H(100-70%),Discharge,Discharge_H(100-70%),,,1169,8.435318224
236,b1c0,394,-2,0,1.0636747,3.456015587,H(100-70%),Discharge,Discharge_H(100-70%),,,1174,8.296586996
237,b1c0,399,-2,0,1.0652326,0.001594007,H(100-70%),Discharge,Discharge_H(100-70%),,,1179,7.616457634
238,b1c0,399,-2,0,1.0652326,3.233540297,H(100-70%),Discharge,Discharge_H(100-70%),,,1184,8.581035542
239,b1c0,399,-2,0,1.0652326,4.328047752,H(100-70%),Discharge,Discharge_H(100-70%),,,1189,7.622256998
240,b1c0,404,-2,0,1.058076,3.424262047,H(100-70%),Discharge,Discharge_H(100-70%),,,1194,7.946219255
241,b1c0,404,-2,0,1.058076,0.001780905,H(100-70%),Discharge,Discharge_H(100-70%),,,1199,8.199628003
242,b1c0,404,-2,0,1.058076,4.272961617,H(100-70%),Discharge,Discharge_H(100-70%),,,1204,8.392739311
243,b1c0,409,-2,0,1.0669585,4.394802094,H(100-70%),Discharge,Discharge_H(100-70%),,,1209,8.711812718
244,b1c0,409,-2,0,1.0669585,0.001635534,H(100-70%),Discharge,Discharge_H(100-70%),,,1214,7.743326423
245,b1c0,409,-2,0,1.0669585,3.233190775,H(100-70%),Discharge,Discharge_H(100-70%),,,1219,7.733696246
246,b1c0,414,-2,0,1.0556192,4.422091007,H(100-70%),Discharge,Discharge_H(100-70%),,,1224,8.103516567
247,b1c0,414,-2,0,1.0556192,0.001457171,H(100-70%),Discharge,Discharge_H(100-70%),,,1229,8.190267414
248,b1c0,414,-2,0,1.0556192,3.42839694,H(100-70%),Discharge,Discharge_H(100-70%),,,1234,7.732918978
249,b1c0,419,-2,0,1.0669073,4.695496082,H(100-70%),Discharge,Discharge_H(100-70%),,,1239,8.254214803
250,b1c0,419,-2,0,1.0669073,0.001519084,H(100-70%),Discharge,Discharge_H(100-70%),,,1244,7.81355044
251,b1c0,419,-2,0,1.0669073,3.614160061,H(100-70%),Discharge,Discharge_H(100-70%),,,1249,8.08368531
252,b1c0,424,-2,0,1.0638028,3.495709181,H(100-70%),Discharge,Discharge_H(100-70%),,,1254,7.592239279
253,b1c0,424,-2,0,1.0638028,4.435628414,H(100-70%),Discharge,Discharge_H(100-70%),,,1259,8.816174358
254,b1c0,424,-2,0,1.0638028,0.001681817,H(100-70%),Discharge,Discharge_H(100-70%),,,1264,7.533838629
255,b1c0,429,-2,0,1.0622097,3.643936396,H(100-70%),Discharge,Discharge_H(100-70%),,,1269,8.034516414
256,b1c0,429,-2,0,1.0622097,0.001444253,H(100-70%),Discharge,Discharge_H(100-70%),,,1274,8.764725937
257,b1c0,429,-2,0,1.0622097,4.82849741,H(100-70%),Discharge,Discharge_H(100-70%),,,1279,7.904409569
258,b1c0,434,-2,0,1.0560426,4.714795113,H(100-70%),Discharge,Discharge_H(100-70%),,,1284,8.248571144
259,b1c0,434,-2,0,1.0560426,0.001591874,H(100-70%),Discharge,Discharge_H(100-70%),,,1289,8.498261458
260,b1c0,434,-2,0,1.0560426,3.615538597,H(100-70%),Discharge,Discharge_H(100-70%),,,1294,8.151377829
261,b1c0,439,-2,0,1.0605631,4.412102222,H(100-70%),Discharge,Discharge_H(100-70%),,,1299,8.574874803
262,b1c0,439,-2,0,1.0605631,0.001448351,H(100-70%),Discharge,Discharge_H(100-70%),,,1304,8.982792988
263,b1c0,439,-2,0,1.0605631,3.178826571,H(100-70%),Discharge,Discharge_H(100-70%),,,1309,8.35746299
264,b1c0,444,-2,0,1.0656309,3.54180932,H(100-70%),Discharge,Discharge_H(100-70%),,,1314,7.794816307
265,b1c0,444,-2,0,1.0656309,4.525764942,H(100-70%),Discharge,Discharge_H(100-70%),,,1319,7.915494052
266,b1c0,444,-2,0,1.0656309,0.001655136,H(100-70%),Discharge,Discharge_H(100-70%),,,1324,7.399517712
267,b1c0,449,-2,0,1.0652808,0.001614846,H(100-70%),Discharge,Discharge_H(100-70%),,,1329,7.127476525
268,b1c0,449,-2,0,1.0652808,3.620169878,H(100-70%),Discharge,Discharge_H(100-70%),,,1334,8.563007201
269,b1c0,449,-2,0,1.0652808,4.720523357,H(100-70%),Discharge,Discharge_H(100-70%),,,1339,8.32321988
270,b1c0,454,-2,0,1.0647039,0.001444805,H(100-70%),Discharge,Discharge_H(100-70%),,,1344,8.317990346
271,b1c0,454,-2,0,1.0647039,3.202351332,H(100-70%),Discharge,Discharge_H(100-70%),,,1349,8.594495273
272,b1c0,454,-2,0,1.0647039,4.186379433,H(100-70%),Discharge,Discharge_H(100-70%),,,1354,8.849730034
273,b1c0,459,-2,0,1.060768,0.001638766,H(100-70%),Discharge,Discharge_H(100-70%),,,1359,8.041230793
274,b1c0,459,-2,0,1.060768,3.481828928,H(100-70%),Discharge,Discharge_H(100-70%),,,1364,8.526530748
275,b1c0,459,-2,0,1.060768,4.559535027,H(100-70%),Discharge,Discharge_H(100-70%),,,1369,8.609162703
276,b1c0,464,-2,0,1.062016,3.429365873,H(100-70%),Discharge,Discharge_H(100-70%),,,1374,8.904254984
277,b1c0,464,-2,0,1.062016,4.475884438,H(100-70%),Discharge,Discharge_H(100-70%),,,1379,8.354450803
278,b1c0,464,-2,0,1.062016,0.001566141,H(100-70%),Discharge,Discharge_H(100-70%),,,1384,8.519077555
279,b1c0,469,-2,0,1.0601008,4.23308754,H(100-70%),Discharge,Discharge_H(100-70%),,,1389,8.898578591
280,b1c0,469,-2,0,1.0601008,0.001589596,H(100-70%),Discharge,Discharge_H(100-70%),,,1394,9.050566079
281,b1c0,469,-2,0,1.0601008,3.280960083,H(100-70%),Discharge,Discharge_H(100-70%),,,1399,8.705887127
282,b1c0,474,-2,0,1.0647072,4.450729847,H(100-70%),Discharge,Discharge_H(100-70%),,,1404,8.47416881
283,b1c0,474,-2,0,1.0647072,0.001666665,H(100-70%),Discharge,Discharge_H(100-70%),,,1409,8.130231345
284,b1c0,474,-2,0,1.0647072,3.532082081,H(100-70%),Discharge,Discharge_H(100-70%),,,1414,9.01078748
285,b1c0,479,-2,0,1.0639844,4.400009155,H(100-70%),Discharge,Discharge_H(100-70%),,,1419,8.001054537
286,b1c0,479,-2,0,1.0639844,0.001437271,H(100-70%),Discharge,Discharge_H(100-70%),,,1424,9.149656296
287,b1c0,479,-2,0,1.0639844,3.451225042,H(100-70%),Discharge,Discharge_H(100-70%),,,1429,8.563279841
288,b1c0,484,-2,0,1.056636,4.65894413,H(100-70%),Discharge,Discharge_H(100-70%),,,1434,8.84278953
289,b1c0,484,-2,0,1.056636,0.002075303,H(100-70%),Discharge,Discharge_H(100-70%),,,1439,9.22358266
290,b1c0,484,-2,0,1.056636,3.655999899,H(100-70%),Discharge,Discharge_H(100-70%),,,1444,8.423394763
291,b1c0,489,-2,0,1.0610656,0.001439787,H(100-70%),Discharge,Discharge_H(100-70%),,,1449,8.644738363
292,b1c0,489,-2,0,1.0610656,3.697772026,H(100-70%),Discharge,Discharge_H(100-70%),,,1454,8.799084863
293,b1c0,489,-2,0,1.0610656,4.932181358,H(100-70%),Discharge,Discharge_H(100-70%),,,1459,8.033860841
294,b1c0,494,-2,0,1.06243,4.959749222,H(100-70%),Discharge,Discharge_H(100-70%),,,1464,8.714236567
295,b1c0,494,-2,0,1.06243,0.001500134,H(100-70%),Discharge,Discharge_H(100-70%),,,1469,9.326763877
296,b1c0,494,-2,0,1.06243,3.797462463,H(100-70%),Discharge,Discharge_H(100-70%),,,1474,8.766191276
297,b1c0,499,-2,0,1.0626481,4.48117733,H(100-70%),Discharge,Discharge_H(100-70%),,,1479,8.734573788
298,b1c0,499,-2,0,1.0626481,0.001591885,H(100-70%),Discharge,Discharge_H(100-70%),,,1484,8.984796354
299,b1c0,499,-2,0,1.0626481,3.335941792,H(100-70%),Discharge,Discharge_H(100-70%),,,1489,8.903333694
300,b1c0,504,-2,0,1.0604461,0.001697666,H(100-70%),Discharge,Discharge_H(100-70%),,,1494,11.86523463
301,b1c0,504,-2,0,1.0604461,4.410633087,H(100-70%),Discharge,Discharge_H(100-70%),,,1499,8.015490768
302,b1c0,504,-2,0,1.0604461,3.365429401,H(100-70%),Discharge,Discharge_H(100-70%),,,1504,9.019323723
303,b1c0,509,-2,0,1.0528724,4.637983322,H(100-70%),Discharge,Discharge_H(100-70%),,,1509,8.989040395
304,b1c0,509,-2,0,1.0528724,0.001781144,H(100-70%),Discharge,Discharge_H(100-70%),,,1514,8.990485888
305,b1c0,509,-2,0,1.0528724,3.519922495,H(100-70%),Discharge,Discharge_H(100-70%),,,1519,8.771263824
306,b1c0,514,-2,0,1.061681,0.001561104,H(100-70%),Discharge,Discharge_H(100-70%),,,1524,8.617577388
307,b1c0,514,-2,0,1.061681,3.51638484,H(100-70%),Discharge,Discharge_H(100-70%),,,1529,8.578359037
308,b1c0,514,-2,0,1.061681,4.429833889,H(100-70%),Discharge,Discharge_H(100-70%),,,1534,9.528930548
309,b1c0,519,-2,0,1.0564709,0.001534092,H(100-70%),Discharge,Discharge_H(100-70%),,,1539,8.799289835
310,b1c0,519,-2,0,1.0564709,3.738800764,H(100-70%),Discharge,Discharge_H(100-70%),,,1544,8.38926495
311,b1c0,519,-2,0,1.0564709,4.840341568,H(100-70%),Discharge,Discharge_H(100-70%),,,1549,8.568067457
312,b1c0,524,-2,0,1.0612289,4.308197021,H(100-70%),Discharge,Discharge_H(100-70%),,,1554,8.579536668
313,b1c0,524,-2,0,1.0612289,0.001824671,H(100-70%),Discharge,Discharge_H(100-70%),,,1559,8.736084145
314,b1c0,524,-2,0,1.0612289,3.30643487,H(100-70%),Discharge,Discharge_H(100-70%),,,1564,9.083615054
315,b1c0,529,-2,0,1.0606207,4.84388113,H(100-70%),Discharge,Discharge_H(100-70%),,,1569,9.096253205
316,b1c0,529,-2,0,1.0606207,0.001474607,H(100-70%),Discharge,Discharge_H(100-70%),,,1574,8.258196592
317,b1c0,529,-2,0,1.0606207,3.618677139,H(100-70%),Discharge,Discharge_H(100-70%),,,1579,8.668229705
318,b1c0,534,-2,0,1.0489055,3.453624725,H(100-70%),Discharge,Discharge_H(100-70%),,,1584,9.08316151
319,b1c0,534,-2,0,1.0489055,0.001726527,H(100-70%),Discharge,Discharge_H(100-70%),,,1589,9.862384919
320,b1c0,534,-2,0,1.0489055,4.300123692,H(100-70%),Discharge,Discharge_H(100-70%),,,1594,8.891462247
321,b1c0,539,-2,0,1.0576135,4.887700558,H(100-70%),Discharge,Discharge_H(100-70%),,,1599,9.376695784
322,b1c0,539,-2,0,1.0576135,0.001860721,H(100-70%),Discharge,Discharge_H(100-70%),,,1604,9.168140003
323,b1c0,539,-2,0,1.0576135,3.597258091,H(100-70%),Discharge,Discharge_H(100-70%),,,1609,9.286580923
324,b1c0,544,-2,0,1.0491639,5.00042963,H(100-70%),Discharge,Discharge_H(100-70%),,,1614,8.170568539
325,b1c0,544,-2,0,1.0491639,0.001628626,H(100-70%),Discharge,Discharge_H(100-70%),,,1619,9.197997839
326,b1c0,544,-2,0,1.0491639,3.878388166,H(100-70%),Discharge,Discharge_H(100-70%),,,1624,8.819426691
327,b1c0,549,-2,0,1.0370495,3.62847662,H(100-70%),Discharge,Discharge_H(100-70%),,,1629,8.629613326
328,b1c0,549,-2,0,1.0370495,0.001700736,H(100-70%),Discharge,Discharge_H(100-70%),,,1634,8.422090584
329,b1c0,549,-2,0,1.0370495,4.870924473,H(100-70%),Discharge,Discharge_H(100-70%),,,1639,8.406036022
330,b1c0,554,-2,0,1.0553007,4.541903019,H(100-70%),Discharge,Discharge_H(100-70%),,,1644,8.617172834
331,b1c0,554,-2,0,1.0553007,0.001546342,H(100-70%),Discharge,Discharge_H(100-70%),,,1649,8.999918596
332,b1c0,554,-2,0,1.0553007,3.555239916,H(100-70%),Discharge,Discharge_H(100-70%),,,1654,8.654724921
333,b1c0,559,-2,0,1.0585767,4.637960911,H(100-70%),Discharge,Discharge_H(100-70%),,,1659,9.372289717
334,b1c0,559,-2,0,1.0585767,0.001638745,H(100-70%),Discharge,Discharge_H(100-70%),,,1664,9.328275368
335,b1c0,559,-2,0,1.0585767,3.542595387,H(100-70%),Discharge,Discharge_H(100-70%),,,1669,8.818682769
336,b1c0,564,-2,0,1.0471743,4.629858971,H(100-70%),Discharge,Discharge_H(100-70%),,,1674,8.623528206
337,b1c0,564,-2,0,1.0471743,0.001339531,H(100-70%),Discharge,Discharge_H(100-70%),,,1679,9.317230324
338,b1c0,564,-2,0,1.0471743,3.605194569,H(100-70%),Discharge,Discharge_H(100-70%),,,1684,8.30433508
339,b1c0,569,-2,0,1.0594428,3.538099527,H(100-70%),Discharge,Discharge_H(100-70%),,,1689,8.02620397
340,b1c0,569,-2,0,1.0594428,4.481960297,H(100-70%),Discharge,Discharge_H(100-70%),,,1694,8.98127104
341,b1c0,569,-2,0,1.0594428,0.001618182,H(100-70%),Discharge,Discharge_H(100-70%),,,1699,8.62556029
342,b1c0,574,-2,0,1.0570328,0.001713688,H(100-70%),Discharge,Discharge_H(100-70%),,,1704,9.561637538
343,b1c0,574,-2,0,1.0570328,3.679339886,H(100-70%),Discharge,Discharge_H(100-70%),,,1709,9.874907927
344,b1c0,574,-2,0,1.0570328,4.782919407,H(100-70%),Discharge,Discharge_H(100-70%),,,1714,8.584833278
345,b1c0,579,-2,0,1.046486,3.70499301,H(100-70%),Discharge,Discharge_H(100-70%),,,1719,12.1485153
346,b1c0,579,-2,0,1.046486,0.001721541,H(100-70%),Discharge,Discharge_H(100-70%),,,1724,9.830510256
347,b1c0,579,-2,0,1.046486,4.622896671,H(100-70%),Discharge,Discharge_H(100-70%),,,1729,8.228558719
348,b1c0,584,-2,0,1.0500448,4.687114716,H(100-70%),Discharge,Discharge_H(100-70%),,,1734,8.779187549
349,b1c0,584,-2,0,1.0500448,0.001560897,H(100-70%),Discharge,Discharge_H(100-70%),,,1739,8.490354478
350,b1c0,584,-2,0,1.0500448,3.614793062,H(100-70%),Discharge,Discharge_H(100-70%),,,1744,9.388761027
351,b1c0,589,-2,0,1.0585301,4.340739727,H(100-70%),Discharge,Discharge_H(100-70%),,,1749,9.454923558
352,b1c0,589,-2,0,1.0585301,0.001536229,H(100-70%),Discharge,Discharge_H(100-70%),,,1754,8.538645031
353,b1c0,589,-2,0,1.0585301,3.241651535,H(100-70%),Discharge,Discharge_H(100-70%),,,1759,8.917634467
354,b1c0,594,-2,0,1.0476447,4.514638424,H(100-70%),Discharge,Discharge_H(100-70%),,,1764,9.012690441
355,b1c0,594,-2,0,1.0476447,0.001635357,H(100-70%),Discharge,Discharge_H(100-70%),,,1769,9.225395745
356,b1c0,594,-2,0,1.0476447,3.576258659,H(100-70%),Discharge,Discharge_H(100-70%),,,1774,9.095322954
357,b1c0,599,-2,0,1.0565873,4.659833431,H(100-70%),Discharge,Discharge_H(100-70%),,,1779,8.766056233
358,b1c0,599,-2,0,1.0565873,0.001505286,H(100-70%),Discharge,Discharge_H(100-70%),,,1784,9.016797635
359,b1c0,599,-2,0,1.0565873,3.660782099,H(100-70%),Discharge,Discharge_H(100-70%),,,1789,9.360333075
360,b1c0,604,-2,0,1.0529571,0.001564921,H(100-70%),Discharge,Discharge_H(100-70%),,,1794,8.205431946
361,b1c0,604,-2,0,1.0529571,3.47826314,H(100-70%),Discharge,Discharge_H(100-70%),,,1799,8.531350713
362,b1c0,604,-2,0,1.0529571,4.507852077,H(100-70%),Discharge,Discharge_H(100-70%),,,1804,9.034857305
363,b1c0,609,-2,0,1.0461477,4.632165432,H(100-70%),Discharge,Discharge_H(100-70%),,,1809,9.052798534
364,b1c0,609,-2,0,1.0461477,0.001945218,H(100-70%),Discharge,Discharge_H(100-70%),,,1814,8.248051809
365,b1c0,609,-2,0,1.0461477,3.595719576,H(100-70%),Discharge,Discharge_H(100-70%),,,1819,8.650908127
366,b1c0,614,-2,0,1.0558203,4.567151546,H(100-70%),Discharge,Discharge_H(100-70%),,,1824,8.4745135
367,b1c0,614,-2,0,1.0558203,0.001415581,H(100-70%),Discharge,Discharge_H(100-70%),,,1829,9.105275714
368,b1c0,614,-2,0,1.0558203,3.60976696,H(100-70%),Discharge,Discharge_H(100-70%),,,1834,9.130467624
369,b1c0,619,-2,0,1.0560164,0.001319371,H(100-70%),Discharge,Discharge_H(100-70%),,,1839,8.989799693
370,b1c0,619,-2,0,1.0560164,4.579064369,H(100-70%),Discharge,Discharge_H(100-70%),,,1844,8.320873552
371,b1c0,619,-2,0,1.0560164,3.584252357,H(100-70%),Discharge,Discharge_H(100-70%),,,1849,8.877968508
372,b1c0,624,-2,0,1.0493277,4.389026165,H(100-70%),Discharge,Discharge_H(100-70%),,,총합계,3159.851052
373,b1c0,624,-2,0,1.0493277,0.001476531,H(100-70%),Discharge,Discharge_H(100-70%),,,,
374,b1c0,624,-2,0,1.0493277,3.532354832,H(100-70%),Discharge,Discharge_H(100-70%),,,,
375,b1c0,629,-2,0,1.0565324,0.001724597,H(100-70%),Discharge,Discharge_H(100-70%),,,,
376,b1c0,629,-2,0,1.0565324,3.471822262,H(100-70%),Discharge,Discharge_H(100-70%),,,,
377,b1c0,629,-2,0,1.0565324,4.44897747,H(100-70%),Discharge,Discharge_H(100-70%),,,,
378,b1c0,634,-2,0,1.0554826,0.001621515,H(100-70%),Discharge,Discharge_H(100-70%),,,,
379,b1c0,634,-2,0,1.0554826,3.897527933,H(100-70%),Discharge,Discharge_H(100-70%),,,,
380,b1c0,634,-2,0,1.0554826,4.896886826,H(100-70%),Discharge,Discharge_H(100-70%),,,,
381,b1c0,639,-2,0,1.0230192,4.618035793,H(100-70%),Discharge,Discharge_H(100-70%),,,,
382,b1c0,639,-2,0,1.0230192,0.001517222,H(100-70%),Discharge,Discharge_H(100-70%),,,,
383,b1c0,639,-2,0,1.0230192,3.639327049,H(100-70%),Discharge,Discharge_H(100-70%),,,,
384,b1c0,644,-2,0,1.0477357,4.431147575,H(100-70%),Discharge,Discharge_H(100-70%),,,,
385,b1c0,644,-2,0,1.0477357,0.001658708,H(100-70%),Discharge,Discharge_H(100-70%),,,,
386,b1c0,644,-2,0,1.0477357,3.47496748,H(100-70%),Discharge,Discharge_H(100-70%),,,,
387,b1c0,649,-2,0,1.0402925,3.654102325,H(100-70%),Discharge,Discharge_H(100-70%),,,,
388,b1c0,649,-2,0,1.0402925,0.001953781,H(100-70%),Discharge,Discharge_H(100-70%),,,,
389,b1c0,649,-2,0,1.0402925,4.85918808,H(100-70%),Discharge,Discharge_H(100-70%),,,,
390,b1c0,654,-2,0,1.0534018,4.440887928,H(100-70%),Discharge,Discharge_H(100-70%),,,,
391,b1c0,654,-2,0,1.0534018,0.001548898,H(100-70%),Discharge,Discharge_H(100-70%),,,,
392,b1c0,654,-2,0,1.0534018,3.357967377,H(100-70%),Discharge,Discharge_H(100-70%),,,,
393,b1c0,659,-2,0,1.0554252,4.957376003,H(100-70%),Discharge,Discharge_H(100-70%),,,,
394,b1c0,659,-2,0,1.0554252,0.001457175,H(100-70%),Discharge,Discharge_H(100-70%),,,,
395,b1c0,659,-2,0,1.0554252,3.817915678,H(100-70%),Discharge,Discharge_H(100-70%),,,,
396,b1c0,664,-2,0,1.0341693,3.520992517,H(100-70%),Discharge,Discharge_H(100-70%),,,,
397,b1c0,664,-2,0,1.0341693,0.001712271,H(100-70%),Discharge,Discharge_H(100-70%),,,,
398,b1c0,664,-2,0,1.0341693,4.669306755,H(100-70%),Discharge,Discharge_H(100-70%),,,,
399,b1c0,669,-2,0,1.0550795,4.966298103,H(100-70%),Discharge,Discharge_H(100-70%),,,,
400,b1c0,669,-2,0,1.0550795,0.001483421,H(100-70%),Discharge,Discharge_H(100-70%),,,,
401,b1c0,669,-2,0,1.0550795,3.796732426,H(100-70%),Discharge,Discharge_H(100-70%),,,,
402,b1c0,674,-2,0,1.0239289,4.854814529,H(100-70%),Discharge,Discharge_H(100-70%),,,,
403,b1c0,674,-2,0,1.0239289,0.001569045,H(100-70%),Discharge,Discharge_H(100-70%),,,,
404,b1c0,674,-2,0,1.0239289,3.921438932,H(100-70%),Discharge,Discharge_H(100-70%),,,,
405,b1c0,679,-2,0,1.0511117,4.584917068,H(100-70%),Discharge,Discharge_H(100-70%),,,,
406,b1c0,679,-2,0,1.0511117,0.001604041,H(100-70%),Discharge,Discharge_H(100-70%),,,,
407,b1c0,679,-2,0,1.0511117,3.621243954,H(100-70%),Discharge,Discharge_H(100-70%),,,,
408,b1c0,684,-2,0,1.0508434,4.075798512,H(100-70%),Discharge,Discharge_H(100-70%),,,,
409,b1c0,684,-2,0,1.0508434,5.122375965,H(100-70%),Discharge,Discharge_H(100-70%),,,,
410,b1c0,684,-2,0,1.0508434,0.001537281,H(100-70%),Discharge,Discharge_H(100-70%),,,,
411,b1c0,689,-2,0,1.0544376,0.001843086,H(100-70%),Discharge,Discharge_H(100-70%),,,,
412,b1c0,689,-2,0,1.0544376,3.338086605,H(100-70%),Discharge,Discharge_H(100-70%),,,,
413,b1c0,689,-2,0,1.0544376,4.401997089,H(100-70%),Discharge,Discharge_H(100-70%),,,,
414,b1c0,694,-2,0,1.0512079,3.599154472,H(100-70%),Discharge,Discharge_H(100-70%),,,,
415,b1c0,694,-2,0,1.0512079,0.001628248,H(100-70%),Discharge,Discharge_H(100-70%),,,,
416,b1c0,694,-2,0,1.0512079,4.722929478,H(100-70%),Discharge,Discharge_H(100-70%),,,,
417,b1c0,699,-2,0,1.0514075,4.64470768,H(100-70%),Discharge,Discharge_H(100-70%),,,,
418,b1c0,699,-2,0,1.0514075,0.001590781,H(100-70%),Discharge,Discharge_H(100-70%),,,,
419,b1c0,699,-2,0,1.0514075,3.584966183,H(100-70%),Discharge,Discharge_H(100-70%),,,,
420,b1c0,704,-2,0,1.0528573,4.114875317,H(100-70%),Discharge,Discharge_H(100-70%),,,,
421,b1c0,704,-2,0,1.0528573,0.00223098,H(100-70%),Discharge,Discharge_H(100-70%),,,,
422,b1c0,704,-2,0,1.0528573,3.201017141,H(100-70%),Discharge,Discharge_H(100-70%),,,,
423,b1c0,709,-2,0,1.0314293,4.412528038,H(100-70%),Discharge,Discharge_H(100-70%),,,,
424,b1c0,709,-2,0,1.0314293,0.001555018,H(100-70%),Discharge,Discharge_H(100-70%),,,,
425,b1c0,709,-2,0,1.0314293,3.316886902,H(100-70%),Discharge,Discharge_H(100-70%),,,,
426,b1c0,714,-2,0,1.0544344,4.568025112,H(100-70%),Discharge,Discharge_H(100-70%),,,,
427,b1c0,714,-2,0,1.0544344,0.001716418,H(100-70%),Discharge,Discharge_H(100-70%),,,,
428,b1c0,714,-2,0,1.0544344,3.531194448,H(100-70%),Discharge,Discharge_H(100-70%),,,,
429,b1c0,719,-2,0,1.0468082,0.001606113,H(100-70%),Discharge,Discharge_H(100-70%),,,,
430,b1c0,719,-2,0,1.0468082,3.584604979,H(100-70%),Discharge,Discharge_H(100-70%),,,,
431,b1c0,719,-2,0,1.0468082,4.750668526,H(100-70%),Discharge,Discharge_H(100-70%),,,,
432,b1c0,724,-2,0,1.0502402,4.55695343,H(100-70%),Discharge,Discharge_H(100-70%),,,,
433,b1c0,724,-2,0,1.0502402,0.001585394,H(100-70%),Discharge,Discharge_H(100-70%),,,,
434,b1c0,724,-2,0,1.0502402,3.51401782,H(100-70%),Discharge,Discharge_H(100-70%),,,,
435,b1c0,729,-2,0,1.0522059,4.781511307,H(100-70%),Discharge,Discharge_H(100-70%),,,,
436,b1c0,729,-2,0,1.0522059,0.001699472,H(100-70%),Discharge,Discharge_H(100-70%),,,,
437,b1c0,729,-2,0,1.0522059,3.701152325,H(100-70%),Discharge,Discharge_H(100-70%),,,,
438,b1c0,734,-2,0,1.0508047,0.001572617,H(100-70%),Discharge,Discharge_H(100-70%),,,,
439,b1c0,734,-2,0,1.0508047,5.499764442,H(100-70%),Discharge,Discharge_H(100-70%),,,,
440,b1c0,734,-2,0,1.0508047,4.141406059,H(100-70%),Discharge,Discharge_H(100-70%),,,,
441,b1c0,739,-2,0,1.0440246,4.520892143,H(100-70%),Discharge,Discharge_H(100-70%),,,,
442,b1c0,739,-2,0,1.0440246,0.001606174,H(100-70%),Discharge,Discharge_H(100-70%),,,,
443,b1c0,739,-2,0,1.0440246,3.398015738,H(100-70%),Discharge,Discharge_H(100-70%),,,,
444,b1c0,744,-2,0,1.0461867,0.001614637,H(100-70%),Discharge,Discharge_H(100-70%),,,,
445,b1c0,744,-2,0,1.0461867,3.287307024,H(100-70%),Discharge,Discharge_H(100-70%),,,,
446,b1c0,744,-2,0,1.0461867,4.308856487,H(100-70%),Discharge,Discharge_H(100-70%),,,,
447,b1c0,749,-2,0,1.0297344,3.726788759,H(100-70%),Discharge,Discharge_H(100-70%),,,,
448,b1c0,749,-2,0,1.0297344,0.001491985,H(100-70%),Discharge,Discharge_H(100-70%),,,,
449,b1c0,749,-2,0,1.0297344,4.836604118,H(100-70%),Discharge,Discharge_H(100-70%),,,,
450,b1c0,754,-2,0,1.0311786,4.833196163,H(100-70%),Discharge,Discharge_H(100-70%),,,,
451,b1c0,754,-2,0,1.0311786,0.001464418,H(100-70%),Discharge,Discharge_H(100-70%),,,,
452,b1c0,754,-2,0,1.0311786,3.696781397,H(100-70%),Discharge,Discharge_H(100-70%),,,,
453,b1c0,759,-2,0,1.0449833,4.583209038,H(100-70%),Discharge,Discharge_H(100-70%),,,,
454,b1c0,759,-2,0,1.0449833,0.00171632,H(100-70%),Discharge,Discharge_H(100-70%),,,,
455,b1c0,759,-2,0,1.0449833,3.512410164,H(100-70%),Discharge,Discharge_H(100-70%),,,,
456,b1c0,764,-2,0,1.0490073,4.691047668,H(100-70%),Discharge,Discharge_H(100-70%),,,,
457,b1c0,764,-2,0,1.0490073,0.001624621,H(100-70%),Discharge,Discharge_H(100-70%),,,,
458,b1c0,764,-2,0,1.0490073,3.550694704,H(100-70%),Discharge,Discharge_H(100-70%),,,,
459,b1c0,769,-2,0,1.0448481,4.680453777,H(100-70%),Discharge,Discharge_H(100-70%),,,,
460,b1c0,769,-2,0,1.0448481,0.001591206,H(100-70%),Discharge,Discharge_H(100-70%),,,,
461,b1c0,769,-2,0,1.0448481,3.674451113,H(100-70%),Discharge,Discharge_H(100-70%),,,,
462,b1c0,774,-2,0,1.0494971,0.001652278,H(100-70%),Discharge,Discharge_H(100-70%),,,,
463,b1c0,774,-2,0,1.0494971,3.384814262,H(100-70%),Discharge,Discharge_H(100-70%),,,,
464,b1c0,774,-2,0,1.0494971,4.333697796,H(100-70%),Discharge,Discharge_H(100-70%),,,,
465,b1c0,779,-2,0,1.0502243,4.251658916,H(100-70%),Discharge,Discharge_H(100-70%),,,,
466,b1c0,779,-2,0,1.0502243,0.00154735,H(100-70%),Discharge,Discharge_H(100-70%),,,,
467,b1c0,779,-2,0,1.0502243,3.422684431,H(100-70%),Discharge,Discharge_H(100-70%),,,,
468,b1c0,784,-2,0,1.0364876,4.769703388,H(100-70%),Discharge,Discharge_H(100-70%),,,,
469,b1c0,784,-2,0,1.0364876,0.001594037,H(100-70%),Discharge,Discharge_H(100-70%),,,,
470,b1c0,784,-2,0,1.0364876,3.634232521,H(100-70%),Discharge,Discharge_H(100-70%),,,,
471,b1c0,789,-2,0,1.0497754,0.001465551,H(100-70%),Discharge,Discharge_H(100-70%),,,,
472,b1c0,789,-2,0,1.0497754,4.501735687,H(100-70%),Discharge,Discharge_H(100-70%),,,,
473,b1c0,789,-2,0,1.0497754,3.459902763,H(100-70%),Discharge,Discharge_H(100-70%),,,,
474,b1c0,794,-2,0,1.030682,4.483037472,H(100-70%),Discharge,Discharge_H(100-70%),,,,
475,b1c0,794,-2,0,1.030682,0.001746851,H(100-70%),Discharge,Discharge_H(100-70%),,,,
476,b1c0,794,-2,0,1.030682,3.421375751,H(100-70%),Discharge,Discharge_H(100-70%),,,,
477,b1c0,799,-2,0,1.0471404,0.001413012,H(100-70%),Discharge,Discharge_H(100-70%),,,,
478,b1c0,799,-2,0,1.0471404,3.780795813,H(100-70%),Discharge,Discharge_H(100-70%),,,,
479,b1c0,799,-2,0,1.0471404,4.995700836,H(100-70%),Discharge,Discharge_H(100-70%),,,,
480,b1c0,804,-2,0,1.0426677,3.392669916,H(100-70%),Discharge,Discharge_H(100-70%),,,,
481,b1c0,804,-2,0,1.0426677,0.001638468,H(100-70%),Discharge,Discharge_H(100-70%),,,,
482,b1c0,804,-2,0,1.0426677,4.418282032,H(100-70%),Discharge,Discharge_H(100-70%),,,,
483,b1c0,809,-2,0,1.0433052,4.645657539,H(100-70%),Discharge,Discharge_H(100-70%),,,,
484,b1c0,809,-2,0,1.0433052,0.001670068,H(100-70%),Discharge,Discharge_H(100-70%),,,,
485,b1c0,809,-2,0,1.0433052,3.620341539,H(100-70%),Discharge,Discharge_H(100-70%),,,,
486,b1c0,814,-2,0,1.0456301,4.937646389,H(100-70%),Discharge,Discharge_H(100-70%),,,,
487,b1c0,814,-2,0,1.0456301,0.001752299,H(100-70%),Discharge,Discharge_H(100-70%),,,,
488,b1c0,814,-2,0,1.0456301,3.87351799,H(100-70%),Discharge,Discharge_H(100-70%),,,,
489,b1c0,819,-2,0,1.0478085,4.665329933,H(100-70%),Discharge,Discharge_H(100-70%),,,,
490,b1c0,819,-2,0,1.0478085,0.001635167,H(100-70%),Discharge,Discharge_H(100-70%),,,,
491,b1c0,819,-2,0,1.0478085,3.586564779,H(100-70%),Discharge,Discharge_H(100-70%),,,,
492,b1c0,824,-2,0,1.0348196,4.498465061,H(100-70%),Discharge,Discharge_H(100-70%),,,,
493,b1c0,824,-2,0,1.0348196,0.001499329,H(100-70%),Discharge,Discharge_H(100-70%),,,,
494,b1c0,824,-2,0,1.0348196,3.487557173,H(100-70%),Discharge,Discharge_H(100-70%),,,,
495,b1c0,829,-2,0,1.0440003,0.001566536,H(100-70%),Discharge,Discharge_H(100-70%),,,,
496,b1c0,829,-2,0,1.0440003,3.745641947,H(100-70%),Discharge,Discharge_H(100-70%),,,,
497,b1c0,829,-2,0,1.0440003,5.029594898,H(100-70%),Discharge,Discharge_H(100-70%),,,,
498,b1c0,834,-2,0,1.0446702,4.604946136,H(100-70%),Discharge,Discharge_H(100-70%),,,,
499,b1c0,834,-2,0,1.0446702,0.001476467,H(100-70%),Discharge,Discharge_H(100-70%),,,,
500,b1c0,834,-2,0,1.0446702,3.506986141,H(100-70%),Discharge,Discharge_H(100-70%),,,,
501,b1c0,839,-2,0,1.0461838,4.734579086,H(100-70%),Discharge,Discharge_H(100-70%),,,,
502,b1c0,839,-2,0,1.0461838,0.001585428,H(100-70%),Discharge,Discharge_H(100-70%),,,,
503,b1c0,839,-2,0,1.0461838,3.748832703,H(100-70%),Discharge,Discharge_H(100-70%),,,,
504,b1c0,844,-2,0,1.0470449,0.001749404,H(100-70%),Discharge,Discharge_H(100-70%),,,,
505,b1c0,844,-2,0,1.0470449,4.41399622,H(100-70%),Discharge,Discharge_H(100-70%),,,,
506,b1c0,844,-2,0,1.0470449,3.254747868,H(100-70%),Discharge,Discharge_H(100-70%),,,,
507,b1c0,849,-2,0,1.0364809,4.844805717,H(100-70%),Discharge,Discharge_H(100-70%),,,,
508,b1c0,849,-2,0,1.0364809,0.001667995,H(100-70%),Discharge,Discharge_H(100-70%),,,,
509,b1c0,849,-2,0,1.0364809,3.620480299,H(100-70%),Discharge,Discharge_H(100-70%),,,,
510,b1c0,854,-2,0,1.0470663,0.001611001,H(100-70%),Discharge,Discharge_H(100-70%),,,,
511,b1c0,854,-2,0,1.0470663,3.594001532,H(100-70%),Discharge,Discharge_H(100-70%),,,,
512,b1c0,854,-2,0,1.0470663,4.580773354,H(100-70%),Discharge,Discharge_H(100-70%),,,,
513,b1c0,859,-2,0,1.0451659,3.879935741,H(100-70%),Discharge,Discharge_H(100-70%),,,,
514,b1c0,859,-2,0,1.0451659,0.001646992,H(100-70%),Discharge,Discharge_H(100-70%),,,,
515,b1c0,859,-2,0,1.0451659,4.926716805,H(100-70%),Discharge,Discharge_H(100-70%),,,,
516,b1c0,864,-2,0,1.0456605,5.032381535,H(100-70%),Discharge,Discharge_H(100-70%),,,,
517,b1c0,864,-2,0,1.0456605,0.001764824,H(100-70%),Discharge,Discharge_H(100-70%),,,,
518,b1c0,864,-2,0,1.0456605,3.799725771,H(100-70%),Discharge,Discharge_H(100-70%),,,,
519,b1c0,869,-2,0,1.0454966,4.466335297,H(100-70%),Discharge,Discharge_H(100-70%),,,,
520,b1c0,869,-2,0,1.0454966,0.001733136,H(100-70%),Discharge,Discharge_H(100-70%),,,,
521,b1c0,869,-2,0,1.0454966,3.367202997,H(100-70%),Discharge,Discharge_H(100-70%),,,,
522,b1c0,874,-2,0,1.0456063,5.343344212,H(100-70%),Discharge,Discharge_H(100-70%),,,,
523,b1c0,874,-2,0,1.0456063,0.001614244,H(100-70%),Discharge,Discharge_H(100-70%),,,,
524,b1c0,874,-2,0,1.0456063,3.920005083,H(100-70%),Discharge,Discharge_H(100-70%),,,,
525,b1c0,879,-2,0,1.0454723,5.019191265,H(100-70%),Discharge,Discharge_H(100-70%),,,,
526,b1c0,879,-2,0,1.0454723,0.00162559,H(100-70%),Discharge,Discharge_H(100-70%),,,,
527,b1c0,879,-2,0,1.0454723,4.01444149,H(100-70%),Discharge,Discharge_H(100-70%),,,,
528,b1c0,884,-2,0,1.0434456,0.001497154,H(100-70%),Discharge,Discharge_H(100-70%),,,,
529,b1c0,884,-2,0,1.0434456,3.552693844,H(100-70%),Discharge,Discharge_H(100-70%),,,,
530,b1c0,884,-2,0,1.0434456,4.695024014,H(100-70%),Discharge,Discharge_H(100-70%),,,,
531,b1c0,889,-2,0,1.0445061,4.847881317,H(100-70%),Discharge,Discharge_H(100-70%),,,,
532,b1c0,889,-2,0,1.0445061,0.001615745,H(100-70%),Discharge,Discharge_H(100-70%),,,,
533,b1c0,889,-2,0,1.0445061,3.684206963,H(100-70%),Discharge,Discharge_H(100-70%),,,,
534,b1c0,894,-2,0,1.0439519,4.973185062,H(100-70%),Discharge,Discharge_H(100-70%),,,,
535,b1c0,894,-2,0,1.0439519,0.001685707,H(100-70%),Discharge,Discharge_H(100-70%),,,,
536,b1c0,894,-2,0,1.0439519,3.790249348,H(100-70%),Discharge,Discharge_H(100-70%),,,,
537,b1c0,899,-2,0,1.0445197,0.001557846,H(100-70%),Discharge,Discharge_H(100-70%),,,,
538,b1c0,899,-2,0,1.0445197,4.496668816,H(100-70%),Discharge,Discharge_H(100-70%),,,,
539,b1c0,899,-2,0,1.0445197,3.51414609,H(100-70%),Discharge,Discharge_H(100-70%),,,,
540,b1c0,904,-2,0,1.0440176,4.521977425,H(100-70%),Discharge,Discharge_H(100-70%),,,,
541,b1c0,904,-2,0,1.0440176,0.001784615,H(100-70%),Discharge,Discharge_H(100-70%),,,,
542,b1c0,904,-2,0,1.0440176,3.485794544,H(100-70%),Discharge,Discharge_H(100-70%),,,,
543,b1c0,909,-2,0,1.0409905,0.001582009,H(100-70%),Discharge,Discharge_H(100-70%),,,,
544,b1c0,909,-2,0,1.0409905,3.507346153,H(100-70%),Discharge,Discharge_H(100-70%),,,,
545,b1c0,909,-2,0,1.0409905,4.551980495,H(100-70%),Discharge,Discharge_H(100-70%),,,,
546,b1c0,914,-2,0,1.0422294,0.001751835,H(100-70%),Discharge,Discharge_H(100-70%),,,,
547,b1c0,914,-2,0,1.0422294,3.704783201,H(100-70%),Discharge,Discharge_H(100-70%),,,,
548,b1c0,914,-2,0,1.0422294,4.758431911,H(100-70%),Discharge,Discharge_H(100-70%),,,,
549,b1c0,919,-2,0,1.0423316,0.001504272,H(100-70%),Discharge,Discharge_H(100-70%),,,,
550,b1c0,919,-2,0,1.0423316,3.799192667,H(100-70%),Discharge,Discharge_H(100-70%),,,,
551,b1c0,919,-2,0,1.0423316,4.971951962,H(100-70%),Discharge,Discharge_H(100-70%),,,,
552,b1c0,924,-2,0,1.0414201,0.001377505,H(100-70%),Discharge,Discharge_H(100-70%),,,,
553,b1c0,924,-2,0,1.0414201,3.952531815,H(100-70%),Discharge,Discharge_H(100-70%),,,,
554,b1c0,924,-2,0,1.0414201,5.199007988,H(100-70%),Discharge,Discharge_H(100-70%),,,,
555,b1c0,929,-2,0,1.0419347,5.006871223,H(100-70%),Discharge,Discharge_H(100-70%),,,,
556,b1c0,929,-2,0,1.0419347,0.001723548,H(100-70%),Discharge,Discharge_H(100-70%),,,,
557,b1c0,929,-2,0,1.0419347,3.964177608,H(100-70%),Discharge,Discharge_H(100-70%),,,,
558,b1c0,934,-2,0,1.0409799,4.82267046,H(100-70%),Discharge,Discharge_H(100-70%),,,,
559,b1c0,934,-2,0,1.0409799,0.001260164,H(100-70%),Discharge,Discharge_H(100-70%),,,,
560,b1c0,934,-2,0,1.0409799,3.720301628,H(100-70%),Discharge,Discharge_H(100-70%),,,,
561,b1c0,939,-2,0,1.0407169,5.122404575,H(100-70%),Discharge,Discharge_H(100-70%),,,,
562,b1c0,939,-2,0,1.0407169,0.001537045,H(100-70%),Discharge,Discharge_H(100-70%),,,,
563,b1c0,939,-2,0,1.0407169,3.866495848,H(100-70%),Discharge,Discharge_H(100-70%),,,,
564,b1c0,944,-2,0,1.0396606,4.8820858,H(100-70%),Discharge,Discharge_H(100-70%),,,,
565,b1c0,944,-2,0,1.0396606,0.001609963,H(100-70%),Discharge,Discharge_H(100-70%),,,,
566,b1c0,944,-2,0,1.0396606,3.867877007,H(100-70%),Discharge,Discharge_H(100-70%),,,,
567,b1c0,949,-2,0,1.0403105,0.001430484,H(100-70%),Discharge,Discharge_H(100-70%),,,,
568,b1c0,949,-2,0,1.0403105,3.588770866,H(100-70%),Discharge,Discharge_H(100-70%),,,,
569,b1c0,949,-2,0,1.0403105,4.688639641,H(100-70%),Discharge,Discharge_H(100-70%),,,,
570,b1c0,954,-2,0,1.0405751,4.487801552,H(100-70%),Discharge,Discharge_H(100-70%),,,,
571,b1c0,954,-2,0,1.0405751,0.001773627,H(100-70%),Discharge,Discharge_H(100-70%),,,,
572,b1c0,954,-2,0,1.0405751,3.546129227,H(100-70%),Discharge,Discharge_H(100-70%),,,,
573,b1c0,959,-2,0,1.0391384,5.548797607,H(100-70%),Discharge,Discharge_H(100-70%),,,,
574,b1c0,959,-2,0,1.0391384,0.001605811,H(100-70%),Discharge,Discharge_H(100-70%),,,,
575,b1c0,959,-2,0,1.0391384,4.353896141,H(100-70%),Discharge,Discharge_H(100-70%),,,,
576,b1c0,964,-2,0,1.039667,0.001728538,H(100-70%),Discharge,Discharge_H(100-70%),,,,
577,b1c0,964,-2,0,1.039667,4.750733376,H(100-70%),Discharge,Discharge_H(100-70%),,,,
578,b1c0,964,-2,0,1.039667,3.650572538,H(100-70%),Discharge,Discharge_H(100-70%),,,,
579,b1c0,969,-2,0,1.0393689,4.919343472,H(100-70%),Discharge,Discharge_H(100-70%),,,,
580,b1c0,969,-2,0,1.0393689,0.001508335,H(100-70%),Discharge,Discharge_H(100-70%),,,,
581,b1c0,969,-2,0,1.0393689,3.69011426,H(100-70%),Discharge,Discharge_H(100-70%),,,,
582,b1c0,974,-2,0,1.0400088,0.001820244,H(100-70%),Discharge,Discharge_H(100-70%),,,,
583,b1c0,974,-2,0,1.0400088,3.639361382,H(100-70%),Discharge,Discharge_H(100-70%),,,,
584,b1c0,974,-2,0,1.0400088,4.607809544,H(100-70%),Discharge,Discharge_H(100-70%),,,,
585,b1c0,979,-2,0,1.0389411,0.001646542,H(100-70%),Discharge,Discharge_H(100-70%),,,,
586,b1c0,979,-2,0,1.0389411,3.800283194,H(100-70%),Discharge,Discharge_H(100-70%),,,,
587,b1c0,979,-2,0,1.0389411,4.786191463,H(100-70%),Discharge,Discharge_H(100-70%),,,,
588,b1c0,984,-2,0,1.0393666,4.772651672,H(100-70%),Discharge,Discharge_H(100-70%),,,,
589,b1c0,984,-2,0,1.0393666,0.001496478,H(100-70%),Discharge,Discharge_H(100-70%),,,,
590,b1c0,984,-2,0,1.0393666,3.694054127,H(100-70%),Discharge,Discharge_H(100-70%),,,,
591,b1c0,989,-2,0,1.0384245,4.895747662,H(100-70%),Discharge,Discharge_H(100-70%),,,,
592,b1c0,989,-2,0,1.0384245,0.001751894,H(100-70%),Discharge,Discharge_H(100-70%),,,,
593,b1c0,989,-2,0,1.0384245,3.739710808,H(100-70%),Discharge,Discharge_H(100-70%),,,,
594,b1c0,994,-2,0,1.0389284,4.005486965,H(100-70%),Discharge,Discharge_H(100-70%),,,,
595,b1c0,994,-2,0,1.0389284,0.001724207,H(100-70%),Discharge,Discharge_H(100-70%),,,,
596,b1c0,994,-2,0,1.0389284,4.858438969,H(100-70%),Discharge,Discharge_H(100-70%),,,,
597,b1c0,999,-2,0,1.0387062,4.879772186,H(100-70%),Discharge,Discharge_H(100-70%),,,,
598,b1c0,999,-2,0,1.0387062,0.001482179,H(100-70%),Discharge,Discharge_H(100-70%),,,,
599,b1c0,999,-2,0,1.0387062,3.533872843,H(100-70%),Discharge,Discharge_H(100-70%),,,,
600,b1c0,1004,-2,0,1.0392003,4.813902378,H(100-70%),Discharge,Discharge_H(100-70%),,,,
601,b1c0,1004,-2,0,1.0392003,0.001487893,H(100-70%),Discharge,Discharge_H(100-70%),,,,
602,b1c0,1004,-2,0,1.0392003,3.763838291,H(100-70%),Discharge,Discharge_H(100-70%),,,,
603,b1c0,1009,-2,0,1.0381292,3.735766888,H(100-70%),Discharge,Discharge_H(100-70%),,,,
604,b1c0,1009,-2,0,1.0381292,0.001551552,H(100-70%),Discharge,Discharge_H(100-70%),,,,
605,b1c0,1009,-2,0,1.0381292,4.888203621,H(100-70%),Discharge,Discharge_H(100-70%),,,,
606,b1c0,1014,-2,0,1.0384033,4.678597927,H(100-70%),Discharge,Discharge_H(100-70%),,,,
607,b1c0,1014,-2,0,1.0384033,0.001738455,H(100-70%),Discharge,Discharge_H(100-70%),,,,
608,b1c0,1014,-2,0,1.0384033,3.617409229,H(100-70%),Discharge,Discharge_H(100-70%),,,,
609,b1c0,1019,-2,0,1.0380089,5.116319656,H(100-70%),Discharge,Discharge_H(100-70%),,,,
610,b1c0,1019,-2,0,1.0380089,0.001573583,H(100-70%),Discharge,Discharge_H(100-70%),,,,
611,b1c0,1019,-2,0,1.0380089,3.901296616,H(100-70%),Discharge,Discharge_H(100-70%),,,,
612,b1c0,1024,-2,0,1.037668,4.64790535,H(100-70%),Discharge,Discharge_H(100-70%),,,,
613,b1c0,1024,-2,0,1.037668,0.001490551,H(100-70%),Discharge,Discharge_H(100-70%),,,,
614,b1c0,1024,-2,0,1.037668,3.736508131,H(100-70%),Discharge,Discharge_H(100-70%),,,,
615,b1c0,1029,-2,0,1.0376381,3.47190094,H(100-70%),Discharge,Discharge_H(100-70%),,,,
616,b1c0,1029,-2,0,1.0376381,4.689953327,H(100-70%),Discharge,Discharge_H(100-70%),,,,
617,b1c0,1029,-2,0,1.0376381,0.001642522,H(100-70%),Discharge,Discharge_H(100-70%),,,,
618,b1c0,1034,-2,0,1.0374084,0.001847487,H(100-70%),Discharge,Discharge_H(100-70%),,,,
619,b1c0,1034,-2,0,1.0374084,3.54557848,H(100-70%),Discharge,Discharge_H(100-70%),,,,
620,b1c0,1034,-2,0,1.0374084,4.715266705,H(100-70%),Discharge,Discharge_H(100-70%),,,,
621,b1c0,1039,-2,0,1.0367492,3.763318777,H(100-70%),Discharge,Discharge_H(100-70%),,,,
622,b1c0,1039,-2,0,1.0367492,0.001703394,H(100-70%),Discharge,Discharge_H(100-70%),,,,
623,b1c0,1039,-2,0,1.0367492,4.753815651,H(100-70%),Discharge,Discharge_H(100-70%),,,,
624,b1c0,1044,-2,0,1.0370507,4.618259907,H(100-70%),Discharge,Discharge_H(100-70%),,,,
625,b1c0,1044,-2,0,1.0370507,0.001618538,H(100-70%),Discharge,Discharge_H(100-70%),,,,
626,b1c0,1044,-2,0,1.0370507,3.64068222,H(100-70%),Discharge,Discharge_H(100-70%),,,,
627,b1c0,1049,-2,0,1.0366201,4.542208195,H(100-70%),Discharge,Discharge_H(100-70%),,,,
628,b1c0,1049,-2,0,1.0366201,0.001502199,H(100-70%),Discharge,Discharge_H(100-70%),,,,
629,b1c0,1049,-2,0,1.0366201,3.434428453,H(100-70%),Discharge,Discharge_H(100-70%),,,,
630,b1c0,1054,-2,0,1.0362328,4.185733318,H(100-70%),Discharge,Discharge_H(100-70%),,,,
631,b1c0,1054,-2,0,1.0362328,0.001693455,H(100-70%),Discharge,Discharge_H(100-70%),,,,
632,b1c0,1054,-2,0,1.0362328,3.248471975,H(100-70%),Discharge,Discharge_H(100-70%),,,,
633,b1c0,1059,-2,0,1.0363283,5.096983433,H(100-70%),Discharge,Discharge_H(100-70%),,,,
634,b1c0,1059,-2,0,1.0363283,0.00156818,H(100-70%),Discharge,Discharge_H(100-70%),,,,
635,b1c0,1059,-2,0,1.0363283,3.847964525,H(100-70%),Discharge,Discharge_H(100-70%),,,,
636,b1c0,1064,-2,0,1.035789,0.001744919,H(100-70%),Discharge,Discharge_H(100-70%),,,,
637,b1c0,1064,-2,0,1.035789,3.932716608,H(100-70%),Discharge,Discharge_H(100-70%),,,,
638,b1c0,1064,-2,0,1.035789,5.089472294,H(100-70%),Discharge,Discharge_H(100-70%),,,,
639,b1c0,1069,-2,0,1.0355663,4.950939655,H(100-70%),Discharge,Discharge_H(100-70%),,,,
640,b1c0,1069,-2,0,1.0355663,0.001551172,H(100-70%),Discharge,Discharge_H(100-70%),,,,
641,b1c0,1069,-2,0,1.0355663,3.887979746,H(100-70%),Discharge,Discharge_H(100-70%),,,,
642,b1c0,1074,-2,0,1.0354928,4.326282501,H(100-70%),Discharge,Discharge_H(100-70%),,,,
643,b1c0,1074,-2,0,1.0354928,0.001673518,H(100-70%),Discharge,Discharge_H(100-70%),,,,
644,b1c0,1074,-2,0,1.0354928,3.499649048,H(100-70%),Discharge,Discharge_H(100-70%),,,,
645,b1c0,1079,-2,0,1.0343043,0.001742306,H(100-70%),Discharge,Discharge_H(100-70%),,,,
646,b1c0,1079,-2,0,1.0343043,4.693887711,H(100-70%),Discharge,Discharge_H(100-70%),,,,
647,b1c0,1079,-2,0,1.0343043,3.518802881,H(100-70%),Discharge,Discharge_H(100-70%),,,,
648,b1c0,1084,-2,0,1.0344391,5.784772396,H(100-70%),Discharge,Discharge_H(100-70%),,,,
649,b1c0,1084,-2,0,1.0344391,0.001578447,H(100-70%),Discharge,Discharge_H(100-70%),,,,
650,b1c0,1084,-2,0,1.0344391,4.580617428,H(100-70%),Discharge,Discharge_H(100-70%),,,,
651,b1c0,1089,-2,0,1.0339148,0.001456005,H(100-70%),Discharge,Discharge_H(100-70%),,,,
652,b1c0,1089,-2,0,1.0339148,3.72192502,H(100-70%),Discharge,Discharge_H(100-70%),,,,
653,b1c0,1089,-2,0,1.0339148,4.793667793,H(100-70%),Discharge,Discharge_H(100-70%),,,,
654,b1c0,1094,-2,0,1.0338552,0.001595729,H(100-70%),Discharge,Discharge_H(100-70%),,,,
655,b1c0,1094,-2,0,1.0338552,3.683665276,H(100-70%),Discharge,Discharge_H(100-70%),,,,
656,b1c0,1094,-2,0,1.0338552,4.91348505,H(100-70%),Discharge,Discharge_H(100-70%),,,,
657,b1c0,1099,-2,0,1.0336952,4.680592537,H(100-70%),Discharge,Discharge_H(100-70%),,,,
658,b1c0,1099,-2,0,1.0336952,0.001730848,H(100-70%),Discharge,Discharge_H(100-70%),,,,
659,b1c0,1099,-2,0,1.0336952,3.717008829,H(100-70%),Discharge,Discharge_H(100-70%),,,,
660,b1c0,1104,-2,0,1.0333444,4.890575886,H(100-70%),Discharge,Discharge_H(100-70%),,,,
661,b1c0,1104,-2,0,1.0333444,0.00161668,H(100-70%),Discharge,Discharge_H(100-70%),,,,
662,b1c0,1104,-2,0,1.0333444,3.790502071,H(100-70%),Discharge,Discharge_H(100-70%),,,,
663,b1c0,1109,-2,0,1.0333894,3.662085295,H(100-70%),Discharge,Discharge_H(100-70%),,,,
664,b1c0,1109,-2,0,1.0333894,0.00161454,H(100-70%),Discharge,Discharge_H(100-70%),,,,
665,b1c0,1109,-2,0,1.0333894,4.855971336,H(100-70%),Discharge,Discharge_H(100-70%),,,,
666,b1c0,1114,-2,0,1.0329384,4.833135605,H(100-70%),Discharge,Discharge_H(100-70%),,,,
667,b1c0,1114,-2,0,1.0329384,0.001799669,H(100-70%),Discharge,Discharge_H(100-70%),,,,
668,b1c0,1114,-2,0,1.0329384,3.854960203,H(100-70%),Discharge,Discharge_H(100-70%),,,,
669,b1c0,1119,-2,0,1.0319157,4.395520687,H(100-70%),Discharge,Discharge_H(100-70%),,,,
670,b1c0,1119,-2,0,1.0319157,0.001821076,H(100-70%),Discharge,Discharge_H(100-70%),,,,
671,b1c0,1119,-2,0,1.0319157,3.428818703,H(100-70%),Discharge,Discharge_H(100-70%),,,,
672,b1c0,1124,-2,0,1.0319879,3.714557409,H(100-70%),Discharge,Discharge_H(100-70%),,,,
673,b1c0,1124,-2,0,1.0319879,0.001497318,H(100-70%),Discharge,Discharge_H(100-70%),,,,
674,b1c0,1124,-2,0,1.0319879,4.803302765,H(100-70%),Discharge,Discharge_H(100-70%),,,,
675,b1c0,1129,-2,0,1.0310855,4.42072773,H(100-70%),Discharge,Discharge_H(100-70%),,,,
676,b1c0,1129,-2,0,1.0310855,0.001729484,H(100-70%),Discharge,Discharge_H(100-70%),,,,
677,b1c0,1129,-2,0,1.0310855,3.525859833,H(100-70%),Discharge,Discharge_H(100-70%),,,,
678,b1c0,1134,-2,0,1.0308222,4.807137489,H(100-70%),Discharge,Discharge_H(100-70%),,,,
679,b1c0,1134,-2,0,1.0308222,0.001406695,H(100-70%),Discharge,Discharge_H(100-70%),,,,
680,b1c0,1134,-2,0,1.0308222,3.768768311,H(100-70%),Discharge,Discharge_H(100-70%),,,,
681,b1c0,1139,-2,0,1.0305159,4.627754688,H(100-70%),Discharge,Discharge_H(100-70%),,,,
682,b1c0,1139,-2,0,1.0305159,0.001503301,H(100-70%),Discharge,Discharge_H(100-70%),,,,
683,b1c0,1139,-2,0,1.0305159,3.490060329,H(100-70%),Discharge,Discharge_H(100-70%),,,,
684,b1c0,1144,-2,0,1.0303241,3.845999479,H(100-70%),Discharge,Discharge_H(100-70%),,,,
685,b1c0,1144,-2,0,1.0303241,5.012086391,H(100-70%),Discharge,Discharge_H(100-70%),,,,
686,b1c0,1144,-2,0,1.0303241,0.001895118,H(100-70%),Discharge,Discharge_H(100-70%),,,,
687,b1c0,1149,-2,0,1.0294286,0.001688718,H(100-70%),Discharge,Discharge_H(100-70%),,,,
688,b1c0,1149,-2,0,1.0294286,3.513399124,H(100-70%),Discharge,Discharge_H(100-70%),,,,
689,b1c0,1149,-2,0,1.0294286,4.7456007,H(100-70%),Discharge,Discharge_H(100-70%),,,,
690,b1c0,1154,-2,0,1.0291622,0.001469172,H(100-70%),Discharge,Discharge_H(100-70%),,,,
691,b1c0,1154,-2,0,1.0291622,3.707431316,H(100-70%),Discharge,Discharge_H(100-70%),,,,
692,b1c0,1154,-2,0,1.0291622,4.589940548,H(100-70%),Discharge,Discharge_H(100-70%),,,,
693,b1c0,1159,-2,0,1.02912,4.604969978,H(100-70%),Discharge,Discharge_H(100-70%),,,,
694,b1c0,1159,-2,0,1.02912,0.001692534,H(100-70%),Discharge,Discharge_H(100-70%),,,,
695,b1c0,1159,-2,0,1.02912,3.568835735,H(100-70%),Discharge,Discharge_H(100-70%),,,,
696,b1c0,1164,-2,0,1.0290465,4.549086094,H(100-70%),Discharge,Discharge_H(100-70%),,,,
697,b1c0,1164,-2,0,1.0290465,0.001638806,H(100-70%),Discharge,Discharge_H(100-70%),,,,
698,b1c0,1164,-2,0,1.0290465,3.472877979,H(100-70%),Discharge,Discharge_H(100-70%),,,,
699,b1c0,1169,-2,0,1.0281203,4.753450394,H(100-70%),Discharge,Discharge_H(100-70%),,,,
700,b1c0,1169,-2,0,1.0281203,0.00176429,H(100-70%),Discharge,Discharge_H(100-70%),,,,
701,b1c0,1169,-2,0,1.0281203,3.68010354,H(100-70%),Discharge,Discharge_H(100-70%),,,,
702,b1c0,1174,-2,0,1.0277656,4.613905907,H(100-70%),Discharge,Discharge_H(100-70%),,,,
703,b1c0,1174,-2,0,1.0277656,0.001449829,H(100-70%),Discharge,Discharge_H(100-70%),,,,
704,b1c0,1174,-2,0,1.0277656,3.68123126,H(100-70%),Discharge,Discharge_H(100-70%),,,,
705,b1c0,1179,-2,0,1.0275092,0.001922064,H(100-70%),Discharge,Discharge_H(100-70%),,,,
706,b1c0,1179,-2,0,1.0275092,3.329151392,H(100-70%),Discharge,Discharge_H(100-70%),,,,
707,b1c0,1179,-2,0,1.0275092,4.285384178,H(100-70%),Discharge,Discharge_H(100-70%),,,,
708,b1c0,1184,-2,0,1.0268919,4.87145853,H(100-70%),Discharge,Discharge_H(100-70%),,,,
709,b1c0,1184,-2,0,1.0268919,0.001724172,H(100-70%),Discharge,Discharge_H(100-70%),,,,
710,b1c0,1184,-2,0,1.0268919,3.70785284,H(100-70%),Discharge,Discharge_H(100-70%),,,,
711,b1c0,1189,-2,0,1.0262098,4.299515724,H(100-70%),Discharge,Discharge_H(100-70%),,,,
712,b1c0,1189,-2,0,1.0262098,0.001723293,H(100-70%),Discharge,Discharge_H(100-70%),,,,
713,b1c0,1189,-2,0,1.0262098,3.321017981,H(100-70%),Discharge,Discharge_H(100-70%),,,,
714,b1c0,1194,-2,0,1.0237931,0.00168996,H(100-70%),Discharge,Discharge_H(100-70%),,,,
715,b1c0,1194,-2,0,1.0237931,4.5036726,H(100-70%),Discharge,Discharge_H(100-70%),,,,
716,b1c0,1194,-2,0,1.0237931,3.440856695,H(100-70%),Discharge,Discharge_H(100-70%),,,,
717,b1c0,1199,-2,0,1.0234103,4.672706604,H(100-70%),Discharge,Discharge_H(100-70%),,,,
718,b1c0,1199,-2,0,1.0234103,0.001601823,H(100-70%),Discharge,Discharge_H(100-70%),,,,
719,b1c0,1199,-2,0,1.0234103,3.525319576,H(100-70%),Discharge,Discharge_H(100-70%),,,,
720,b1c0,1204,-2,0,1.0223589,0.001583591,H(100-70%),Discharge,Discharge_H(100-70%),,,,
721,b1c0,1204,-2,0,1.0223589,3.545609474,H(100-70%),Discharge,Discharge_H(100-70%),,,,
722,b1c0,1204,-2,0,1.0223589,4.845546246,H(100-70%),Discharge,Discharge_H(100-70%),,,,
723,b1c0,1209,-2,0,1.0216339,0.001472933,H(100-70%),Discharge,Discharge_H(100-70%),,,,
724,b1c0,1209,-2,0,1.0216339,3.752514124,H(100-70%),Discharge,Discharge_H(100-70%),,,,
725,b1c0,1209,-2,0,1.0216339,4.957825661,H(100-70%),Discharge,Discharge_H(100-70%),,,,
726,b1c0,1214,-2,0,1.0215729,4.385392189,H(100-70%),Discharge,Discharge_H(100-70%),,,,
727,b1c0,1214,-2,0,1.0215729,0.001808641,H(100-70%),Discharge,Discharge_H(100-70%),,,,
728,b1c0,1214,-2,0,1.0215729,3.356125593,H(100-70%),Discharge,Discharge_H(100-70%),,,,
729,b1c0,1219,-2,0,1.0189364,4.366974354,H(100-70%),Discharge,Discharge_H(100-70%),,,,
730,b1c0,1219,-2,0,1.0189364,0.001471066,H(100-70%),Discharge,Discharge_H(100-70%),,,,
731,b1c0,1219,-2,0,1.0189364,3.365250826,H(100-70%),Discharge,Discharge_H(100-70%),,,,
732,b1c0,1224,-2,0,1.0195453,3.522455454,H(100-70%),Discharge,Discharge_H(100-70%),,,,
733,b1c0,1224,-2,0,1.0195453,0.001897562,H(100-70%),Discharge,Discharge_H(100-70%),,,,
734,b1c0,1224,-2,0,1.0195453,4.579163551,H(100-70%),Discharge,Discharge_H(100-70%),,,,
735,b1c0,1229,-2,0,1.0202026,4.649724007,H(100-70%),Discharge,Discharge_H(100-70%),,,,
736,b1c0,1229,-2,0,1.0202026,0.00172171,H(100-70%),Discharge,Discharge_H(100-70%),,,,
737,b1c0,1229,-2,0,1.0202026,3.538821697,H(100-70%),Discharge,Discharge_H(100-70%),,,,
738,b1c0,1234,-2,0,1.0187052,4.377791405,H(100-70%),Discharge,Discharge_H(100-70%),,,,
739,b1c0,1234,-2,0,1.0187052,0.001702786,H(100-70%),Discharge,Discharge_H(100-70%),,,,
740,b1c0,1234,-2,0,1.0187052,3.353424788,H(100-70%),Discharge,Discharge_H(100-70%),,,,
741,b1c0,1239,-2,0,1.0184005,3.618699789,H(100-70%),Discharge,Discharge_H(100-70%),,,,
742,b1c0,1239,-2,0,1.0184005,0.001660148,H(100-70%),Discharge,Discharge_H(100-70%),,,,
743,b1c0,1239,-2,0,1.0184005,4.633854866,H(100-70%),Discharge,Discharge_H(100-70%),,,,
744,b1c0,1244,-2,0,1.0164694,4.435679913,H(100-70%),Discharge,Discharge_H(100-70%),,,,
745,b1c0,1244,-2,0,1.0164694,0.001850573,H(100-70%),Discharge,Discharge_H(100-70%),,,,
746,b1c0,1244,-2,0,1.0164694,3.376019955,H(100-70%),Discharge,Discharge_H(100-70%),,,,
747,b1c0,1249,-2,0,1.0132095,4.625186443,H(100-70%),Discharge,Discharge_H(100-70%),,,,
748,b1c0,1249,-2,0,1.0132095,0.001706273,H(100-70%),Discharge,Discharge_H(100-70%),,,,
749,b1c0,1249,-2,0,1.0132095,3.456792593,H(100-70%),Discharge,Discharge_H(100-70%),,,,
750,b1c0,1254,-2,0,1.0130092,4.237425327,H(100-70%),Discharge,Discharge_H(100-70%),,,,
751,b1c0,1254,-2,0,1.0130092,0.001818556,H(100-70%),Discharge,Discharge_H(100-70%),,,,
752,b1c0,1254,-2,0,1.0130092,3.352995396,H(100-70%),Discharge,Discharge_H(100-70%),,,,
753,b1c0,1259,-2,0,1.0150933,3.841961622,H(100-70%),Discharge,Discharge_H(100-70%),,,,
754,b1c0,1259,-2,0,1.0150933,4.972657681,H(100-70%),Discharge,Discharge_H(100-70%),,,,
755,b1c0,1259,-2,0,1.0150933,0.001555055,H(100-70%),Discharge,Discharge_H(100-70%),,,,
756,b1c0,1264,-2,0,1.0139982,0.001471876,H(100-70%),Discharge,Discharge_H(100-70%),,,,
757,b1c0,1264,-2,0,1.0139982,3.349658966,H(100-70%),Discharge,Discharge_H(100-70%),,,,
758,b1c0,1264,-2,0,1.0139982,4.182707787,H(100-70%),Discharge,Discharge_H(100-70%),,,,
759,b1c0,1269,-2,0,1.0137149,3.504080057,H(100-70%),Discharge,Discharge_H(100-70%),,,,
760,b1c0,1269,-2,0,1.0137149,0.001362641,H(100-70%),Discharge,Discharge_H(100-70%),,,,
761,b1c0,1269,-2,0,1.0137149,4.529073715,H(100-70%),Discharge,Discharge_H(100-70%),,,,
762,b1c0,1274,-2,0,1.0134528,4.89832592,H(100-70%),Discharge,Discharge_H(100-70%),,,,
763,b1c0,1274,-2,0,1.0134528,0.001483216,H(100-70%),Discharge,Discharge_H(100-70%),,,,
764,b1c0,1274,-2,0,1.0134528,3.864916801,H(100-70%),Discharge,Discharge_H(100-70%),,,,
765,b1c0,1279,-2,0,1.0119542,4.447527409,H(100-70%),Discharge,Discharge_H(100-70%),,,,
766,b1c0,1279,-2,0,1.0119542,0.001978319,H(100-70%),Discharge,Discharge_H(100-70%),,,,
767,b1c0,1279,-2,0,1.0119542,3.454903841,H(100-70%),Discharge,Discharge_H(100-70%),,,,
768,b1c0,1284,-2,0,1.0114583,4.681557655,H(100-70%),Discharge,Discharge_H(100-70%),,,,
769,b1c0,1284,-2,0,1.0114583,0.001485095,H(100-70%),Discharge,Discharge_H(100-70%),,,,
770,b1c0,1284,-2,0,1.0114583,3.565528393,H(100-70%),Discharge,Discharge_H(100-70%),,,,
771,b1c0,1289,-2,0,1.0105121,4.801710129,H(100-70%),Discharge,Discharge_H(100-70%),,,,
772,b1c0,1289,-2,0,1.0105121,0.00149346,H(100-70%),Discharge,Discharge_H(100-70%),,,,
773,b1c0,1289,-2,0,1.0105121,3.695057869,H(100-70%),Discharge,Discharge_H(100-70%),,,,
774,b1c0,1294,-2,0,1.0098952,0.001793774,H(100-70%),Discharge,Discharge_H(100-70%),,,,
775,b1c0,1294,-2,0,1.0098952,3.561185122,H(100-70%),Discharge,Discharge_H(100-70%),,,,
776,b1c0,1294,-2,0,1.0098952,4.588398933,H(100-70%),Discharge,Discharge_H(100-70%),,,,
777,b1c0,1299,-2,0,1.0084106,4.870579243,H(100-70%),Discharge,Discharge_H(100-70%),,,,
778,b1c0,1299,-2,0,1.0084106,0.00154154,H(100-70%),Discharge,Discharge_H(100-70%),,,,
779,b1c0,1299,-2,0,1.0084106,3.702754021,H(100-70%),Discharge,Discharge_H(100-70%),,,,
780,b1c0,1304,-2,0,1.0051038,5.046119213,H(100-70%),Discharge,Discharge_H(100-70%),,,,
781,b1c0,1304,-2,0,1.0051038,0.001790657,H(100-70%),Discharge,Discharge_H(100-70%),,,,
782,b1c0,1304,-2,0,1.0051038,3.934883118,H(100-70%),Discharge,Discharge_H(100-70%),,,,
783,b1c0,1309,-2,0,1.0061746,0.001602518,H(100-70%),Discharge,Discharge_H(100-70%),,,,
784,b1c0,1309,-2,0,1.0061746,4.689893723,H(100-70%),Discharge,Discharge_H(100-70%),,,,
785,b1c0,1309,-2,0,1.0061746,3.665966749,H(100-70%),Discharge,Discharge_H(100-70%),,,,
786,b1c0,1314,-2,0,1.0057813,4.480557919,H(100-70%),Discharge,Discharge_H(100-70%),,,,
787,b1c0,1314,-2,0,1.0057813,0.002341083,H(100-70%),Discharge,Discharge_H(100-70%),,,,
788,b1c0,1314,-2,0,1.0057813,3.311917305,H(100-70%),Discharge,Discharge_H(100-70%),,,,
789,b1c0,1319,-2,0,1.0061632,0.001715508,H(100-70%),Discharge,Discharge_H(100-70%),,,,
790,b1c0,1319,-2,0,1.0061632,3.44025588,H(100-70%),Discharge,Discharge_H(100-70%),,,,
791,b1c0,1319,-2,0,1.0061632,4.473522663,H(100-70%),Discharge,Discharge_H(100-70%),,,,
792,b1c0,1324,-2,0,1.0041739,0.001639065,H(100-70%),Discharge,Discharge_H(100-70%),,,,
793,b1c0,1324,-2,0,1.0041739,3.184912205,H(100-70%),Discharge,Discharge_H(100-70%),,,,
794,b1c0,1324,-2,0,1.0041739,4.212966442,H(100-70%),Discharge,Discharge_H(100-70%),,,,
795,b1c0,1329,-2,0,1.0024526,3.999297857,H(100-70%),Discharge,Discharge_H(100-70%),,,,
796,b1c0,1329,-2,0,1.0024526,0.001756739,H(100-70%),Discharge,Discharge_H(100-70%),,,,
797,b1c0,1329,-2,0,1.0024526,3.126421928,H(100-70%),Discharge,Discharge_H(100-70%),,,,
798,b1c0,1334,-2,0,1.0024319,4.865683556,H(100-70%),Discharge,Discharge_H(100-70%),,,,
799,b1c0,1334,-2,0,1.0024319,0.001765813,H(100-70%),Discharge,Discharge_H(100-70%),,,,
800,b1c0,1334,-2,0,1.0024319,3.695557833,H(100-70%),Discharge,Discharge_H(100-70%),,,,
801,b1c0,1339,-2,0,1.0009222,3.606062651,H(100-70%),Discharge,Discharge_H(100-70%),,,,
802,b1c0,1339,-2,0,1.0009222,0.001558646,H(100-70%),Discharge,Discharge_H(100-70%),,,,
803,b1c0,1339,-2,0,1.0009222,4.715598583,H(100-70%),Discharge,Discharge_H(100-70%),,,,
804,b1c0,1344,-2,0,1.0007551,4.670318127,H(100-70%),Discharge,Discharge_H(100-70%),,,,
805,b1c0,1344,-2,0,1.0007551,0.001823946,H(100-70%),Discharge,Discharge_H(100-70%),,,,
806,b1c0,1344,-2,0,1.0007551,3.645848274,H(100-70%),Discharge,Discharge_H(100-70%),,,,
807,b1c0,1349,-2,0,0.99986279,4.84431076,H(100-70%),Discharge,Discharge_H(100-70%),,,,
808,b1c0,1349,-2,0,0.99986279,0.001685358,H(100-70%),Discharge,Discharge_H(100-70%),,,,
809,b1c0,1349,-2,0,0.99986279,3.748499155,H(100-70%),Discharge,Discharge_H(100-70%),,,,
810,b1c0,1354,-2,0,0.99879944,3.798438787,H(100-70%),Discharge,Discharge_H(100-70%),,,,
811,b1c0,1354,-2,0,0.99879944,0.001670141,H(100-70%),Discharge,Discharge_H(100-70%),,,,
812,b1c0,1354,-2,0,0.99879944,5.049621105,H(100-70%),Discharge,Discharge_H(100-70%),,,,
813,b1c0,1359,-2,0,0.99727309,4.560373306,H(100-70%),Discharge,Discharge_H(100-70%),,,,
814,b1c0,1359,-2,0,0.99727309,0.001411314,H(100-70%),Discharge,Discharge_H(100-70%),,,,
815,b1c0,1359,-2,0,0.99727309,3.479446173,H(100-70%),Discharge,Discharge_H(100-70%),,,,
816,b1c0,1364,-2,0,0.9963147,4.820914268,H(100-70%),Discharge,Discharge_H(100-70%),,,,
817,b1c0,1364,-2,0,0.9963147,0.001475101,H(100-70%),Discharge,Discharge_H(100-70%),,,,
818,b1c0,1364,-2,0,0.9963147,3.704141378,H(100-70%),Discharge,Discharge_H(100-70%),,,,
819,b1c0,1369,-2,0,0.99181348,4.800315857,H(100-70%),Discharge,Discharge_H(100-70%),,,,
820,b1c0,1369,-2,0,0.99181348,0.001737967,H(100-70%),Discharge,Discharge_H(100-70%),,,,
821,b1c0,1369,-2,0,0.99181348,3.807108879,H(100-70%),Discharge,Discharge_H(100-70%),,,,
822,b1c0,1374,-2,0,0.99496239,3.885897875,H(100-70%),Discharge,Discharge_H(100-70%),,,,
823,b1c0,1374,-2,0,0.99496239,5.017015934,H(100-70%),Discharge,Discharge_H(100-70%),,,,
824,b1c0,1374,-2,0,0.99496239,0.001341175,H(100-70%),Discharge,Discharge_H(100-70%),,,,
825,b1c0,1379,-2,0,0.99298441,0.001762729,H(100-70%),Discharge,Discharge_H(100-70%),,,,
826,b1c0,1379,-2,0,0.99298441,3.644049406,H(100-70%),Discharge,Discharge_H(100-70%),,,,
827,b1c0,1379,-2,0,0.99298441,4.708638668,H(100-70%),Discharge,Discharge_H(100-70%),,,,
828,b1c0,1384,-2,0,0.99191099,0.001714007,H(100-70%),Discharge,Discharge_H(100-70%),,,,
829,b1c0,1384,-2,0,0.99191099,3.695608616,H(100-70%),Discharge,Discharge_H(100-70%),,,,
830,b1c0,1384,-2,0,0.99191099,4.821754932,H(100-70%),Discharge,Discharge_H(100-70%),,,,
831,b1c0,1389,-2,0,0.99127656,3.903769493,H(100-70%),Discharge,Discharge_H(100-70%),,,,
832,b1c0,1389,-2,0,0.99127656,4.993063927,H(100-70%),Discharge,Discharge_H(100-70%),,,,
833,b1c0,1389,-2,0,0.99127656,0.001745171,H(100-70%),Discharge,Discharge_H(100-70%),,,,
834,b1c0,1394,-2,0,0.99015802,5.022385597,H(100-70%),Discharge,Discharge_H(100-70%),,,,
835,b1c0,1394,-2,0,0.99015802,0.001616837,H(100-70%),Discharge,Discharge_H(100-70%),,,,
836,b1c0,1394,-2,0,0.99015802,4.026563644,H(100-70%),Discharge,Discharge_H(100-70%),,,,
837,b1c0,1399,-2,0,0.98878169,4.882265568,H(100-70%),Discharge,Discharge_H(100-70%),,,,
838,b1c0,1399,-2,0,0.98878169,0.002447653,H(100-70%),Discharge,Discharge_H(100-70%),,,,
839,b1c0,1399,-2,0,0.98878169,3.821173906,H(100-70%),Discharge,Discharge_H(100-70%),,,,
840,b1c0,1404,-2,0,0.9885475,4.727305889,H(100-70%),Discharge,Discharge_H(100-70%),,,,
841,b1c0,1404,-2,0,0.9885475,0.00182012,H(100-70%),Discharge,Discharge_H(100-70%),,,,
842,b1c0,1404,-2,0,0.9885475,3.745042801,H(100-70%),Discharge,Discharge_H(100-70%),,,,
843,b1c0,1409,-2,0,0.98646945,4.507176876,H(100-70%),Discharge,Discharge_H(100-70%),,,,
844,b1c0,1409,-2,0,0.98646945,0.001991952,H(100-70%),Discharge,Discharge_H(100-70%),,,,
845,b1c0,1409,-2,0,0.98646945,3.621062517,H(100-70%),Discharge,Discharge_H(100-70%),,,,
846,b1c0,1414,-2,0,0.98616183,0.001674645,H(100-70%),Discharge,Discharge_H(100-70%),,,,
847,b1c0,1414,-2,0,0.98616183,4.003520966,H(100-70%),Discharge,Discharge_H(100-70%),,,,
848,b1c0,1414,-2,0,0.98616183,5.005591869,H(100-70%),Discharge,Discharge_H(100-70%),,,,
849,b1c0,1419,-2,0,0.98543847,4.498776913,H(100-70%),Discharge,Discharge_H(100-70%),,,,
850,b1c0,1419,-2,0,0.98543847,0.00159527,H(100-70%),Discharge,Discharge_H(100-70%),,,,
851,b1c0,1419,-2,0,0.98543847,3.500682354,H(100-70%),Discharge,Discharge_H(100-70%),,,,
852,b1c0,1424,-2,0,0.98345953,5.107367992,H(100-70%),Discharge,Discharge_H(100-70%),,,,
853,b1c0,1424,-2,0,0.98345953,0.002520561,H(100-70%),Discharge,Discharge_H(100-70%),,,,
854,b1c0,1424,-2,0,0.98345953,4.039767742,H(100-70%),Discharge,Discharge_H(100-70%),,,,
855,b1c0,1429,-2,0,0.98303133,0.001848672,H(100-70%),Discharge,Discharge_H(100-70%),,,,
856,b1c0,1429,-2,0,0.98303133,4.752636909,H(100-70%),Discharge,Discharge_H(100-70%),,,,
857,b1c0,1429,-2,0,0.98303133,3.80879426,H(100-70%),Discharge,Discharge_H(100-70%),,,,
858,b1c0,1434,-2,0,0.98207051,5.021977901,H(100-70%),Discharge,Discharge_H(100-70%),,,,
859,b1c0,1434,-2,0,0.98207051,0.001979947,H(100-70%),Discharge,Discharge_H(100-70%),,,,
860,b1c0,1434,-2,0,0.98207051,3.818831682,H(100-70%),Discharge,Discharge_H(100-70%),,,,
861,b1c0,1439,-2,0,0.98168236,0.001846944,H(100-70%),Discharge,Discharge_H(100-70%),,,,
862,b1c0,1439,-2,0,0.98168236,3.990938902,H(100-70%),Discharge,Discharge_H(100-70%),,,,
863,b1c0,1439,-2,0,0.98168236,5.230796814,H(100-70%),Discharge,Discharge_H(100-70%),,,,
864,b1c0,1444,-2,0,0.98101395,0.001890504,H(100-70%),Discharge,Discharge_H(100-70%),,,,
865,b1c0,1444,-2,0,0.98101395,3.735398054,H(100-70%),Discharge,Discharge_H(100-70%),,,,
866,b1c0,1444,-2,0,0.98101395,4.686106205,H(100-70%),Discharge,Discharge_H(100-70%),,,,
867,b1c0,1449,-2,0,0.97980529,4.745096207,H(100-70%),Discharge,Discharge_H(100-70%),,,,
868,b1c0,1449,-2,0,0.97980529,0.001782345,H(100-70%),Discharge,Discharge_H(100-70%),,,,
869,b1c0,1449,-2,0,0.97980529,3.897859812,H(100-70%),Discharge,Discharge_H(100-70%),,,,
870,b1c0,1454,-2,0,0.97891933,4.899544716,H(100-70%),Discharge,Discharge_H(100-70%),,,,
871,b1c0,1454,-2,0,0.97891933,0.001897058,H(100-70%),Discharge,Discharge_H(100-70%),,,,
872,b1c0,1454,-2,0,0.97891933,3.897643089,H(100-70%),Discharge,Discharge_H(100-70%),,,,
873,b1c0,1459,-2,0,0.97781163,3.610822439,H(100-70%),Discharge,Discharge_H(100-70%),,,,
874,b1c0,1459,-2,0,0.97781163,0.001464763,H(100-70%),Discharge,Discharge_H(100-70%),,,,
875,b1c0,1459,-2,0,0.97781163,4.421573639,H(100-70%),Discharge,Discharge_H(100-70%),,,,
876,b1c0,1464,-2,0,0.97690713,4.840919018,H(100-70%),Discharge,Discharge_H(100-70%),,,,
877,b1c0,1464,-2,0,0.97690713,0.001944373,H(100-70%),Discharge,Discharge_H(100-70%),,,,
878,b1c0,1464,-2,0,0.97690713,3.871373177,H(100-70%),Discharge,Discharge_H(100-70%),,,,
879,b1c0,1469,-2,0,0.97604275,5.329392433,H(100-70%),Discharge,Discharge_H(100-70%),,,,
880,b1c0,1469,-2,0,0.97604275,0.00196124,H(100-70%),Discharge,Discharge_H(100-70%),,,,
881,b1c0,1469,-2,0,0.97604275,3.995410204,H(100-70%),Discharge,Discharge_H(100-70%),,,,
882,b1c0,1474,-2,0,0.97470891,3.820066214,H(100-70%),Discharge,Discharge_H(100-70%),,,,
883,b1c0,1474,-2,0,0.97470891,0.002118143,H(100-70%),Discharge,Discharge_H(100-70%),,,,
884,b1c0,1474,-2,0,0.97470891,4.94400692,H(100-70%),Discharge,Discharge_H(100-70%),,,,
885,b1c0,1479,-2,0,0.97425914,4.896011353,H(100-70%),Discharge,Discharge_H(100-70%),,,,
886,b1c0,1479,-2,0,0.97425914,0.001763291,H(100-70%),Discharge,Discharge_H(100-70%),,,,
887,b1c0,1479,-2,0,0.97425914,3.836799145,H(100-70%),Discharge,Discharge_H(100-70%),,,,
888,b1c0,1484,-2,0,0.97435611,5.001496315,H(100-70%),Discharge,Discharge_H(100-70%),,,,
889,b1c0,1484,-2,0,0.97435611,0.001622745,H(100-70%),Discharge,Discharge_H(100-70%),,,,
890,b1c0,1484,-2,0,0.97435611,3.981677294,H(100-70%),Discharge,Discharge_H(100-70%),,,,
891,b1c0,1489,-2,0,0.97217137,5.088561535,H(100-70%),Discharge,Discharge_H(100-70%),,,,
892,b1c0,1489,-2,0,0.97217137,0.001836568,H(100-70%),Discharge,Discharge_H(100-70%),,,,
893,b1c0,1489,-2,0,0.97217137,3.812935591,H(100-70%),Discharge,Discharge_H(100-70%),,,,
894,b1c0,1494,-2,0,0.97152108,5.150707722,H(100-70%),Discharge,Discharge_H(100-70%),,,,
895,b1c0,1494,-2,0,0.97152108,6.71257782,H(100-70%),Discharge,Discharge_H(100-70%),,,,
896,b1c0,1494,-2,0,0.97152108,0.001949088,H(100-70%),Discharge,Discharge_H(100-70%),,,,
897,b1c0,1499,-2,0,0.97133678,0.001490829,H(100-70%),Discharge,Discharge_H(100-70%),,,,
898,b1c0,1499,-2,0,0.97133678,3.526010036,H(100-70%),Discharge,Discharge_H(100-70%),,,,
899,b1c0,1499,-2,0,0.97133678,4.487989902,H(100-70%),Discharge,Discharge_H(100-70%),,,,
900,b1c0,1504,-2,0,0.9692536,3.947099447,H(100-70%),Discharge,Discharge_H(100-70%),,,,
901,b1c0,1504,-2,0,0.9692536,0.001577036,H(100-70%),Discharge,Discharge_H(100-70%),,,,
902,b1c0,1504,-2,0,0.9692536,5.07064724,H(100-70%),Discharge,Discharge_H(100-70%),,,,
903,b1c0,1509,-2,0,0.96916115,5.014792919,H(100-70%),Discharge,Discharge_H(100-70%),,,,
904,b1c0,1509,-2,0,0.96916115,0.001905461,H(100-70%),Discharge,Discharge_H(100-70%),,,,
905,b1c0,1509,-2,0,0.96916115,3.972342014,H(100-70%),Discharge,Discharge_H(100-70%),,,,
906,b1c0,1514,-2,0,0.96840143,5.029977322,H(100-70%),Discharge,Discharge_H(100-70%),,,,
907,b1c0,1514,-2,0,0.96840143,0.002111893,H(100-70%),Discharge,Discharge_H(100-70%),,,,
908,b1c0,1514,-2,0,0.96840143,3.958396673,H(100-70%),Discharge,Discharge_H(100-70%),,,,
909,b1c0,1519,-2,0,0.96663058,4.941648006,H(100-70%),Discharge,Discharge_H(100-70%),,,,
910,b1c0,1519,-2,0,0.96663058,0.001929508,H(100-70%),Discharge,Discharge_H(100-70%),,,,
911,b1c0,1519,-2,0,0.96663058,3.82768631,H(100-70%),Discharge,Discharge_H(100-70%),,,,
912,b1c0,1524,-2,0,0.96583247,4.848966599,H(100-70%),Discharge,Discharge_H(100-70%),,,,
913,b1c0,1524,-2,0,0.96583247,0.0016032,H(100-70%),Discharge,Discharge_H(100-70%),,,,
914,b1c0,1524,-2,0,0.96583247,3.767007589,H(100-70%),Discharge,Discharge_H(100-70%),,,,
915,b1c0,1529,-2,0,0.96474922,0.001545816,H(100-70%),Discharge,Discharge_H(100-70%),,,,
916,b1c0,1529,-2,0,0.96474922,3.805408001,H(100-70%),Discharge,Discharge_H(100-70%),,,,
917,b1c0,1529,-2,0,0.96474922,4.77140522,H(100-70%),Discharge,Discharge_H(100-70%),,,,
918,b1c0,1534,-2,0,0.96095115,5.293270111,H(100-70%),Discharge,Discharge_H(100-70%),,,,
919,b1c0,1534,-2,0,0.96095115,0.001944903,H(100-70%),Discharge,Discharge_H(100-70%),,,,
920,b1c0,1534,-2,0,0.96095115,4.233715534,H(100-70%),Discharge,Discharge_H(100-70%),,,,
921,b1c0,1539,-2,0,0.96308374,4.956191063,H(100-70%),Discharge,Discharge_H(100-70%),,,,
922,b1c0,1539,-2,0,0.96308374,0.001717222,H(100-70%),Discharge,Discharge_H(100-70%),,,,
923,b1c0,1539,-2,0,0.96308374,3.84138155,H(100-70%),Discharge,Discharge_H(100-70%),,,,
924,b1c0,1544,-2,0,0.96255821,0.001830467,H(100-70%),Discharge,Discharge_H(100-70%),,,,
925,b1c0,1544,-2,0,0.96255821,4.794622898,H(100-70%),Discharge,Discharge_H(100-70%),,,,
926,b1c0,1544,-2,0,0.96255821,3.592811584,H(100-70%),Discharge,Discharge_H(100-70%),,,,
927,b1c0,1549,-2,0,0.96103191,4.834666252,H(100-70%),Discharge,Discharge_H(100-70%),,,,
928,b1c0,1549,-2,0,0.96103191,0.001762773,H(100-70%),Discharge,Discharge_H(100-70%),,,,
929,b1c0,1549,-2,0,0.96103191,3.731638432,H(100-70%),Discharge,Discharge_H(100-70%),,,,
930,b1c0,1554,-2,0,0.96032792,0.002103321,H(100-70%),Discharge,Discharge_H(100-70%),,,,
931,b1c0,1554,-2,0,0.96032792,3.762140512,H(100-70%),Discharge,Discharge_H(100-70%),,,,
932,b1c0,1554,-2,0,0.96032792,4.815292835,H(100-70%),Discharge,Discharge_H(100-70%),,,,
933,b1c0,1559,-2,0,0.95979816,0.00168268,H(100-70%),Discharge,Discharge_H(100-70%),,,,
934,b1c0,1559,-2,0,0.95979816,3.832747698,H(100-70%),Discharge,Discharge_H(100-70%),,,,
935,b1c0,1559,-2,0,0.95979816,4.901653767,H(100-70%),Discharge,Discharge_H(100-70%),,,,
936,b1c0,1564,-2,0,0.95875984,5.099238873,H(100-70%),Discharge,Discharge_H(100-70%),,,,
937,b1c0,1564,-2,0,0.95875984,0.001569498,H(100-70%),Discharge,Discharge_H(100-70%),,,,
938,b1c0,1564,-2,0,0.95875984,3.982806683,H(100-70%),Discharge,Discharge_H(100-70%),,,,
939,b1c0,1569,-2,0,0.95808691,5.115629673,H(100-70%),Discharge,Discharge_H(100-70%),,,,
940,b1c0,1569,-2,0,0.95808691,0.001479198,H(100-70%),Discharge,Discharge_H(100-70%),,,,
941,b1c0,1569,-2,0,0.95808691,3.979144335,H(100-70%),Discharge,Discharge_H(100-70%),,,,
942,b1c0,1574,-2,0,0.95681769,3.697509766,H(100-70%),Discharge,Discharge_H(100-70%),,,,
943,b1c0,1574,-2,0,0.95681769,0.001852273,H(100-70%),Discharge,Discharge_H(100-70%),,,,
944,b1c0,1574,-2,0,0.95681769,4.558834553,H(100-70%),Discharge,Discharge_H(100-70%),,,,
945,b1c0,1579,-2,0,0.95601183,4.8915205,H(100-70%),Discharge,Discharge_H(100-70%),,,,
946,b1c0,1579,-2,0,0.95601183,0.001980907,H(100-70%),Discharge,Discharge_H(100-70%),,,,
947,b1c0,1579,-2,0,0.95601183,3.774728298,H(100-70%),Discharge,Discharge_H(100-70%),,,,
948,b1c0,1584,-2,0,0.95552588,5.059577465,H(100-70%),Discharge,Discharge_H(100-70%),,,,
949,b1c0,1584,-2,0,0.95552588,0.002377666,H(100-70%),Discharge,Discharge_H(100-70%),,,,
950,b1c0,1584,-2,0,0.95552588,4.021206379,H(100-70%),Discharge,Discharge_H(100-70%),,,,
951,b1c0,1589,-2,0,0.9540146,4.36322546,H(100-70%),Discharge,Discharge_H(100-70%),,,,
952,b1c0,1589,-2,0,0.9540146,0.00186408,H(100-70%),Discharge,Discharge_H(100-70%),,,,
953,b1c0,1589,-2,0,0.9540146,5.49729538,H(100-70%),Discharge,Discharge_H(100-70%),,,,
954,b1c0,1594,-2,0,0.95336044,4.917204857,H(100-70%),Discharge,Discharge_H(100-70%),,,,
955,b1c0,1594,-2,0,0.95336044,0.001614015,H(100-70%),Discharge,Discharge_H(100-70%),,,,
956,b1c0,1594,-2,0,0.95336044,3.972643375,H(100-70%),Discharge,Discharge_H(100-70%),,,,
957,b1c0,1599,-2,0,0.95217991,5.284617901,H(100-70%),Discharge,Discharge_H(100-70%),,,,
958,b1c0,1599,-2,0,0.95217991,0.001684339,H(100-70%),Discharge,Discharge_H(100-70%),,,,
959,b1c0,1599,-2,0,0.95217991,4.090393543,H(100-70%),Discharge,Discharge_H(100-70%),,,,
960,b1c0,1604,-2,0,0.94981265,5.129040718,H(100-70%),Discharge,Discharge_H(100-70%),,,,
961,b1c0,1604,-2,0,0.94981265,0.001659461,H(100-70%),Discharge,Discharge_H(100-70%),,,,
962,b1c0,1604,-2,0,0.94981265,4.037439823,H(100-70%),Discharge,Discharge_H(100-70%),,,,
963,b1c0,1609,-2,0,0.95060223,4.009349823,H(100-70%),Discharge,Discharge_H(100-70%),,,,
964,b1c0,1609,-2,0,0.95060223,5.275546074,H(100-70%),Discharge,Discharge_H(100-70%),,,,
965,b1c0,1609,-2,0,0.95060223,0.001685026,H(100-70%),Discharge,Discharge_H(100-70%),,,,
966,b1c0,1614,-2,0,0.94963664,0.002066446,H(100-70%),Discharge,Discharge_H(100-70%),,,,
967,b1c0,1614,-2,0,0.94963664,3.571073294,H(100-70%),Discharge,Discharge_H(100-70%),,,,
968,b1c0,1614,-2,0,0.94963664,4.597428799,H(100-70%),Discharge,Discharge_H(100-70%),,,,
969,b1c0,1619,-2,0,0.94840479,4.151789665,H(100-70%),Discharge,Discharge_H(100-70%),,,,
970,b1c0,1619,-2,0,0.94840479,5.044314861,H(100-70%),Discharge,Discharge_H(100-70%),,,,
971,b1c0,1619,-2,0,0.94840479,0.001893313,H(100-70%),Discharge,Discharge_H(100-70%),,,,
972,b1c0,1624,-2,0,0.94778931,4.86628294,H(100-70%),Discharge,Discharge_H(100-70%),,,,
973,b1c0,1624,-2,0,0.94778931,0.001692688,H(100-70%),Discharge,Discharge_H(100-70%),,,,
974,b1c0,1624,-2,0,0.94778931,3.951451063,H(100-70%),Discharge,Discharge_H(100-70%),,,,
975,b1c0,1629,-2,0,0.94640082,4.839183331,H(100-70%),Discharge,Discharge_H(100-70%),,,,
976,b1c0,1629,-2,0,0.94640082,0.001787828,H(100-70%),Discharge,Discharge_H(100-70%),,,,
977,b1c0,1629,-2,0,0.94640082,3.788642168,H(100-70%),Discharge,Discharge_H(100-70%),,,,
978,b1c0,1634,-2,0,0.94606596,4.685345173,H(100-70%),Discharge,Discharge_H(100-70%),,,,
979,b1c0,1634,-2,0,0.94606596,0.002215439,H(100-70%),Discharge,Discharge_H(100-70%),,,,
980,b1c0,1634,-2,0,0.94606596,3.734529972,H(100-70%),Discharge,Discharge_H(100-70%),,,,
981,b1c0,1639,-2,0,0.94447511,4.684969902,H(100-70%),Discharge,Discharge_H(100-70%),,,,
982,b1c0,1639,-2,0,0.94447511,0.002003076,H(100-70%),Discharge,Discharge_H(100-70%),,,,
983,b1c0,1639,-2,0,0.94447511,3.719063044,H(100-70%),Discharge,Discharge_H(100-70%),,,,
984,b1c0,1644,-2,0,0.9433704,0.002075311,H(100-70%),Discharge,Discharge_H(100-70%),,,,
985,b1c0,1644,-2,0,0.9433704,3.789004326,H(100-70%),Discharge,Discharge_H(100-70%),,,,
986,b1c0,1644,-2,0,0.9433704,4.826093197,H(100-70%),Discharge,Discharge_H(100-70%),,,,
987,b1c0,1649,-2,0,0.94161385,5.023169041,H(100-70%),Discharge,Discharge_H(100-70%),,,,
988,b1c0,1649,-2,0,0.94161385,0.001963274,H(100-70%),Discharge,Discharge_H(100-70%),,,,
989,b1c0,1649,-2,0,0.94161385,3.974786282,H(100-70%),Discharge,Discharge_H(100-70%),,,,
990,b1c0,1654,-2,0,0.93286085,4.903892994,H(100-70%),Discharge,Discharge_H(100-70%),,,,
991,b1c0,1654,-2,0,0.93286085,0.001604403,H(100-70%),Discharge,Discharge_H(100-70%),,,,
992,b1c0,1654,-2,0,0.93286085,3.749227524,H(100-70%),Discharge,Discharge_H(100-70%),,,,
993,b1c0,1659,-2,0,0.93876213,0.001980364,H(100-70%),Discharge,Discharge_H(100-70%),,,,
994,b1c0,1659,-2,0,0.93876213,5.243528366,H(100-70%),Discharge,Discharge_H(100-70%),,,,
995,b1c0,1659,-2,0,0.93876213,4.126780987,H(100-70%),Discharge,Discharge_H(100-70%),,,,
996,b1c0,1664,-2,0,0.93921709,5.26060009,H(100-70%),Discharge,Discharge_H(100-70%),,,,
997,b1c0,1664,-2,0,0.93921709,0.001655266,H(100-70%),Discharge,Discharge_H(100-70%),,,,
998,b1c0,1664,-2,0,0.93921709,4.066020012,H(100-70%),Discharge,Discharge_H(100-70%),,,,
999,b1c0,1669,-2,0,0.93776429,0.002488235,H(100-70%),Discharge,Discharge_H(100-70%),,,,
1000,b1c0,1669,-2,0,0.93776429,3.864557743,H(100-70%),Discharge,Discharge_H(100-70%),,,,
1001,b1c0,1669,-2,0,0.93776429,4.951636791,H(100-70%),Discharge,Discharge_H(100-70%),,,,
1002,b1c0,1674,-2,0,0.93674845,3.78507781,H(100-70%),Discharge,Discharge_H(100-70%),,,,
1003,b1c0,1674,-2,0,0.93674845,0.002150023,H(100-70%),Discharge,Discharge_H(100-70%),,,,
1004,b1c0,1674,-2,0,0.93674845,4.836300373,H(100-70%),Discharge,Discharge_H(100-70%),,,,
1005,b1c0,1679,-2,0,0.93568403,5.200062752,H(100-70%),Discharge,Discharge_H(100-70%),,,,
1006,b1c0,1679,-2,0,0.93568403,0.001857381,H(100-70%),Discharge,Discharge_H(100-70%),,,,
1007,b1c0,1679,-2,0,0.93568403,4.115310192,H(100-70%),Discharge,Discharge_H(100-70%),,,,
1008,b1c0,1684,-2,0,0.93391061,4.647463322,H(100-70%),Discharge,Discharge_H(100-70%),,,,
1009,b1c0,1684,-2,0,0.93391061,0.00190898,H(100-70%),Discharge,Discharge_H(100-70%),,,,
1010,b1c0,1684,-2,0,0.93391061,3.654962778,H(100-70%),Discharge,Discharge_H(100-70%),,,,
1011,b1c0,1689,-2,0,0.93034273,4.485046864,H(100-70%),Discharge,Discharge_H(100-70%),,,,
1012,b1c0,1689,-2,0,0.93034273,0.002442936,H(100-70%),Discharge,Discharge_H(100-70%),,,,
1013,b1c0,1689,-2,0,0.93034273,3.53871417,H(100-70%),Discharge,Discharge_H(100-70%),,,,
1014,b1c0,1694,-2,0,0.93118697,5.011353493,H(100-70%),Discharge,Discharge_H(100-70%),,,,
1015,b1c0,1694,-2,0,0.93118697,0.002189886,H(100-70%),Discharge,Discharge_H(100-70%),,,,
1016,b1c0,1694,-2,0,0.93118697,3.967727661,H(100-70%),Discharge,Discharge_H(100-70%),,,,
1017,b1c0,1699,-2,0,0.93071592,0.002065188,H(100-70%),Discharge,Discharge_H(100-70%),,,,
1018,b1c0,1699,-2,0,0.93071592,3.798089981,H(100-70%),Discharge,Discharge_H(100-70%),,,,
1019,b1c0,1699,-2,0,0.93071592,4.825405121,H(100-70%),Discharge,Discharge_H(100-70%),,,,
1020,b1c0,1704,-2,0,0.92863661,5.38076973,H(100-70%),Discharge,Discharge_H(100-70%),,,,
1021,b1c0,1704,-2,0,0.92863661,0.00213446,H(100-70%),Discharge,Discharge_H(100-70%),,,,
1022,b1c0,1704,-2,0,0.92863661,4.178733349,H(100-70%),Discharge,Discharge_H(100-70%),,,,
1023,b1c0,1709,-2,0,0.92799801,5.477276325,H(100-70%),Discharge,Discharge_H(100-70%),,,,
1024,b1c0,1709,-2,0,0.92799801,0.001881079,H(100-70%),Discharge,Discharge_H(100-70%),,,,
1025,b1c0,1709,-2,0,0.92799801,4.395750523,H(100-70%),Discharge,Discharge_H(100-70%),,,,
1026,b1c0,1714,-2,0,0.92621571,0.001939668,H(100-70%),Discharge,Discharge_H(100-70%),,,,
1027,b1c0,1714,-2,0,0.92621571,4.797020912,H(100-70%),Discharge,Discharge_H(100-70%),,,,
1028,b1c0,1714,-2,0,0.92621571,3.785872698,H(100-70%),Discharge,Discharge_H(100-70%),,,,
1029,b1c0,1719,-2,0,0.9256413,6.6869874,H(100-70%),Discharge,Discharge_H(100-70%),,,,
1030,b1c0,1719,-2,0,0.9256413,0.002019009,H(100-70%),Discharge,Discharge_H(100-70%),,,,
1031,b1c0,1719,-2,0,0.9256413,5.459508896,H(100-70%),Discharge,Discharge_H(100-70%),,,,
1032,b1c0,1724,-2,0,0.91618341,0.001957533,H(100-70%),Discharge,Discharge_H(100-70%),,,,
1033,b1c0,1724,-2,0,0.91618341,4.326210022,H(100-70%),Discharge,Discharge_H(100-70%),,,,
1034,b1c0,1724,-2,0,0.91618341,5.502342701,H(100-70%),Discharge,Discharge_H(100-70%),,,,
1035,b1c0,1729,-2,0,0.9225418,3.61835146,H(100-70%),Discharge,Discharge_H(100-70%),,,,
1036,b1c0,1729,-2,0,0.9225418,4.607851982,H(100-70%),Discharge,Discharge_H(100-70%),,,,
1037,b1c0,1729,-2,0,0.9225418,0.002355278,H(100-70%),Discharge,Discharge_H(100-70%),,,,
1038,b1c0,1734,-2,0,0.91759557,4.889469624,H(100-70%),Discharge,Discharge_H(100-70%),,,,
1039,b1c0,1734,-2,0,0.91759557,0.001826394,H(100-70%),Discharge,Discharge_H(100-70%),,,,
1040,b1c0,1734,-2,0,0.91759557,3.887891531,H(100-70%),Discharge,Discharge_H(100-70%),,,,
1041,b1c0,1739,-2,0,0.91114271,4.717891216,H(100-70%),Discharge,Discharge_H(100-70%),,,,
1042,b1c0,1739,-2,0,0.91114271,0.001635968,H(100-70%),Discharge,Discharge_H(100-70%),,,,
1043,b1c0,1739,-2,0,0.91114271,3.770827293,H(100-70%),Discharge,Discharge_H(100-70%),,,,
1044,b1c0,1744,-2,0,0.91807246,5.197782993,H(100-70%),Discharge,Discharge_H(100-70%),,,,
1045,b1c0,1744,-2,0,0.91807246,0.002175314,H(100-70%),Discharge,Discharge_H(100-70%),,,,
1046,b1c0,1744,-2,0,0.91807246,4.188802719,H(100-70%),Discharge,Discharge_H(100-70%),,,,
1047,b1c0,1749,-2,0,0.91692477,5.294890881,H(100-70%),Discharge,Discharge_H(100-70%),,,,
1048,b1c0,1749,-2,0,0.91692477,0.001881051,H(100-70%),Discharge,Discharge_H(100-70%),,,,
1049,b1c0,1749,-2,0,0.91692477,4.158151627,H(100-70%),Discharge,Discharge_H(100-70%),,,,
1050,b1c0,1754,-2,0,0.91440016,0.001954557,H(100-70%),Discharge,Discharge_H(100-70%),,,,
1051,b1c0,1754,-2,0,0.91440016,3.760097265,H(100-70%),Discharge,Discharge_H(100-70%),,,,
1052,b1c0,1754,-2,0,0.91440016,4.776593208,H(100-70%),Discharge,Discharge_H(100-70%),,,,
1053,b1c0,1759,-2,0,0.91436988,4.988758087,H(100-70%),Discharge,Discharge_H(100-70%),,,,
1054,b1c0,1759,-2,0,0.91436988,0.001967887,H(100-70%),Discharge,Discharge_H(100-70%),,,,
1055,b1c0,1759,-2,0,0.91436988,3.926908493,H(100-70%),Discharge,Discharge_H(100-70%),,,,
1056,b1c0,1764,-2,0,0.9132548,4.990690231,H(100-70%),Discharge,Discharge_H(100-70%),,,,
1057,b1c0,1764,-2,0,0.9132548,0.002128975,H(100-70%),Discharge,Discharge_H(100-70%),,,,
1058,b1c0,1764,-2,0,0.9132548,4.019871235,H(100-70%),Discharge,Discharge_H(100-70%),,,,
1059,b1c0,1769,-2,0,0.90951914,0.00173909,H(100-70%),Discharge,Discharge_H(100-70%),,,,
1060,b1c0,1769,-2,0,0.90951914,5.065958977,H(100-70%),Discharge,Discharge_H(100-70%),,,,
1061,b1c0,1769,-2,0,0.90951914,4.157697678,H(100-70%),Discharge,Discharge_H(100-70%),,,,
1062,b1c0,1774,-2,0,0.90963191,4.997246265,H(100-70%),Discharge,Discharge_H(100-70%),,,,
1063,b1c0,1774,-2,0,0.90963191,0.002286302,H(100-70%),Discharge,Discharge_H(100-70%),,,,
1064,b1c0,1774,-2,0,0.90963191,4.095790386,H(100-70%),Discharge,Discharge_H(100-70%),,,,
1065,b1c0,1779,-2,0,0.90864688,0.001969032,H(100-70%),Discharge,Discharge_H(100-70%),,,,
1066,b1c0,1779,-2,0,0.90864688,3.882912159,H(100-70%),Discharge,Discharge_H(100-70%),,,,
1067,b1c0,1779,-2,0,0.90864688,4.881175041,H(100-70%),Discharge,Discharge_H(100-70%),,,,
1068,b1c0,1784,-2,0,0.90669388,4.021617889,H(100-70%),Discharge,Discharge_H(100-70%),,,,
1069,b1c0,1784,-2,0,0.90669388,4.993104458,H(100-70%),Discharge,Discharge_H(100-70%),,,,
1070,b1c0,1784,-2,0,0.90669388,0.002075287,H(100-70%),Discharge,Discharge_H(100-70%),,,,
1071,b1c0,1789,-2,0,0.90471989,5.200639248,H(100-70%),Discharge,Discharge_H(100-70%),,,,
1072,b1c0,1789,-2,0,0.90471989,0.002171626,H(100-70%),Discharge,Discharge_H(100-70%),,,,
1073,b1c0,1789,-2,0,0.90471989,4.157522202,H(100-70%),Discharge,Discharge_H(100-70%),,,,
1074,b1c0,1794,-2,0,0.90311581,4.528968334,H(100-70%),Discharge,Discharge_H(100-70%),,,,
1075,b1c0,1794,-2,0,0.90311581,0.002374657,H(100-70%),Discharge,Discharge_H(100-70%),,,,
1076,b1c0,1794,-2,0,0.90311581,3.674088955,H(100-70%),Discharge,Discharge_H(100-70%),,,,
1077,b1c0,1799,-2,0,0.90171129,4.826872349,H(100-70%),Discharge,Discharge_H(100-70%),,,,
1078,b1c0,1799,-2,0,0.90171129,0.00208364,H(100-70%),Discharge,Discharge_H(100-70%),,,,
1079,b1c0,1799,-2,0,0.90171129,3.702394724,H(100-70%),Discharge,Discharge_H(100-70%),,,,
1080,b1c0,1804,-2,0,0.90045857,3.959232092,H(100-70%),Discharge,Discharge_H(100-70%),,,,
1081,b1c0,1804,-2,0,0.90045857,5.073232174,H(100-70%),Discharge,Discharge_H(100-70%),,,,
1082,b1c0,1804,-2,0,0.90045857,0.002393039,H(100-70%),Discharge,Discharge_H(100-70%),,,,
1083,b1c0,1809,-2,0,0.89870703,4.013907909,H(100-70%),Discharge,Discharge_H(100-70%),,,,
1084,b1c0,1809,-2,0,0.89870703,5.036997795,H(100-70%),Discharge,Discharge_H(100-70%),,,,
1085,b1c0,1809,-2,0,0.89870703,0.00189283,H(100-70%),Discharge,Discharge_H(100-70%),,,,
1086,b1c0,1814,-2,0,0.89628237,4.590095997,H(100-70%),Discharge,Discharge_H(100-70%),,,,
1087,b1c0,1814,-2,0,0.89628237,0.00200312,H(100-70%),Discharge,Discharge_H(100-70%),,,,
1088,b1c0,1814,-2,0,0.89628237,3.655952692,H(100-70%),Discharge,Discharge_H(100-70%),,,,
1089,b1c0,1819,-2,0,0.89472091,4.884428978,H(100-70%),Discharge,Discharge_H(100-70%),,,,
1090,b1c0,1819,-2,0,0.89472091,0.002405777,H(100-70%),Discharge,Discharge_H(100-70%),,,,
1091,b1c0,1819,-2,0,0.89472091,3.764073372,H(100-70%),Discharge,Discharge_H(100-70%),,,,
1092,b1c0,1824,-2,0,0.89356011,0.001887052,H(100-70%),Discharge,Discharge_H(100-70%),,,,
1093,b1c0,1824,-2,0,0.89356011,4.767790318,H(100-70%),Discharge,Discharge_H(100-70%),,,,
1094,b1c0,1824,-2,0,0.89356011,3.70483613,H(100-70%),Discharge,Discharge_H(100-70%),,,,
1095,b1c0,1829,-2,0,0.8913675,0.002140605,H(100-70%),Discharge,Discharge_H(100-70%),,,,
1096,b1c0,1829,-2,0,0.8913675,5.017270088,H(100-70%),Discharge,Discharge_H(100-70%),,,,
1097,b1c0,1829,-2,0,0.8913675,4.085865021,H(100-70%),Discharge,Discharge_H(100-70%),,,,
1098,b1c0,1834,-2,0,0.89013308,0.002088279,H(100-70%),Discharge,Discharge_H(100-70%),,,,
1099,b1c0,1834,-2,0,0.89013308,5.119606495,H(100-70%),Discharge,Discharge_H(100-70%),,,,
1100,b1c0,1834,-2,0,0.89013308,4.00877285,H(100-70%),Discharge,Discharge_H(100-70%),,,,
1101,b1c0,1839,-2,0,0.8879959,0.002262071,H(100-70%),Discharge,Discharge_H(100-70%),,,,
1102,b1c0,1839,-2,0,0.8879959,5.050775528,H(100-70%),Discharge,Discharge_H(100-70%),,,,
1103,b1c0,1839,-2,0,0.8879959,3.936762094,H(100-70%),Discharge,Discharge_H(100-70%),,,,
1104,b1c0,1844,-2,0,0.88605803,0.002418094,H(100-70%),Discharge,Discharge_H(100-70%),,,,
1105,b1c0,1844,-2,0,0.88605803,4.69854784,H(100-70%),Discharge,Discharge_H(100-70%),,,,
1106,b1c0,1844,-2,0,0.88605803,3.619907618,H(100-70%),Discharge,Discharge_H(100-70%),,,,
1107,b1c0,1849,-2,0,0.88462406,0.001883942,H(100-70%),Discharge,Discharge_H(100-70%),,,,
1108,b1c0,1849,-2,0,0.88462406,4.940043449,H(100-70%),Discharge,Discharge_H(100-70%),,,,
1109,b1c0,1849,-2,0,0.88462406,3.936041117,H(100-70%),Discharge,Discharge_H(100-70%),,,,
